REGION,TECHNOLOGY,TIMESLICE,YEAR,VALUE
Simplicity2,WINDPOWER,1,2010,0
Simplicity2,WINDPOWER,2,2010,0
Simplicity2,WINDPOWER,3,2010,0
Simplicity2,WINDPOWER,4,2010,0
Simplicity2,WINDPOWER,5,2010,0
Simplicity2,WINDPOWER,6,2010,0
Simplicity2,WINDPOWER,7,2010,0
Simplicity2,WINDPOWER,8,2010,0
Simplicity2,WINDPOWER,9,2010,0.019861891
Simplicity2,WINDPOWER,10,2010,0.062012837
Simplicity2,WINDPOWER,11,2010,0.1614045
Simplicity2,WINDPOWER,12,2010,0.137536038
Simplicity2,WINDPOWER,13,2010,0.111694542
Simplicity2,WINDPOWER,14,2010,0.085433195
Simplicity2,WINDPOWER,15,2010,0.050881347
Simplicity2,WINDPOWER,16,2010,0.037140024
Simplicity2,WINDPOWER,17,2010,0
Simplicity2,WINDPOWER,18,2010,0
Simplicity2,WINDPOWER,19,2010,0
Simplicity2,WINDPOWER,20,2010,0
Simplicity2,WINDPOWER,21,2010,0
Simplicity2,WINDPOWER,22,2010,0
Simplicity2,WINDPOWER,23,2010,0
Simplicity2,WINDPOWER,24,2010,0
Simplicity2,WINDPOWER,25,2010,0
Simplicity2,WINDPOWER,26,2010,0
Simplicity2,WINDPOWER,27,2010,0
Simplicity2,WINDPOWER,28,2010,0
Simplicity2,WINDPOWER,29,2010,0
Simplicity2,WINDPOWER,30,2010,0
Simplicity2,WINDPOWER,31,2010,0
Simplicity2,WINDPOWER,32,2010,0
Simplicity2,WINDPOWER,33,2010,0.063944212
Simplicity2,WINDPOWER,34,2010,0.174507521
Simplicity2,WINDPOWER,35,2010,0.131151738
Simplicity2,WINDPOWER,36,2010,0.273688675
Simplicity2,WINDPOWER,37,2010,0.188914523
Simplicity2,WINDPOWER,38,2010,0.226818831
Simplicity2,WINDPOWER,39,2010,0.098139836
Simplicity2,WINDPOWER,40,2010,0.031179668
Simplicity2,WINDPOWER,41,2010,0
Simplicity2,WINDPOWER,42,2010,0
Simplicity2,WINDPOWER,43,2010,0
Simplicity2,WINDPOWER,44,2010,0
Simplicity2,WINDPOWER,45,2010,0
Simplicity2,WINDPOWER,46,2010,0
Simplicity2,WINDPOWER,47,2010,0
Simplicity2,WINDPOWER,48,2010,0
Simplicity2,WINDPOWER,49,2010,0
Simplicity2,WINDPOWER,50,2010,0
Simplicity2,WINDPOWER,51,2010,0
Simplicity2,WINDPOWER,52,2010,0
Simplicity2,WINDPOWER,53,2010,0
Simplicity2,WINDPOWER,54,2010,0
Simplicity2,WINDPOWER,55,2010,0
Simplicity2,WINDPOWER,56,2010,0
Simplicity2,WINDPOWER,57,2010,0.097977621
Simplicity2,WINDPOWER,58,2010,0.391746822
Simplicity2,WINDPOWER,59,2010,0.614831042
Simplicity2,WINDPOWER,60,2010,0.634237202
Simplicity2,WINDPOWER,61,2010,0.540325481
Simplicity2,WINDPOWER,62,2010,0.297034856
Simplicity2,WINDPOWER,63,2010,0.190969065
Simplicity2,WINDPOWER,64,2010,0.047309572
Simplicity2,WINDPOWER,65,2010,0
Simplicity2,WINDPOWER,66,2010,0
Simplicity2,WINDPOWER,67,2010,0
Simplicity2,WINDPOWER,68,2010,0
Simplicity2,WINDPOWER,69,2010,0
Simplicity2,WINDPOWER,70,2010,0
Simplicity2,WINDPOWER,71,2010,0
Simplicity2,WINDPOWER,72,2010,0
Simplicity2,WINDPOWER,73,2010,0
Simplicity2,WINDPOWER,74,2010,0
Simplicity2,WINDPOWER,75,2010,0
Simplicity2,WINDPOWER,76,2010,0
Simplicity2,WINDPOWER,77,2010,0
Simplicity2,WINDPOWER,78,2010,0
Simplicity2,WINDPOWER,79,2010,0
Simplicity2,WINDPOWER,80,2010,0
Simplicity2,WINDPOWER,81,2010,0.029669704
Simplicity2,WINDPOWER,82,2010,0.074044668
Simplicity2,WINDPOWER,83,2010,0.10043575
Simplicity2,WINDPOWER,84,2010,0.121605905
Simplicity2,WINDPOWER,85,2010,0.071139571
Simplicity2,WINDPOWER,86,2010,0.048061882
Simplicity2,WINDPOWER,87,2010,0.043665689
Simplicity2,WINDPOWER,88,2010,0.013044016
Simplicity2,WINDPOWER,89,2010,0
Simplicity2,WINDPOWER,90,2010,0
Simplicity2,WINDPOWER,91,2010,0
Simplicity2,WINDPOWER,92,2010,0
Simplicity2,WINDPOWER,93,2010,0
Simplicity2,WINDPOWER,94,2010,0
Simplicity2,WINDPOWER,95,2010,0
Simplicity2,WINDPOWER,96,2010,0
Simplicity2,WINDPOWER,97,2010,0
Simplicity2,WINDPOWER,98,2010,0
Simplicity2,WINDPOWER,99,2010,0
Simplicity2,WINDPOWER,100,2010,0
Simplicity2,WINDPOWER,101,2010,0
Simplicity2,WINDPOWER,102,2010,0
Simplicity2,WINDPOWER,103,2010,0
Simplicity2,WINDPOWER,104,2010,0
Simplicity2,WINDPOWER,105,2010,0.12159601
Simplicity2,WINDPOWER,106,2010,0.200177612
Simplicity2,WINDPOWER,107,2010,0.396050695
Simplicity2,WINDPOWER,108,2010,0.227798253
Simplicity2,WINDPOWER,109,2010,0.333319032
Simplicity2,WINDPOWER,110,2010,0.146354105
Simplicity2,WINDPOWER,111,2010,0.07590762
Simplicity2,WINDPOWER,112,2010,0.026247769
Simplicity2,WINDPOWER,113,2010,0
Simplicity2,WINDPOWER,114,2010,0
Simplicity2,WINDPOWER,115,2010,0
Simplicity2,WINDPOWER,116,2010,0
Simplicity2,WINDPOWER,117,2010,0
Simplicity2,WINDPOWER,118,2010,0
Simplicity2,WINDPOWER,119,2010,0
Simplicity2,WINDPOWER,120,2010,0
Simplicity2,WINDPOWER,121,2010,0
Simplicity2,WINDPOWER,122,2010,0
Simplicity2,WINDPOWER,123,2010,0
Simplicity2,WINDPOWER,124,2010,0
Simplicity2,WINDPOWER,125,2010,0
Simplicity2,WINDPOWER,126,2010,0
Simplicity2,WINDPOWER,127,2010,0
Simplicity2,WINDPOWER,128,2010,0
Simplicity2,WINDPOWER,129,2010,0.035552318
Simplicity2,WINDPOWER,130,2010,0.118043009
Simplicity2,WINDPOWER,131,2010,0.093317886
Simplicity2,WINDPOWER,132,2010,0.123254256
Simplicity2,WINDPOWER,133,2010,0.124375461
Simplicity2,WINDPOWER,134,2010,0.118413716
Simplicity2,WINDPOWER,135,2010,0.095014041
Simplicity2,WINDPOWER,136,2010,0.040350906
Simplicity2,WINDPOWER,137,2010,0
Simplicity2,WINDPOWER,138,2010,0
Simplicity2,WINDPOWER,139,2010,0
Simplicity2,WINDPOWER,140,2010,0
Simplicity2,WINDPOWER,141,2010,0
Simplicity2,WINDPOWER,142,2010,0
Simplicity2,WINDPOWER,143,2010,0
Simplicity2,WINDPOWER,144,2010,0
Simplicity2,WINDPOWER,145,2010,0
Simplicity2,WINDPOWER,146,2010,0
Simplicity2,WINDPOWER,147,2010,0
Simplicity2,WINDPOWER,148,2010,0
Simplicity2,WINDPOWER,149,2010,0
Simplicity2,WINDPOWER,150,2010,0
Simplicity2,WINDPOWER,151,2010,0
Simplicity2,WINDPOWER,152,2010,0
Simplicity2,WINDPOWER,153,2010,0.245203526
Simplicity2,WINDPOWER,154,2010,0.383034566
Simplicity2,WINDPOWER,155,2010,0.485281836
Simplicity2,WINDPOWER,156,2010,0.623745216
Simplicity2,WINDPOWER,157,2010,0.581008961
Simplicity2,WINDPOWER,158,2010,0.569074101
Simplicity2,WINDPOWER,159,2010,0.378068659
Simplicity2,WINDPOWER,160,2010,0.187165632
Simplicity2,WINDPOWER,161,2010,0
Simplicity2,WINDPOWER,162,2010,0
Simplicity2,WINDPOWER,163,2010,0
Simplicity2,WINDPOWER,164,2010,0
Simplicity2,WINDPOWER,165,2010,0
Simplicity2,WINDPOWER,166,2010,0
Simplicity2,WINDPOWER,167,2010,0
Simplicity2,WINDPOWER,168,2010,0
Simplicity2,WINDPOWER,169,2010,0
Simplicity2,WINDPOWER,170,2010,0
Simplicity2,WINDPOWER,171,2010,0
Simplicity2,WINDPOWER,172,2010,0
Simplicity2,WINDPOWER,173,2010,0
Simplicity2,WINDPOWER,174,2010,0
Simplicity2,WINDPOWER,175,2010,0
Simplicity2,WINDPOWER,176,2010,0
Simplicity2,WINDPOWER,177,2010,0.20294926
Simplicity2,WINDPOWER,178,2010,0.331816074
Simplicity2,WINDPOWER,179,2010,0.542441226
Simplicity2,WINDPOWER,180,2010,0.504604264
Simplicity2,WINDPOWER,181,2010,0.515779158
Simplicity2,WINDPOWER,182,2010,0.457349732
Simplicity2,WINDPOWER,183,2010,0.247597022
Simplicity2,WINDPOWER,184,2010,0.134899321
Simplicity2,WINDPOWER,185,2010,0
Simplicity2,WINDPOWER,186,2010,0
Simplicity2,WINDPOWER,187,2010,0
Simplicity2,WINDPOWER,188,2010,0
Simplicity2,WINDPOWER,189,2010,0
Simplicity2,WINDPOWER,190,2010,0
Simplicity2,WINDPOWER,191,2010,0
Simplicity2,WINDPOWER,192,2010,0
Simplicity2,WINDPOWER,193,2010,0
Simplicity2,WINDPOWER,194,2010,0
Simplicity2,WINDPOWER,195,2010,0
Simplicity2,WINDPOWER,196,2010,0
Simplicity2,WINDPOWER,197,2010,0
Simplicity2,WINDPOWER,198,2010,0
Simplicity2,WINDPOWER,199,2010,0
Simplicity2,WINDPOWER,200,2010,0
Simplicity2,WINDPOWER,201,2010,0.259246342
Simplicity2,WINDPOWER,202,2010,0.46301553
Simplicity2,WINDPOWER,203,2010,0.53168362
Simplicity2,WINDPOWER,204,2010,0.608439175
Simplicity2,WINDPOWER,205,2010,0.601891755
Simplicity2,WINDPOWER,206,2010,0.410874762
Simplicity2,WINDPOWER,207,2010,0.329315956
Simplicity2,WINDPOWER,208,2010,0.18249368
Simplicity2,WINDPOWER,209,2010,0
Simplicity2,WINDPOWER,210,2010,0
Simplicity2,WINDPOWER,211,2010,0
Simplicity2,WINDPOWER,212,2010,0
Simplicity2,WINDPOWER,213,2010,0
Simplicity2,WINDPOWER,214,2010,0
Simplicity2,WINDPOWER,215,2010,0
Simplicity2,WINDPOWER,216,2010,0
Simplicity2,WINDPOWER,217,2010,0
Simplicity2,WINDPOWER,218,2010,0
Simplicity2,WINDPOWER,219,2010,0
Simplicity2,WINDPOWER,220,2010,0
Simplicity2,WINDPOWER,221,2010,0
Simplicity2,WINDPOWER,222,2010,0
Simplicity2,WINDPOWER,223,2010,0
Simplicity2,WINDPOWER,224,2010,0
Simplicity2,WINDPOWER,225,2010,0.152671308
Simplicity2,WINDPOWER,226,2010,0.232753167
Simplicity2,WINDPOWER,227,2010,0.186240955
Simplicity2,WINDPOWER,228,2010,0.220834327
Simplicity2,WINDPOWER,229,2010,0.404482018
Simplicity2,WINDPOWER,230,2010,0.440366516
Simplicity2,WINDPOWER,231,2010,0.242161606
Simplicity2,WINDPOWER,232,2010,0.137591689
Simplicity2,WINDPOWER,233,2010,0
Simplicity2,WINDPOWER,234,2010,0
Simplicity2,WINDPOWER,235,2010,0
Simplicity2,WINDPOWER,236,2010,0
Simplicity2,WINDPOWER,237,2010,0
Simplicity2,WINDPOWER,238,2010,0
Simplicity2,WINDPOWER,239,2010,0
Simplicity2,WINDPOWER,240,2010,0
Simplicity2,WINDPOWER,241,2010,0
Simplicity2,WINDPOWER,242,2010,0
Simplicity2,WINDPOWER,243,2010,0
Simplicity2,WINDPOWER,244,2010,0
Simplicity2,WINDPOWER,245,2010,0
Simplicity2,WINDPOWER,246,2010,0
Simplicity2,WINDPOWER,247,2010,0
Simplicity2,WINDPOWER,248,2010,0
Simplicity2,WINDPOWER,249,2010,0.104663819
Simplicity2,WINDPOWER,250,2010,0.171213881
Simplicity2,WINDPOWER,251,2010,0.206107254
Simplicity2,WINDPOWER,252,2010,0.342580368
Simplicity2,WINDPOWER,253,2010,0.331691803
Simplicity2,WINDPOWER,254,2010,0.23215546
Simplicity2,WINDPOWER,255,2010,0.103416854
Simplicity2,WINDPOWER,256,2010,0.110263946
Simplicity2,WINDPOWER,257,2010,0
Simplicity2,WINDPOWER,258,2010,0
Simplicity2,WINDPOWER,259,2010,0
Simplicity2,WINDPOWER,260,2010,0
Simplicity2,WINDPOWER,261,2010,0
Simplicity2,WINDPOWER,262,2010,0
Simplicity2,WINDPOWER,263,2010,0
Simplicity2,WINDPOWER,264,2010,0
Simplicity2,WINDPOWER,265,2010,0
Simplicity2,WINDPOWER,266,2010,0
Simplicity2,WINDPOWER,267,2010,0
Simplicity2,WINDPOWER,268,2010,0
Simplicity2,WINDPOWER,269,2010,0
Simplicity2,WINDPOWER,270,2010,0
Simplicity2,WINDPOWER,271,2010,0
Simplicity2,WINDPOWER,272,2010,0
Simplicity2,WINDPOWER,273,2010,0.016724654
Simplicity2,WINDPOWER,274,2010,0.056818503
Simplicity2,WINDPOWER,275,2010,0.078138854
Simplicity2,WINDPOWER,276,2010,0.074313447
Simplicity2,WINDPOWER,277,2010,0.06274511
Simplicity2,WINDPOWER,278,2010,0.077380101
Simplicity2,WINDPOWER,279,2010,0.075121967
Simplicity2,WINDPOWER,280,2010,0.030603261
Simplicity2,WINDPOWER,281,2010,0
Simplicity2,WINDPOWER,282,2010,0
Simplicity2,WINDPOWER,283,2010,0
Simplicity2,WINDPOWER,284,2010,0
Simplicity2,WINDPOWER,285,2010,0
Simplicity2,WINDPOWER,286,2010,0
Simplicity2,WINDPOWER,287,2010,0
Simplicity2,WINDPOWER,288,2010,0
Simplicity2,WINDPOWER,289,2010,0
Simplicity2,WINDPOWER,290,2010,0
Simplicity2,WINDPOWER,291,2010,0
Simplicity2,WINDPOWER,292,2010,0
Simplicity2,WINDPOWER,293,2010,0
Simplicity2,WINDPOWER,294,2010,0
Simplicity2,WINDPOWER,295,2010,0
Simplicity2,WINDPOWER,296,2010,0
Simplicity2,WINDPOWER,297,2010,0.155088176
Simplicity2,WINDPOWER,298,2010,0.255744985
Simplicity2,WINDPOWER,299,2010,0.490001933
Simplicity2,WINDPOWER,300,2010,0.375067497
Simplicity2,WINDPOWER,301,2010,0.281513648
Simplicity2,WINDPOWER,302,2010,0.249959495
Simplicity2,WINDPOWER,303,2010,0.316664311
Simplicity2,WINDPOWER,304,2010,0.204651085
Simplicity2,WINDPOWER,305,2010,0
Simplicity2,WINDPOWER,306,2010,0
Simplicity2,WINDPOWER,307,2010,0
Simplicity2,WINDPOWER,308,2010,0
Simplicity2,WINDPOWER,309,2010,0
Simplicity2,WINDPOWER,310,2010,0
Simplicity2,WINDPOWER,311,2010,0
Simplicity2,WINDPOWER,312,2010,0
Simplicity2,WINDPOWER,313,2010,0
Simplicity2,WINDPOWER,314,2010,0
Simplicity2,WINDPOWER,315,2010,0
Simplicity2,WINDPOWER,316,2010,0
Simplicity2,WINDPOWER,317,2010,0
Simplicity2,WINDPOWER,318,2010,0
Simplicity2,WINDPOWER,319,2010,0
Simplicity2,WINDPOWER,320,2010,0
Simplicity2,WINDPOWER,321,2010,0.264358057
Simplicity2,WINDPOWER,322,2010,0.441442128
Simplicity2,WINDPOWER,323,2010,0.557192268
Simplicity2,WINDPOWER,324,2010,0.663539974
Simplicity2,WINDPOWER,325,2010,0.627509584
Simplicity2,WINDPOWER,326,2010,0.552622245
Simplicity2,WINDPOWER,327,2010,0.441124098
Simplicity2,WINDPOWER,328,2010,0.201989688
Simplicity2,WINDPOWER,329,2010,0
Simplicity2,WINDPOWER,330,2010,0
Simplicity2,WINDPOWER,331,2010,0
Simplicity2,WINDPOWER,332,2010,0
Simplicity2,WINDPOWER,333,2010,0
Simplicity2,WINDPOWER,334,2010,0
Simplicity2,WINDPOWER,335,2010,0
Simplicity2,WINDPOWER,336,2010,0
Simplicity2,WINDPOWER,337,2010,0
Simplicity2,WINDPOWER,338,2010,0
Simplicity2,WINDPOWER,339,2010,0
Simplicity2,WINDPOWER,340,2010,0
Simplicity2,WINDPOWER,341,2010,0
Simplicity2,WINDPOWER,342,2010,0
Simplicity2,WINDPOWER,343,2010,0
Simplicity2,WINDPOWER,344,2010,0
Simplicity2,WINDPOWER,345,2010,0.101687223
Simplicity2,WINDPOWER,346,2010,0.187043565
Simplicity2,WINDPOWER,347,2010,0.331554628
Simplicity2,WINDPOWER,348,2010,0.389450019
Simplicity2,WINDPOWER,349,2010,0.54549676
Simplicity2,WINDPOWER,350,2010,0.582860863
Simplicity2,WINDPOWER,351,2010,0.369428992
Simplicity2,WINDPOWER,352,2010,0.217807278
Simplicity2,WINDPOWER,353,2010,0
Simplicity2,WINDPOWER,354,2010,0
Simplicity2,WINDPOWER,355,2010,0
Simplicity2,WINDPOWER,356,2010,0
Simplicity2,WINDPOWER,357,2010,0
Simplicity2,WINDPOWER,358,2010,0
Simplicity2,WINDPOWER,359,2010,0
Simplicity2,WINDPOWER,360,2010,0
Simplicity2,WINDPOWER,361,2010,0
Simplicity2,WINDPOWER,362,2010,0
Simplicity2,WINDPOWER,363,2010,0
Simplicity2,WINDPOWER,364,2010,0
Simplicity2,WINDPOWER,365,2010,0
Simplicity2,WINDPOWER,366,2010,0
Simplicity2,WINDPOWER,367,2010,0
Simplicity2,WINDPOWER,368,2010,0
Simplicity2,WINDPOWER,369,2010,0.153676353
Simplicity2,WINDPOWER,370,2010,0.264948521
Simplicity2,WINDPOWER,371,2010,0.299873547
Simplicity2,WINDPOWER,372,2010,0.366633954
Simplicity2,WINDPOWER,373,2010,0.336736546
Simplicity2,WINDPOWER,374,2010,0.301792311
Simplicity2,WINDPOWER,375,2010,0.259551651
Simplicity2,WINDPOWER,376,2010,0.19241404
Simplicity2,WINDPOWER,377,2010,0
Simplicity2,WINDPOWER,378,2010,0
Simplicity2,WINDPOWER,379,2010,0
Simplicity2,WINDPOWER,380,2010,0
Simplicity2,WINDPOWER,381,2010,0
Simplicity2,WINDPOWER,382,2010,0
Simplicity2,WINDPOWER,383,2010,0
Simplicity2,WINDPOWER,384,2010,0
Simplicity2,WINDPOWER,385,2010,0
Simplicity2,WINDPOWER,386,2010,0
Simplicity2,WINDPOWER,387,2010,0
Simplicity2,WINDPOWER,388,2010,0
Simplicity2,WINDPOWER,389,2010,0
Simplicity2,WINDPOWER,390,2010,0
Simplicity2,WINDPOWER,391,2010,0
Simplicity2,WINDPOWER,392,2010,0
Simplicity2,WINDPOWER,393,2010,0.038090698
Simplicity2,WINDPOWER,394,2010,0.195707051
Simplicity2,WINDPOWER,395,2010,0.336731152
Simplicity2,WINDPOWER,396,2010,0.411341786
Simplicity2,WINDPOWER,397,2010,0.520833723
Simplicity2,WINDPOWER,398,2010,0.459740316
Simplicity2,WINDPOWER,399,2010,0.383828837
Simplicity2,WINDPOWER,400,2010,0.192702559
Simplicity2,WINDPOWER,401,2010,0
Simplicity2,WINDPOWER,402,2010,0
Simplicity2,WINDPOWER,403,2010,0
Simplicity2,WINDPOWER,404,2010,0
Simplicity2,WINDPOWER,405,2010,0
Simplicity2,WINDPOWER,406,2010,0
Simplicity2,WINDPOWER,407,2010,0
Simplicity2,WINDPOWER,408,2010,0
Simplicity2,WINDPOWER,409,2010,0
Simplicity2,WINDPOWER,410,2010,0
Simplicity2,WINDPOWER,411,2010,0
Simplicity2,WINDPOWER,412,2010,0
Simplicity2,WINDPOWER,413,2010,0
Simplicity2,WINDPOWER,414,2010,0
Simplicity2,WINDPOWER,415,2010,0
Simplicity2,WINDPOWER,416,2010,0
Simplicity2,WINDPOWER,417,2010,0.231618261
Simplicity2,WINDPOWER,418,2010,0.358124723
Simplicity2,WINDPOWER,419,2010,0.647933001
Simplicity2,WINDPOWER,420,2010,0.739058006
Simplicity2,WINDPOWER,421,2010,0.708118013
Simplicity2,WINDPOWER,422,2010,0.594921457
Simplicity2,WINDPOWER,423,2010,0.468392535
Simplicity2,WINDPOWER,424,2010,0.258359311
Simplicity2,WINDPOWER,425,2010,0
Simplicity2,WINDPOWER,426,2010,0
Simplicity2,WINDPOWER,427,2010,0
Simplicity2,WINDPOWER,428,2010,0
Simplicity2,WINDPOWER,429,2010,0
Simplicity2,WINDPOWER,430,2010,0
Simplicity2,WINDPOWER,431,2010,0
Simplicity2,WINDPOWER,432,2010,0
Simplicity2,WINDPOWER,433,2010,0
Simplicity2,WINDPOWER,434,2010,0
Simplicity2,WINDPOWER,435,2010,0
Simplicity2,WINDPOWER,436,2010,0
Simplicity2,WINDPOWER,437,2010,0
Simplicity2,WINDPOWER,438,2010,0
Simplicity2,WINDPOWER,439,2010,0
Simplicity2,WINDPOWER,440,2010,0
Simplicity2,WINDPOWER,441,2010,0.065749562
Simplicity2,WINDPOWER,442,2010,0.106469057
Simplicity2,WINDPOWER,443,2010,0.149331815
Simplicity2,WINDPOWER,444,2010,0.215451006
Simplicity2,WINDPOWER,445,2010,0.314640269
Simplicity2,WINDPOWER,446,2010,0.314835959
Simplicity2,WINDPOWER,447,2010,0.290080079
Simplicity2,WINDPOWER,448,2010,0.17989475
Simplicity2,WINDPOWER,449,2010,0
Simplicity2,WINDPOWER,450,2010,0
Simplicity2,WINDPOWER,451,2010,0
Simplicity2,WINDPOWER,452,2010,0
Simplicity2,WINDPOWER,453,2010,0
Simplicity2,WINDPOWER,454,2010,0
Simplicity2,WINDPOWER,455,2010,0
Simplicity2,WINDPOWER,456,2010,0
Simplicity2,WINDPOWER,457,2010,0
Simplicity2,WINDPOWER,458,2010,0
Simplicity2,WINDPOWER,459,2010,0
Simplicity2,WINDPOWER,460,2010,0
Simplicity2,WINDPOWER,461,2010,0
Simplicity2,WINDPOWER,462,2010,0
Simplicity2,WINDPOWER,463,2010,0
Simplicity2,WINDPOWER,464,2010,0
Simplicity2,WINDPOWER,465,2010,0.158053414
Simplicity2,WINDPOWER,466,2010,0.278132555
Simplicity2,WINDPOWER,467,2010,0.436145177
Simplicity2,WINDPOWER,468,2010,0.57745295
Simplicity2,WINDPOWER,469,2010,0.614109641
Simplicity2,WINDPOWER,470,2010,0.440142699
Simplicity2,WINDPOWER,471,2010,0.303683783
Simplicity2,WINDPOWER,472,2010,0.182469156
Simplicity2,WINDPOWER,473,2010,0
Simplicity2,WINDPOWER,474,2010,0
Simplicity2,WINDPOWER,475,2010,0
Simplicity2,WINDPOWER,476,2010,0
Simplicity2,WINDPOWER,477,2010,0
Simplicity2,WINDPOWER,478,2010,0
Simplicity2,WINDPOWER,479,2010,0
Simplicity2,WINDPOWER,480,2010,0
Simplicity2,WINDPOWER,481,2010,0
Simplicity2,WINDPOWER,482,2010,0
Simplicity2,WINDPOWER,483,2010,0
Simplicity2,WINDPOWER,484,2010,0
Simplicity2,WINDPOWER,485,2010,0
Simplicity2,WINDPOWER,486,2010,0
Simplicity2,WINDPOWER,487,2010,0
Simplicity2,WINDPOWER,488,2010,0
Simplicity2,WINDPOWER,489,2010,0.123957244
Simplicity2,WINDPOWER,490,2010,0.278709323
Simplicity2,WINDPOWER,491,2010,0.488859053
Simplicity2,WINDPOWER,492,2010,0.53461623
Simplicity2,WINDPOWER,493,2010,0.596826747
Simplicity2,WINDPOWER,494,2010,0.61093968
Simplicity2,WINDPOWER,495,2010,0.42284642
Simplicity2,WINDPOWER,496,2010,0.248841
Simplicity2,WINDPOWER,497,2010,0
Simplicity2,WINDPOWER,498,2010,0
Simplicity2,WINDPOWER,499,2010,0
Simplicity2,WINDPOWER,500,2010,0
Simplicity2,WINDPOWER,501,2010,0
Simplicity2,WINDPOWER,502,2010,0
Simplicity2,WINDPOWER,503,2010,0
Simplicity2,WINDPOWER,504,2010,0
Simplicity2,WINDPOWER,505,2010,0
Simplicity2,WINDPOWER,506,2010,0
Simplicity2,WINDPOWER,507,2010,0
Simplicity2,WINDPOWER,508,2010,0
Simplicity2,WINDPOWER,509,2010,0
Simplicity2,WINDPOWER,510,2010,0
Simplicity2,WINDPOWER,511,2010,0
Simplicity2,WINDPOWER,512,2010,0
Simplicity2,WINDPOWER,513,2010,0.326681417
Simplicity2,WINDPOWER,514,2010,0.541371809
Simplicity2,WINDPOWER,515,2010,0.687878898
Simplicity2,WINDPOWER,516,2010,0.762108777
Simplicity2,WINDPOWER,517,2010,0.740178355
Simplicity2,WINDPOWER,518,2010,0.676325079
Simplicity2,WINDPOWER,519,2010,0.522586221
Simplicity2,WINDPOWER,520,2010,0.289241877
Simplicity2,WINDPOWER,521,2010,0
Simplicity2,WINDPOWER,522,2010,0
Simplicity2,WINDPOWER,523,2010,0
Simplicity2,WINDPOWER,524,2010,0
Simplicity2,WINDPOWER,525,2010,0
Simplicity2,WINDPOWER,526,2010,0
Simplicity2,WINDPOWER,527,2010,0
Simplicity2,WINDPOWER,528,2010,0
Simplicity2,WINDPOWER,529,2010,0
Simplicity2,WINDPOWER,530,2010,0
Simplicity2,WINDPOWER,531,2010,0
Simplicity2,WINDPOWER,532,2010,0
Simplicity2,WINDPOWER,533,2010,0
Simplicity2,WINDPOWER,534,2010,0
Simplicity2,WINDPOWER,535,2010,0
Simplicity2,WINDPOWER,536,2010,0
Simplicity2,WINDPOWER,537,2010,0.325738506
Simplicity2,WINDPOWER,538,2010,0.54053918
Simplicity2,WINDPOWER,539,2010,0.690223305
Simplicity2,WINDPOWER,540,2010,0.761464202
Simplicity2,WINDPOWER,541,2010,0.756493585
Simplicity2,WINDPOWER,542,2010,0.678809195
Simplicity2,WINDPOWER,543,2010,0.5281665
Simplicity2,WINDPOWER,544,2010,0.300915226
Simplicity2,WINDPOWER,545,2010,0
Simplicity2,WINDPOWER,546,2010,0
Simplicity2,WINDPOWER,547,2010,0
Simplicity2,WINDPOWER,548,2010,0
Simplicity2,WINDPOWER,549,2010,0
Simplicity2,WINDPOWER,550,2010,0
Simplicity2,WINDPOWER,551,2010,0
Simplicity2,WINDPOWER,552,2010,0
Simplicity2,WINDPOWER,553,2010,0
Simplicity2,WINDPOWER,554,2010,0
Simplicity2,WINDPOWER,555,2010,0
Simplicity2,WINDPOWER,556,2010,0
Simplicity2,WINDPOWER,557,2010,0
Simplicity2,WINDPOWER,558,2010,0
Simplicity2,WINDPOWER,559,2010,0
Simplicity2,WINDPOWER,560,2010,0
Simplicity2,WINDPOWER,561,2010,0.070886552
Simplicity2,WINDPOWER,562,2010,0.167684198
Simplicity2,WINDPOWER,563,2010,0.307632622
Simplicity2,WINDPOWER,564,2010,0.421185464
Simplicity2,WINDPOWER,565,2010,0.618242987
Simplicity2,WINDPOWER,566,2010,0.551276055
Simplicity2,WINDPOWER,567,2010,0.408390201
Simplicity2,WINDPOWER,568,2010,0.243411108
Simplicity2,WINDPOWER,569,2010,0
Simplicity2,WINDPOWER,570,2010,0
Simplicity2,WINDPOWER,571,2010,0
Simplicity2,WINDPOWER,572,2010,0
Simplicity2,WINDPOWER,573,2010,0
Simplicity2,WINDPOWER,574,2010,0
Simplicity2,WINDPOWER,575,2010,0
Simplicity2,WINDPOWER,576,2010,0
Simplicity2,WINDPOWER,577,2010,0
Simplicity2,WINDPOWER,578,2010,0
Simplicity2,WINDPOWER,579,2010,0
Simplicity2,WINDPOWER,580,2010,0
Simplicity2,WINDPOWER,581,2010,0
Simplicity2,WINDPOWER,582,2010,0
Simplicity2,WINDPOWER,583,2010,0
Simplicity2,WINDPOWER,584,2010,0
Simplicity2,WINDPOWER,585,2010,0.188304597
Simplicity2,WINDPOWER,586,2010,0.262305909
Simplicity2,WINDPOWER,587,2010,0.386005555
Simplicity2,WINDPOWER,588,2010,0.334205681
Simplicity2,WINDPOWER,589,2010,0.320217345
Simplicity2,WINDPOWER,590,2010,0.240469253
Simplicity2,WINDPOWER,591,2010,0.142471085
Simplicity2,WINDPOWER,592,2010,0.073966156
Simplicity2,WINDPOWER,593,2010,0
Simplicity2,WINDPOWER,594,2010,0
Simplicity2,WINDPOWER,595,2010,0
Simplicity2,WINDPOWER,596,2010,0
Simplicity2,WINDPOWER,597,2010,0
Simplicity2,WINDPOWER,598,2010,0
Simplicity2,WINDPOWER,599,2010,0
Simplicity2,WINDPOWER,600,2010,0
Simplicity2,WINDPOWER,601,2010,0
Simplicity2,WINDPOWER,602,2010,0
Simplicity2,WINDPOWER,603,2010,0
Simplicity2,WINDPOWER,604,2010,0
Simplicity2,WINDPOWER,605,2010,0
Simplicity2,WINDPOWER,606,2010,0
Simplicity2,WINDPOWER,607,2010,0
Simplicity2,WINDPOWER,608,2010,0
Simplicity2,WINDPOWER,609,2010,0.093111842
Simplicity2,WINDPOWER,610,2010,0.213088483
Simplicity2,WINDPOWER,611,2010,0.321952766
Simplicity2,WINDPOWER,612,2010,0.362535421
Simplicity2,WINDPOWER,613,2010,0.442751231
Simplicity2,WINDPOWER,614,2010,0.327433888
Simplicity2,WINDPOWER,615,2010,0.223743262
Simplicity2,WINDPOWER,616,2010,0.095394957
Simplicity2,WINDPOWER,617,2010,0
Simplicity2,WINDPOWER,618,2010,0
Simplicity2,WINDPOWER,619,2010,0
Simplicity2,WINDPOWER,620,2010,0
Simplicity2,WINDPOWER,621,2010,0
Simplicity2,WINDPOWER,622,2010,0
Simplicity2,WINDPOWER,623,2010,0
Simplicity2,WINDPOWER,624,2010,0
Simplicity2,WINDPOWER,625,2010,0
Simplicity2,WINDPOWER,626,2010,0
Simplicity2,WINDPOWER,627,2010,0
Simplicity2,WINDPOWER,628,2010,0
Simplicity2,WINDPOWER,629,2010,0
Simplicity2,WINDPOWER,630,2010,0
Simplicity2,WINDPOWER,631,2010,0
Simplicity2,WINDPOWER,632,2010,0
Simplicity2,WINDPOWER,633,2010,0.069263314
Simplicity2,WINDPOWER,634,2010,0.124891936
Simplicity2,WINDPOWER,635,2010,0.305038483
Simplicity2,WINDPOWER,636,2010,0.336781626
Simplicity2,WINDPOWER,637,2010,0.339736013
Simplicity2,WINDPOWER,638,2010,0.189535373
Simplicity2,WINDPOWER,639,2010,0.120854591
Simplicity2,WINDPOWER,640,2010,0.047156354
Simplicity2,WINDPOWER,641,2010,0
Simplicity2,WINDPOWER,642,2010,0
Simplicity2,WINDPOWER,643,2010,0
Simplicity2,WINDPOWER,644,2010,0
Simplicity2,WINDPOWER,645,2010,0
Simplicity2,WINDPOWER,646,2010,0
Simplicity2,WINDPOWER,647,2010,0
Simplicity2,WINDPOWER,648,2010,0
Simplicity2,WINDPOWER,649,2010,0
Simplicity2,WINDPOWER,650,2010,0
Simplicity2,WINDPOWER,651,2010,0
Simplicity2,WINDPOWER,652,2010,0
Simplicity2,WINDPOWER,653,2010,0
Simplicity2,WINDPOWER,654,2010,0
Simplicity2,WINDPOWER,655,2010,0
Simplicity2,WINDPOWER,656,2010,0
Simplicity2,WINDPOWER,657,2010,0.033239859
Simplicity2,WINDPOWER,658,2010,0.064739485
Simplicity2,WINDPOWER,659,2010,0.141253463
Simplicity2,WINDPOWER,660,2010,0.248515878
Simplicity2,WINDPOWER,661,2010,0.314501643
Simplicity2,WINDPOWER,662,2010,0.292931578
Simplicity2,WINDPOWER,663,2010,0.160023032
Simplicity2,WINDPOWER,664,2010,0.093393658
Simplicity2,WINDPOWER,665,2010,0
Simplicity2,WINDPOWER,666,2010,0
Simplicity2,WINDPOWER,667,2010,0
Simplicity2,WINDPOWER,668,2010,0
Simplicity2,WINDPOWER,669,2010,0
Simplicity2,WINDPOWER,670,2010,0
Simplicity2,WINDPOWER,671,2010,0
Simplicity2,WINDPOWER,672,2010,0
Simplicity2,WINDPOWER,673,2010,0
Simplicity2,WINDPOWER,674,2010,0
Simplicity2,WINDPOWER,675,2010,0
Simplicity2,WINDPOWER,676,2010,0
Simplicity2,WINDPOWER,677,2010,0
Simplicity2,WINDPOWER,678,2010,0
Simplicity2,WINDPOWER,679,2010,0
Simplicity2,WINDPOWER,680,2010,0
Simplicity2,WINDPOWER,681,2010,0.146776916
Simplicity2,WINDPOWER,682,2010,0.198432437
Simplicity2,WINDPOWER,683,2010,0.229517481
Simplicity2,WINDPOWER,684,2010,0.220230701
Simplicity2,WINDPOWER,685,2010,0.378061841
Simplicity2,WINDPOWER,686,2010,0.355005483
Simplicity2,WINDPOWER,687,2010,0.156791108
Simplicity2,WINDPOWER,688,2010,0.186706637
Simplicity2,WINDPOWER,689,2010,0
Simplicity2,WINDPOWER,690,2010,0
Simplicity2,WINDPOWER,691,2010,0
Simplicity2,WINDPOWER,692,2010,0
Simplicity2,WINDPOWER,693,2010,0
Simplicity2,WINDPOWER,694,2010,0
Simplicity2,WINDPOWER,695,2010,0
Simplicity2,WINDPOWER,696,2010,0
Simplicity2,WINDPOWER,697,2010,0
Simplicity2,WINDPOWER,698,2010,0
Simplicity2,WINDPOWER,699,2010,0
Simplicity2,WINDPOWER,700,2010,0
Simplicity2,WINDPOWER,701,2010,0
Simplicity2,WINDPOWER,702,2010,0
Simplicity2,WINDPOWER,703,2010,0
Simplicity2,WINDPOWER,704,2010,0
Simplicity2,WINDPOWER,705,2010,0.103784411
Simplicity2,WINDPOWER,706,2010,0.217188279
Simplicity2,WINDPOWER,707,2010,0.344710938
Simplicity2,WINDPOWER,708,2010,0.549106432
Simplicity2,WINDPOWER,709,2010,0.469943575
Simplicity2,WINDPOWER,710,2010,0.341950114
Simplicity2,WINDPOWER,711,2010,0.358023625
Simplicity2,WINDPOWER,712,2010,0.128070735
Simplicity2,WINDPOWER,713,2010,0
Simplicity2,WINDPOWER,714,2010,0
Simplicity2,WINDPOWER,715,2010,0
Simplicity2,WINDPOWER,716,2010,0
Simplicity2,WINDPOWER,717,2010,0
Simplicity2,WINDPOWER,718,2010,0
Simplicity2,WINDPOWER,719,2010,0
Simplicity2,WINDPOWER,720,2010,0
Simplicity2,WINDPOWER,721,2010,0
Simplicity2,WINDPOWER,722,2010,0
Simplicity2,WINDPOWER,723,2010,0
Simplicity2,WINDPOWER,724,2010,0
Simplicity2,WINDPOWER,725,2010,0
Simplicity2,WINDPOWER,726,2010,0
Simplicity2,WINDPOWER,727,2010,0
Simplicity2,WINDPOWER,728,2010,0
Simplicity2,WINDPOWER,729,2010,0.118764465
Simplicity2,WINDPOWER,730,2010,0.158691019
Simplicity2,WINDPOWER,731,2010,0.185755056
Simplicity2,WINDPOWER,732,2010,0.174351724
Simplicity2,WINDPOWER,733,2010,0.116950932
Simplicity2,WINDPOWER,734,2010,0.096485239
Simplicity2,WINDPOWER,735,2010,0.059740282
Simplicity2,WINDPOWER,736,2010,0.039993583
Simplicity2,WINDPOWER,737,2010,0
Simplicity2,WINDPOWER,738,2010,0
Simplicity2,WINDPOWER,739,2010,0
Simplicity2,WINDPOWER,740,2010,0
Simplicity2,WINDPOWER,741,2010,0
Simplicity2,WINDPOWER,742,2010,0
Simplicity2,WINDPOWER,743,2010,0
Simplicity2,WINDPOWER,744,2010,0
Simplicity2,WINDPOWER,745,2010,0
Simplicity2,WINDPOWER,746,2010,0
Simplicity2,WINDPOWER,747,2010,0
Simplicity2,WINDPOWER,748,2010,0
Simplicity2,WINDPOWER,749,2010,0
Simplicity2,WINDPOWER,750,2010,0
Simplicity2,WINDPOWER,751,2010,0
Simplicity2,WINDPOWER,752,2010,0.006081608
Simplicity2,WINDPOWER,753,2010,0.062085369
Simplicity2,WINDPOWER,754,2010,0.171741303
Simplicity2,WINDPOWER,755,2010,0.168533865
Simplicity2,WINDPOWER,756,2010,0.11239316
Simplicity2,WINDPOWER,757,2010,0.192842539
Simplicity2,WINDPOWER,758,2010,0.332550915
Simplicity2,WINDPOWER,759,2010,0.206494509
Simplicity2,WINDPOWER,760,2010,0.075484749
Simplicity2,WINDPOWER,761,2010,0
Simplicity2,WINDPOWER,762,2010,0
Simplicity2,WINDPOWER,763,2010,0
Simplicity2,WINDPOWER,764,2010,0
Simplicity2,WINDPOWER,765,2010,0
Simplicity2,WINDPOWER,766,2010,0
Simplicity2,WINDPOWER,767,2010,0
Simplicity2,WINDPOWER,768,2010,0
Simplicity2,WINDPOWER,769,2010,0
Simplicity2,WINDPOWER,770,2010,0
Simplicity2,WINDPOWER,771,2010,0
Simplicity2,WINDPOWER,772,2010,0
Simplicity2,WINDPOWER,773,2010,0
Simplicity2,WINDPOWER,774,2010,0
Simplicity2,WINDPOWER,775,2010,0
Simplicity2,WINDPOWER,776,2010,0.043712479
Simplicity2,WINDPOWER,777,2010,0.094569258
Simplicity2,WINDPOWER,778,2010,0.160033547
Simplicity2,WINDPOWER,779,2010,0.360730432
Simplicity2,WINDPOWER,780,2010,0.34543027
Simplicity2,WINDPOWER,781,2010,0.30362696
Simplicity2,WINDPOWER,782,2010,0.360023313
Simplicity2,WINDPOWER,783,2010,0.224748702
Simplicity2,WINDPOWER,784,2010,0.098548681
Simplicity2,WINDPOWER,785,2010,0
Simplicity2,WINDPOWER,786,2010,0
Simplicity2,WINDPOWER,787,2010,0
Simplicity2,WINDPOWER,788,2010,0
Simplicity2,WINDPOWER,789,2010,0
Simplicity2,WINDPOWER,790,2010,0
Simplicity2,WINDPOWER,791,2010,0
Simplicity2,WINDPOWER,792,2010,0
Simplicity2,WINDPOWER,793,2010,0
Simplicity2,WINDPOWER,794,2010,0
Simplicity2,WINDPOWER,795,2010,0
Simplicity2,WINDPOWER,796,2010,0
Simplicity2,WINDPOWER,797,2010,0
Simplicity2,WINDPOWER,798,2010,0
Simplicity2,WINDPOWER,799,2010,0
Simplicity2,WINDPOWER,800,2010,0.023312739
Simplicity2,WINDPOWER,801,2010,0.15181772
Simplicity2,WINDPOWER,802,2010,0.339138696
Simplicity2,WINDPOWER,803,2010,0.383837815
Simplicity2,WINDPOWER,804,2010,0.683727665
Simplicity2,WINDPOWER,805,2010,0.740121241
Simplicity2,WINDPOWER,806,2010,0.64880715
Simplicity2,WINDPOWER,807,2010,0.512481807
Simplicity2,WINDPOWER,808,2010,0.30923572
Simplicity2,WINDPOWER,809,2010,0.149247679
Simplicity2,WINDPOWER,810,2010,0
Simplicity2,WINDPOWER,811,2010,0
Simplicity2,WINDPOWER,812,2010,0
Simplicity2,WINDPOWER,813,2010,0
Simplicity2,WINDPOWER,814,2010,0
Simplicity2,WINDPOWER,815,2010,0
Simplicity2,WINDPOWER,816,2010,0
Simplicity2,WINDPOWER,817,2010,0
Simplicity2,WINDPOWER,818,2010,0
Simplicity2,WINDPOWER,819,2010,0
Simplicity2,WINDPOWER,820,2010,0
Simplicity2,WINDPOWER,821,2010,0
Simplicity2,WINDPOWER,822,2010,0
Simplicity2,WINDPOWER,823,2010,0
Simplicity2,WINDPOWER,824,2010,0.054292931
Simplicity2,WINDPOWER,825,2010,0.144088484
Simplicity2,WINDPOWER,826,2010,0.258430267
Simplicity2,WINDPOWER,827,2010,0.393838462
Simplicity2,WINDPOWER,828,2010,0.414489916
Simplicity2,WINDPOWER,829,2010,0.442309645
Simplicity2,WINDPOWER,830,2010,0.315543173
Simplicity2,WINDPOWER,831,2010,0.298468635
Simplicity2,WINDPOWER,832,2010,0.138486445
Simplicity2,WINDPOWER,833,2010,0.087750981
Simplicity2,WINDPOWER,834,2010,0
Simplicity2,WINDPOWER,835,2010,0
Simplicity2,WINDPOWER,836,2010,0
Simplicity2,WINDPOWER,837,2010,0
Simplicity2,WINDPOWER,838,2010,0
Simplicity2,WINDPOWER,839,2010,0
Simplicity2,WINDPOWER,840,2010,0
Simplicity2,WINDPOWER,841,2010,0
Simplicity2,WINDPOWER,842,2010,0
Simplicity2,WINDPOWER,843,2010,0
Simplicity2,WINDPOWER,844,2010,0
Simplicity2,WINDPOWER,845,2010,0
Simplicity2,WINDPOWER,846,2010,0
Simplicity2,WINDPOWER,847,2010,0
Simplicity2,WINDPOWER,848,2010,0.039861441
Simplicity2,WINDPOWER,849,2010,0.237301967
Simplicity2,WINDPOWER,850,2010,0.436513645
Simplicity2,WINDPOWER,851,2010,0.624334061
Simplicity2,WINDPOWER,852,2010,0.609894971
Simplicity2,WINDPOWER,853,2010,0.679478855
Simplicity2,WINDPOWER,854,2010,0.670387948
Simplicity2,WINDPOWER,855,2010,0.531460004
Simplicity2,WINDPOWER,856,2010,0.318438997
Simplicity2,WINDPOWER,857,2010,0.141537568
Simplicity2,WINDPOWER,858,2010,0
Simplicity2,WINDPOWER,859,2010,0
Simplicity2,WINDPOWER,860,2010,0
Simplicity2,WINDPOWER,861,2010,0
Simplicity2,WINDPOWER,862,2010,0
Simplicity2,WINDPOWER,863,2010,0
Simplicity2,WINDPOWER,864,2010,0
Simplicity2,WINDPOWER,865,2010,0
Simplicity2,WINDPOWER,866,2010,0
Simplicity2,WINDPOWER,867,2010,0
Simplicity2,WINDPOWER,868,2010,0
Simplicity2,WINDPOWER,869,2010,0
Simplicity2,WINDPOWER,870,2010,0
Simplicity2,WINDPOWER,871,2010,0
Simplicity2,WINDPOWER,872,2010,0.01803431
Simplicity2,WINDPOWER,873,2010,0.073337959
Simplicity2,WINDPOWER,874,2010,0.092892707
Simplicity2,WINDPOWER,875,2010,0.153657489
Simplicity2,WINDPOWER,876,2010,0.153968348
Simplicity2,WINDPOWER,877,2010,0.207235643
Simplicity2,WINDPOWER,878,2010,0.129093132
Simplicity2,WINDPOWER,879,2010,0.100188146
Simplicity2,WINDPOWER,880,2010,0.060111225
Simplicity2,WINDPOWER,881,2010,0.015864894
Simplicity2,WINDPOWER,882,2010,0
Simplicity2,WINDPOWER,883,2010,0
Simplicity2,WINDPOWER,884,2010,0
Simplicity2,WINDPOWER,885,2010,0
Simplicity2,WINDPOWER,886,2010,0
Simplicity2,WINDPOWER,887,2010,0
Simplicity2,WINDPOWER,888,2010,0
Simplicity2,WINDPOWER,889,2010,0
Simplicity2,WINDPOWER,890,2010,0
Simplicity2,WINDPOWER,891,2010,0
Simplicity2,WINDPOWER,892,2010,0
Simplicity2,WINDPOWER,893,2010,0
Simplicity2,WINDPOWER,894,2010,0
Simplicity2,WINDPOWER,895,2010,0
Simplicity2,WINDPOWER,896,2010,0.085953778
Simplicity2,WINDPOWER,897,2010,0.233607842
Simplicity2,WINDPOWER,898,2010,0.341380893
Simplicity2,WINDPOWER,899,2010,0.568438767
Simplicity2,WINDPOWER,900,2010,0.547389243
Simplicity2,WINDPOWER,901,2010,0.378671048
Simplicity2,WINDPOWER,902,2010,0.45284734
Simplicity2,WINDPOWER,903,2010,0.336096149
Simplicity2,WINDPOWER,904,2010,0.230131366
Simplicity2,WINDPOWER,905,2010,0.100259591
Simplicity2,WINDPOWER,906,2010,0
Simplicity2,WINDPOWER,907,2010,0
Simplicity2,WINDPOWER,908,2010,0
Simplicity2,WINDPOWER,909,2010,0
Simplicity2,WINDPOWER,910,2010,0
Simplicity2,WINDPOWER,911,2010,0
Simplicity2,WINDPOWER,912,2010,0
Simplicity2,WINDPOWER,913,2010,0
Simplicity2,WINDPOWER,914,2010,0
Simplicity2,WINDPOWER,915,2010,0
Simplicity2,WINDPOWER,916,2010,0
Simplicity2,WINDPOWER,917,2010,0
Simplicity2,WINDPOWER,918,2010,0
Simplicity2,WINDPOWER,919,2010,0
Simplicity2,WINDPOWER,920,2010,0.063036305
Simplicity2,WINDPOWER,921,2010,0.128341253
Simplicity2,WINDPOWER,922,2010,0.217228385
Simplicity2,WINDPOWER,923,2010,0.334392988
Simplicity2,WINDPOWER,924,2010,0.24411576
Simplicity2,WINDPOWER,925,2010,0.253162409
Simplicity2,WINDPOWER,926,2010,0.330858124
Simplicity2,WINDPOWER,927,2010,0.245337334
Simplicity2,WINDPOWER,928,2010,0.16915481
Simplicity2,WINDPOWER,929,2010,0.068780976
Simplicity2,WINDPOWER,930,2010,0
Simplicity2,WINDPOWER,931,2010,0
Simplicity2,WINDPOWER,932,2010,0
Simplicity2,WINDPOWER,933,2010,0
Simplicity2,WINDPOWER,934,2010,0
Simplicity2,WINDPOWER,935,2010,0
Simplicity2,WINDPOWER,936,2010,0
Simplicity2,WINDPOWER,937,2010,0
Simplicity2,WINDPOWER,938,2010,0
Simplicity2,WINDPOWER,939,2010,0
Simplicity2,WINDPOWER,940,2010,0
Simplicity2,WINDPOWER,941,2010,0
Simplicity2,WINDPOWER,942,2010,0
Simplicity2,WINDPOWER,943,2010,0
Simplicity2,WINDPOWER,944,2010,0.165805355
Simplicity2,WINDPOWER,945,2010,0.397829859
Simplicity2,WINDPOWER,946,2010,0.619178807
Simplicity2,WINDPOWER,947,2010,0.763509283
Simplicity2,WINDPOWER,948,2010,0.830583207
Simplicity2,WINDPOWER,949,2010,0.826060028
Simplicity2,WINDPOWER,950,2010,0.744497943
Simplicity2,WINDPOWER,951,2010,0.587781833
Simplicity2,WINDPOWER,952,2010,0.38322163
Simplicity2,WINDPOWER,953,2010,0.171766484
Simplicity2,WINDPOWER,954,2010,0
Simplicity2,WINDPOWER,955,2010,0
Simplicity2,WINDPOWER,956,2010,0
Simplicity2,WINDPOWER,957,2010,0
Simplicity2,WINDPOWER,958,2010,0
Simplicity2,WINDPOWER,959,2010,0
Simplicity2,WINDPOWER,960,2010,0
Simplicity2,WINDPOWER,961,2010,0
Simplicity2,WINDPOWER,962,2010,0
Simplicity2,WINDPOWER,963,2010,0
Simplicity2,WINDPOWER,964,2010,0
Simplicity2,WINDPOWER,965,2010,0
Simplicity2,WINDPOWER,966,2010,0
Simplicity2,WINDPOWER,967,2010,0
Simplicity2,WINDPOWER,968,2010,0.094963272
Simplicity2,WINDPOWER,969,2010,0.278814121
Simplicity2,WINDPOWER,970,2010,0.533374517
Simplicity2,WINDPOWER,971,2010,0.685575426
Simplicity2,WINDPOWER,972,2010,0.720801572
Simplicity2,WINDPOWER,973,2010,0.646224549
Simplicity2,WINDPOWER,974,2010,0.571345724
Simplicity2,WINDPOWER,975,2010,0.447175944
Simplicity2,WINDPOWER,976,2010,0.268870219
Simplicity2,WINDPOWER,977,2010,0.101589548
Simplicity2,WINDPOWER,978,2010,0
Simplicity2,WINDPOWER,979,2010,0
Simplicity2,WINDPOWER,980,2010,0
Simplicity2,WINDPOWER,981,2010,0
Simplicity2,WINDPOWER,982,2010,0
Simplicity2,WINDPOWER,983,2010,0
Simplicity2,WINDPOWER,984,2010,0
Simplicity2,WINDPOWER,985,2010,0
Simplicity2,WINDPOWER,986,2010,0
Simplicity2,WINDPOWER,987,2010,0
Simplicity2,WINDPOWER,988,2010,0
Simplicity2,WINDPOWER,989,2010,0
Simplicity2,WINDPOWER,990,2010,0
Simplicity2,WINDPOWER,991,2010,0
Simplicity2,WINDPOWER,992,2010,0.135199156
Simplicity2,WINDPOWER,993,2010,0.358588589
Simplicity2,WINDPOWER,994,2010,0.597539512
Simplicity2,WINDPOWER,995,2010,0.701171028
Simplicity2,WINDPOWER,996,2010,0.782125548
Simplicity2,WINDPOWER,997,2010,0.844478749
Simplicity2,WINDPOWER,998,2010,0.775561742
Simplicity2,WINDPOWER,999,2010,0.619848322
Simplicity2,WINDPOWER,1000,2010,0.340970373
Simplicity2,WINDPOWER,1001,2010,0.184854637
Simplicity2,WINDPOWER,1002,2010,0
Simplicity2,WINDPOWER,1003,2010,0
Simplicity2,WINDPOWER,1004,2010,0
Simplicity2,WINDPOWER,1005,2010,0
Simplicity2,WINDPOWER,1006,2010,0
Simplicity2,WINDPOWER,1007,2010,0
Simplicity2,WINDPOWER,1008,2010,0
Simplicity2,WINDPOWER,1009,2010,0
Simplicity2,WINDPOWER,1010,2010,0
Simplicity2,WINDPOWER,1011,2010,0
Simplicity2,WINDPOWER,1012,2010,0
Simplicity2,WINDPOWER,1013,2010,0
Simplicity2,WINDPOWER,1014,2010,0
Simplicity2,WINDPOWER,1015,2010,0
Simplicity2,WINDPOWER,1016,2010,0.197283563
Simplicity2,WINDPOWER,1017,2010,0.445505678
Simplicity2,WINDPOWER,1018,2010,0.66203637
Simplicity2,WINDPOWER,1019,2010,0.811115924
Simplicity2,WINDPOWER,1020,2010,0.884927272
Simplicity2,WINDPOWER,1021,2010,0.879183396
Simplicity2,WINDPOWER,1022,2010,0.800564191
Simplicity2,WINDPOWER,1023,2010,0.650529894
Simplicity2,WINDPOWER,1024,2010,0.42938526
Simplicity2,WINDPOWER,1025,2010,0.184840789
Simplicity2,WINDPOWER,1026,2010,0
Simplicity2,WINDPOWER,1027,2010,0
Simplicity2,WINDPOWER,1028,2010,0
Simplicity2,WINDPOWER,1029,2010,0
Simplicity2,WINDPOWER,1030,2010,0
Simplicity2,WINDPOWER,1031,2010,0
Simplicity2,WINDPOWER,1032,2010,0
Simplicity2,WINDPOWER,1033,2010,0
Simplicity2,WINDPOWER,1034,2010,0
Simplicity2,WINDPOWER,1035,2010,0
Simplicity2,WINDPOWER,1036,2010,0
Simplicity2,WINDPOWER,1037,2010,0
Simplicity2,WINDPOWER,1038,2010,0
Simplicity2,WINDPOWER,1039,2010,0
Simplicity2,WINDPOWER,1040,2010,0.141220772
Simplicity2,WINDPOWER,1041,2010,0.315540186
Simplicity2,WINDPOWER,1042,2010,0.483222783
Simplicity2,WINDPOWER,1043,2010,0.334799944
Simplicity2,WINDPOWER,1044,2010,0.352637854
Simplicity2,WINDPOWER,1045,2010,0.400066158
Simplicity2,WINDPOWER,1046,2010,0.376342036
Simplicity2,WINDPOWER,1047,2010,0.315430502
Simplicity2,WINDPOWER,1048,2010,0.196877415
Simplicity2,WINDPOWER,1049,2010,0.058641879
Simplicity2,WINDPOWER,1050,2010,0
Simplicity2,WINDPOWER,1051,2010,0
Simplicity2,WINDPOWER,1052,2010,0
Simplicity2,WINDPOWER,1053,2010,0
Simplicity2,WINDPOWER,1054,2010,0
Simplicity2,WINDPOWER,1055,2010,0
Simplicity2,WINDPOWER,1056,2010,0
Simplicity2,WINDPOWER,1057,2010,0
Simplicity2,WINDPOWER,1058,2010,0
Simplicity2,WINDPOWER,1059,2010,0
Simplicity2,WINDPOWER,1060,2010,0
Simplicity2,WINDPOWER,1061,2010,0
Simplicity2,WINDPOWER,1062,2010,0
Simplicity2,WINDPOWER,1063,2010,0
Simplicity2,WINDPOWER,1064,2010,0.126044593
Simplicity2,WINDPOWER,1065,2010,0.316882163
Simplicity2,WINDPOWER,1066,2010,0.472452988
Simplicity2,WINDPOWER,1067,2010,0.592365377
Simplicity2,WINDPOWER,1068,2010,0.710568545
Simplicity2,WINDPOWER,1069,2010,0.638281418
Simplicity2,WINDPOWER,1070,2010,0.553357396
Simplicity2,WINDPOWER,1071,2010,0.461498047
Simplicity2,WINDPOWER,1072,2010,0.280727771
Simplicity2,WINDPOWER,1073,2010,0.118109925
Simplicity2,WINDPOWER,1074,2010,0
Simplicity2,WINDPOWER,1075,2010,0
Simplicity2,WINDPOWER,1076,2010,0
Simplicity2,WINDPOWER,1077,2010,0
Simplicity2,WINDPOWER,1078,2010,0
Simplicity2,WINDPOWER,1079,2010,0
Simplicity2,WINDPOWER,1080,2010,0
Simplicity2,WINDPOWER,1081,2010,0
Simplicity2,WINDPOWER,1082,2010,0
Simplicity2,WINDPOWER,1083,2010,0
Simplicity2,WINDPOWER,1084,2010,0
Simplicity2,WINDPOWER,1085,2010,0
Simplicity2,WINDPOWER,1086,2010,0
Simplicity2,WINDPOWER,1087,2010,0
Simplicity2,WINDPOWER,1088,2010,0.079241151
Simplicity2,WINDPOWER,1089,2010,0.172722192
Simplicity2,WINDPOWER,1090,2010,0.304928785
Simplicity2,WINDPOWER,1091,2010,0.373845282
Simplicity2,WINDPOWER,1092,2010,0.459938356
Simplicity2,WINDPOWER,1093,2010,0.403072361
Simplicity2,WINDPOWER,1094,2010,0.372411924
Simplicity2,WINDPOWER,1095,2010,0.31530381
Simplicity2,WINDPOWER,1096,2010,0.265746378
Simplicity2,WINDPOWER,1097,2010,0.094184117
Simplicity2,WINDPOWER,1098,2010,0
Simplicity2,WINDPOWER,1099,2010,0
Simplicity2,WINDPOWER,1100,2010,0
Simplicity2,WINDPOWER,1101,2010,0
Simplicity2,WINDPOWER,1102,2010,0
Simplicity2,WINDPOWER,1103,2010,0
Simplicity2,WINDPOWER,1104,2010,0
Simplicity2,WINDPOWER,1105,2010,0
Simplicity2,WINDPOWER,1106,2010,0
Simplicity2,WINDPOWER,1107,2010,0
Simplicity2,WINDPOWER,1108,2010,0
Simplicity2,WINDPOWER,1109,2010,0
Simplicity2,WINDPOWER,1110,2010,0
Simplicity2,WINDPOWER,1111,2010,0
Simplicity2,WINDPOWER,1112,2010,0.165424399
Simplicity2,WINDPOWER,1113,2010,0.364829313
Simplicity2,WINDPOWER,1114,2010,0.547545176
Simplicity2,WINDPOWER,1115,2010,0.689274446
Simplicity2,WINDPOWER,1116,2010,0.580666089
Simplicity2,WINDPOWER,1117,2010,0.533118034
Simplicity2,WINDPOWER,1118,2010,0.36601673
Simplicity2,WINDPOWER,1119,2010,0.267705969
Simplicity2,WINDPOWER,1120,2010,0.191853365
Simplicity2,WINDPOWER,1121,2010,0.057275468
Simplicity2,WINDPOWER,1122,2010,0
Simplicity2,WINDPOWER,1123,2010,0
Simplicity2,WINDPOWER,1124,2010,0
Simplicity2,WINDPOWER,1125,2010,0
Simplicity2,WINDPOWER,1126,2010,0
Simplicity2,WINDPOWER,1127,2010,0
Simplicity2,WINDPOWER,1128,2010,0
Simplicity2,WINDPOWER,1129,2010,0
Simplicity2,WINDPOWER,1130,2010,0
Simplicity2,WINDPOWER,1131,2010,0
Simplicity2,WINDPOWER,1132,2010,0
Simplicity2,WINDPOWER,1133,2010,0
Simplicity2,WINDPOWER,1134,2010,0
Simplicity2,WINDPOWER,1135,2010,0
Simplicity2,WINDPOWER,1136,2010,0.089269526
Simplicity2,WINDPOWER,1137,2010,0.201993654
Simplicity2,WINDPOWER,1138,2010,0.337653315
Simplicity2,WINDPOWER,1139,2010,0.58508941
Simplicity2,WINDPOWER,1140,2010,0.623833111
Simplicity2,WINDPOWER,1141,2010,0.462870064
Simplicity2,WINDPOWER,1142,2010,0.416506131
Simplicity2,WINDPOWER,1143,2010,0.327963325
Simplicity2,WINDPOWER,1144,2010,0.219750156
Simplicity2,WINDPOWER,1145,2010,0.121156939
Simplicity2,WINDPOWER,1146,2010,0
Simplicity2,WINDPOWER,1147,2010,0
Simplicity2,WINDPOWER,1148,2010,0
Simplicity2,WINDPOWER,1149,2010,0
Simplicity2,WINDPOWER,1150,2010,0
Simplicity2,WINDPOWER,1151,2010,0
Simplicity2,WINDPOWER,1152,2010,0
Simplicity2,WINDPOWER,1153,2010,0
Simplicity2,WINDPOWER,1154,2010,0
Simplicity2,WINDPOWER,1155,2010,0
Simplicity2,WINDPOWER,1156,2010,0
Simplicity2,WINDPOWER,1157,2010,0
Simplicity2,WINDPOWER,1158,2010,0
Simplicity2,WINDPOWER,1159,2010,0
Simplicity2,WINDPOWER,1160,2010,0.136049133
Simplicity2,WINDPOWER,1161,2010,0.325441638
Simplicity2,WINDPOWER,1162,2010,0.580298907
Simplicity2,WINDPOWER,1163,2010,0.744857073
Simplicity2,WINDPOWER,1164,2010,0.707615757
Simplicity2,WINDPOWER,1165,2010,0.605884078
Simplicity2,WINDPOWER,1166,2010,0.52461426
Simplicity2,WINDPOWER,1167,2010,0.446362037
Simplicity2,WINDPOWER,1168,2010,0.164633387
Simplicity2,WINDPOWER,1169,2010,0.037740152
Simplicity2,WINDPOWER,1170,2010,0
Simplicity2,WINDPOWER,1171,2010,0
Simplicity2,WINDPOWER,1172,2010,0
Simplicity2,WINDPOWER,1173,2010,0
Simplicity2,WINDPOWER,1174,2010,0
Simplicity2,WINDPOWER,1175,2010,0
Simplicity2,WINDPOWER,1176,2010,0
Simplicity2,WINDPOWER,1177,2010,0
Simplicity2,WINDPOWER,1178,2010,0
Simplicity2,WINDPOWER,1179,2010,0
Simplicity2,WINDPOWER,1180,2010,0
Simplicity2,WINDPOWER,1181,2010,0
Simplicity2,WINDPOWER,1182,2010,0
Simplicity2,WINDPOWER,1183,2010,0
Simplicity2,WINDPOWER,1184,2010,0.142980621
Simplicity2,WINDPOWER,1185,2010,0.268605524
Simplicity2,WINDPOWER,1186,2010,0.360690031
Simplicity2,WINDPOWER,1187,2010,0.625147438
Simplicity2,WINDPOWER,1188,2010,0.661141433
Simplicity2,WINDPOWER,1189,2010,0.67691427
Simplicity2,WINDPOWER,1190,2010,0.587176698
Simplicity2,WINDPOWER,1191,2010,0.427330582
Simplicity2,WINDPOWER,1192,2010,0.28327759
Simplicity2,WINDPOWER,1193,2010,0.165117967
Simplicity2,WINDPOWER,1194,2010,0
Simplicity2,WINDPOWER,1195,2010,0
Simplicity2,WINDPOWER,1196,2010,0
Simplicity2,WINDPOWER,1197,2010,0
Simplicity2,WINDPOWER,1198,2010,0
Simplicity2,WINDPOWER,1199,2010,0
Simplicity2,WINDPOWER,1200,2010,0
Simplicity2,WINDPOWER,1201,2010,0
Simplicity2,WINDPOWER,1202,2010,0
Simplicity2,WINDPOWER,1203,2010,0
Simplicity2,WINDPOWER,1204,2010,0
Simplicity2,WINDPOWER,1205,2010,0
Simplicity2,WINDPOWER,1206,2010,0
Simplicity2,WINDPOWER,1207,2010,0
Simplicity2,WINDPOWER,1208,2010,0.082132292
Simplicity2,WINDPOWER,1209,2010,0.202881986
Simplicity2,WINDPOWER,1210,2010,0.460671405
Simplicity2,WINDPOWER,1211,2010,0.661998459
Simplicity2,WINDPOWER,1212,2010,0.710753081
Simplicity2,WINDPOWER,1213,2010,0.734622855
Simplicity2,WINDPOWER,1214,2010,0.678891173
Simplicity2,WINDPOWER,1215,2010,0.508442204
Simplicity2,WINDPOWER,1216,2010,0.34868263
Simplicity2,WINDPOWER,1217,2010,0.14288637
Simplicity2,WINDPOWER,1218,2010,0
Simplicity2,WINDPOWER,1219,2010,0
Simplicity2,WINDPOWER,1220,2010,0
Simplicity2,WINDPOWER,1221,2010,0
Simplicity2,WINDPOWER,1222,2010,0
Simplicity2,WINDPOWER,1223,2010,0
Simplicity2,WINDPOWER,1224,2010,0
Simplicity2,WINDPOWER,1225,2010,0
Simplicity2,WINDPOWER,1226,2010,0
Simplicity2,WINDPOWER,1227,2010,0
Simplicity2,WINDPOWER,1228,2010,0
Simplicity2,WINDPOWER,1229,2010,0
Simplicity2,WINDPOWER,1230,2010,0
Simplicity2,WINDPOWER,1231,2010,0
Simplicity2,WINDPOWER,1232,2010,0.041953671
Simplicity2,WINDPOWER,1233,2010,0.111016298
Simplicity2,WINDPOWER,1234,2010,0.173312381
Simplicity2,WINDPOWER,1235,2010,0.205399901
Simplicity2,WINDPOWER,1236,2010,0.252563918
Simplicity2,WINDPOWER,1237,2010,0.245224213
Simplicity2,WINDPOWER,1238,2010,0.310760696
Simplicity2,WINDPOWER,1239,2010,0.270396557
Simplicity2,WINDPOWER,1240,2010,0.127899022
Simplicity2,WINDPOWER,1241,2010,0.084530363
Simplicity2,WINDPOWER,1242,2010,0
Simplicity2,WINDPOWER,1243,2010,0
Simplicity2,WINDPOWER,1244,2010,0
Simplicity2,WINDPOWER,1245,2010,0
Simplicity2,WINDPOWER,1246,2010,0
Simplicity2,WINDPOWER,1247,2010,0
Simplicity2,WINDPOWER,1248,2010,0
Simplicity2,WINDPOWER,1249,2010,0
Simplicity2,WINDPOWER,1250,2010,0
Simplicity2,WINDPOWER,1251,2010,0
Simplicity2,WINDPOWER,1252,2010,0
Simplicity2,WINDPOWER,1253,2010,0
Simplicity2,WINDPOWER,1254,2010,0
Simplicity2,WINDPOWER,1255,2010,0
Simplicity2,WINDPOWER,1256,2010,0.102094156
Simplicity2,WINDPOWER,1257,2010,0.275133201
Simplicity2,WINDPOWER,1258,2010,0.468997228
Simplicity2,WINDPOWER,1259,2010,0.4657775
Simplicity2,WINDPOWER,1260,2010,0.321880009
Simplicity2,WINDPOWER,1261,2010,0.290229534
Simplicity2,WINDPOWER,1262,2010,0.187026369
Simplicity2,WINDPOWER,1263,2010,0.206671519
Simplicity2,WINDPOWER,1264,2010,0.181669712
Simplicity2,WINDPOWER,1265,2010,0.100960237
Simplicity2,WINDPOWER,1266,2010,0
Simplicity2,WINDPOWER,1267,2010,0
Simplicity2,WINDPOWER,1268,2010,0
Simplicity2,WINDPOWER,1269,2010,0
Simplicity2,WINDPOWER,1270,2010,0
Simplicity2,WINDPOWER,1271,2010,0
Simplicity2,WINDPOWER,1272,2010,0
Simplicity2,WINDPOWER,1273,2010,0
Simplicity2,WINDPOWER,1274,2010,0
Simplicity2,WINDPOWER,1275,2010,0
Simplicity2,WINDPOWER,1276,2010,0
Simplicity2,WINDPOWER,1277,2010,0
Simplicity2,WINDPOWER,1278,2010,0
Simplicity2,WINDPOWER,1279,2010,0
Simplicity2,WINDPOWER,1280,2010,0.079845488
Simplicity2,WINDPOWER,1281,2010,0.28885978
Simplicity2,WINDPOWER,1282,2010,0.52298505
Simplicity2,WINDPOWER,1283,2010,0.640188325
Simplicity2,WINDPOWER,1284,2010,0.639745876
Simplicity2,WINDPOWER,1285,2010,0.695714026
Simplicity2,WINDPOWER,1286,2010,0.609628986
Simplicity2,WINDPOWER,1287,2010,0.357441755
Simplicity2,WINDPOWER,1288,2010,0.207373132
Simplicity2,WINDPOWER,1289,2010,0.086989184
Simplicity2,WINDPOWER,1290,2010,0
Simplicity2,WINDPOWER,1291,2010,0
Simplicity2,WINDPOWER,1292,2010,0
Simplicity2,WINDPOWER,1293,2010,0
Simplicity2,WINDPOWER,1294,2010,0
Simplicity2,WINDPOWER,1295,2010,0
Simplicity2,WINDPOWER,1296,2010,0
Simplicity2,WINDPOWER,1297,2010,0
Simplicity2,WINDPOWER,1298,2010,0
Simplicity2,WINDPOWER,1299,2010,0
Simplicity2,WINDPOWER,1300,2010,0
Simplicity2,WINDPOWER,1301,2010,0
Simplicity2,WINDPOWER,1302,2010,0
Simplicity2,WINDPOWER,1303,2010,0
Simplicity2,WINDPOWER,1304,2010,0.243450693
Simplicity2,WINDPOWER,1305,2010,0.463508534
Simplicity2,WINDPOWER,1306,2010,0.698507228
Simplicity2,WINDPOWER,1307,2010,0.813774986
Simplicity2,WINDPOWER,1308,2010,0.855776649
Simplicity2,WINDPOWER,1309,2010,0.8627404
Simplicity2,WINDPOWER,1310,2010,0.792829078
Simplicity2,WINDPOWER,1311,2010,0.66530828
Simplicity2,WINDPOWER,1312,2010,0.467574272
Simplicity2,WINDPOWER,1313,2010,0.214403265
Simplicity2,WINDPOWER,1314,2010,0
Simplicity2,WINDPOWER,1315,2010,0
Simplicity2,WINDPOWER,1316,2010,0
Simplicity2,WINDPOWER,1317,2010,0
Simplicity2,WINDPOWER,1318,2010,0
Simplicity2,WINDPOWER,1319,2010,0
Simplicity2,WINDPOWER,1320,2010,0
Simplicity2,WINDPOWER,1321,2010,0
Simplicity2,WINDPOWER,1322,2010,0
Simplicity2,WINDPOWER,1323,2010,0
Simplicity2,WINDPOWER,1324,2010,0
Simplicity2,WINDPOWER,1325,2010,0
Simplicity2,WINDPOWER,1326,2010,0
Simplicity2,WINDPOWER,1327,2010,0
Simplicity2,WINDPOWER,1328,2010,0.038519894
Simplicity2,WINDPOWER,1329,2010,0.128548703
Simplicity2,WINDPOWER,1330,2010,0.216912462
Simplicity2,WINDPOWER,1331,2010,0.295719087
Simplicity2,WINDPOWER,1332,2010,0.401253497
Simplicity2,WINDPOWER,1333,2010,0.403741008
Simplicity2,WINDPOWER,1334,2010,0.425518005
Simplicity2,WINDPOWER,1335,2010,0.424281299
Simplicity2,WINDPOWER,1336,2010,0.302833747
Simplicity2,WINDPOWER,1337,2010,0.130808714
Simplicity2,WINDPOWER,1338,2010,0
Simplicity2,WINDPOWER,1339,2010,0
Simplicity2,WINDPOWER,1340,2010,0
Simplicity2,WINDPOWER,1341,2010,0
Simplicity2,WINDPOWER,1342,2010,0
Simplicity2,WINDPOWER,1343,2010,0
Simplicity2,WINDPOWER,1344,2010,0
Simplicity2,WINDPOWER,1345,2010,0
Simplicity2,WINDPOWER,1346,2010,0
Simplicity2,WINDPOWER,1347,2010,0
Simplicity2,WINDPOWER,1348,2010,0
Simplicity2,WINDPOWER,1349,2010,0
Simplicity2,WINDPOWER,1350,2010,0
Simplicity2,WINDPOWER,1351,2010,0
Simplicity2,WINDPOWER,1352,2010,0.073952009
Simplicity2,WINDPOWER,1353,2010,0.167561093
Simplicity2,WINDPOWER,1354,2010,0.294312545
Simplicity2,WINDPOWER,1355,2010,0.411969762
Simplicity2,WINDPOWER,1356,2010,0.49421041
Simplicity2,WINDPOWER,1357,2010,0.531026798
Simplicity2,WINDPOWER,1358,2010,0.484811967
Simplicity2,WINDPOWER,1359,2010,0.479406898
Simplicity2,WINDPOWER,1360,2010,0.313504847
Simplicity2,WINDPOWER,1361,2010,0.107917361
Simplicity2,WINDPOWER,1362,2010,0
Simplicity2,WINDPOWER,1363,2010,0
Simplicity2,WINDPOWER,1364,2010,0
Simplicity2,WINDPOWER,1365,2010,0
Simplicity2,WINDPOWER,1366,2010,0
Simplicity2,WINDPOWER,1367,2010,0
Simplicity2,WINDPOWER,1368,2010,0
Simplicity2,WINDPOWER,1369,2010,0
Simplicity2,WINDPOWER,1370,2010,0
Simplicity2,WINDPOWER,1371,2010,0
Simplicity2,WINDPOWER,1372,2010,0
Simplicity2,WINDPOWER,1373,2010,0
Simplicity2,WINDPOWER,1374,2010,0
Simplicity2,WINDPOWER,1375,2010,0
Simplicity2,WINDPOWER,1376,2010,0.18803858
Simplicity2,WINDPOWER,1377,2010,0.409938431
Simplicity2,WINDPOWER,1378,2010,0.589651265
Simplicity2,WINDPOWER,1379,2010,0.771931674
Simplicity2,WINDPOWER,1380,2010,0.72383888
Simplicity2,WINDPOWER,1381,2010,0.756945916
Simplicity2,WINDPOWER,1382,2010,0.626695028
Simplicity2,WINDPOWER,1383,2010,0.526645375
Simplicity2,WINDPOWER,1384,2010,0.430545025
Simplicity2,WINDPOWER,1385,2010,0.201528232
Simplicity2,WINDPOWER,1386,2010,0
Simplicity2,WINDPOWER,1387,2010,0
Simplicity2,WINDPOWER,1388,2010,0
Simplicity2,WINDPOWER,1389,2010,0
Simplicity2,WINDPOWER,1390,2010,0
Simplicity2,WINDPOWER,1391,2010,0
Simplicity2,WINDPOWER,1392,2010,0
Simplicity2,WINDPOWER,1393,2010,0
Simplicity2,WINDPOWER,1394,2010,0
Simplicity2,WINDPOWER,1395,2010,0
Simplicity2,WINDPOWER,1396,2010,0
Simplicity2,WINDPOWER,1397,2010,0
Simplicity2,WINDPOWER,1398,2010,0
Simplicity2,WINDPOWER,1399,2010,0
Simplicity2,WINDPOWER,1400,2010,0.124045246
Simplicity2,WINDPOWER,1401,2010,0.25506933
Simplicity2,WINDPOWER,1402,2010,0.397936468
Simplicity2,WINDPOWER,1403,2010,0.554194288
Simplicity2,WINDPOWER,1404,2010,0.521876827
Simplicity2,WINDPOWER,1405,2010,0.558384732
Simplicity2,WINDPOWER,1406,2010,0.551652884
Simplicity2,WINDPOWER,1407,2010,0.468193633
Simplicity2,WINDPOWER,1408,2010,0.328745017
Simplicity2,WINDPOWER,1409,2010,0.183564765
Simplicity2,WINDPOWER,1410,2010,0
Simplicity2,WINDPOWER,1411,2010,0
Simplicity2,WINDPOWER,1412,2010,0
Simplicity2,WINDPOWER,1413,2010,0
Simplicity2,WINDPOWER,1414,2010,0
Simplicity2,WINDPOWER,1415,2010,0
Simplicity2,WINDPOWER,1416,2010,0
Simplicity2,WINDPOWER,1417,2010,0
Simplicity2,WINDPOWER,1418,2010,0
Simplicity2,WINDPOWER,1419,2010,0
Simplicity2,WINDPOWER,1420,2010,0
Simplicity2,WINDPOWER,1421,2010,0
Simplicity2,WINDPOWER,1422,2010,0
Simplicity2,WINDPOWER,1423,2010,0
Simplicity2,WINDPOWER,1424,2010,0.123057982
Simplicity2,WINDPOWER,1425,2010,0.226579464
Simplicity2,WINDPOWER,1426,2010,0.429924627
Simplicity2,WINDPOWER,1427,2010,0.492598495
Simplicity2,WINDPOWER,1428,2010,0.513100042
Simplicity2,WINDPOWER,1429,2010,0.587973221
Simplicity2,WINDPOWER,1430,2010,0.477722173
Simplicity2,WINDPOWER,1431,2010,0.373813572
Simplicity2,WINDPOWER,1432,2010,0.232366509
Simplicity2,WINDPOWER,1433,2010,0.114139078
Simplicity2,WINDPOWER,1434,2010,0
Simplicity2,WINDPOWER,1435,2010,0
Simplicity2,WINDPOWER,1436,2010,0
Simplicity2,WINDPOWER,1437,2010,0
Simplicity2,WINDPOWER,1438,2010,0
Simplicity2,WINDPOWER,1439,2010,0
Simplicity2,WINDPOWER,1440,2010,0
Simplicity2,WINDPOWER,1441,2010,0
Simplicity2,WINDPOWER,1442,2010,0
Simplicity2,WINDPOWER,1443,2010,0
Simplicity2,WINDPOWER,1444,2010,0
Simplicity2,WINDPOWER,1445,2010,0
Simplicity2,WINDPOWER,1446,2010,0
Simplicity2,WINDPOWER,1447,2010,0
Simplicity2,WINDPOWER,1448,2010,0.150301168
Simplicity2,WINDPOWER,1449,2010,0.337676709
Simplicity2,WINDPOWER,1450,2010,0.574012656
Simplicity2,WINDPOWER,1451,2010,0.589072923
Simplicity2,WINDPOWER,1452,2010,0.713497785
Simplicity2,WINDPOWER,1453,2010,0.746343788
Simplicity2,WINDPOWER,1454,2010,0.561353846
Simplicity2,WINDPOWER,1455,2010,0.429457278
Simplicity2,WINDPOWER,1456,2010,0.270618708
Simplicity2,WINDPOWER,1457,2010,0.184621252
Simplicity2,WINDPOWER,1458,2010,0
Simplicity2,WINDPOWER,1459,2010,0
Simplicity2,WINDPOWER,1460,2010,0
Simplicity2,WINDPOWER,1461,2010,0
Simplicity2,WINDPOWER,1462,2010,0
Simplicity2,WINDPOWER,1463,2010,0
Simplicity2,WINDPOWER,1464,2010,0
Simplicity2,WINDPOWER,1465,2010,0
Simplicity2,WINDPOWER,1466,2010,0
Simplicity2,WINDPOWER,1467,2010,0
Simplicity2,WINDPOWER,1468,2010,0
Simplicity2,WINDPOWER,1469,2010,0
Simplicity2,WINDPOWER,1470,2010,0
Simplicity2,WINDPOWER,1471,2010,0
Simplicity2,WINDPOWER,1472,2010,0.242298914
Simplicity2,WINDPOWER,1473,2010,0.480448043
Simplicity2,WINDPOWER,1474,2010,0.687932413
Simplicity2,WINDPOWER,1475,2010,0.755100901
Simplicity2,WINDPOWER,1476,2010,0.694172038
Simplicity2,WINDPOWER,1477,2010,0.740925068
Simplicity2,WINDPOWER,1478,2010,0.611813218
Simplicity2,WINDPOWER,1479,2010,0.530060695
Simplicity2,WINDPOWER,1480,2010,0.468078311
Simplicity2,WINDPOWER,1481,2010,0.220940412
Simplicity2,WINDPOWER,1482,2010,0
Simplicity2,WINDPOWER,1483,2010,0
Simplicity2,WINDPOWER,1484,2010,0
Simplicity2,WINDPOWER,1485,2010,0
Simplicity2,WINDPOWER,1486,2010,0
Simplicity2,WINDPOWER,1487,2010,0
Simplicity2,WINDPOWER,1488,2010,0
Simplicity2,WINDPOWER,1489,2010,0
Simplicity2,WINDPOWER,1490,2010,0
Simplicity2,WINDPOWER,1491,2010,0
Simplicity2,WINDPOWER,1492,2010,0
Simplicity2,WINDPOWER,1493,2010,0
Simplicity2,WINDPOWER,1494,2010,0
Simplicity2,WINDPOWER,1495,2010,0
Simplicity2,WINDPOWER,1496,2010,0.264556799
Simplicity2,WINDPOWER,1497,2010,0.504584771
Simplicity2,WINDPOWER,1498,2010,0.701470974
Simplicity2,WINDPOWER,1499,2010,0.81626165
Simplicity2,WINDPOWER,1500,2010,0.848302725
Simplicity2,WINDPOWER,1501,2010,0.81276443
Simplicity2,WINDPOWER,1502,2010,0.759449986
Simplicity2,WINDPOWER,1503,2010,0.620785339
Simplicity2,WINDPOWER,1504,2010,0.440405184
Simplicity2,WINDPOWER,1505,2010,0.219367203
Simplicity2,WINDPOWER,1506,2010,0
Simplicity2,WINDPOWER,1507,2010,0
Simplicity2,WINDPOWER,1508,2010,0
Simplicity2,WINDPOWER,1509,2010,0
Simplicity2,WINDPOWER,1510,2010,0
Simplicity2,WINDPOWER,1511,2010,0
Simplicity2,WINDPOWER,1512,2010,0
Simplicity2,WINDPOWER,1513,2010,0
Simplicity2,WINDPOWER,1514,2010,0
Simplicity2,WINDPOWER,1515,2010,0
Simplicity2,WINDPOWER,1516,2010,0
Simplicity2,WINDPOWER,1517,2010,0
Simplicity2,WINDPOWER,1518,2010,0
Simplicity2,WINDPOWER,1519,2010,0.0888327
Simplicity2,WINDPOWER,1520,2010,0.229177262
Simplicity2,WINDPOWER,1521,2010,0.417072351
Simplicity2,WINDPOWER,1522,2010,0.601442182
Simplicity2,WINDPOWER,1523,2010,0.74514626
Simplicity2,WINDPOWER,1524,2010,0.829330366
Simplicity2,WINDPOWER,1525,2010,0.836275007
Simplicity2,WINDPOWER,1526,2010,0.774806768
Simplicity2,WINDPOWER,1527,2010,0.637648291
Simplicity2,WINDPOWER,1528,2010,0.375455305
Simplicity2,WINDPOWER,1529,2010,0.158113149
Simplicity2,WINDPOWER,1530,2010,0
Simplicity2,WINDPOWER,1531,2010,0
Simplicity2,WINDPOWER,1532,2010,0
Simplicity2,WINDPOWER,1533,2010,0
Simplicity2,WINDPOWER,1534,2010,0
Simplicity2,WINDPOWER,1535,2010,0
Simplicity2,WINDPOWER,1536,2010,0
Simplicity2,WINDPOWER,1537,2010,0
Simplicity2,WINDPOWER,1538,2010,0
Simplicity2,WINDPOWER,1539,2010,0
Simplicity2,WINDPOWER,1540,2010,0
Simplicity2,WINDPOWER,1541,2010,0
Simplicity2,WINDPOWER,1542,2010,0
Simplicity2,WINDPOWER,1543,2010,0.007463559
Simplicity2,WINDPOWER,1544,2010,0.060633888
Simplicity2,WINDPOWER,1545,2010,0.189409236
Simplicity2,WINDPOWER,1546,2010,0.259057593
Simplicity2,WINDPOWER,1547,2010,0.436041386
Simplicity2,WINDPOWER,1548,2010,0.48894323
Simplicity2,WINDPOWER,1549,2010,0.400660599
Simplicity2,WINDPOWER,1550,2010,0.602157923
Simplicity2,WINDPOWER,1551,2010,0.580312602
Simplicity2,WINDPOWER,1552,2010,0.398103917
Simplicity2,WINDPOWER,1553,2010,0.200754863
Simplicity2,WINDPOWER,1554,2010,0
Simplicity2,WINDPOWER,1555,2010,0
Simplicity2,WINDPOWER,1556,2010,0
Simplicity2,WINDPOWER,1557,2010,0
Simplicity2,WINDPOWER,1558,2010,0
Simplicity2,WINDPOWER,1559,2010,0
Simplicity2,WINDPOWER,1560,2010,0
Simplicity2,WINDPOWER,1561,2010,0
Simplicity2,WINDPOWER,1562,2010,0
Simplicity2,WINDPOWER,1563,2010,0
Simplicity2,WINDPOWER,1564,2010,0
Simplicity2,WINDPOWER,1565,2010,0
Simplicity2,WINDPOWER,1566,2010,0
Simplicity2,WINDPOWER,1567,2010,0.030302907
Simplicity2,WINDPOWER,1568,2010,0.144800476
Simplicity2,WINDPOWER,1569,2010,0.260259635
Simplicity2,WINDPOWER,1570,2010,0.370995111
Simplicity2,WINDPOWER,1571,2010,0.411160543
Simplicity2,WINDPOWER,1572,2010,0.489795104
Simplicity2,WINDPOWER,1573,2010,0.438851209
Simplicity2,WINDPOWER,1574,2010,0.442046374
Simplicity2,WINDPOWER,1575,2010,0.306296016
Simplicity2,WINDPOWER,1576,2010,0.222120678
Simplicity2,WINDPOWER,1577,2010,0.128577276
Simplicity2,WINDPOWER,1578,2010,0
Simplicity2,WINDPOWER,1579,2010,0
Simplicity2,WINDPOWER,1580,2010,0
Simplicity2,WINDPOWER,1581,2010,0
Simplicity2,WINDPOWER,1582,2010,0
Simplicity2,WINDPOWER,1583,2010,0
Simplicity2,WINDPOWER,1584,2010,0
Simplicity2,WINDPOWER,1585,2010,0
Simplicity2,WINDPOWER,1586,2010,0
Simplicity2,WINDPOWER,1587,2010,0
Simplicity2,WINDPOWER,1588,2010,0
Simplicity2,WINDPOWER,1589,2010,0
Simplicity2,WINDPOWER,1590,2010,0
Simplicity2,WINDPOWER,1591,2010,0.065220119
Simplicity2,WINDPOWER,1592,2010,0.215118603
Simplicity2,WINDPOWER,1593,2010,0.423983394
Simplicity2,WINDPOWER,1594,2010,0.669067493
Simplicity2,WINDPOWER,1595,2010,0.78105374
Simplicity2,WINDPOWER,1596,2010,0.789293
Simplicity2,WINDPOWER,1597,2010,0.78559714
Simplicity2,WINDPOWER,1598,2010,0.663751231
Simplicity2,WINDPOWER,1599,2010,0.517840846
Simplicity2,WINDPOWER,1600,2010,0.316873434
Simplicity2,WINDPOWER,1601,2010,0.149760606
Simplicity2,WINDPOWER,1602,2010,0
Simplicity2,WINDPOWER,1603,2010,0
Simplicity2,WINDPOWER,1604,2010,0
Simplicity2,WINDPOWER,1605,2010,0
Simplicity2,WINDPOWER,1606,2010,0
Simplicity2,WINDPOWER,1607,2010,0
Simplicity2,WINDPOWER,1608,2010,0
Simplicity2,WINDPOWER,1609,2010,0
Simplicity2,WINDPOWER,1610,2010,0
Simplicity2,WINDPOWER,1611,2010,0
Simplicity2,WINDPOWER,1612,2010,0
Simplicity2,WINDPOWER,1613,2010,0
Simplicity2,WINDPOWER,1614,2010,0
Simplicity2,WINDPOWER,1615,2010,0.041107893
Simplicity2,WINDPOWER,1616,2010,0.208453527
Simplicity2,WINDPOWER,1617,2010,0.448112031
Simplicity2,WINDPOWER,1618,2010,0.633322667
Simplicity2,WINDPOWER,1619,2010,0.768770703
Simplicity2,WINDPOWER,1620,2010,0.878871853
Simplicity2,WINDPOWER,1621,2010,0.86854277
Simplicity2,WINDPOWER,1622,2010,0.769652342
Simplicity2,WINDPOWER,1623,2010,0.574547107
Simplicity2,WINDPOWER,1624,2010,0.422350774
Simplicity2,WINDPOWER,1625,2010,0.212076113
Simplicity2,WINDPOWER,1626,2010,0
Simplicity2,WINDPOWER,1627,2010,0
Simplicity2,WINDPOWER,1628,2010,0
Simplicity2,WINDPOWER,1629,2010,0
Simplicity2,WINDPOWER,1630,2010,0
Simplicity2,WINDPOWER,1631,2010,0
Simplicity2,WINDPOWER,1632,2010,0
Simplicity2,WINDPOWER,1633,2010,0
Simplicity2,WINDPOWER,1634,2010,0
Simplicity2,WINDPOWER,1635,2010,0
Simplicity2,WINDPOWER,1636,2010,0
Simplicity2,WINDPOWER,1637,2010,0
Simplicity2,WINDPOWER,1638,2010,0
Simplicity2,WINDPOWER,1639,2010,0.071697871
Simplicity2,WINDPOWER,1640,2010,0.264995817
Simplicity2,WINDPOWER,1641,2010,0.507893493
Simplicity2,WINDPOWER,1642,2010,0.593352476
Simplicity2,WINDPOWER,1643,2010,0.664679678
Simplicity2,WINDPOWER,1644,2010,0.74634455
Simplicity2,WINDPOWER,1645,2010,0.740718285
Simplicity2,WINDPOWER,1646,2010,0.624086704
Simplicity2,WINDPOWER,1647,2010,0.491506783
Simplicity2,WINDPOWER,1648,2010,0.30606141
Simplicity2,WINDPOWER,1649,2010,0.171462768
Simplicity2,WINDPOWER,1650,2010,0.041278992
Simplicity2,WINDPOWER,1651,2010,0
Simplicity2,WINDPOWER,1652,2010,0
Simplicity2,WINDPOWER,1653,2010,0
Simplicity2,WINDPOWER,1654,2010,0
Simplicity2,WINDPOWER,1655,2010,0
Simplicity2,WINDPOWER,1656,2010,0
Simplicity2,WINDPOWER,1657,2010,0
Simplicity2,WINDPOWER,1658,2010,0
Simplicity2,WINDPOWER,1659,2010,0
Simplicity2,WINDPOWER,1660,2010,0
Simplicity2,WINDPOWER,1661,2010,0
Simplicity2,WINDPOWER,1662,2010,0
Simplicity2,WINDPOWER,1663,2010,0.076397715
Simplicity2,WINDPOWER,1664,2010,0.28917088
Simplicity2,WINDPOWER,1665,2010,0.526988735
Simplicity2,WINDPOWER,1666,2010,0.712631646
Simplicity2,WINDPOWER,1667,2010,0.773352102
Simplicity2,WINDPOWER,1668,2010,0.807192875
Simplicity2,WINDPOWER,1669,2010,0.868195136
Simplicity2,WINDPOWER,1670,2010,0.824483628
Simplicity2,WINDPOWER,1671,2010,0.700064091
Simplicity2,WINDPOWER,1672,2010,0.504903237
Simplicity2,WINDPOWER,1673,2010,0.262299728
Simplicity2,WINDPOWER,1674,2010,0.066929689
Simplicity2,WINDPOWER,1675,2010,0
Simplicity2,WINDPOWER,1676,2010,0
Simplicity2,WINDPOWER,1677,2010,0
Simplicity2,WINDPOWER,1678,2010,0
Simplicity2,WINDPOWER,1679,2010,0
Simplicity2,WINDPOWER,1680,2010,0
Simplicity2,WINDPOWER,1681,2010,0
Simplicity2,WINDPOWER,1682,2010,0
Simplicity2,WINDPOWER,1683,2010,0
Simplicity2,WINDPOWER,1684,2010,0
Simplicity2,WINDPOWER,1685,2010,0
Simplicity2,WINDPOWER,1686,2010,0
Simplicity2,WINDPOWER,1687,2010,0.082944388
Simplicity2,WINDPOWER,1688,2010,0.299668997
Simplicity2,WINDPOWER,1689,2010,0.52405899
Simplicity2,WINDPOWER,1690,2010,0.698941961
Simplicity2,WINDPOWER,1691,2010,0.820058521
Simplicity2,WINDPOWER,1692,2010,0.879464044
Simplicity2,WINDPOWER,1693,2010,0.874221891
Simplicity2,WINDPOWER,1694,2010,0.807302587
Simplicity2,WINDPOWER,1695,2010,0.674910925
Simplicity2,WINDPOWER,1696,2010,0.463039177
Simplicity2,WINDPOWER,1697,2010,0.221847908
Simplicity2,WINDPOWER,1698,2010,0.039165232
Simplicity2,WINDPOWER,1699,2010,0
Simplicity2,WINDPOWER,1700,2010,0
Simplicity2,WINDPOWER,1701,2010,0
Simplicity2,WINDPOWER,1702,2010,0
Simplicity2,WINDPOWER,1703,2010,0
Simplicity2,WINDPOWER,1704,2010,0
Simplicity2,WINDPOWER,1705,2010,0
Simplicity2,WINDPOWER,1706,2010,0
Simplicity2,WINDPOWER,1707,2010,0
Simplicity2,WINDPOWER,1708,2010,0
Simplicity2,WINDPOWER,1709,2010,0
Simplicity2,WINDPOWER,1710,2010,0
Simplicity2,WINDPOWER,1711,2010,0.08863042
Simplicity2,WINDPOWER,1712,2010,0.313074004
Simplicity2,WINDPOWER,1713,2010,0.543610125
Simplicity2,WINDPOWER,1714,2010,0.722365094
Simplicity2,WINDPOWER,1715,2010,0.83560231
Simplicity2,WINDPOWER,1716,2010,0.879464665
Simplicity2,WINDPOWER,1717,2010,0.870016662
Simplicity2,WINDPOWER,1718,2010,0.803491667
Simplicity2,WINDPOWER,1719,2010,0.660885458
Simplicity2,WINDPOWER,1720,2010,0.407102854
Simplicity2,WINDPOWER,1721,2010,0.167535384
Simplicity2,WINDPOWER,1722,2010,0.029407154
Simplicity2,WINDPOWER,1723,2010,0
Simplicity2,WINDPOWER,1724,2010,0
Simplicity2,WINDPOWER,1725,2010,0
Simplicity2,WINDPOWER,1726,2010,0
Simplicity2,WINDPOWER,1727,2010,0
Simplicity2,WINDPOWER,1728,2010,0
Simplicity2,WINDPOWER,1729,2010,0
Simplicity2,WINDPOWER,1730,2010,0
Simplicity2,WINDPOWER,1731,2010,0
Simplicity2,WINDPOWER,1732,2010,0
Simplicity2,WINDPOWER,1733,2010,0
Simplicity2,WINDPOWER,1734,2010,0
Simplicity2,WINDPOWER,1735,2010,0.070958777
Simplicity2,WINDPOWER,1736,2010,0.259150192
Simplicity2,WINDPOWER,1737,2010,0.45327113
Simplicity2,WINDPOWER,1738,2010,0.625950538
Simplicity2,WINDPOWER,1739,2010,0.752699538
Simplicity2,WINDPOWER,1740,2010,0.828985066
Simplicity2,WINDPOWER,1741,2010,0.820296919
Simplicity2,WINDPOWER,1742,2010,0.708066194
Simplicity2,WINDPOWER,1743,2010,0.542534781
Simplicity2,WINDPOWER,1744,2010,0.302485692
Simplicity2,WINDPOWER,1745,2010,0.118135797
Simplicity2,WINDPOWER,1746,2010,0.019268274
Simplicity2,WINDPOWER,1747,2010,0
Simplicity2,WINDPOWER,1748,2010,0
Simplicity2,WINDPOWER,1749,2010,0
Simplicity2,WINDPOWER,1750,2010,0
Simplicity2,WINDPOWER,1751,2010,0
Simplicity2,WINDPOWER,1752,2010,0
Simplicity2,WINDPOWER,1753,2010,0
Simplicity2,WINDPOWER,1754,2010,0
Simplicity2,WINDPOWER,1755,2010,0
Simplicity2,WINDPOWER,1756,2010,0
Simplicity2,WINDPOWER,1757,2010,0
Simplicity2,WINDPOWER,1758,2010,0
Simplicity2,WINDPOWER,1759,2010,0.086097145
Simplicity2,WINDPOWER,1760,2010,0.287834374
Simplicity2,WINDPOWER,1761,2010,0.505505686
Simplicity2,WINDPOWER,1762,2010,0.639536712
Simplicity2,WINDPOWER,1763,2010,0.671858221
Simplicity2,WINDPOWER,1764,2010,0.759884546
Simplicity2,WINDPOWER,1765,2010,0.75802453
Simplicity2,WINDPOWER,1766,2010,0.615060691
Simplicity2,WINDPOWER,1767,2010,0.613821135
Simplicity2,WINDPOWER,1768,2010,0.419905482
Simplicity2,WINDPOWER,1769,2010,0.192434742
Simplicity2,WINDPOWER,1770,2010,0.046831144
Simplicity2,WINDPOWER,1771,2010,0
Simplicity2,WINDPOWER,1772,2010,0
Simplicity2,WINDPOWER,1773,2010,0
Simplicity2,WINDPOWER,1774,2010,0
Simplicity2,WINDPOWER,1775,2010,0
Simplicity2,WINDPOWER,1776,2010,0
Simplicity2,WINDPOWER,1777,2010,0
Simplicity2,WINDPOWER,1778,2010,0
Simplicity2,WINDPOWER,1779,2010,0
Simplicity2,WINDPOWER,1780,2010,0
Simplicity2,WINDPOWER,1781,2010,0
Simplicity2,WINDPOWER,1782,2010,0
Simplicity2,WINDPOWER,1783,2010,0.086836326
Simplicity2,WINDPOWER,1784,2010,0.268257209
Simplicity2,WINDPOWER,1785,2010,0.441758231
Simplicity2,WINDPOWER,1786,2010,0.631274002
Simplicity2,WINDPOWER,1787,2010,0.738021029
Simplicity2,WINDPOWER,1788,2010,0.801404981
Simplicity2,WINDPOWER,1789,2010,0.802988796
Simplicity2,WINDPOWER,1790,2010,0.795759576
Simplicity2,WINDPOWER,1791,2010,0.652599951
Simplicity2,WINDPOWER,1792,2010,0.488271939
Simplicity2,WINDPOWER,1793,2010,0.264923855
Simplicity2,WINDPOWER,1794,2010,0.057124408
Simplicity2,WINDPOWER,1795,2010,0
Simplicity2,WINDPOWER,1796,2010,0
Simplicity2,WINDPOWER,1797,2010,0
Simplicity2,WINDPOWER,1798,2010,0
Simplicity2,WINDPOWER,1799,2010,0
Simplicity2,WINDPOWER,1800,2010,0
Simplicity2,WINDPOWER,1801,2010,0
Simplicity2,WINDPOWER,1802,2010,0
Simplicity2,WINDPOWER,1803,2010,0
Simplicity2,WINDPOWER,1804,2010,0
Simplicity2,WINDPOWER,1805,2010,0
Simplicity2,WINDPOWER,1806,2010,0
Simplicity2,WINDPOWER,1807,2010,0.103769892
Simplicity2,WINDPOWER,1808,2010,0.338561832
Simplicity2,WINDPOWER,1809,2010,0.569418445
Simplicity2,WINDPOWER,1810,2010,0.74535565
Simplicity2,WINDPOWER,1811,2010,0.853273463
Simplicity2,WINDPOWER,1812,2010,0.896078018
Simplicity2,WINDPOWER,1813,2010,0.887934096
Simplicity2,WINDPOWER,1814,2010,0.8188056
Simplicity2,WINDPOWER,1815,2010,0.696946234
Simplicity2,WINDPOWER,1816,2010,0.504238413
Simplicity2,WINDPOWER,1817,2010,0.264650275
Simplicity2,WINDPOWER,1818,2010,0.049018608
Simplicity2,WINDPOWER,1819,2010,0
Simplicity2,WINDPOWER,1820,2010,0
Simplicity2,WINDPOWER,1821,2010,0
Simplicity2,WINDPOWER,1822,2010,0
Simplicity2,WINDPOWER,1823,2010,0
Simplicity2,WINDPOWER,1824,2010,0
Simplicity2,WINDPOWER,1825,2010,0
Simplicity2,WINDPOWER,1826,2010,0
Simplicity2,WINDPOWER,1827,2010,0
Simplicity2,WINDPOWER,1828,2010,0
Simplicity2,WINDPOWER,1829,2010,0
Simplicity2,WINDPOWER,1830,2010,0
Simplicity2,WINDPOWER,1831,2010,0.103443041
Simplicity2,WINDPOWER,1832,2010,0.336045171
Simplicity2,WINDPOWER,1833,2010,0.553110066
Simplicity2,WINDPOWER,1834,2010,0.677793819
Simplicity2,WINDPOWER,1835,2010,0.76742357
Simplicity2,WINDPOWER,1836,2010,0.824961321
Simplicity2,WINDPOWER,1837,2010,0.842001564
Simplicity2,WINDPOWER,1838,2010,0.750861319
Simplicity2,WINDPOWER,1839,2010,0.61534146
Simplicity2,WINDPOWER,1840,2010,0.447224285
Simplicity2,WINDPOWER,1841,2010,0.255704138
Simplicity2,WINDPOWER,1842,2010,0.05023676
Simplicity2,WINDPOWER,1843,2010,0
Simplicity2,WINDPOWER,1844,2010,0
Simplicity2,WINDPOWER,1845,2010,0
Simplicity2,WINDPOWER,1846,2010,0
Simplicity2,WINDPOWER,1847,2010,0
Simplicity2,WINDPOWER,1848,2010,0
Simplicity2,WINDPOWER,1849,2010,0
Simplicity2,WINDPOWER,1850,2010,0
Simplicity2,WINDPOWER,1851,2010,0
Simplicity2,WINDPOWER,1852,2010,0
Simplicity2,WINDPOWER,1853,2010,0
Simplicity2,WINDPOWER,1854,2010,0
Simplicity2,WINDPOWER,1855,2010,0.071399547
Simplicity2,WINDPOWER,1856,2010,0.270274264
Simplicity2,WINDPOWER,1857,2010,0.423482027
Simplicity2,WINDPOWER,1858,2010,0.620468262
Simplicity2,WINDPOWER,1859,2010,0.718708132
Simplicity2,WINDPOWER,1860,2010,0.611447339
Simplicity2,WINDPOWER,1861,2010,0.624666402
Simplicity2,WINDPOWER,1862,2010,0.576750009
Simplicity2,WINDPOWER,1863,2010,0.491817205
Simplicity2,WINDPOWER,1864,2010,0.361488534
Simplicity2,WINDPOWER,1865,2010,0.18185748
Simplicity2,WINDPOWER,1866,2010,0.045405539
Simplicity2,WINDPOWER,1867,2010,0
Simplicity2,WINDPOWER,1868,2010,0
Simplicity2,WINDPOWER,1869,2010,0
Simplicity2,WINDPOWER,1870,2010,0
Simplicity2,WINDPOWER,1871,2010,0
Simplicity2,WINDPOWER,1872,2010,0
Simplicity2,WINDPOWER,1873,2010,0
Simplicity2,WINDPOWER,1874,2010,0
Simplicity2,WINDPOWER,1875,2010,0
Simplicity2,WINDPOWER,1876,2010,0
Simplicity2,WINDPOWER,1877,2010,0
Simplicity2,WINDPOWER,1878,2010,0
Simplicity2,WINDPOWER,1879,2010,0.06608555
Simplicity2,WINDPOWER,1880,2010,0.235804023
Simplicity2,WINDPOWER,1881,2010,0.365799013
Simplicity2,WINDPOWER,1882,2010,0.517097639
Simplicity2,WINDPOWER,1883,2010,0.61323963
Simplicity2,WINDPOWER,1884,2010,0.737352309
Simplicity2,WINDPOWER,1885,2010,0.69074586
Simplicity2,WINDPOWER,1886,2010,0.601876167
Simplicity2,WINDPOWER,1887,2010,0.541026525
Simplicity2,WINDPOWER,1888,2010,0.359987637
Simplicity2,WINDPOWER,1889,2010,0.206336301
Simplicity2,WINDPOWER,1890,2010,0.049717241
Simplicity2,WINDPOWER,1891,2010,0
Simplicity2,WINDPOWER,1892,2010,0
Simplicity2,WINDPOWER,1893,2010,0
Simplicity2,WINDPOWER,1894,2010,0
Simplicity2,WINDPOWER,1895,2010,0
Simplicity2,WINDPOWER,1896,2010,0
Simplicity2,WINDPOWER,1897,2010,0
Simplicity2,WINDPOWER,1898,2010,0
Simplicity2,WINDPOWER,1899,2010,0
Simplicity2,WINDPOWER,1900,2010,0
Simplicity2,WINDPOWER,1901,2010,0
Simplicity2,WINDPOWER,1902,2010,0
Simplicity2,WINDPOWER,1903,2010,0.058723491
Simplicity2,WINDPOWER,1904,2010,0.190607819
Simplicity2,WINDPOWER,1905,2010,0.274371802
Simplicity2,WINDPOWER,1906,2010,0.508920561
Simplicity2,WINDPOWER,1907,2010,0.458958342
Simplicity2,WINDPOWER,1908,2010,0.491273944
Simplicity2,WINDPOWER,1909,2010,0.458979312
Simplicity2,WINDPOWER,1910,2010,0.374798562
Simplicity2,WINDPOWER,1911,2010,0.258484462
Simplicity2,WINDPOWER,1912,2010,0.230223885
Simplicity2,WINDPOWER,1913,2010,0.14496184
Simplicity2,WINDPOWER,1914,2010,0.034072649
Simplicity2,WINDPOWER,1915,2010,0
Simplicity2,WINDPOWER,1916,2010,0
Simplicity2,WINDPOWER,1917,2010,0
Simplicity2,WINDPOWER,1918,2010,0
Simplicity2,WINDPOWER,1919,2010,0
Simplicity2,WINDPOWER,1920,2010,0
Simplicity2,WINDPOWER,1921,2010,0
Simplicity2,WINDPOWER,1922,2010,0
Simplicity2,WINDPOWER,1923,2010,0
Simplicity2,WINDPOWER,1924,2010,0
Simplicity2,WINDPOWER,1925,2010,0
Simplicity2,WINDPOWER,1926,2010,0
Simplicity2,WINDPOWER,1927,2010,0.073218695
Simplicity2,WINDPOWER,1928,2010,0.231689501
Simplicity2,WINDPOWER,1929,2010,0.454276256
Simplicity2,WINDPOWER,1930,2010,0.702552769
Simplicity2,WINDPOWER,1931,2010,0.689526592
Simplicity2,WINDPOWER,1932,2010,0.685542248
Simplicity2,WINDPOWER,1933,2010,0.615896028
Simplicity2,WINDPOWER,1934,2010,0.516833457
Simplicity2,WINDPOWER,1935,2010,0.485589394
Simplicity2,WINDPOWER,1936,2010,0.268063348
Simplicity2,WINDPOWER,1937,2010,0.16351691
Simplicity2,WINDPOWER,1938,2010,0.046926188
Simplicity2,WINDPOWER,1939,2010,0
Simplicity2,WINDPOWER,1940,2010,0
Simplicity2,WINDPOWER,1941,2010,0
Simplicity2,WINDPOWER,1942,2010,0
Simplicity2,WINDPOWER,1943,2010,0
Simplicity2,WINDPOWER,1944,2010,0
Simplicity2,WINDPOWER,1945,2010,0
Simplicity2,WINDPOWER,1946,2010,0
Simplicity2,WINDPOWER,1947,2010,0
Simplicity2,WINDPOWER,1948,2010,0
Simplicity2,WINDPOWER,1949,2010,0
Simplicity2,WINDPOWER,1950,2010,0
Simplicity2,WINDPOWER,1951,2010,0.122972811
Simplicity2,WINDPOWER,1952,2010,0.364649056
Simplicity2,WINDPOWER,1953,2010,0.592627408
Simplicity2,WINDPOWER,1954,2010,0.649001784
Simplicity2,WINDPOWER,1955,2010,0.707967492
Simplicity2,WINDPOWER,1956,2010,0.802861368
Simplicity2,WINDPOWER,1957,2010,0.797674962
Simplicity2,WINDPOWER,1958,2010,0.73393904
Simplicity2,WINDPOWER,1959,2010,0.690362931
Simplicity2,WINDPOWER,1960,2010,0.515468646
Simplicity2,WINDPOWER,1961,2010,0.278104858
Simplicity2,WINDPOWER,1962,2010,0.06165275
Simplicity2,WINDPOWER,1963,2010,0
Simplicity2,WINDPOWER,1964,2010,0
Simplicity2,WINDPOWER,1965,2010,0
Simplicity2,WINDPOWER,1966,2010,0
Simplicity2,WINDPOWER,1967,2010,0
Simplicity2,WINDPOWER,1968,2010,0
Simplicity2,WINDPOWER,1969,2010,0
Simplicity2,WINDPOWER,1970,2010,0
Simplicity2,WINDPOWER,1971,2010,0
Simplicity2,WINDPOWER,1972,2010,0
Simplicity2,WINDPOWER,1973,2010,0
Simplicity2,WINDPOWER,1974,2010,0
Simplicity2,WINDPOWER,1975,2010,0.049944904
Simplicity2,WINDPOWER,1976,2010,0.141348989
Simplicity2,WINDPOWER,1977,2010,0.279548271
Simplicity2,WINDPOWER,1978,2010,0.310256665
Simplicity2,WINDPOWER,1979,2010,0.295181911
Simplicity2,WINDPOWER,1980,2010,0.296001446
Simplicity2,WINDPOWER,1981,2010,0.342204065
Simplicity2,WINDPOWER,1982,2010,0.41578806
Simplicity2,WINDPOWER,1983,2010,0.341601159
Simplicity2,WINDPOWER,1984,2010,0.200470384
Simplicity2,WINDPOWER,1985,2010,0.085396674
Simplicity2,WINDPOWER,1986,2010,0.023314957
Simplicity2,WINDPOWER,1987,2010,0
Simplicity2,WINDPOWER,1988,2010,0
Simplicity2,WINDPOWER,1989,2010,0
Simplicity2,WINDPOWER,1990,2010,0
Simplicity2,WINDPOWER,1991,2010,0
Simplicity2,WINDPOWER,1992,2010,0
Simplicity2,WINDPOWER,1993,2010,0
Simplicity2,WINDPOWER,1994,2010,0
Simplicity2,WINDPOWER,1995,2010,0
Simplicity2,WINDPOWER,1996,2010,0
Simplicity2,WINDPOWER,1997,2010,0
Simplicity2,WINDPOWER,1998,2010,0
Simplicity2,WINDPOWER,1999,2010,0.098084494
Simplicity2,WINDPOWER,2000,2010,0.251196112
Simplicity2,WINDPOWER,2001,2010,0.411273454
Simplicity2,WINDPOWER,2002,2010,0.463576775
Simplicity2,WINDPOWER,2003,2010,0.683168073
Simplicity2,WINDPOWER,2004,2010,0.691039863
Simplicity2,WINDPOWER,2005,2010,0.605173402
Simplicity2,WINDPOWER,2006,2010,0.474866055
Simplicity2,WINDPOWER,2007,2010,0.369883503
Simplicity2,WINDPOWER,2008,2010,0.295296421
Simplicity2,WINDPOWER,2009,2010,0.174551592
Simplicity2,WINDPOWER,2010,2010,0.054568074
Simplicity2,WINDPOWER,2011,2010,0
Simplicity2,WINDPOWER,2012,2010,0
Simplicity2,WINDPOWER,2013,2010,0
Simplicity2,WINDPOWER,2014,2010,0
Simplicity2,WINDPOWER,2015,2010,0
Simplicity2,WINDPOWER,2016,2010,0
Simplicity2,WINDPOWER,2017,2010,0
Simplicity2,WINDPOWER,2018,2010,0
Simplicity2,WINDPOWER,2019,2010,0
Simplicity2,WINDPOWER,2020,2010,0
Simplicity2,WINDPOWER,2021,2010,0
Simplicity2,WINDPOWER,2022,2010,0
Simplicity2,WINDPOWER,2023,2010,0.123999729
Simplicity2,WINDPOWER,2024,2010,0.329702742
Simplicity2,WINDPOWER,2025,2010,0.552551726
Simplicity2,WINDPOWER,2026,2010,0.652773793
Simplicity2,WINDPOWER,2027,2010,0.646510026
Simplicity2,WINDPOWER,2028,2010,0.630643577
Simplicity2,WINDPOWER,2029,2010,0.658790086
Simplicity2,WINDPOWER,2030,2010,0.638344977
Simplicity2,WINDPOWER,2031,2010,0.528942835
Simplicity2,WINDPOWER,2032,2010,0.397504425
Simplicity2,WINDPOWER,2033,2010,0.237885078
Simplicity2,WINDPOWER,2034,2010,0.059006404
Simplicity2,WINDPOWER,2035,2010,0
Simplicity2,WINDPOWER,2036,2010,0
Simplicity2,WINDPOWER,2037,2010,0
Simplicity2,WINDPOWER,2038,2010,0
Simplicity2,WINDPOWER,2039,2010,0
Simplicity2,WINDPOWER,2040,2010,0
Simplicity2,WINDPOWER,2041,2010,0
Simplicity2,WINDPOWER,2042,2010,0
Simplicity2,WINDPOWER,2043,2010,0
Simplicity2,WINDPOWER,2044,2010,0
Simplicity2,WINDPOWER,2045,2010,0
Simplicity2,WINDPOWER,2046,2010,0
Simplicity2,WINDPOWER,2047,2010,0.118121709
Simplicity2,WINDPOWER,2048,2010,0.31065184
Simplicity2,WINDPOWER,2049,2010,0.533269805
Simplicity2,WINDPOWER,2050,2010,0.723491843
Simplicity2,WINDPOWER,2051,2010,0.71113573
Simplicity2,WINDPOWER,2052,2010,0.655099876
Simplicity2,WINDPOWER,2053,2010,0.783792292
Simplicity2,WINDPOWER,2054,2010,0.664857761
Simplicity2,WINDPOWER,2055,2010,0.546353427
Simplicity2,WINDPOWER,2056,2010,0.379647052
Simplicity2,WINDPOWER,2057,2010,0.19678222
Simplicity2,WINDPOWER,2058,2010,0.041190276
Simplicity2,WINDPOWER,2059,2010,0
Simplicity2,WINDPOWER,2060,2010,0
Simplicity2,WINDPOWER,2061,2010,0
Simplicity2,WINDPOWER,2062,2010,0
Simplicity2,WINDPOWER,2063,2010,0
Simplicity2,WINDPOWER,2064,2010,0
Simplicity2,WINDPOWER,2065,2010,0
Simplicity2,WINDPOWER,2066,2010,0
Simplicity2,WINDPOWER,2067,2010,0
Simplicity2,WINDPOWER,2068,2010,0
Simplicity2,WINDPOWER,2069,2010,0
Simplicity2,WINDPOWER,2070,2010,0
Simplicity2,WINDPOWER,2071,2010,0.03024343
Simplicity2,WINDPOWER,2072,2010,0.097043247
Simplicity2,WINDPOWER,2073,2010,0.157258961
Simplicity2,WINDPOWER,2074,2010,0.29847451
Simplicity2,WINDPOWER,2075,2010,0.30512013
Simplicity2,WINDPOWER,2076,2010,0.342717488
Simplicity2,WINDPOWER,2077,2010,0.292221438
Simplicity2,WINDPOWER,2078,2010,0.283235348
Simplicity2,WINDPOWER,2079,2010,0.173783088
Simplicity2,WINDPOWER,2080,2010,0.097778551
Simplicity2,WINDPOWER,2081,2010,0.059464564
Simplicity2,WINDPOWER,2082,2010,0.020994169
Simplicity2,WINDPOWER,2083,2010,0
Simplicity2,WINDPOWER,2084,2010,0
Simplicity2,WINDPOWER,2085,2010,0
Simplicity2,WINDPOWER,2086,2010,0
Simplicity2,WINDPOWER,2087,2010,0
Simplicity2,WINDPOWER,2088,2010,0
Simplicity2,WINDPOWER,2089,2010,0
Simplicity2,WINDPOWER,2090,2010,0
Simplicity2,WINDPOWER,2091,2010,0
Simplicity2,WINDPOWER,2092,2010,0
Simplicity2,WINDPOWER,2093,2010,0
Simplicity2,WINDPOWER,2094,2010,0
Simplicity2,WINDPOWER,2095,2010,0.090050199
Simplicity2,WINDPOWER,2096,2010,0.304046499
Simplicity2,WINDPOWER,2097,2010,0.570206234
Simplicity2,WINDPOWER,2098,2010,0.729566549
Simplicity2,WINDPOWER,2099,2010,0.787413724
Simplicity2,WINDPOWER,2100,2010,0.78920098
Simplicity2,WINDPOWER,2101,2010,0.714646137
Simplicity2,WINDPOWER,2102,2010,0.67912801
Simplicity2,WINDPOWER,2103,2010,0.58367181
Simplicity2,WINDPOWER,2104,2010,0.398993487
Simplicity2,WINDPOWER,2105,2010,0.218155808
Simplicity2,WINDPOWER,2106,2010,0.070310011
Simplicity2,WINDPOWER,2107,2010,0
Simplicity2,WINDPOWER,2108,2010,0
Simplicity2,WINDPOWER,2109,2010,0
Simplicity2,WINDPOWER,2110,2010,0
Simplicity2,WINDPOWER,2111,2010,0
Simplicity2,WINDPOWER,2112,2010,0
Simplicity2,WINDPOWER,2113,2010,0
Simplicity2,WINDPOWER,2114,2010,0
Simplicity2,WINDPOWER,2115,2010,0
Simplicity2,WINDPOWER,2116,2010,0
Simplicity2,WINDPOWER,2117,2010,0
Simplicity2,WINDPOWER,2118,2010,0
Simplicity2,WINDPOWER,2119,2010,0.156676063
Simplicity2,WINDPOWER,2120,2010,0.396937327
Simplicity2,WINDPOWER,2121,2010,0.625646828
Simplicity2,WINDPOWER,2122,2010,0.793651966
Simplicity2,WINDPOWER,2123,2010,0.838809104
Simplicity2,WINDPOWER,2124,2010,0.754076054
Simplicity2,WINDPOWER,2125,2010,0.757187979
Simplicity2,WINDPOWER,2126,2010,0.75561843
Simplicity2,WINDPOWER,2127,2010,0.707279161
Simplicity2,WINDPOWER,2128,2010,0.508779085
Simplicity2,WINDPOWER,2129,2010,0.283425164
Simplicity2,WINDPOWER,2130,2010,0.073486081
Simplicity2,WINDPOWER,2131,2010,0
Simplicity2,WINDPOWER,2132,2010,0
Simplicity2,WINDPOWER,2133,2010,0
Simplicity2,WINDPOWER,2134,2010,0
Simplicity2,WINDPOWER,2135,2010,0
Simplicity2,WINDPOWER,2136,2010,0
Simplicity2,WINDPOWER,2137,2010,0
Simplicity2,WINDPOWER,2138,2010,0
Simplicity2,WINDPOWER,2139,2010,0
Simplicity2,WINDPOWER,2140,2010,0
Simplicity2,WINDPOWER,2141,2010,0
Simplicity2,WINDPOWER,2142,2010,0
Simplicity2,WINDPOWER,2143,2010,0.15145779
Simplicity2,WINDPOWER,2144,2010,0.390285024
Simplicity2,WINDPOWER,2145,2010,0.612703116
Simplicity2,WINDPOWER,2146,2010,0.775336965
Simplicity2,WINDPOWER,2147,2010,0.874781347
Simplicity2,WINDPOWER,2148,2010,0.912792611
Simplicity2,WINDPOWER,2149,2010,0.903124813
Simplicity2,WINDPOWER,2150,2010,0.837127518
Simplicity2,WINDPOWER,2151,2010,0.712673243
Simplicity2,WINDPOWER,2152,2010,0.524751786
Simplicity2,WINDPOWER,2153,2010,0.287455055
Simplicity2,WINDPOWER,2154,2010,0.068563676
Simplicity2,WINDPOWER,2155,2010,0
Simplicity2,WINDPOWER,2156,2010,0
Simplicity2,WINDPOWER,2157,2010,0
Simplicity2,WINDPOWER,2158,2010,0
Simplicity2,WINDPOWER,2159,2010,0
Simplicity2,WINDPOWER,2160,2010,0
Simplicity2,WINDPOWER,2161,2010,0
Simplicity2,WINDPOWER,2162,2010,0
Simplicity2,WINDPOWER,2163,2010,0
Simplicity2,WINDPOWER,2164,2010,0
Simplicity2,WINDPOWER,2165,2010,0
Simplicity2,WINDPOWER,2166,2010,0
Simplicity2,WINDPOWER,2167,2010,0.127374905
Simplicity2,WINDPOWER,2168,2010,0.338057215
Simplicity2,WINDPOWER,2169,2010,0.458381825
Simplicity2,WINDPOWER,2170,2010,0.471625181
Simplicity2,WINDPOWER,2171,2010,0.599866927
Simplicity2,WINDPOWER,2172,2010,0.579681004
Simplicity2,WINDPOWER,2173,2010,0.500710996
Simplicity2,WINDPOWER,2174,2010,0.432441777
Simplicity2,WINDPOWER,2175,2010,0.414672707
Simplicity2,WINDPOWER,2176,2010,0.296559118
Simplicity2,WINDPOWER,2177,2010,0.127834279
Simplicity2,WINDPOWER,2178,2010,0.042388117
Simplicity2,WINDPOWER,2179,2010,0
Simplicity2,WINDPOWER,2180,2010,0
Simplicity2,WINDPOWER,2181,2010,0
Simplicity2,WINDPOWER,2182,2010,0
Simplicity2,WINDPOWER,2183,2010,0
Simplicity2,WINDPOWER,2184,2010,0
Simplicity2,WINDPOWER,2185,2010,0
Simplicity2,WINDPOWER,2186,2010,0
Simplicity2,WINDPOWER,2187,2010,0
Simplicity2,WINDPOWER,2188,2010,0
Simplicity2,WINDPOWER,2189,2010,0
Simplicity2,WINDPOWER,2190,2010,0.008885064
Simplicity2,WINDPOWER,2191,2010,0.160420621
Simplicity2,WINDPOWER,2192,2010,0.405941595
Simplicity2,WINDPOWER,2193,2010,0.612237855
Simplicity2,WINDPOWER,2194,2010,0.764327909
Simplicity2,WINDPOWER,2195,2010,0.616101885
Simplicity2,WINDPOWER,2196,2010,0.729909597
Simplicity2,WINDPOWER,2197,2010,0.717339787
Simplicity2,WINDPOWER,2198,2010,0.74358421
Simplicity2,WINDPOWER,2199,2010,0.566768092
Simplicity2,WINDPOWER,2200,2010,0.441019359
Simplicity2,WINDPOWER,2201,2010,0.232595734
Simplicity2,WINDPOWER,2202,2010,0.063073644
Simplicity2,WINDPOWER,2203,2010,0
Simplicity2,WINDPOWER,2204,2010,0
Simplicity2,WINDPOWER,2205,2010,0
Simplicity2,WINDPOWER,2206,2010,0
Simplicity2,WINDPOWER,2207,2010,0
Simplicity2,WINDPOWER,2208,2010,0
Simplicity2,WINDPOWER,2209,2010,0
Simplicity2,WINDPOWER,2210,2010,0
Simplicity2,WINDPOWER,2211,2010,0
Simplicity2,WINDPOWER,2212,2010,0
Simplicity2,WINDPOWER,2213,2010,0
Simplicity2,WINDPOWER,2214,2010,0.01275087
Simplicity2,WINDPOWER,2215,2010,0.126059009
Simplicity2,WINDPOWER,2216,2010,0.285445426
Simplicity2,WINDPOWER,2217,2010,0.433852289
Simplicity2,WINDPOWER,2218,2010,0.588229109
Simplicity2,WINDPOWER,2219,2010,0.630616837
Simplicity2,WINDPOWER,2220,2010,0.618624768
Simplicity2,WINDPOWER,2221,2010,0.650250377
Simplicity2,WINDPOWER,2222,2010,0.672036006
Simplicity2,WINDPOWER,2223,2010,0.644986969
Simplicity2,WINDPOWER,2224,2010,0.417934102
Simplicity2,WINDPOWER,2225,2010,0.206700004
Simplicity2,WINDPOWER,2226,2010,0.063187118
Simplicity2,WINDPOWER,2227,2010,0
Simplicity2,WINDPOWER,2228,2010,0
Simplicity2,WINDPOWER,2229,2010,0
Simplicity2,WINDPOWER,2230,2010,0
Simplicity2,WINDPOWER,2231,2010,0
Simplicity2,WINDPOWER,2232,2010,0
Simplicity2,WINDPOWER,2233,2010,0
Simplicity2,WINDPOWER,2234,2010,0
Simplicity2,WINDPOWER,2235,2010,0
Simplicity2,WINDPOWER,2236,2010,0
Simplicity2,WINDPOWER,2237,2010,0
Simplicity2,WINDPOWER,2238,2010,0.01215583
Simplicity2,WINDPOWER,2239,2010,0.080426842
Simplicity2,WINDPOWER,2240,2010,0.182288571
Simplicity2,WINDPOWER,2241,2010,0.331098476
Simplicity2,WINDPOWER,2242,2010,0.327727902
Simplicity2,WINDPOWER,2243,2010,0.211405999
Simplicity2,WINDPOWER,2244,2010,0.255153828
Simplicity2,WINDPOWER,2245,2010,0.23471349
Simplicity2,WINDPOWER,2246,2010,0.249862363
Simplicity2,WINDPOWER,2247,2010,0.276526766
Simplicity2,WINDPOWER,2248,2010,0.285743777
Simplicity2,WINDPOWER,2249,2010,0.205442376
Simplicity2,WINDPOWER,2250,2010,0.054800284
Simplicity2,WINDPOWER,2251,2010,0
Simplicity2,WINDPOWER,2252,2010,0
Simplicity2,WINDPOWER,2253,2010,0
Simplicity2,WINDPOWER,2254,2010,0
Simplicity2,WINDPOWER,2255,2010,0
Simplicity2,WINDPOWER,2256,2010,0
Simplicity2,WINDPOWER,2257,2010,0
Simplicity2,WINDPOWER,2258,2010,0
Simplicity2,WINDPOWER,2259,2010,0
Simplicity2,WINDPOWER,2260,2010,0
Simplicity2,WINDPOWER,2261,2010,0
Simplicity2,WINDPOWER,2262,2010,0.014397301
Simplicity2,WINDPOWER,2263,2010,0.158610219
Simplicity2,WINDPOWER,2264,2010,0.413906642
Simplicity2,WINDPOWER,2265,2010,0.626608056
Simplicity2,WINDPOWER,2266,2010,0.798407015
Simplicity2,WINDPOWER,2267,2010,0.902822253
Simplicity2,WINDPOWER,2268,2010,0.934038268
Simplicity2,WINDPOWER,2269,2010,0.92025459
Simplicity2,WINDPOWER,2270,2010,0.852778687
Simplicity2,WINDPOWER,2271,2010,0.724521658
Simplicity2,WINDPOWER,2272,2010,0.540209106
Simplicity2,WINDPOWER,2273,2010,0.308113634
Simplicity2,WINDPOWER,2274,2010,0.081276694
Simplicity2,WINDPOWER,2275,2010,0
Simplicity2,WINDPOWER,2276,2010,0
Simplicity2,WINDPOWER,2277,2010,0
Simplicity2,WINDPOWER,2278,2010,0
Simplicity2,WINDPOWER,2279,2010,0
Simplicity2,WINDPOWER,2280,2010,0
Simplicity2,WINDPOWER,2281,2010,0
Simplicity2,WINDPOWER,2282,2010,0
Simplicity2,WINDPOWER,2283,2010,0
Simplicity2,WINDPOWER,2284,2010,0
Simplicity2,WINDPOWER,2285,2010,0
Simplicity2,WINDPOWER,2286,2010,0.012105718
Simplicity2,WINDPOWER,2287,2010,0.177560895
Simplicity2,WINDPOWER,2288,2010,0.413672511
Simplicity2,WINDPOWER,2289,2010,0.623935543
Simplicity2,WINDPOWER,2290,2010,0.78057026
Simplicity2,WINDPOWER,2291,2010,0.878134897
Simplicity2,WINDPOWER,2292,2010,0.909700072
Simplicity2,WINDPOWER,2293,2010,0.898281359
Simplicity2,WINDPOWER,2294,2010,0.835282812
Simplicity2,WINDPOWER,2295,2010,0.71462073
Simplicity2,WINDPOWER,2296,2010,0.531508006
Simplicity2,WINDPOWER,2297,2010,0.30508137
Simplicity2,WINDPOWER,2298,2010,0.080750977
Simplicity2,WINDPOWER,2299,2010,0
Simplicity2,WINDPOWER,2300,2010,0
Simplicity2,WINDPOWER,2301,2010,0
Simplicity2,WINDPOWER,2302,2010,0
Simplicity2,WINDPOWER,2303,2010,0
Simplicity2,WINDPOWER,2304,2010,0
Simplicity2,WINDPOWER,2305,2010,0
Simplicity2,WINDPOWER,2306,2010,0
Simplicity2,WINDPOWER,2307,2010,0
Simplicity2,WINDPOWER,2308,2010,0
Simplicity2,WINDPOWER,2309,2010,0
Simplicity2,WINDPOWER,2310,2010,0.013500007
Simplicity2,WINDPOWER,2311,2010,0.162770973
Simplicity2,WINDPOWER,2312,2010,0.374662144
Simplicity2,WINDPOWER,2313,2010,0.561735153
Simplicity2,WINDPOWER,2314,2010,0.696944206
Simplicity2,WINDPOWER,2315,2010,0.784322206
Simplicity2,WINDPOWER,2316,2010,0.696552763
Simplicity2,WINDPOWER,2317,2010,0.438011222
Simplicity2,WINDPOWER,2318,2010,0.377560782
Simplicity2,WINDPOWER,2319,2010,0.362222882
Simplicity2,WINDPOWER,2320,2010,0.200859962
Simplicity2,WINDPOWER,2321,2010,0.091557579
Simplicity2,WINDPOWER,2322,2010,0.03107565
Simplicity2,WINDPOWER,2323,2010,0
Simplicity2,WINDPOWER,2324,2010,0
Simplicity2,WINDPOWER,2325,2010,0
Simplicity2,WINDPOWER,2326,2010,0
Simplicity2,WINDPOWER,2327,2010,0
Simplicity2,WINDPOWER,2328,2010,0
Simplicity2,WINDPOWER,2329,2010,0
Simplicity2,WINDPOWER,2330,2010,0
Simplicity2,WINDPOWER,2331,2010,0
Simplicity2,WINDPOWER,2332,2010,0
Simplicity2,WINDPOWER,2333,2010,0
Simplicity2,WINDPOWER,2334,2010,0.018192973
Simplicity2,WINDPOWER,2335,2010,0.127740761
Simplicity2,WINDPOWER,2336,2010,0.256209965
Simplicity2,WINDPOWER,2337,2010,0.458809495
Simplicity2,WINDPOWER,2338,2010,0.671408331
Simplicity2,WINDPOWER,2339,2010,0.656443249
Simplicity2,WINDPOWER,2340,2010,0.668631572
Simplicity2,WINDPOWER,2341,2010,0.636854393
Simplicity2,WINDPOWER,2342,2010,0.634731679
Simplicity2,WINDPOWER,2343,2010,0.58274371
Simplicity2,WINDPOWER,2344,2010,0.43422934
Simplicity2,WINDPOWER,2345,2010,0.284898137
Simplicity2,WINDPOWER,2346,2010,0.089054158
Simplicity2,WINDPOWER,2347,2010,0
Simplicity2,WINDPOWER,2348,2010,0
Simplicity2,WINDPOWER,2349,2010,0
Simplicity2,WINDPOWER,2350,2010,0
Simplicity2,WINDPOWER,2351,2010,0
Simplicity2,WINDPOWER,2352,2010,0
Simplicity2,WINDPOWER,2353,2010,0
Simplicity2,WINDPOWER,2354,2010,0
Simplicity2,WINDPOWER,2355,2010,0
Simplicity2,WINDPOWER,2356,2010,0
Simplicity2,WINDPOWER,2357,2010,0
Simplicity2,WINDPOWER,2358,2010,0.019796338
Simplicity2,WINDPOWER,2359,2010,0.186323212
Simplicity2,WINDPOWER,2360,2010,0.424804445
Simplicity2,WINDPOWER,2361,2010,0.6366175
Simplicity2,WINDPOWER,2362,2010,0.790596932
Simplicity2,WINDPOWER,2363,2010,0.760286238
Simplicity2,WINDPOWER,2364,2010,0.636803494
Simplicity2,WINDPOWER,2365,2010,0.66220034
Simplicity2,WINDPOWER,2366,2010,0.59785641
Simplicity2,WINDPOWER,2367,2010,0.39182622
Simplicity2,WINDPOWER,2368,2010,0.274584048
Simplicity2,WINDPOWER,2369,2010,0.12993887
Simplicity2,WINDPOWER,2370,2010,0.056852103
Simplicity2,WINDPOWER,2371,2010,0
Simplicity2,WINDPOWER,2372,2010,0
Simplicity2,WINDPOWER,2373,2010,0
Simplicity2,WINDPOWER,2374,2010,0
Simplicity2,WINDPOWER,2375,2010,0
Simplicity2,WINDPOWER,2376,2010,0
Simplicity2,WINDPOWER,2377,2010,0
Simplicity2,WINDPOWER,2378,2010,0
Simplicity2,WINDPOWER,2379,2010,0
Simplicity2,WINDPOWER,2380,2010,0
Simplicity2,WINDPOWER,2381,2010,0
Simplicity2,WINDPOWER,2382,2010,0.016855128
Simplicity2,WINDPOWER,2383,2010,0.099631097
Simplicity2,WINDPOWER,2384,2010,0.20758705
Simplicity2,WINDPOWER,2385,2010,0.351015017
Simplicity2,WINDPOWER,2386,2010,0.520417836
Simplicity2,WINDPOWER,2387,2010,0.686493504
Simplicity2,WINDPOWER,2388,2010,0.743498899
Simplicity2,WINDPOWER,2389,2010,0.671639658
Simplicity2,WINDPOWER,2390,2010,0.525476118
Simplicity2,WINDPOWER,2391,2010,0.44196402
Simplicity2,WINDPOWER,2392,2010,0.346333213
Simplicity2,WINDPOWER,2393,2010,0.195236066
Simplicity2,WINDPOWER,2394,2010,0.077178777
Simplicity2,WINDPOWER,2395,2010,0
Simplicity2,WINDPOWER,2396,2010,0
Simplicity2,WINDPOWER,2397,2010,0
Simplicity2,WINDPOWER,2398,2010,0
Simplicity2,WINDPOWER,2399,2010,0
Simplicity2,WINDPOWER,2400,2010,0
Simplicity2,WINDPOWER,2401,2010,0
Simplicity2,WINDPOWER,2402,2010,0
Simplicity2,WINDPOWER,2403,2010,0
Simplicity2,WINDPOWER,2404,2010,0
Simplicity2,WINDPOWER,2405,2010,0
Simplicity2,WINDPOWER,2406,2010,0.023539846
Simplicity2,WINDPOWER,2407,2010,0.173025133
Simplicity2,WINDPOWER,2408,2010,0.319712376
Simplicity2,WINDPOWER,2409,2010,0.453056507
Simplicity2,WINDPOWER,2410,2010,0.580727757
Simplicity2,WINDPOWER,2411,2010,0.704264181
Simplicity2,WINDPOWER,2412,2010,0.641217491
Simplicity2,WINDPOWER,2413,2010,0.721701671
Simplicity2,WINDPOWER,2414,2010,0.631355902
Simplicity2,WINDPOWER,2415,2010,0.568616196
Simplicity2,WINDPOWER,2416,2010,0.4033384
Simplicity2,WINDPOWER,2417,2010,0.220856477
Simplicity2,WINDPOWER,2418,2010,0.081634468
Simplicity2,WINDPOWER,2419,2010,0
Simplicity2,WINDPOWER,2420,2010,0
Simplicity2,WINDPOWER,2421,2010,0
Simplicity2,WINDPOWER,2422,2010,0
Simplicity2,WINDPOWER,2423,2010,0
Simplicity2,WINDPOWER,2424,2010,0
Simplicity2,WINDPOWER,2425,2010,0
Simplicity2,WINDPOWER,2426,2010,0
Simplicity2,WINDPOWER,2427,2010,0
Simplicity2,WINDPOWER,2428,2010,0
Simplicity2,WINDPOWER,2429,2010,0
Simplicity2,WINDPOWER,2430,2010,0.023753632
Simplicity2,WINDPOWER,2431,2010,0.132388177
Simplicity2,WINDPOWER,2432,2010,0.262570035
Simplicity2,WINDPOWER,2433,2010,0.330609222
Simplicity2,WINDPOWER,2434,2010,0.550564754
Simplicity2,WINDPOWER,2435,2010,0.767006533
Simplicity2,WINDPOWER,2436,2010,0.829379823
Simplicity2,WINDPOWER,2437,2010,0.744870863
Simplicity2,WINDPOWER,2438,2010,0.738154011
Simplicity2,WINDPOWER,2439,2010,0.627137821
Simplicity2,WINDPOWER,2440,2010,0.48362082
Simplicity2,WINDPOWER,2441,2010,0.266677191
Simplicity2,WINDPOWER,2442,2010,0.090843753
Simplicity2,WINDPOWER,2443,2010,0
Simplicity2,WINDPOWER,2444,2010,0
Simplicity2,WINDPOWER,2445,2010,0
Simplicity2,WINDPOWER,2446,2010,0
Simplicity2,WINDPOWER,2447,2010,0
Simplicity2,WINDPOWER,2448,2010,0
Simplicity2,WINDPOWER,2449,2010,0
Simplicity2,WINDPOWER,2450,2010,0
Simplicity2,WINDPOWER,2451,2010,0
Simplicity2,WINDPOWER,2452,2010,0
Simplicity2,WINDPOWER,2453,2010,0
Simplicity2,WINDPOWER,2454,2010,0.02112612
Simplicity2,WINDPOWER,2455,2010,0.192753377
Simplicity2,WINDPOWER,2456,2010,0.434772787
Simplicity2,WINDPOWER,2457,2010,0.633527492
Simplicity2,WINDPOWER,2458,2010,0.795481612
Simplicity2,WINDPOWER,2459,2010,0.904070936
Simplicity2,WINDPOWER,2460,2010,0.940936096
Simplicity2,WINDPOWER,2461,2010,0.927520717
Simplicity2,WINDPOWER,2462,2010,0.858180842
Simplicity2,WINDPOWER,2463,2010,0.731163817
Simplicity2,WINDPOWER,2464,2010,0.546250795
Simplicity2,WINDPOWER,2465,2010,0.314541567
Simplicity2,WINDPOWER,2466,2010,0.090880384
Simplicity2,WINDPOWER,2467,2010,0
Simplicity2,WINDPOWER,2468,2010,0
Simplicity2,WINDPOWER,2469,2010,0
Simplicity2,WINDPOWER,2470,2010,0
Simplicity2,WINDPOWER,2471,2010,0
Simplicity2,WINDPOWER,2472,2010,0
Simplicity2,WINDPOWER,2473,2010,0
Simplicity2,WINDPOWER,2474,2010,0
Simplicity2,WINDPOWER,2475,2010,0
Simplicity2,WINDPOWER,2476,2010,0
Simplicity2,WINDPOWER,2477,2010,0
Simplicity2,WINDPOWER,2478,2010,0.02119471
Simplicity2,WINDPOWER,2479,2010,0.206931853
Simplicity2,WINDPOWER,2480,2010,0.442257617
Simplicity2,WINDPOWER,2481,2010,0.647583415
Simplicity2,WINDPOWER,2482,2010,0.799923631
Simplicity2,WINDPOWER,2483,2010,0.880879789
Simplicity2,WINDPOWER,2484,2010,0.910112406
Simplicity2,WINDPOWER,2485,2010,0.896173352
Simplicity2,WINDPOWER,2486,2010,0.832665322
Simplicity2,WINDPOWER,2487,2010,0.712972801
Simplicity2,WINDPOWER,2488,2010,0.535568227
Simplicity2,WINDPOWER,2489,2010,0.313026776
Simplicity2,WINDPOWER,2490,2010,0.090866186
Simplicity2,WINDPOWER,2491,2010,0
Simplicity2,WINDPOWER,2492,2010,0
Simplicity2,WINDPOWER,2493,2010,0
Simplicity2,WINDPOWER,2494,2010,0
Simplicity2,WINDPOWER,2495,2010,0
Simplicity2,WINDPOWER,2496,2010,0
Simplicity2,WINDPOWER,2497,2010,0
Simplicity2,WINDPOWER,2498,2010,0
Simplicity2,WINDPOWER,2499,2010,0
Simplicity2,WINDPOWER,2500,2010,0
Simplicity2,WINDPOWER,2501,2010,0
Simplicity2,WINDPOWER,2502,2010,0.021894047
Simplicity2,WINDPOWER,2503,2010,0.211731687
Simplicity2,WINDPOWER,2504,2010,0.447225473
Simplicity2,WINDPOWER,2505,2010,0.649666354
Simplicity2,WINDPOWER,2506,2010,0.797654736
Simplicity2,WINDPOWER,2507,2010,0.887487509
Simplicity2,WINDPOWER,2508,2010,0.915253652
Simplicity2,WINDPOWER,2509,2010,0.901594037
Simplicity2,WINDPOWER,2510,2010,0.839464736
Simplicity2,WINDPOWER,2511,2010,0.720582624
Simplicity2,WINDPOWER,2512,2010,0.542680173
Simplicity2,WINDPOWER,2513,2010,0.319779538
Simplicity2,WINDPOWER,2514,2010,0.094105694
Simplicity2,WINDPOWER,2515,2010,0
Simplicity2,WINDPOWER,2516,2010,0
Simplicity2,WINDPOWER,2517,2010,0
Simplicity2,WINDPOWER,2518,2010,0
Simplicity2,WINDPOWER,2519,2010,0
Simplicity2,WINDPOWER,2520,2010,0
Simplicity2,WINDPOWER,2521,2010,0
Simplicity2,WINDPOWER,2522,2010,0
Simplicity2,WINDPOWER,2523,2010,0
Simplicity2,WINDPOWER,2524,2010,0
Simplicity2,WINDPOWER,2525,2010,0
Simplicity2,WINDPOWER,2526,2010,0.023176814
Simplicity2,WINDPOWER,2527,2010,0.213529979
Simplicity2,WINDPOWER,2528,2010,0.44684482
Simplicity2,WINDPOWER,2529,2010,0.647262689
Simplicity2,WINDPOWER,2530,2010,0.793155736
Simplicity2,WINDPOWER,2531,2010,0.879733279
Simplicity2,WINDPOWER,2532,2010,0.906241222
Simplicity2,WINDPOWER,2533,2010,0.891323891
Simplicity2,WINDPOWER,2534,2010,0.827930504
Simplicity2,WINDPOWER,2535,2010,0.712031912
Simplicity2,WINDPOWER,2536,2010,0.537444496
Simplicity2,WINDPOWER,2537,2010,0.316397812
Simplicity2,WINDPOWER,2538,2010,0.093244648
Simplicity2,WINDPOWER,2539,2010,0
Simplicity2,WINDPOWER,2540,2010,0
Simplicity2,WINDPOWER,2541,2010,0
Simplicity2,WINDPOWER,2542,2010,0
Simplicity2,WINDPOWER,2543,2010,0
Simplicity2,WINDPOWER,2544,2010,0
Simplicity2,WINDPOWER,2545,2010,0
Simplicity2,WINDPOWER,2546,2010,0
Simplicity2,WINDPOWER,2547,2010,0
Simplicity2,WINDPOWER,2548,2010,0
Simplicity2,WINDPOWER,2549,2010,0
Simplicity2,WINDPOWER,2550,2010,0.024002511
Simplicity2,WINDPOWER,2551,2010,0.214675317
Simplicity2,WINDPOWER,2552,2010,0.446535012
Simplicity2,WINDPOWER,2553,2010,0.644375342
Simplicity2,WINDPOWER,2554,2010,0.787096238
Simplicity2,WINDPOWER,2555,2010,0.872758794
Simplicity2,WINDPOWER,2556,2010,0.900514629
Simplicity2,WINDPOWER,2557,2010,0.887560664
Simplicity2,WINDPOWER,2558,2010,0.825560684
Simplicity2,WINDPOWER,2559,2010,0.709724747
Simplicity2,WINDPOWER,2560,2010,0.537155784
Simplicity2,WINDPOWER,2561,2010,0.316897807
Simplicity2,WINDPOWER,2562,2010,0.093515747
Simplicity2,WINDPOWER,2563,2010,0
Simplicity2,WINDPOWER,2564,2010,0
Simplicity2,WINDPOWER,2565,2010,0
Simplicity2,WINDPOWER,2566,2010,0
Simplicity2,WINDPOWER,2567,2010,0
Simplicity2,WINDPOWER,2568,2010,0
Simplicity2,WINDPOWER,2569,2010,0
Simplicity2,WINDPOWER,2570,2010,0
Simplicity2,WINDPOWER,2571,2010,0
Simplicity2,WINDPOWER,2572,2010,0
Simplicity2,WINDPOWER,2573,2010,0
Simplicity2,WINDPOWER,2574,2010,0.025324618
Simplicity2,WINDPOWER,2575,2010,0.216084144
Simplicity2,WINDPOWER,2576,2010,0.44508081
Simplicity2,WINDPOWER,2577,2010,0.622097415
Simplicity2,WINDPOWER,2578,2010,0.694276587
Simplicity2,WINDPOWER,2579,2010,0.789025971
Simplicity2,WINDPOWER,2580,2010,0.531118891
Simplicity2,WINDPOWER,2581,2010,0.281258817
Simplicity2,WINDPOWER,2582,2010,0.153559131
Simplicity2,WINDPOWER,2583,2010,0.12875784
Simplicity2,WINDPOWER,2584,2010,0.083450768
Simplicity2,WINDPOWER,2585,2010,0.053528485
Simplicity2,WINDPOWER,2586,2010,0.040048326
Simplicity2,WINDPOWER,2587,2010,0.006844385
Simplicity2,WINDPOWER,2588,2010,0
Simplicity2,WINDPOWER,2589,2010,0
Simplicity2,WINDPOWER,2590,2010,0
Simplicity2,WINDPOWER,2591,2010,0
Simplicity2,WINDPOWER,2592,2010,0
Simplicity2,WINDPOWER,2593,2010,0
Simplicity2,WINDPOWER,2594,2010,0
Simplicity2,WINDPOWER,2595,2010,0
Simplicity2,WINDPOWER,2596,2010,0
Simplicity2,WINDPOWER,2597,2010,0
Simplicity2,WINDPOWER,2598,2010,0.03041776
Simplicity2,WINDPOWER,2599,2010,0.223909945
Simplicity2,WINDPOWER,2600,2010,0.437651048
Simplicity2,WINDPOWER,2601,2010,0.532896285
Simplicity2,WINDPOWER,2602,2010,0.552978152
Simplicity2,WINDPOWER,2603,2010,0.693425789
Simplicity2,WINDPOWER,2604,2010,0.702617582
Simplicity2,WINDPOWER,2605,2010,0.689952326
Simplicity2,WINDPOWER,2606,2010,0.739904537
Simplicity2,WINDPOWER,2607,2010,0.626859468
Simplicity2,WINDPOWER,2608,2010,0.48934816
Simplicity2,WINDPOWER,2609,2010,0.299097415
Simplicity2,WINDPOWER,2610,2010,0.099852924
Simplicity2,WINDPOWER,2611,2010,0.008630073
Simplicity2,WINDPOWER,2612,2010,0
Simplicity2,WINDPOWER,2613,2010,0
Simplicity2,WINDPOWER,2614,2010,0
Simplicity2,WINDPOWER,2615,2010,0
Simplicity2,WINDPOWER,2616,2010,0
Simplicity2,WINDPOWER,2617,2010,0
Simplicity2,WINDPOWER,2618,2010,0
Simplicity2,WINDPOWER,2619,2010,0
Simplicity2,WINDPOWER,2620,2010,0
Simplicity2,WINDPOWER,2621,2010,0
Simplicity2,WINDPOWER,2622,2010,0.029299489
Simplicity2,WINDPOWER,2623,2010,0.22583196
Simplicity2,WINDPOWER,2624,2010,0.458520899
Simplicity2,WINDPOWER,2625,2010,0.661209365
Simplicity2,WINDPOWER,2626,2010,0.8107934
Simplicity2,WINDPOWER,2627,2010,0.882949991
Simplicity2,WINDPOWER,2628,2010,0.824183099
Simplicity2,WINDPOWER,2629,2010,0.838488632
Simplicity2,WINDPOWER,2630,2010,0.791953786
Simplicity2,WINDPOWER,2631,2010,0.710173416
Simplicity2,WINDPOWER,2632,2010,0.551953719
Simplicity2,WINDPOWER,2633,2010,0.326482244
Simplicity2,WINDPOWER,2634,2010,0.09976481
Simplicity2,WINDPOWER,2635,2010,0.009168836
Simplicity2,WINDPOWER,2636,2010,0
Simplicity2,WINDPOWER,2637,2010,0
Simplicity2,WINDPOWER,2638,2010,0
Simplicity2,WINDPOWER,2639,2010,0
Simplicity2,WINDPOWER,2640,2010,0
Simplicity2,WINDPOWER,2641,2010,0
Simplicity2,WINDPOWER,2642,2010,0
Simplicity2,WINDPOWER,2643,2010,0
Simplicity2,WINDPOWER,2644,2010,0
Simplicity2,WINDPOWER,2645,2010,0
Simplicity2,WINDPOWER,2646,2010,0.029741381
Simplicity2,WINDPOWER,2647,2010,0.229151314
Simplicity2,WINDPOWER,2648,2010,0.461567707
Simplicity2,WINDPOWER,2649,2010,0.659602811
Simplicity2,WINDPOWER,2650,2010,0.803800308
Simplicity2,WINDPOWER,2651,2010,0.888878466
Simplicity2,WINDPOWER,2652,2010,0.912891105
Simplicity2,WINDPOWER,2653,2010,0.895979119
Simplicity2,WINDPOWER,2654,2010,0.832106615
Simplicity2,WINDPOWER,2655,2010,0.714904845
Simplicity2,WINDPOWER,2656,2010,0.54013513
Simplicity2,WINDPOWER,2657,2010,0.318564972
Simplicity2,WINDPOWER,2658,2010,0.099097204
Simplicity2,WINDPOWER,2659,2010,0.01028546
Simplicity2,WINDPOWER,2660,2010,0
Simplicity2,WINDPOWER,2661,2010,0
Simplicity2,WINDPOWER,2662,2010,0
Simplicity2,WINDPOWER,2663,2010,0
Simplicity2,WINDPOWER,2664,2010,0
Simplicity2,WINDPOWER,2665,2010,0
Simplicity2,WINDPOWER,2666,2010,0
Simplicity2,WINDPOWER,2667,2010,0
Simplicity2,WINDPOWER,2668,2010,0
Simplicity2,WINDPOWER,2669,2010,0
Simplicity2,WINDPOWER,2670,2010,0.031544644
Simplicity2,WINDPOWER,2671,2010,0.139225242
Simplicity2,WINDPOWER,2672,2010,0.172493356
Simplicity2,WINDPOWER,2673,2010,0.264604137
Simplicity2,WINDPOWER,2674,2010,0.315314622
Simplicity2,WINDPOWER,2675,2010,0.310394521
Simplicity2,WINDPOWER,2676,2010,0.365108357
Simplicity2,WINDPOWER,2677,2010,0.270994769
Simplicity2,WINDPOWER,2678,2010,0.329208176
Simplicity2,WINDPOWER,2679,2010,0.390492785
Simplicity2,WINDPOWER,2680,2010,0.239732461
Simplicity2,WINDPOWER,2681,2010,0.147568083
Simplicity2,WINDPOWER,2682,2010,0.077494877
Simplicity2,WINDPOWER,2683,2010,0.009289805
Simplicity2,WINDPOWER,2684,2010,0
Simplicity2,WINDPOWER,2685,2010,0
Simplicity2,WINDPOWER,2686,2010,0
Simplicity2,WINDPOWER,2687,2010,0
Simplicity2,WINDPOWER,2688,2010,0
Simplicity2,WINDPOWER,2689,2010,0
Simplicity2,WINDPOWER,2690,2010,0
Simplicity2,WINDPOWER,2691,2010,0
Simplicity2,WINDPOWER,2692,2010,0
Simplicity2,WINDPOWER,2693,2010,0
Simplicity2,WINDPOWER,2694,2010,0.030596005
Simplicity2,WINDPOWER,2695,2010,0.107174692
Simplicity2,WINDPOWER,2696,2010,0.296718385
Simplicity2,WINDPOWER,2697,2010,0.432410018
Simplicity2,WINDPOWER,2698,2010,0.57035392
Simplicity2,WINDPOWER,2699,2010,0.507595073
Simplicity2,WINDPOWER,2700,2010,0.551298833
Simplicity2,WINDPOWER,2701,2010,0.494007744
Simplicity2,WINDPOWER,2702,2010,0.457456775
Simplicity2,WINDPOWER,2703,2010,0.326341457
Simplicity2,WINDPOWER,2704,2010,0.342636701
Simplicity2,WINDPOWER,2705,2010,0.250286638
Simplicity2,WINDPOWER,2706,2010,0.092086394
Simplicity2,WINDPOWER,2707,2010,0.013654633
Simplicity2,WINDPOWER,2708,2010,0
Simplicity2,WINDPOWER,2709,2010,0
Simplicity2,WINDPOWER,2710,2010,0
Simplicity2,WINDPOWER,2711,2010,0
Simplicity2,WINDPOWER,2712,2010,0
Simplicity2,WINDPOWER,2713,2010,0
Simplicity2,WINDPOWER,2714,2010,0
Simplicity2,WINDPOWER,2715,2010,0
Simplicity2,WINDPOWER,2716,2010,0
Simplicity2,WINDPOWER,2717,2010,0
Simplicity2,WINDPOWER,2718,2010,0.018080907
Simplicity2,WINDPOWER,2719,2010,0.046100678
Simplicity2,WINDPOWER,2720,2010,0.122286957
Simplicity2,WINDPOWER,2721,2010,0.215736123
Simplicity2,WINDPOWER,2722,2010,0.176950184
Simplicity2,WINDPOWER,2723,2010,0.241758334
Simplicity2,WINDPOWER,2724,2010,0.293890953
Simplicity2,WINDPOWER,2725,2010,0.282910286
Simplicity2,WINDPOWER,2726,2010,0.255741849
Simplicity2,WINDPOWER,2727,2010,0.183758749
Simplicity2,WINDPOWER,2728,2010,0.174846302
Simplicity2,WINDPOWER,2729,2010,0.124236387
Simplicity2,WINDPOWER,2730,2010,0.053123012
Simplicity2,WINDPOWER,2731,2010,0.009150736
Simplicity2,WINDPOWER,2732,2010,0
Simplicity2,WINDPOWER,2733,2010,0
Simplicity2,WINDPOWER,2734,2010,0
Simplicity2,WINDPOWER,2735,2010,0
Simplicity2,WINDPOWER,2736,2010,0
Simplicity2,WINDPOWER,2737,2010,0
Simplicity2,WINDPOWER,2738,2010,0
Simplicity2,WINDPOWER,2739,2010,0
Simplicity2,WINDPOWER,2740,2010,0
Simplicity2,WINDPOWER,2741,2010,0
Simplicity2,WINDPOWER,2742,2010,0.030305344
Simplicity2,WINDPOWER,2743,2010,0.077081882
Simplicity2,WINDPOWER,2744,2010,0.117834936
Simplicity2,WINDPOWER,2745,2010,0.165598957
Simplicity2,WINDPOWER,2746,2010,0.274620766
Simplicity2,WINDPOWER,2747,2010,0.461044449
Simplicity2,WINDPOWER,2748,2010,0.421194438
Simplicity2,WINDPOWER,2749,2010,0.306239256
Simplicity2,WINDPOWER,2750,2010,0.361953279
Simplicity2,WINDPOWER,2751,2010,0.313211989
Simplicity2,WINDPOWER,2752,2010,0.170539822
Simplicity2,WINDPOWER,2753,2010,0.143718144
Simplicity2,WINDPOWER,2754,2010,0.059407731
Simplicity2,WINDPOWER,2755,2010,0.012533756
Simplicity2,WINDPOWER,2756,2010,0
Simplicity2,WINDPOWER,2757,2010,0
Simplicity2,WINDPOWER,2758,2010,0
Simplicity2,WINDPOWER,2759,2010,0
Simplicity2,WINDPOWER,2760,2010,0
Simplicity2,WINDPOWER,2761,2010,0
Simplicity2,WINDPOWER,2762,2010,0
Simplicity2,WINDPOWER,2763,2010,0
Simplicity2,WINDPOWER,2764,2010,0
Simplicity2,WINDPOWER,2765,2010,0
Simplicity2,WINDPOWER,2766,2010,0.042906257
Simplicity2,WINDPOWER,2767,2010,0.176686629
Simplicity2,WINDPOWER,2768,2010,0.311285367
Simplicity2,WINDPOWER,2769,2010,0.547739864
Simplicity2,WINDPOWER,2770,2010,0.766047409
Simplicity2,WINDPOWER,2771,2010,0.816007742
Simplicity2,WINDPOWER,2772,2010,0.759341622
Simplicity2,WINDPOWER,2773,2010,0.78863931
Simplicity2,WINDPOWER,2774,2010,0.727044744
Simplicity2,WINDPOWER,2775,2010,0.64493084
Simplicity2,WINDPOWER,2776,2010,0.463952399
Simplicity2,WINDPOWER,2777,2010,0.304953651
Simplicity2,WINDPOWER,2778,2010,0.108246349
Simplicity2,WINDPOWER,2779,2010,0.012710406
Simplicity2,WINDPOWER,2780,2010,0
Simplicity2,WINDPOWER,2781,2010,0
Simplicity2,WINDPOWER,2782,2010,0
Simplicity2,WINDPOWER,2783,2010,0
Simplicity2,WINDPOWER,2784,2010,0
Simplicity2,WINDPOWER,2785,2010,0
Simplicity2,WINDPOWER,2786,2010,0
Simplicity2,WINDPOWER,2787,2010,0
Simplicity2,WINDPOWER,2788,2010,0
Simplicity2,WINDPOWER,2789,2010,0
Simplicity2,WINDPOWER,2790,2010,0.036459549
Simplicity2,WINDPOWER,2791,2010,0.239541606
Simplicity2,WINDPOWER,2792,2010,0.469398373
Simplicity2,WINDPOWER,2793,2010,0.665820178
Simplicity2,WINDPOWER,2794,2010,0.806008791
Simplicity2,WINDPOWER,2795,2010,0.844606153
Simplicity2,WINDPOWER,2796,2010,0.866658772
Simplicity2,WINDPOWER,2797,2010,0.744809805
Simplicity2,WINDPOWER,2798,2010,0.625221908
Simplicity2,WINDPOWER,2799,2010,0.511006394
Simplicity2,WINDPOWER,2800,2010,0.299684064
Simplicity2,WINDPOWER,2801,2010,0.168940146
Simplicity2,WINDPOWER,2802,2010,0.091731866
Simplicity2,WINDPOWER,2803,2010,0.018673877
Simplicity2,WINDPOWER,2804,2010,0
Simplicity2,WINDPOWER,2805,2010,0
Simplicity2,WINDPOWER,2806,2010,0
Simplicity2,WINDPOWER,2807,2010,0
Simplicity2,WINDPOWER,2808,2010,0
Simplicity2,WINDPOWER,2809,2010,0
Simplicity2,WINDPOWER,2810,2010,0
Simplicity2,WINDPOWER,2811,2010,0
Simplicity2,WINDPOWER,2812,2010,0
Simplicity2,WINDPOWER,2813,2010,0
Simplicity2,WINDPOWER,2814,2010,0.045591351
Simplicity2,WINDPOWER,2815,2010,0.212583941
Simplicity2,WINDPOWER,2816,2010,0.402693546
Simplicity2,WINDPOWER,2817,2010,0.528221714
Simplicity2,WINDPOWER,2818,2010,0.681321546
Simplicity2,WINDPOWER,2819,2010,0.67885953
Simplicity2,WINDPOWER,2820,2010,0.67459093
Simplicity2,WINDPOWER,2821,2010,0.653144213
Simplicity2,WINDPOWER,2822,2010,0.602176311
Simplicity2,WINDPOWER,2823,2010,0.533047144
Simplicity2,WINDPOWER,2824,2010,0.374058966
Simplicity2,WINDPOWER,2825,2010,0.232571365
Simplicity2,WINDPOWER,2826,2010,0.08534395
Simplicity2,WINDPOWER,2827,2010,0.015861699
Simplicity2,WINDPOWER,2828,2010,0
Simplicity2,WINDPOWER,2829,2010,0
Simplicity2,WINDPOWER,2830,2010,0
Simplicity2,WINDPOWER,2831,2010,0
Simplicity2,WINDPOWER,2832,2010,0
Simplicity2,WINDPOWER,2833,2010,0
Simplicity2,WINDPOWER,2834,2010,0
Simplicity2,WINDPOWER,2835,2010,0
Simplicity2,WINDPOWER,2836,2010,0
Simplicity2,WINDPOWER,2837,2010,0
Simplicity2,WINDPOWER,2838,2010,0.033973942
Simplicity2,WINDPOWER,2839,2010,0.120596176
Simplicity2,WINDPOWER,2840,2010,0.293394125
Simplicity2,WINDPOWER,2841,2010,0.313240549
Simplicity2,WINDPOWER,2842,2010,0.268935672
Simplicity2,WINDPOWER,2843,2010,0.477459767
Simplicity2,WINDPOWER,2844,2010,0.49954267
Simplicity2,WINDPOWER,2845,2010,0.481332264
Simplicity2,WINDPOWER,2846,2010,0.392154913
Simplicity2,WINDPOWER,2847,2010,0.316671617
Simplicity2,WINDPOWER,2848,2010,0.331710972
Simplicity2,WINDPOWER,2849,2010,0.216522174
Simplicity2,WINDPOWER,2850,2010,0.100518393
Simplicity2,WINDPOWER,2851,2010,0.022048617
Simplicity2,WINDPOWER,2852,2010,0
Simplicity2,WINDPOWER,2853,2010,0
Simplicity2,WINDPOWER,2854,2010,0
Simplicity2,WINDPOWER,2855,2010,0
Simplicity2,WINDPOWER,2856,2010,0
Simplicity2,WINDPOWER,2857,2010,0
Simplicity2,WINDPOWER,2858,2010,0
Simplicity2,WINDPOWER,2859,2010,0
Simplicity2,WINDPOWER,2860,2010,0
Simplicity2,WINDPOWER,2861,2010,0
Simplicity2,WINDPOWER,2862,2010,0.044439865
Simplicity2,WINDPOWER,2863,2010,0.213865345
Simplicity2,WINDPOWER,2864,2010,0.447485271
Simplicity2,WINDPOWER,2865,2010,0.440362977
Simplicity2,WINDPOWER,2866,2010,0.613170344
Simplicity2,WINDPOWER,2867,2010,0.67138966
Simplicity2,WINDPOWER,2868,2010,0.706869025
Simplicity2,WINDPOWER,2869,2010,0.711375613
Simplicity2,WINDPOWER,2870,2010,0.694193655
Simplicity2,WINDPOWER,2871,2010,0.629872396
Simplicity2,WINDPOWER,2872,2010,0.484065142
Simplicity2,WINDPOWER,2873,2010,0.307268182
Simplicity2,WINDPOWER,2874,2010,0.10536504
Simplicity2,WINDPOWER,2875,2010,0.015687851
Simplicity2,WINDPOWER,2876,2010,0
Simplicity2,WINDPOWER,2877,2010,0
Simplicity2,WINDPOWER,2878,2010,0
Simplicity2,WINDPOWER,2879,2010,0
Simplicity2,WINDPOWER,2880,2010,0
Simplicity2,WINDPOWER,2881,2010,0
Simplicity2,WINDPOWER,2882,2010,0
Simplicity2,WINDPOWER,2883,2010,0
Simplicity2,WINDPOWER,2884,2010,0
Simplicity2,WINDPOWER,2885,2010,0
Simplicity2,WINDPOWER,2886,2010,0.046616014
Simplicity2,WINDPOWER,2887,2010,0.218833907
Simplicity2,WINDPOWER,2888,2010,0.405215856
Simplicity2,WINDPOWER,2889,2010,0.606880388
Simplicity2,WINDPOWER,2890,2010,0.685481771
Simplicity2,WINDPOWER,2891,2010,0.769137679
Simplicity2,WINDPOWER,2892,2010,0.79430466
Simplicity2,WINDPOWER,2893,2010,0.728622447
Simplicity2,WINDPOWER,2894,2010,0.689486401
Simplicity2,WINDPOWER,2895,2010,0.633121467
Simplicity2,WINDPOWER,2896,2010,0.471840713
Simplicity2,WINDPOWER,2897,2010,0.247789238
Simplicity2,WINDPOWER,2898,2010,0.101077679
Simplicity2,WINDPOWER,2899,2010,0.019010515
Simplicity2,WINDPOWER,2900,2010,0
Simplicity2,WINDPOWER,2901,2010,0
Simplicity2,WINDPOWER,2902,2010,0
Simplicity2,WINDPOWER,2903,2010,0
Simplicity2,WINDPOWER,2904,2010,0
Simplicity2,WINDPOWER,2905,2010,0
Simplicity2,WINDPOWER,2906,2010,0
Simplicity2,WINDPOWER,2907,2010,0
Simplicity2,WINDPOWER,2908,2010,0
Simplicity2,WINDPOWER,2909,2010,0
Simplicity2,WINDPOWER,2910,2010,0.046746643
Simplicity2,WINDPOWER,2911,2010,0.250317956
Simplicity2,WINDPOWER,2912,2010,0.470329383
Simplicity2,WINDPOWER,2913,2010,0.662281439
Simplicity2,WINDPOWER,2914,2010,0.778919668
Simplicity2,WINDPOWER,2915,2010,0.785099536
Simplicity2,WINDPOWER,2916,2010,0.883983469
Simplicity2,WINDPOWER,2917,2010,0.747487211
Simplicity2,WINDPOWER,2918,2010,0.713461548
Simplicity2,WINDPOWER,2919,2010,0.573260584
Simplicity2,WINDPOWER,2920,2010,0.475272892
Simplicity2,WINDPOWER,2921,2010,0.292481355
Simplicity2,WINDPOWER,2922,2010,0.110895897
Simplicity2,WINDPOWER,2923,2010,0.019116948
Simplicity2,WINDPOWER,2924,2010,0
Simplicity2,WINDPOWER,2925,2010,0
Simplicity2,WINDPOWER,2926,2010,0
Simplicity2,WINDPOWER,2927,2010,0
Simplicity2,WINDPOWER,2928,2010,0
Simplicity2,WINDPOWER,2929,2010,0
Simplicity2,WINDPOWER,2930,2010,0
Simplicity2,WINDPOWER,2931,2010,0
Simplicity2,WINDPOWER,2932,2010,0
Simplicity2,WINDPOWER,2933,2010,0.008653746
Simplicity2,WINDPOWER,2934,2010,0.049223489
Simplicity2,WINDPOWER,2935,2010,0.246524922
Simplicity2,WINDPOWER,2936,2010,0.469636404
Simplicity2,WINDPOWER,2937,2010,0.655103636
Simplicity2,WINDPOWER,2938,2010,0.63362953
Simplicity2,WINDPOWER,2939,2010,0.657145295
Simplicity2,WINDPOWER,2940,2010,0.523360766
Simplicity2,WINDPOWER,2941,2010,0.474375408
Simplicity2,WINDPOWER,2942,2010,0.300477049
Simplicity2,WINDPOWER,2943,2010,0.251942238
Simplicity2,WINDPOWER,2944,2010,0.193389297
Simplicity2,WINDPOWER,2945,2010,0.142933027
Simplicity2,WINDPOWER,2946,2010,0.064830894
Simplicity2,WINDPOWER,2947,2010,0.015785118
Simplicity2,WINDPOWER,2948,2010,0
Simplicity2,WINDPOWER,2949,2010,0
Simplicity2,WINDPOWER,2950,2010,0
Simplicity2,WINDPOWER,2951,2010,0
Simplicity2,WINDPOWER,2952,2010,0
Simplicity2,WINDPOWER,2953,2010,0
Simplicity2,WINDPOWER,2954,2010,0
Simplicity2,WINDPOWER,2955,2010,0
Simplicity2,WINDPOWER,2956,2010,0
Simplicity2,WINDPOWER,2957,2010,0.009537336
Simplicity2,WINDPOWER,2958,2010,0.05914678
Simplicity2,WINDPOWER,2959,2010,0.223235918
Simplicity2,WINDPOWER,2960,2010,0.386382766
Simplicity2,WINDPOWER,2961,2010,0.519581191
Simplicity2,WINDPOWER,2962,2010,0.680223476
Simplicity2,WINDPOWER,2963,2010,0.765591486
Simplicity2,WINDPOWER,2964,2010,0.830885177
Simplicity2,WINDPOWER,2965,2010,0.756636241
Simplicity2,WINDPOWER,2966,2010,0.69495329
Simplicity2,WINDPOWER,2967,2010,0.653142875
Simplicity2,WINDPOWER,2968,2010,0.499842918
Simplicity2,WINDPOWER,2969,2010,0.318694364
Simplicity2,WINDPOWER,2970,2010,0.107958116
Simplicity2,WINDPOWER,2971,2010,0.019040979
Simplicity2,WINDPOWER,2972,2010,0
Simplicity2,WINDPOWER,2973,2010,0
Simplicity2,WINDPOWER,2974,2010,0
Simplicity2,WINDPOWER,2975,2010,0
Simplicity2,WINDPOWER,2976,2010,0
Simplicity2,WINDPOWER,2977,2010,0
Simplicity2,WINDPOWER,2978,2010,0
Simplicity2,WINDPOWER,2979,2010,0
Simplicity2,WINDPOWER,2980,2010,0
Simplicity2,WINDPOWER,2981,2010,0.009697875
Simplicity2,WINDPOWER,2982,2010,0.051206718
Simplicity2,WINDPOWER,2983,2010,0.254231668
Simplicity2,WINDPOWER,2984,2010,0.477424694
Simplicity2,WINDPOWER,2985,2010,0.660699143
Simplicity2,WINDPOWER,2986,2010,0.784520971
Simplicity2,WINDPOWER,2987,2010,0.794768144
Simplicity2,WINDPOWER,2988,2010,0.837559725
Simplicity2,WINDPOWER,2989,2010,0.860158175
Simplicity2,WINDPOWER,2990,2010,0.790557905
Simplicity2,WINDPOWER,2991,2010,0.683942202
Simplicity2,WINDPOWER,2992,2010,0.494471868
Simplicity2,WINDPOWER,2993,2010,0.252908167
Simplicity2,WINDPOWER,2994,2010,0.10184971
Simplicity2,WINDPOWER,2995,2010,0.025219317
Simplicity2,WINDPOWER,2996,2010,0
Simplicity2,WINDPOWER,2997,2010,0
Simplicity2,WINDPOWER,2998,2010,0
Simplicity2,WINDPOWER,2999,2010,0
Simplicity2,WINDPOWER,3000,2010,0
Simplicity2,WINDPOWER,3001,2010,0
Simplicity2,WINDPOWER,3002,2010,0
Simplicity2,WINDPOWER,3003,2010,0
Simplicity2,WINDPOWER,3004,2010,0
Simplicity2,WINDPOWER,3005,2010,0.012952753
Simplicity2,WINDPOWER,3006,2010,0.078392982
Simplicity2,WINDPOWER,3007,2010,0.202589033
Simplicity2,WINDPOWER,3008,2010,0.374870798
Simplicity2,WINDPOWER,3009,2010,0.472169842
Simplicity2,WINDPOWER,3010,2010,0.644951418
Simplicity2,WINDPOWER,3011,2010,0.59687944
Simplicity2,WINDPOWER,3012,2010,0.634311328
Simplicity2,WINDPOWER,3013,2010,0.550019524
Simplicity2,WINDPOWER,3014,2010,0.676581337
Simplicity2,WINDPOWER,3015,2010,0.553771695
Simplicity2,WINDPOWER,3016,2010,0.398050708
Simplicity2,WINDPOWER,3017,2010,0.273701487
Simplicity2,WINDPOWER,3018,2010,0.111747823
Simplicity2,WINDPOWER,3019,2010,0.025743502
Simplicity2,WINDPOWER,3020,2010,0
Simplicity2,WINDPOWER,3021,2010,0
Simplicity2,WINDPOWER,3022,2010,0
Simplicity2,WINDPOWER,3023,2010,0
Simplicity2,WINDPOWER,3024,2010,0
Simplicity2,WINDPOWER,3025,2010,0
Simplicity2,WINDPOWER,3026,2010,0
Simplicity2,WINDPOWER,3027,2010,0
Simplicity2,WINDPOWER,3028,2010,0
Simplicity2,WINDPOWER,3029,2010,0.008135494
Simplicity2,WINDPOWER,3030,2010,0.049920575
Simplicity2,WINDPOWER,3031,2010,0.178828334
Simplicity2,WINDPOWER,3032,2010,0.400902369
Simplicity2,WINDPOWER,3033,2010,0.516009546
Simplicity2,WINDPOWER,3034,2010,0.670005239
Simplicity2,WINDPOWER,3035,2010,0.828676086
Simplicity2,WINDPOWER,3036,2010,0.854388519
Simplicity2,WINDPOWER,3037,2010,0.826751952
Simplicity2,WINDPOWER,3038,2010,0.767117528
Simplicity2,WINDPOWER,3039,2010,0.641054916
Simplicity2,WINDPOWER,3040,2010,0.451099569
Simplicity2,WINDPOWER,3041,2010,0.290649902
Simplicity2,WINDPOWER,3042,2010,0.109370744
Simplicity2,WINDPOWER,3043,2010,0.02732596
Simplicity2,WINDPOWER,3044,2010,0
Simplicity2,WINDPOWER,3045,2010,0
Simplicity2,WINDPOWER,3046,2010,0
Simplicity2,WINDPOWER,3047,2010,0
Simplicity2,WINDPOWER,3048,2010,0
Simplicity2,WINDPOWER,3049,2010,0
Simplicity2,WINDPOWER,3050,2010,0
Simplicity2,WINDPOWER,3051,2010,0
Simplicity2,WINDPOWER,3052,2010,0
Simplicity2,WINDPOWER,3053,2010,0.007831071
Simplicity2,WINDPOWER,3054,2010,0.062049707
Simplicity2,WINDPOWER,3055,2010,0.148730376
Simplicity2,WINDPOWER,3056,2010,0.30742196
Simplicity2,WINDPOWER,3057,2010,0.41015953
Simplicity2,WINDPOWER,3058,2010,0.514372173
Simplicity2,WINDPOWER,3059,2010,0.602260341
Simplicity2,WINDPOWER,3060,2010,0.677626991
Simplicity2,WINDPOWER,3061,2010,0.670272737
Simplicity2,WINDPOWER,3062,2010,0.56494038
Simplicity2,WINDPOWER,3063,2010,0.517340573
Simplicity2,WINDPOWER,3064,2010,0.40452753
Simplicity2,WINDPOWER,3065,2010,0.274842753
Simplicity2,WINDPOWER,3066,2010,0.111174574
Simplicity2,WINDPOWER,3067,2010,0.028283138
Simplicity2,WINDPOWER,3068,2010,0
Simplicity2,WINDPOWER,3069,2010,0
Simplicity2,WINDPOWER,3070,2010,0
Simplicity2,WINDPOWER,3071,2010,0
Simplicity2,WINDPOWER,3072,2010,0
Simplicity2,WINDPOWER,3073,2010,0
Simplicity2,WINDPOWER,3074,2010,0
Simplicity2,WINDPOWER,3075,2010,0
Simplicity2,WINDPOWER,3076,2010,0
Simplicity2,WINDPOWER,3077,2010,0.014504859
Simplicity2,WINDPOWER,3078,2010,0.065000929
Simplicity2,WINDPOWER,3079,2010,0.229008273
Simplicity2,WINDPOWER,3080,2010,0.447535895
Simplicity2,WINDPOWER,3081,2010,0.592128462
Simplicity2,WINDPOWER,3082,2010,0.527717294
Simplicity2,WINDPOWER,3083,2010,0.526886752
Simplicity2,WINDPOWER,3084,2010,0.468738598
Simplicity2,WINDPOWER,3085,2010,0.601038574
Simplicity2,WINDPOWER,3086,2010,0.506636611
Simplicity2,WINDPOWER,3087,2010,0.399856239
Simplicity2,WINDPOWER,3088,2010,0.377342846
Simplicity2,WINDPOWER,3089,2010,0.249811926
Simplicity2,WINDPOWER,3090,2010,0.105005036
Simplicity2,WINDPOWER,3091,2010,0.025230362
Simplicity2,WINDPOWER,3092,2010,0
Simplicity2,WINDPOWER,3093,2010,0
Simplicity2,WINDPOWER,3094,2010,0
Simplicity2,WINDPOWER,3095,2010,0
Simplicity2,WINDPOWER,3096,2010,0
Simplicity2,WINDPOWER,3097,2010,0
Simplicity2,WINDPOWER,3098,2010,0
Simplicity2,WINDPOWER,3099,2010,0
Simplicity2,WINDPOWER,3100,2010,0
Simplicity2,WINDPOWER,3101,2010,0.013939155
Simplicity2,WINDPOWER,3102,2010,0.064330131
Simplicity2,WINDPOWER,3103,2010,0.253538747
Simplicity2,WINDPOWER,3104,2010,0.475032228
Simplicity2,WINDPOWER,3105,2010,0.618423745
Simplicity2,WINDPOWER,3106,2010,0.714923008
Simplicity2,WINDPOWER,3107,2010,0.665654066
Simplicity2,WINDPOWER,3108,2010,0.465761209
Simplicity2,WINDPOWER,3109,2010,0.702066415
Simplicity2,WINDPOWER,3110,2010,0.669224718
Simplicity2,WINDPOWER,3111,2010,0.535724023
Simplicity2,WINDPOWER,3112,2010,0.416150124
Simplicity2,WINDPOWER,3113,2010,0.264603222
Simplicity2,WINDPOWER,3114,2010,0.114695819
Simplicity2,WINDPOWER,3115,2010,0.026221578
Simplicity2,WINDPOWER,3116,2010,0
Simplicity2,WINDPOWER,3117,2010,0
Simplicity2,WINDPOWER,3118,2010,0
Simplicity2,WINDPOWER,3119,2010,0
Simplicity2,WINDPOWER,3120,2010,0
Simplicity2,WINDPOWER,3121,2010,0
Simplicity2,WINDPOWER,3122,2010,0
Simplicity2,WINDPOWER,3123,2010,0
Simplicity2,WINDPOWER,3124,2010,0
Simplicity2,WINDPOWER,3125,2010,0.013978775
Simplicity2,WINDPOWER,3126,2010,0.062319003
Simplicity2,WINDPOWER,3127,2010,0.227048489
Simplicity2,WINDPOWER,3128,2010,0.452375736
Simplicity2,WINDPOWER,3129,2010,0.618375082
Simplicity2,WINDPOWER,3130,2010,0.689555407
Simplicity2,WINDPOWER,3131,2010,0.758096474
Simplicity2,WINDPOWER,3132,2010,0.776393028
Simplicity2,WINDPOWER,3133,2010,0.684223391
Simplicity2,WINDPOWER,3134,2010,0.666480404
Simplicity2,WINDPOWER,3135,2010,0.509134099
Simplicity2,WINDPOWER,3136,2010,0.48583798
Simplicity2,WINDPOWER,3137,2010,0.298721708
Simplicity2,WINDPOWER,3138,2010,0.118571396
Simplicity2,WINDPOWER,3139,2010,0.024681181
Simplicity2,WINDPOWER,3140,2010,0
Simplicity2,WINDPOWER,3141,2010,0
Simplicity2,WINDPOWER,3142,2010,0
Simplicity2,WINDPOWER,3143,2010,0
Simplicity2,WINDPOWER,3144,2010,0
Simplicity2,WINDPOWER,3145,2010,0
Simplicity2,WINDPOWER,3146,2010,0
Simplicity2,WINDPOWER,3147,2010,0
Simplicity2,WINDPOWER,3148,2010,0
Simplicity2,WINDPOWER,3149,2010,0.016571867
Simplicity2,WINDPOWER,3150,2010,0.073038439
Simplicity2,WINDPOWER,3151,2010,0.243469538
Simplicity2,WINDPOWER,3152,2010,0.443471727
Simplicity2,WINDPOWER,3153,2010,0.596361169
Simplicity2,WINDPOWER,3154,2010,0.710065734
Simplicity2,WINDPOWER,3155,2010,0.687071653
Simplicity2,WINDPOWER,3156,2010,0.548443844
Simplicity2,WINDPOWER,3157,2010,0.46816
Simplicity2,WINDPOWER,3158,2010,0.382856256
Simplicity2,WINDPOWER,3159,2010,0.260099218
Simplicity2,WINDPOWER,3160,2010,0.17681553
Simplicity2,WINDPOWER,3161,2010,0.122131431
Simplicity2,WINDPOWER,3162,2010,0.076496398
Simplicity2,WINDPOWER,3163,2010,0.020514771
Simplicity2,WINDPOWER,3164,2010,0
Simplicity2,WINDPOWER,3165,2010,0
Simplicity2,WINDPOWER,3166,2010,0
Simplicity2,WINDPOWER,3167,2010,0
Simplicity2,WINDPOWER,3168,2010,0
Simplicity2,WINDPOWER,3169,2010,0
Simplicity2,WINDPOWER,3170,2010,0
Simplicity2,WINDPOWER,3171,2010,0
Simplicity2,WINDPOWER,3172,2010,0
Simplicity2,WINDPOWER,3173,2010,0.015462371
Simplicity2,WINDPOWER,3174,2010,0.075070553
Simplicity2,WINDPOWER,3175,2010,0.246442525
Simplicity2,WINDPOWER,3176,2010,0.424484948
Simplicity2,WINDPOWER,3177,2010,0.6121347
Simplicity2,WINDPOWER,3178,2010,0.617100383
Simplicity2,WINDPOWER,3179,2010,0.715740315
Simplicity2,WINDPOWER,3180,2010,0.786814168
Simplicity2,WINDPOWER,3181,2010,0.765645158
Simplicity2,WINDPOWER,3182,2010,0.647690907
Simplicity2,WINDPOWER,3183,2010,0.577092066
Simplicity2,WINDPOWER,3184,2010,0.416046393
Simplicity2,WINDPOWER,3185,2010,0.259864768
Simplicity2,WINDPOWER,3186,2010,0.115374447
Simplicity2,WINDPOWER,3187,2010,0.025532152
Simplicity2,WINDPOWER,3188,2010,0
Simplicity2,WINDPOWER,3189,2010,0
Simplicity2,WINDPOWER,3190,2010,0
Simplicity2,WINDPOWER,3191,2010,0
Simplicity2,WINDPOWER,3192,2010,0
Simplicity2,WINDPOWER,3193,2010,0
Simplicity2,WINDPOWER,3194,2010,0
Simplicity2,WINDPOWER,3195,2010,0
Simplicity2,WINDPOWER,3196,2010,0
Simplicity2,WINDPOWER,3197,2010,0.015325222
Simplicity2,WINDPOWER,3198,2010,0.058380016
Simplicity2,WINDPOWER,3199,2010,0.25844326
Simplicity2,WINDPOWER,3200,2010,0.474051717
Simplicity2,WINDPOWER,3201,2010,0.652331392
Simplicity2,WINDPOWER,3202,2010,0.779362286
Simplicity2,WINDPOWER,3203,2010,0.857330871
Simplicity2,WINDPOWER,3204,2010,0.829569039
Simplicity2,WINDPOWER,3205,2010,0.816369875
Simplicity2,WINDPOWER,3206,2010,0.755430324
Simplicity2,WINDPOWER,3207,2010,0.570024469
Simplicity2,WINDPOWER,3208,2010,0.442221754
Simplicity2,WINDPOWER,3209,2010,0.279094215
Simplicity2,WINDPOWER,3210,2010,0.121038675
Simplicity2,WINDPOWER,3211,2010,0.025533009
Simplicity2,WINDPOWER,3212,2010,0
Simplicity2,WINDPOWER,3213,2010,0
Simplicity2,WINDPOWER,3214,2010,0
Simplicity2,WINDPOWER,3215,2010,0
Simplicity2,WINDPOWER,3216,2010,0
Simplicity2,WINDPOWER,3217,2010,0
Simplicity2,WINDPOWER,3218,2010,0
Simplicity2,WINDPOWER,3219,2010,0
Simplicity2,WINDPOWER,3220,2010,0
Simplicity2,WINDPOWER,3221,2010,0.015805106
Simplicity2,WINDPOWER,3222,2010,0.058683444
Simplicity2,WINDPOWER,3223,2010,0.26069184
Simplicity2,WINDPOWER,3224,2010,0.475438983
Simplicity2,WINDPOWER,3225,2010,0.652537789
Simplicity2,WINDPOWER,3226,2010,0.781620826
Simplicity2,WINDPOWER,3227,2010,0.859629616
Simplicity2,WINDPOWER,3228,2010,0.882573944
Simplicity2,WINDPOWER,3229,2010,0.870713277
Simplicity2,WINDPOWER,3230,2010,0.809078692
Simplicity2,WINDPOWER,3231,2010,0.701339298
Simplicity2,WINDPOWER,3232,2010,0.538235784
Simplicity2,WINDPOWER,3233,2010,0.331708408
Simplicity2,WINDPOWER,3234,2010,0.121517358
Simplicity2,WINDPOWER,3235,2010,0.025122888
Simplicity2,WINDPOWER,3236,2010,0
Simplicity2,WINDPOWER,3237,2010,0
Simplicity2,WINDPOWER,3238,2010,0
Simplicity2,WINDPOWER,3239,2010,0
Simplicity2,WINDPOWER,3240,2010,0
Simplicity2,WINDPOWER,3241,2010,0
Simplicity2,WINDPOWER,3242,2010,0
Simplicity2,WINDPOWER,3243,2010,0
Simplicity2,WINDPOWER,3244,2010,0
Simplicity2,WINDPOWER,3245,2010,0.020231137
Simplicity2,WINDPOWER,3246,2010,0.081074371
Simplicity2,WINDPOWER,3247,2010,0.248531753
Simplicity2,WINDPOWER,3248,2010,0.453831825
Simplicity2,WINDPOWER,3249,2010,0.640420201
Simplicity2,WINDPOWER,3250,2010,0.776574634
Simplicity2,WINDPOWER,3251,2010,0.848481327
Simplicity2,WINDPOWER,3252,2010,0.868508908
Simplicity2,WINDPOWER,3253,2010,0.856112544
Simplicity2,WINDPOWER,3254,2010,0.797254712
Simplicity2,WINDPOWER,3255,2010,0.68672624
Simplicity2,WINDPOWER,3256,2010,0.525632611
Simplicity2,WINDPOWER,3257,2010,0.322610504
Simplicity2,WINDPOWER,3258,2010,0.121901331
Simplicity2,WINDPOWER,3259,2010,0.026602378
Simplicity2,WINDPOWER,3260,2010,0
Simplicity2,WINDPOWER,3261,2010,0
Simplicity2,WINDPOWER,3262,2010,0
Simplicity2,WINDPOWER,3263,2010,0
Simplicity2,WINDPOWER,3264,2010,0
Simplicity2,WINDPOWER,3265,2010,0
Simplicity2,WINDPOWER,3266,2010,0
Simplicity2,WINDPOWER,3267,2010,0
Simplicity2,WINDPOWER,3268,2010,0
Simplicity2,WINDPOWER,3269,2010,0.016625184
Simplicity2,WINDPOWER,3270,2010,0.061609205
Simplicity2,WINDPOWER,3271,2010,0.256950512
Simplicity2,WINDPOWER,3272,2010,0.469125724
Simplicity2,WINDPOWER,3273,2010,0.645466854
Simplicity2,WINDPOWER,3274,2010,0.770130328
Simplicity2,WINDPOWER,3275,2010,0.84998335
Simplicity2,WINDPOWER,3276,2010,0.868018631
Simplicity2,WINDPOWER,3277,2010,0.765736777
Simplicity2,WINDPOWER,3278,2010,0.694125409
Simplicity2,WINDPOWER,3279,2010,0.638810645
Simplicity2,WINDPOWER,3280,2010,0.466429572
Simplicity2,WINDPOWER,3281,2010,0.306360639
Simplicity2,WINDPOWER,3282,2010,0.117386238
Simplicity2,WINDPOWER,3283,2010,0.027245649
Simplicity2,WINDPOWER,3284,2010,0
Simplicity2,WINDPOWER,3285,2010,0
Simplicity2,WINDPOWER,3286,2010,0
Simplicity2,WINDPOWER,3287,2010,0
Simplicity2,WINDPOWER,3288,2010,0
Simplicity2,WINDPOWER,3289,2010,0
Simplicity2,WINDPOWER,3290,2010,0
Simplicity2,WINDPOWER,3291,2010,0
Simplicity2,WINDPOWER,3292,2010,0
Simplicity2,WINDPOWER,3293,2010,0.019232726
Simplicity2,WINDPOWER,3294,2010,0.070900619
Simplicity2,WINDPOWER,3295,2010,0.232605295
Simplicity2,WINDPOWER,3296,2010,0.455464471
Simplicity2,WINDPOWER,3297,2010,0.605086946
Simplicity2,WINDPOWER,3298,2010,0.656596227
Simplicity2,WINDPOWER,3299,2010,0.80164696
Simplicity2,WINDPOWER,3300,2010,0.822501912
Simplicity2,WINDPOWER,3301,2010,0.854999634
Simplicity2,WINDPOWER,3302,2010,0.67311815
Simplicity2,WINDPOWER,3303,2010,0.603441709
Simplicity2,WINDPOWER,3304,2010,0.471709802
Simplicity2,WINDPOWER,3305,2010,0.312491798
Simplicity2,WINDPOWER,3306,2010,0.130206678
Simplicity2,WINDPOWER,3307,2010,0.034880285
Simplicity2,WINDPOWER,3308,2010,0
Simplicity2,WINDPOWER,3309,2010,0
Simplicity2,WINDPOWER,3310,2010,0
Simplicity2,WINDPOWER,3311,2010,0
Simplicity2,WINDPOWER,3312,2010,0
Simplicity2,WINDPOWER,3313,2010,0
Simplicity2,WINDPOWER,3314,2010,0
Simplicity2,WINDPOWER,3315,2010,0
Simplicity2,WINDPOWER,3316,2010,0
Simplicity2,WINDPOWER,3317,2010,0.021241579
Simplicity2,WINDPOWER,3318,2010,0.070510812
Simplicity2,WINDPOWER,3319,2010,0.274825747
Simplicity2,WINDPOWER,3320,2010,0.488596442
Simplicity2,WINDPOWER,3321,2010,0.669084411
Simplicity2,WINDPOWER,3322,2010,0.749610606
Simplicity2,WINDPOWER,3323,2010,0.794437299
Simplicity2,WINDPOWER,3324,2010,0.807671468
Simplicity2,WINDPOWER,3325,2010,0.803608275
Simplicity2,WINDPOWER,3326,2010,0.572804463
Simplicity2,WINDPOWER,3327,2010,0.38547552
Simplicity2,WINDPOWER,3328,2010,0.21514211
Simplicity2,WINDPOWER,3329,2010,0.180336863
Simplicity2,WINDPOWER,3330,2010,0.099139271
Simplicity2,WINDPOWER,3331,2010,0.04283254
Simplicity2,WINDPOWER,3332,2010,0
Simplicity2,WINDPOWER,3333,2010,0
Simplicity2,WINDPOWER,3334,2010,0
Simplicity2,WINDPOWER,3335,2010,0
Simplicity2,WINDPOWER,3336,2010,0
Simplicity2,WINDPOWER,3337,2010,0
Simplicity2,WINDPOWER,3338,2010,0
Simplicity2,WINDPOWER,3339,2010,0
Simplicity2,WINDPOWER,3340,2010,0
Simplicity2,WINDPOWER,3341,2010,0.016908482
Simplicity2,WINDPOWER,3342,2010,0.049690637
Simplicity2,WINDPOWER,3343,2010,0.106295633
Simplicity2,WINDPOWER,3344,2010,0.147059196
Simplicity2,WINDPOWER,3345,2010,0.234630922
Simplicity2,WINDPOWER,3346,2010,0.231914204
Simplicity2,WINDPOWER,3347,2010,0.493223795
Simplicity2,WINDPOWER,3348,2010,0.365745272
Simplicity2,WINDPOWER,3349,2010,0.332335803
Simplicity2,WINDPOWER,3350,2010,0.421552771
Simplicity2,WINDPOWER,3351,2010,0.329480165
Simplicity2,WINDPOWER,3352,2010,0.258360423
Simplicity2,WINDPOWER,3353,2010,0.215249959
Simplicity2,WINDPOWER,3354,2010,0.125924539
Simplicity2,WINDPOWER,3355,2010,0.047362224
Simplicity2,WINDPOWER,3356,2010,0
Simplicity2,WINDPOWER,3357,2010,0
Simplicity2,WINDPOWER,3358,2010,0
Simplicity2,WINDPOWER,3359,2010,0
Simplicity2,WINDPOWER,3360,2010,0
Simplicity2,WINDPOWER,3361,2010,0
Simplicity2,WINDPOWER,3362,2010,0
Simplicity2,WINDPOWER,3363,2010,0
Simplicity2,WINDPOWER,3364,2010,0
Simplicity2,WINDPOWER,3365,2010,0.02260199
Simplicity2,WINDPOWER,3366,2010,0.085549375
Simplicity2,WINDPOWER,3367,2010,0.253296362
Simplicity2,WINDPOWER,3368,2010,0.438494172
Simplicity2,WINDPOWER,3369,2010,0.508497236
Simplicity2,WINDPOWER,3370,2010,0.504580917
Simplicity2,WINDPOWER,3371,2010,0.53617266
Simplicity2,WINDPOWER,3372,2010,0.60294496
Simplicity2,WINDPOWER,3373,2010,0.662398719
Simplicity2,WINDPOWER,3374,2010,0.540830314
Simplicity2,WINDPOWER,3375,2010,0.41073735
Simplicity2,WINDPOWER,3376,2010,0.29809893
Simplicity2,WINDPOWER,3377,2010,0.213147966
Simplicity2,WINDPOWER,3378,2010,0.113903829
Simplicity2,WINDPOWER,3379,2010,0.038317462
Simplicity2,WINDPOWER,3380,2010,0
Simplicity2,WINDPOWER,3381,2010,0
Simplicity2,WINDPOWER,3382,2010,0
Simplicity2,WINDPOWER,3383,2010,0
Simplicity2,WINDPOWER,3384,2010,0
Simplicity2,WINDPOWER,3385,2010,0
Simplicity2,WINDPOWER,3386,2010,0
Simplicity2,WINDPOWER,3387,2010,0
Simplicity2,WINDPOWER,3388,2010,0
Simplicity2,WINDPOWER,3389,2010,0.015943337
Simplicity2,WINDPOWER,3390,2010,0.06271439
Simplicity2,WINDPOWER,3391,2010,0.140945764
Simplicity2,WINDPOWER,3392,2010,0.19761375
Simplicity2,WINDPOWER,3393,2010,0.306681391
Simplicity2,WINDPOWER,3394,2010,0.530296414
Simplicity2,WINDPOWER,3395,2010,0.732094794
Simplicity2,WINDPOWER,3396,2010,0.699363575
Simplicity2,WINDPOWER,3397,2010,0.635340445
Simplicity2,WINDPOWER,3398,2010,0.676551305
Simplicity2,WINDPOWER,3399,2010,0.662197373
Simplicity2,WINDPOWER,3400,2010,0.538655682
Simplicity2,WINDPOWER,3401,2010,0.31818224
Simplicity2,WINDPOWER,3402,2010,0.126856474
Simplicity2,WINDPOWER,3403,2010,0.031613122
Simplicity2,WINDPOWER,3404,2010,0
Simplicity2,WINDPOWER,3405,2010,0
Simplicity2,WINDPOWER,3406,2010,0
Simplicity2,WINDPOWER,3407,2010,0
Simplicity2,WINDPOWER,3408,2010,0
Simplicity2,WINDPOWER,3409,2010,0
Simplicity2,WINDPOWER,3410,2010,0
Simplicity2,WINDPOWER,3411,2010,0
Simplicity2,WINDPOWER,3412,2010,0
Simplicity2,WINDPOWER,3413,2010,0.027577489
Simplicity2,WINDPOWER,3414,2010,0.079830088
Simplicity2,WINDPOWER,3415,2010,0.082379511
Simplicity2,WINDPOWER,3416,2010,0.091007879
Simplicity2,WINDPOWER,3417,2010,0.104417266
Simplicity2,WINDPOWER,3418,2010,0.224445905
Simplicity2,WINDPOWER,3419,2010,0.167278657
Simplicity2,WINDPOWER,3420,2010,0.285826954
Simplicity2,WINDPOWER,3421,2010,0.330134176
Simplicity2,WINDPOWER,3422,2010,0.344025274
Simplicity2,WINDPOWER,3423,2010,0.205311924
Simplicity2,WINDPOWER,3424,2010,0.166476109
Simplicity2,WINDPOWER,3425,2010,0.069110005
Simplicity2,WINDPOWER,3426,2010,0.024888639
Simplicity2,WINDPOWER,3427,2010,0.007642026
Simplicity2,WINDPOWER,3428,2010,0
Simplicity2,WINDPOWER,3429,2010,0
Simplicity2,WINDPOWER,3430,2010,0
Simplicity2,WINDPOWER,3431,2010,0
Simplicity2,WINDPOWER,3432,2010,0
Simplicity2,WINDPOWER,3433,2010,0
Simplicity2,WINDPOWER,3434,2010,0
Simplicity2,WINDPOWER,3435,2010,0
Simplicity2,WINDPOWER,3436,2010,0
Simplicity2,WINDPOWER,3437,2010,0.012925921
Simplicity2,WINDPOWER,3438,2010,0.047120099
Simplicity2,WINDPOWER,3439,2010,0.08463083
Simplicity2,WINDPOWER,3440,2010,0.147896491
Simplicity2,WINDPOWER,3441,2010,0.193588002
Simplicity2,WINDPOWER,3442,2010,0.264204274
Simplicity2,WINDPOWER,3443,2010,0.621994463
Simplicity2,WINDPOWER,3444,2010,0.633346233
Simplicity2,WINDPOWER,3445,2010,0.59287927
Simplicity2,WINDPOWER,3446,2010,0.337620752
Simplicity2,WINDPOWER,3447,2010,0.388267418
Simplicity2,WINDPOWER,3448,2010,0.245168164
Simplicity2,WINDPOWER,3449,2010,0.183071423
Simplicity2,WINDPOWER,3450,2010,0.095250726
Simplicity2,WINDPOWER,3451,2010,0.036366736
Simplicity2,WINDPOWER,3452,2010,0
Simplicity2,WINDPOWER,3453,2010,0
Simplicity2,WINDPOWER,3454,2010,0
Simplicity2,WINDPOWER,3455,2010,0
Simplicity2,WINDPOWER,3456,2010,0
Simplicity2,WINDPOWER,3457,2010,0
Simplicity2,WINDPOWER,3458,2010,0
Simplicity2,WINDPOWER,3459,2010,0
Simplicity2,WINDPOWER,3460,2010,0
Simplicity2,WINDPOWER,3461,2010,0.011238611
Simplicity2,WINDPOWER,3462,2010,0.028814447
Simplicity2,WINDPOWER,3463,2010,0.048872904
Simplicity2,WINDPOWER,3464,2010,0.072507614
Simplicity2,WINDPOWER,3465,2010,0.138170906
Simplicity2,WINDPOWER,3466,2010,0.156755226
Simplicity2,WINDPOWER,3467,2010,0.335295788
Simplicity2,WINDPOWER,3468,2010,0.301116953
Simplicity2,WINDPOWER,3469,2010,0.37553614
Simplicity2,WINDPOWER,3470,2010,0.360015387
Simplicity2,WINDPOWER,3471,2010,0.443461159
Simplicity2,WINDPOWER,3472,2010,0.396925304
Simplicity2,WINDPOWER,3473,2010,0.276613425
Simplicity2,WINDPOWER,3474,2010,0.11310686
Simplicity2,WINDPOWER,3475,2010,0.042147244
Simplicity2,WINDPOWER,3476,2010,0
Simplicity2,WINDPOWER,3477,2010,0
Simplicity2,WINDPOWER,3478,2010,0
Simplicity2,WINDPOWER,3479,2010,0
Simplicity2,WINDPOWER,3480,2010,0
Simplicity2,WINDPOWER,3481,2010,0
Simplicity2,WINDPOWER,3482,2010,0
Simplicity2,WINDPOWER,3483,2010,0
Simplicity2,WINDPOWER,3484,2010,0
Simplicity2,WINDPOWER,3485,2010,0.024971211
Simplicity2,WINDPOWER,3486,2010,0.077397434
Simplicity2,WINDPOWER,3487,2010,0.222988196
Simplicity2,WINDPOWER,3488,2010,0.366219587
Simplicity2,WINDPOWER,3489,2010,0.531811943
Simplicity2,WINDPOWER,3490,2010,0.645597691
Simplicity2,WINDPOWER,3491,2010,0.637416292
Simplicity2,WINDPOWER,3492,2010,0.712824183
Simplicity2,WINDPOWER,3493,2010,0.677220766
Simplicity2,WINDPOWER,3494,2010,0.638260759
Simplicity2,WINDPOWER,3495,2010,0.566999565
Simplicity2,WINDPOWER,3496,2010,0.439050887
Simplicity2,WINDPOWER,3497,2010,0.255445142
Simplicity2,WINDPOWER,3498,2010,0.120093103
Simplicity2,WINDPOWER,3499,2010,0.048268803
Simplicity2,WINDPOWER,3500,2010,0
Simplicity2,WINDPOWER,3501,2010,0
Simplicity2,WINDPOWER,3502,2010,0
Simplicity2,WINDPOWER,3503,2010,0
Simplicity2,WINDPOWER,3504,2010,0
Simplicity2,WINDPOWER,3505,2010,0
Simplicity2,WINDPOWER,3506,2010,0
Simplicity2,WINDPOWER,3507,2010,0
Simplicity2,WINDPOWER,3508,2010,0
Simplicity2,WINDPOWER,3509,2010,0.031047465
Simplicity2,WINDPOWER,3510,2010,0.070577109
Simplicity2,WINDPOWER,3511,2010,0.265686637
Simplicity2,WINDPOWER,3512,2010,0.458352823
Simplicity2,WINDPOWER,3513,2010,0.549987232
Simplicity2,WINDPOWER,3514,2010,0.657094069
Simplicity2,WINDPOWER,3515,2010,0.76017807
Simplicity2,WINDPOWER,3516,2010,0.663816571
Simplicity2,WINDPOWER,3517,2010,0.47151055
Simplicity2,WINDPOWER,3518,2010,0.512870964
Simplicity2,WINDPOWER,3519,2010,0.397664878
Simplicity2,WINDPOWER,3520,2010,0.270361742
Simplicity2,WINDPOWER,3521,2010,0.244740232
Simplicity2,WINDPOWER,3522,2010,0.118292152
Simplicity2,WINDPOWER,3523,2010,0.039848326
Simplicity2,WINDPOWER,3524,2010,0
Simplicity2,WINDPOWER,3525,2010,0
Simplicity2,WINDPOWER,3526,2010,0
Simplicity2,WINDPOWER,3527,2010,0
Simplicity2,WINDPOWER,3528,2010,0
Simplicity2,WINDPOWER,3529,2010,0
Simplicity2,WINDPOWER,3530,2010,0
Simplicity2,WINDPOWER,3531,2010,0
Simplicity2,WINDPOWER,3532,2010,0
Simplicity2,WINDPOWER,3533,2010,0.027203337
Simplicity2,WINDPOWER,3534,2010,0.079167497
Simplicity2,WINDPOWER,3535,2010,0.235027341
Simplicity2,WINDPOWER,3536,2010,0.36786637
Simplicity2,WINDPOWER,3537,2010,0.553345168
Simplicity2,WINDPOWER,3538,2010,0.54764421
Simplicity2,WINDPOWER,3539,2010,0.779020926
Simplicity2,WINDPOWER,3540,2010,0.7781507
Simplicity2,WINDPOWER,3541,2010,0.731597459
Simplicity2,WINDPOWER,3542,2010,0.663315189
Simplicity2,WINDPOWER,3543,2010,0.546567226
Simplicity2,WINDPOWER,3544,2010,0.491548589
Simplicity2,WINDPOWER,3545,2010,0.314877876
Simplicity2,WINDPOWER,3546,2010,0.136733469
Simplicity2,WINDPOWER,3547,2010,0.049453541
Simplicity2,WINDPOWER,3548,2010,0
Simplicity2,WINDPOWER,3549,2010,0
Simplicity2,WINDPOWER,3550,2010,0
Simplicity2,WINDPOWER,3551,2010,0
Simplicity2,WINDPOWER,3552,2010,0
Simplicity2,WINDPOWER,3553,2010,0
Simplicity2,WINDPOWER,3554,2010,0
Simplicity2,WINDPOWER,3555,2010,0
Simplicity2,WINDPOWER,3556,2010,0
Simplicity2,WINDPOWER,3557,2010,0.028391303
Simplicity2,WINDPOWER,3558,2010,0.077918265
Simplicity2,WINDPOWER,3559,2010,0.27071133
Simplicity2,WINDPOWER,3560,2010,0.479065612
Simplicity2,WINDPOWER,3561,2010,0.657840701
Simplicity2,WINDPOWER,3562,2010,0.746178936
Simplicity2,WINDPOWER,3563,2010,0.691970444
Simplicity2,WINDPOWER,3564,2010,0.721894311
Simplicity2,WINDPOWER,3565,2010,0.629074125
Simplicity2,WINDPOWER,3566,2010,0.743986592
Simplicity2,WINDPOWER,3567,2010,0.581649799
Simplicity2,WINDPOWER,3568,2010,0.37254385
Simplicity2,WINDPOWER,3569,2010,0.286563732
Simplicity2,WINDPOWER,3570,2010,0.142797232
Simplicity2,WINDPOWER,3571,2010,0.034646681
Simplicity2,WINDPOWER,3572,2010,0
Simplicity2,WINDPOWER,3573,2010,0
Simplicity2,WINDPOWER,3574,2010,0
Simplicity2,WINDPOWER,3575,2010,0
Simplicity2,WINDPOWER,3576,2010,0
Simplicity2,WINDPOWER,3577,2010,0
Simplicity2,WINDPOWER,3578,2010,0
Simplicity2,WINDPOWER,3579,2010,0
Simplicity2,WINDPOWER,3580,2010,0
Simplicity2,WINDPOWER,3581,2010,0.025561517
Simplicity2,WINDPOWER,3582,2010,0.068183926
Simplicity2,WINDPOWER,3583,2010,0.268895409
Simplicity2,WINDPOWER,3584,2010,0.478104812
Simplicity2,WINDPOWER,3585,2010,0.651835141
Simplicity2,WINDPOWER,3586,2010,0.774029344
Simplicity2,WINDPOWER,3587,2010,0.854598138
Simplicity2,WINDPOWER,3588,2010,0.873804397
Simplicity2,WINDPOWER,3589,2010,0.855286849
Simplicity2,WINDPOWER,3590,2010,0.797634085
Simplicity2,WINDPOWER,3591,2010,0.694491252
Simplicity2,WINDPOWER,3592,2010,0.527346754
Simplicity2,WINDPOWER,3593,2010,0.303025004
Simplicity2,WINDPOWER,3594,2010,0.147608598
Simplicity2,WINDPOWER,3595,2010,0.056598987
Simplicity2,WINDPOWER,3596,2010,0
Simplicity2,WINDPOWER,3597,2010,0
Simplicity2,WINDPOWER,3598,2010,0
Simplicity2,WINDPOWER,3599,2010,0
Simplicity2,WINDPOWER,3600,2010,0
Simplicity2,WINDPOWER,3601,2010,0
Simplicity2,WINDPOWER,3602,2010,0
Simplicity2,WINDPOWER,3603,2010,0
Simplicity2,WINDPOWER,3604,2010,0
Simplicity2,WINDPOWER,3605,2010,0.027940195
Simplicity2,WINDPOWER,3606,2010,0.083613386
Simplicity2,WINDPOWER,3607,2010,0.26009276
Simplicity2,WINDPOWER,3608,2010,0.450038004
Simplicity2,WINDPOWER,3609,2010,0.604583326
Simplicity2,WINDPOWER,3610,2010,0.754186192
Simplicity2,WINDPOWER,3611,2010,0.829573324
Simplicity2,WINDPOWER,3612,2010,0.860001164
Simplicity2,WINDPOWER,3613,2010,0.817099551
Simplicity2,WINDPOWER,3614,2010,0.687445128
Simplicity2,WINDPOWER,3615,2010,0.606589522
Simplicity2,WINDPOWER,3616,2010,0.519362444
Simplicity2,WINDPOWER,3617,2010,0.323233027
Simplicity2,WINDPOWER,3618,2010,0.13758435
Simplicity2,WINDPOWER,3619,2010,0.033667442
Simplicity2,WINDPOWER,3620,2010,0
Simplicity2,WINDPOWER,3621,2010,0
Simplicity2,WINDPOWER,3622,2010,0
Simplicity2,WINDPOWER,3623,2010,0
Simplicity2,WINDPOWER,3624,2010,0
Simplicity2,WINDPOWER,3625,2010,0
Simplicity2,WINDPOWER,3626,2010,0
Simplicity2,WINDPOWER,3627,2010,0
Simplicity2,WINDPOWER,3628,2010,0
Simplicity2,WINDPOWER,3629,2010,0.035275477
Simplicity2,WINDPOWER,3630,2010,0.084031493
Simplicity2,WINDPOWER,3631,2010,0.249328449
Simplicity2,WINDPOWER,3632,2010,0.434868605
Simplicity2,WINDPOWER,3633,2010,0.621824664
Simplicity2,WINDPOWER,3634,2010,0.73107168
Simplicity2,WINDPOWER,3635,2010,0.803907966
Simplicity2,WINDPOWER,3636,2010,0.825799911
Simplicity2,WINDPOWER,3637,2010,0.817287504
Simplicity2,WINDPOWER,3638,2010,0.655434998
Simplicity2,WINDPOWER,3639,2010,0.497522479
Simplicity2,WINDPOWER,3640,2010,0.33643532
Simplicity2,WINDPOWER,3641,2010,0.271756563
Simplicity2,WINDPOWER,3642,2010,0.124487306
Simplicity2,WINDPOWER,3643,2010,0.032081916
Simplicity2,WINDPOWER,3644,2010,0
Simplicity2,WINDPOWER,3645,2010,0
Simplicity2,WINDPOWER,3646,2010,0
Simplicity2,WINDPOWER,3647,2010,0
Simplicity2,WINDPOWER,3648,2010,0
Simplicity2,WINDPOWER,3649,2010,0
Simplicity2,WINDPOWER,3650,2010,0
Simplicity2,WINDPOWER,3651,2010,0
Simplicity2,WINDPOWER,3652,2010,0
Simplicity2,WINDPOWER,3653,2010,0.024247194
Simplicity2,WINDPOWER,3654,2010,0.065292695
Simplicity2,WINDPOWER,3655,2010,0.260389781
Simplicity2,WINDPOWER,3656,2010,0.463735988
Simplicity2,WINDPOWER,3657,2010,0.630456576
Simplicity2,WINDPOWER,3658,2010,0.753273164
Simplicity2,WINDPOWER,3659,2010,0.823798588
Simplicity2,WINDPOWER,3660,2010,0.838972459
Simplicity2,WINDPOWER,3661,2010,0.822306176
Simplicity2,WINDPOWER,3662,2010,0.749673246
Simplicity2,WINDPOWER,3663,2010,0.655885769
Simplicity2,WINDPOWER,3664,2010,0.508190816
Simplicity2,WINDPOWER,3665,2010,0.317391242
Simplicity2,WINDPOWER,3666,2010,0.131610893
Simplicity2,WINDPOWER,3667,2010,0.029319004
Simplicity2,WINDPOWER,3668,2010,0.004338676
Simplicity2,WINDPOWER,3669,2010,0
Simplicity2,WINDPOWER,3670,2010,0
Simplicity2,WINDPOWER,3671,2010,0
Simplicity2,WINDPOWER,3672,2010,0
Simplicity2,WINDPOWER,3673,2010,0
Simplicity2,WINDPOWER,3674,2010,0
Simplicity2,WINDPOWER,3675,2010,0
Simplicity2,WINDPOWER,3676,2010,0
Simplicity2,WINDPOWER,3677,2010,0.022216155
Simplicity2,WINDPOWER,3678,2010,0.060761027
Simplicity2,WINDPOWER,3679,2010,0.252663843
Simplicity2,WINDPOWER,3680,2010,0.452406549
Simplicity2,WINDPOWER,3681,2010,0.615725374
Simplicity2,WINDPOWER,3682,2010,0.735132041
Simplicity2,WINDPOWER,3683,2010,0.803475659
Simplicity2,WINDPOWER,3684,2010,0.799762199
Simplicity2,WINDPOWER,3685,2010,0.715811655
Simplicity2,WINDPOWER,3686,2010,0.74891013
Simplicity2,WINDPOWER,3687,2010,0.653513
Simplicity2,WINDPOWER,3688,2010,0.462636184
Simplicity2,WINDPOWER,3689,2010,0.278090683
Simplicity2,WINDPOWER,3690,2010,0.130659456
Simplicity2,WINDPOWER,3691,2010,0.027307331
Simplicity2,WINDPOWER,3692,2010,0.004046809
Simplicity2,WINDPOWER,3693,2010,0
Simplicity2,WINDPOWER,3694,2010,0
Simplicity2,WINDPOWER,3695,2010,0
Simplicity2,WINDPOWER,3696,2010,0
Simplicity2,WINDPOWER,3697,2010,0
Simplicity2,WINDPOWER,3698,2010,0
Simplicity2,WINDPOWER,3699,2010,0
Simplicity2,WINDPOWER,3700,2010,0
Simplicity2,WINDPOWER,3701,2010,0.022007619
Simplicity2,WINDPOWER,3702,2010,0.060718173
Simplicity2,WINDPOWER,3703,2010,0.235284316
Simplicity2,WINDPOWER,3704,2010,0.419244742
Simplicity2,WINDPOWER,3705,2010,0.575418446
Simplicity2,WINDPOWER,3706,2010,0.650444638
Simplicity2,WINDPOWER,3707,2010,0.760623332
Simplicity2,WINDPOWER,3708,2010,0.695097409
Simplicity2,WINDPOWER,3709,2010,0.735380614
Simplicity2,WINDPOWER,3710,2010,0.622457064
Simplicity2,WINDPOWER,3711,2010,0.594038313
Simplicity2,WINDPOWER,3712,2010,0.42018779
Simplicity2,WINDPOWER,3713,2010,0.270477114
Simplicity2,WINDPOWER,3714,2010,0.126681281
Simplicity2,WINDPOWER,3715,2010,0.035121397
Simplicity2,WINDPOWER,3716,2010,0.005318948
Simplicity2,WINDPOWER,3717,2010,0
Simplicity2,WINDPOWER,3718,2010,0
Simplicity2,WINDPOWER,3719,2010,0
Simplicity2,WINDPOWER,3720,2010,0
Simplicity2,WINDPOWER,3721,2010,0
Simplicity2,WINDPOWER,3722,2010,0
Simplicity2,WINDPOWER,3723,2010,0
Simplicity2,WINDPOWER,3724,2010,0
Simplicity2,WINDPOWER,3725,2010,0.032623411
Simplicity2,WINDPOWER,3726,2010,0.072359633
Simplicity2,WINDPOWER,3727,2010,0.250565694
Simplicity2,WINDPOWER,3728,2010,0.448083367
Simplicity2,WINDPOWER,3729,2010,0.564763954
Simplicity2,WINDPOWER,3730,2010,0.657429441
Simplicity2,WINDPOWER,3731,2010,0.694439907
Simplicity2,WINDPOWER,3732,2010,0.739409522
Simplicity2,WINDPOWER,3733,2010,0.718036679
Simplicity2,WINDPOWER,3734,2010,0.512712637
Simplicity2,WINDPOWER,3735,2010,0.542725065
Simplicity2,WINDPOWER,3736,2010,0.423496339
Simplicity2,WINDPOWER,3737,2010,0.204476484
Simplicity2,WINDPOWER,3738,2010,0.100394399
Simplicity2,WINDPOWER,3739,2010,0.050404262
Simplicity2,WINDPOWER,3740,2010,0.008413437
Simplicity2,WINDPOWER,3741,2010,0
Simplicity2,WINDPOWER,3742,2010,0
Simplicity2,WINDPOWER,3743,2010,0
Simplicity2,WINDPOWER,3744,2010,0
Simplicity2,WINDPOWER,3745,2010,0
Simplicity2,WINDPOWER,3746,2010,0
Simplicity2,WINDPOWER,3747,2010,0
Simplicity2,WINDPOWER,3748,2010,0
Simplicity2,WINDPOWER,3749,2010,0.030722715
Simplicity2,WINDPOWER,3750,2010,0.077160478
Simplicity2,WINDPOWER,3751,2010,0.214639493
Simplicity2,WINDPOWER,3752,2010,0.372478476
Simplicity2,WINDPOWER,3753,2010,0.524369491
Simplicity2,WINDPOWER,3754,2010,0.646530882
Simplicity2,WINDPOWER,3755,2010,0.708873799
Simplicity2,WINDPOWER,3756,2010,0.648773045
Simplicity2,WINDPOWER,3757,2010,0.493409617
Simplicity2,WINDPOWER,3758,2010,0.482113192
Simplicity2,WINDPOWER,3759,2010,0.421722505
Simplicity2,WINDPOWER,3760,2010,0.327618089
Simplicity2,WINDPOWER,3761,2010,0.205602666
Simplicity2,WINDPOWER,3762,2010,0.110603695
Simplicity2,WINDPOWER,3763,2010,0.053360699
Simplicity2,WINDPOWER,3764,2010,0.009889054
Simplicity2,WINDPOWER,3765,2010,0
Simplicity2,WINDPOWER,3766,2010,0
Simplicity2,WINDPOWER,3767,2010,0
Simplicity2,WINDPOWER,3768,2010,0
Simplicity2,WINDPOWER,3769,2010,0
Simplicity2,WINDPOWER,3770,2010,0
Simplicity2,WINDPOWER,3771,2010,0
Simplicity2,WINDPOWER,3772,2010,0
Simplicity2,WINDPOWER,3773,2010,0.031458167
Simplicity2,WINDPOWER,3774,2010,0.081907344
Simplicity2,WINDPOWER,3775,2010,0.247555543
Simplicity2,WINDPOWER,3776,2010,0.418540637
Simplicity2,WINDPOWER,3777,2010,0.565895126
Simplicity2,WINDPOWER,3778,2010,0.701974558
Simplicity2,WINDPOWER,3779,2010,0.785761891
Simplicity2,WINDPOWER,3780,2010,0.802043164
Simplicity2,WINDPOWER,3781,2010,0.732191968
Simplicity2,WINDPOWER,3782,2010,0.725613096
Simplicity2,WINDPOWER,3783,2010,0.669499676
Simplicity2,WINDPOWER,3784,2010,0.450267858
Simplicity2,WINDPOWER,3785,2010,0.283815736
Simplicity2,WINDPOWER,3786,2010,0.128630959
Simplicity2,WINDPOWER,3787,2010,0.05110723
Simplicity2,WINDPOWER,3788,2010,0.008267945
Simplicity2,WINDPOWER,3789,2010,0
Simplicity2,WINDPOWER,3790,2010,0
Simplicity2,WINDPOWER,3791,2010,0
Simplicity2,WINDPOWER,3792,2010,0
Simplicity2,WINDPOWER,3793,2010,0
Simplicity2,WINDPOWER,3794,2010,0
Simplicity2,WINDPOWER,3795,2010,0
Simplicity2,WINDPOWER,3796,2010,0
Simplicity2,WINDPOWER,3797,2010,0.030739665
Simplicity2,WINDPOWER,3798,2010,0.081281517
Simplicity2,WINDPOWER,3799,2010,0.233991561
Simplicity2,WINDPOWER,3800,2010,0.39112017
Simplicity2,WINDPOWER,3801,2010,0.551686232
Simplicity2,WINDPOWER,3802,2010,0.613040398
Simplicity2,WINDPOWER,3803,2010,0.693653526
Simplicity2,WINDPOWER,3804,2010,0.64660728
Simplicity2,WINDPOWER,3805,2010,0.505288988
Simplicity2,WINDPOWER,3806,2010,0.415044963
Simplicity2,WINDPOWER,3807,2010,0.376177118
Simplicity2,WINDPOWER,3808,2010,0.263898556
Simplicity2,WINDPOWER,3809,2010,0.245077764
Simplicity2,WINDPOWER,3810,2010,0.093296168
Simplicity2,WINDPOWER,3811,2010,0.035725327
Simplicity2,WINDPOWER,3812,2010,0.005924073
Simplicity2,WINDPOWER,3813,2010,0
Simplicity2,WINDPOWER,3814,2010,0
Simplicity2,WINDPOWER,3815,2010,0
Simplicity2,WINDPOWER,3816,2010,0
Simplicity2,WINDPOWER,3817,2010,0
Simplicity2,WINDPOWER,3818,2010,0
Simplicity2,WINDPOWER,3819,2010,0
Simplicity2,WINDPOWER,3820,2010,0
Simplicity2,WINDPOWER,3821,2010,0.031782012
Simplicity2,WINDPOWER,3822,2010,0.057311788
Simplicity2,WINDPOWER,3823,2010,0.121298404
Simplicity2,WINDPOWER,3824,2010,0.126000578
Simplicity2,WINDPOWER,3825,2010,0.232021538
Simplicity2,WINDPOWER,3826,2010,0.329305795
Simplicity2,WINDPOWER,3827,2010,0.306844999
Simplicity2,WINDPOWER,3828,2010,0.322444866
Simplicity2,WINDPOWER,3829,2010,0.235859079
Simplicity2,WINDPOWER,3830,2010,0.250757563
Simplicity2,WINDPOWER,3831,2010,0.297818957
Simplicity2,WINDPOWER,3832,2010,0.288541252
Simplicity2,WINDPOWER,3833,2010,0.2587375
Simplicity2,WINDPOWER,3834,2010,0.132449948
Simplicity2,WINDPOWER,3835,2010,0.049800154
Simplicity2,WINDPOWER,3836,2010,0.009373668
Simplicity2,WINDPOWER,3837,2010,0
Simplicity2,WINDPOWER,3838,2010,0
Simplicity2,WINDPOWER,3839,2010,0
Simplicity2,WINDPOWER,3840,2010,0
Simplicity2,WINDPOWER,3841,2010,0
Simplicity2,WINDPOWER,3842,2010,0
Simplicity2,WINDPOWER,3843,2010,0
Simplicity2,WINDPOWER,3844,2010,0
Simplicity2,WINDPOWER,3845,2010,0.023484301
Simplicity2,WINDPOWER,3846,2010,0.06019023
Simplicity2,WINDPOWER,3847,2010,0.136834888
Simplicity2,WINDPOWER,3848,2010,0.237477519
Simplicity2,WINDPOWER,3849,2010,0.290686728
Simplicity2,WINDPOWER,3850,2010,0.379178203
Simplicity2,WINDPOWER,3851,2010,0.472877135
Simplicity2,WINDPOWER,3852,2010,0.551999324
Simplicity2,WINDPOWER,3853,2010,0.503098501
Simplicity2,WINDPOWER,3854,2010,0.472327816
Simplicity2,WINDPOWER,3855,2010,0.440494537
Simplicity2,WINDPOWER,3856,2010,0.328951736
Simplicity2,WINDPOWER,3857,2010,0.252998859
Simplicity2,WINDPOWER,3858,2010,0.150701878
Simplicity2,WINDPOWER,3859,2010,0.044987056
Simplicity2,WINDPOWER,3860,2010,0.009437199
Simplicity2,WINDPOWER,3861,2010,0
Simplicity2,WINDPOWER,3862,2010,0
Simplicity2,WINDPOWER,3863,2010,0
Simplicity2,WINDPOWER,3864,2010,0
Simplicity2,WINDPOWER,3865,2010,0
Simplicity2,WINDPOWER,3866,2010,0
Simplicity2,WINDPOWER,3867,2010,0
Simplicity2,WINDPOWER,3868,2010,0
Simplicity2,WINDPOWER,3869,2010,0.030929584
Simplicity2,WINDPOWER,3870,2010,0.090663259
Simplicity2,WINDPOWER,3871,2010,0.22542573
Simplicity2,WINDPOWER,3872,2010,0.382859856
Simplicity2,WINDPOWER,3873,2010,0.525044243
Simplicity2,WINDPOWER,3874,2010,0.607844616
Simplicity2,WINDPOWER,3875,2010,0.491393037
Simplicity2,WINDPOWER,3876,2010,0.548779268
Simplicity2,WINDPOWER,3877,2010,0.581022482
Simplicity2,WINDPOWER,3878,2010,0.59757121
Simplicity2,WINDPOWER,3879,2010,0.540991771
Simplicity2,WINDPOWER,3880,2010,0.384597357
Simplicity2,WINDPOWER,3881,2010,0.214949542
Simplicity2,WINDPOWER,3882,2010,0.133785367
Simplicity2,WINDPOWER,3883,2010,0.052006077
Simplicity2,WINDPOWER,3884,2010,0.009612803
Simplicity2,WINDPOWER,3885,2010,0
Simplicity2,WINDPOWER,3886,2010,0
Simplicity2,WINDPOWER,3887,2010,0
Simplicity2,WINDPOWER,3888,2010,0
Simplicity2,WINDPOWER,3889,2010,0
Simplicity2,WINDPOWER,3890,2010,0
Simplicity2,WINDPOWER,3891,2010,0
Simplicity2,WINDPOWER,3892,2010,0
Simplicity2,WINDPOWER,3893,2010,0.026977863
Simplicity2,WINDPOWER,3894,2010,0.074576543
Simplicity2,WINDPOWER,3895,2010,0.164214386
Simplicity2,WINDPOWER,3896,2010,0.365995775
Simplicity2,WINDPOWER,3897,2010,0.491677271
Simplicity2,WINDPOWER,3898,2010,0.61641589
Simplicity2,WINDPOWER,3899,2010,0.718390491
Simplicity2,WINDPOWER,3900,2010,0.753047564
Simplicity2,WINDPOWER,3901,2010,0.79469544
Simplicity2,WINDPOWER,3902,2010,0.753351107
Simplicity2,WINDPOWER,3903,2010,0.658486976
Simplicity2,WINDPOWER,3904,2010,0.50303074
Simplicity2,WINDPOWER,3905,2010,0.273226517
Simplicity2,WINDPOWER,3906,2010,0.115298266
Simplicity2,WINDPOWER,3907,2010,0.042720588
Simplicity2,WINDPOWER,3908,2010,0.008309862
Simplicity2,WINDPOWER,3909,2010,0
Simplicity2,WINDPOWER,3910,2010,0
Simplicity2,WINDPOWER,3911,2010,0
Simplicity2,WINDPOWER,3912,2010,0
Simplicity2,WINDPOWER,3913,2010,0
Simplicity2,WINDPOWER,3914,2010,0
Simplicity2,WINDPOWER,3915,2010,0
Simplicity2,WINDPOWER,3916,2010,0
Simplicity2,WINDPOWER,3917,2010,0.034583993
Simplicity2,WINDPOWER,3918,2010,0.090264149
Simplicity2,WINDPOWER,3919,2010,0.176144303
Simplicity2,WINDPOWER,3920,2010,0.299303897
Simplicity2,WINDPOWER,3921,2010,0.461174873
Simplicity2,WINDPOWER,3922,2010,0.685391751
Simplicity2,WINDPOWER,3923,2010,0.798108867
Simplicity2,WINDPOWER,3924,2010,0.834952119
Simplicity2,WINDPOWER,3925,2010,0.738118396
Simplicity2,WINDPOWER,3926,2010,0.657011845
Simplicity2,WINDPOWER,3927,2010,0.578303791
Simplicity2,WINDPOWER,3928,2010,0.475058873
Simplicity2,WINDPOWER,3929,2010,0.302574606
Simplicity2,WINDPOWER,3930,2010,0.126776088
Simplicity2,WINDPOWER,3931,2010,0.032723307
Simplicity2,WINDPOWER,3932,2010,0.005009266
Simplicity2,WINDPOWER,3933,2010,0
Simplicity2,WINDPOWER,3934,2010,0
Simplicity2,WINDPOWER,3935,2010,0
Simplicity2,WINDPOWER,3936,2010,0
Simplicity2,WINDPOWER,3937,2010,0
Simplicity2,WINDPOWER,3938,2010,0
Simplicity2,WINDPOWER,3939,2010,0
Simplicity2,WINDPOWER,3940,2010,0
Simplicity2,WINDPOWER,3941,2010,0.023735122
Simplicity2,WINDPOWER,3942,2010,0.058218145
Simplicity2,WINDPOWER,3943,2010,0.244451293
Simplicity2,WINDPOWER,3944,2010,0.435504821
Simplicity2,WINDPOWER,3945,2010,0.605798391
Simplicity2,WINDPOWER,3946,2010,0.728423588
Simplicity2,WINDPOWER,3947,2010,0.773173543
Simplicity2,WINDPOWER,3948,2010,0.757823
Simplicity2,WINDPOWER,3949,2010,0.766739068
Simplicity2,WINDPOWER,3950,2010,0.718750143
Simplicity2,WINDPOWER,3951,2010,0.616366691
Simplicity2,WINDPOWER,3952,2010,0.494096321
Simplicity2,WINDPOWER,3953,2010,0.297797447
Simplicity2,WINDPOWER,3954,2010,0.138205571
Simplicity2,WINDPOWER,3955,2010,0.029843928
Simplicity2,WINDPOWER,3956,2010,0.005347831
Simplicity2,WINDPOWER,3957,2010,0
Simplicity2,WINDPOWER,3958,2010,0
Simplicity2,WINDPOWER,3959,2010,0
Simplicity2,WINDPOWER,3960,2010,0
Simplicity2,WINDPOWER,3961,2010,0
Simplicity2,WINDPOWER,3962,2010,0
Simplicity2,WINDPOWER,3963,2010,0
Simplicity2,WINDPOWER,3964,2010,0
Simplicity2,WINDPOWER,3965,2010,0.02171207
Simplicity2,WINDPOWER,3966,2010,0.042071155
Simplicity2,WINDPOWER,3967,2010,0.081645657
Simplicity2,WINDPOWER,3968,2010,0.109373757
Simplicity2,WINDPOWER,3969,2010,0.380085307
Simplicity2,WINDPOWER,3970,2010,0.48676677
Simplicity2,WINDPOWER,3971,2010,0.720315741
Simplicity2,WINDPOWER,3972,2010,0.758464781
Simplicity2,WINDPOWER,3973,2010,0.750842875
Simplicity2,WINDPOWER,3974,2010,0.617143421
Simplicity2,WINDPOWER,3975,2010,0.590086326
Simplicity2,WINDPOWER,3976,2010,0.421181617
Simplicity2,WINDPOWER,3977,2010,0.269160769
Simplicity2,WINDPOWER,3978,2010,0.136302566
Simplicity2,WINDPOWER,3979,2010,0.045012722
Simplicity2,WINDPOWER,3980,2010,0.007707308
Simplicity2,WINDPOWER,3981,2010,0
Simplicity2,WINDPOWER,3982,2010,0
Simplicity2,WINDPOWER,3983,2010,0
Simplicity2,WINDPOWER,3984,2010,0
Simplicity2,WINDPOWER,3985,2010,0
Simplicity2,WINDPOWER,3986,2010,0
Simplicity2,WINDPOWER,3987,2010,0
Simplicity2,WINDPOWER,3988,2010,0
Simplicity2,WINDPOWER,3989,2010,0.027651747
Simplicity2,WINDPOWER,3990,2010,0.070582838
Simplicity2,WINDPOWER,3991,2010,0.238795624
Simplicity2,WINDPOWER,3992,2010,0.411985652
Simplicity2,WINDPOWER,3993,2010,0.547286126
Simplicity2,WINDPOWER,3994,2010,0.698696147
Simplicity2,WINDPOWER,3995,2010,0.771876724
Simplicity2,WINDPOWER,3996,2010,0.775170263
Simplicity2,WINDPOWER,3997,2010,0.756088732
Simplicity2,WINDPOWER,3998,2010,0.669996151
Simplicity2,WINDPOWER,3999,2010,0.625602875
Simplicity2,WINDPOWER,4000,2010,0.487338927
Simplicity2,WINDPOWER,4001,2010,0.302553116
Simplicity2,WINDPOWER,4002,2010,0.145854976
Simplicity2,WINDPOWER,4003,2010,0.038221252
Simplicity2,WINDPOWER,4004,2010,0.008673506
Simplicity2,WINDPOWER,4005,2010,0
Simplicity2,WINDPOWER,4006,2010,0
Simplicity2,WINDPOWER,4007,2010,0
Simplicity2,WINDPOWER,4008,2010,0
Simplicity2,WINDPOWER,4009,2010,0
Simplicity2,WINDPOWER,4010,2010,0
Simplicity2,WINDPOWER,4011,2010,0
Simplicity2,WINDPOWER,4012,2010,0
Simplicity2,WINDPOWER,4013,2010,0.025532316
Simplicity2,WINDPOWER,4014,2010,0.059170634
Simplicity2,WINDPOWER,4015,2010,0.255430655
Simplicity2,WINDPOWER,4016,2010,0.459852397
Simplicity2,WINDPOWER,4017,2010,0.626296657
Simplicity2,WINDPOWER,4018,2010,0.749927262
Simplicity2,WINDPOWER,4019,2010,0.815558744
Simplicity2,WINDPOWER,4020,2010,0.855501891
Simplicity2,WINDPOWER,4021,2010,0.843759994
Simplicity2,WINDPOWER,4022,2010,0.760613428
Simplicity2,WINDPOWER,4023,2010,0.648371025
Simplicity2,WINDPOWER,4024,2010,0.464859535
Simplicity2,WINDPOWER,4025,2010,0.331959804
Simplicity2,WINDPOWER,4026,2010,0.150878187
Simplicity2,WINDPOWER,4027,2010,0.032759033
Simplicity2,WINDPOWER,4028,2010,0.007691993
Simplicity2,WINDPOWER,4029,2010,0
Simplicity2,WINDPOWER,4030,2010,0
Simplicity2,WINDPOWER,4031,2010,0
Simplicity2,WINDPOWER,4032,2010,0
Simplicity2,WINDPOWER,4033,2010,0
Simplicity2,WINDPOWER,4034,2010,0
Simplicity2,WINDPOWER,4035,2010,0
Simplicity2,WINDPOWER,4036,2010,0
Simplicity2,WINDPOWER,4037,2010,0.025266998
Simplicity2,WINDPOWER,4038,2010,0.057205904
Simplicity2,WINDPOWER,4039,2010,0.24954268
Simplicity2,WINDPOWER,4040,2010,0.45367858
Simplicity2,WINDPOWER,4041,2010,0.613349284
Simplicity2,WINDPOWER,4042,2010,0.738453951
Simplicity2,WINDPOWER,4043,2010,0.800463308
Simplicity2,WINDPOWER,4044,2010,0.765841002
Simplicity2,WINDPOWER,4045,2010,0.680267433
Simplicity2,WINDPOWER,4046,2010,0.590658728
Simplicity2,WINDPOWER,4047,2010,0.449478837
Simplicity2,WINDPOWER,4048,2010,0.419676526
Simplicity2,WINDPOWER,4049,2010,0.296104329
Simplicity2,WINDPOWER,4050,2010,0.149220645
Simplicity2,WINDPOWER,4051,2010,0.035309206
Simplicity2,WINDPOWER,4052,2010,0.01073862
Simplicity2,WINDPOWER,4053,2010,0
Simplicity2,WINDPOWER,4054,2010,0
Simplicity2,WINDPOWER,4055,2010,0
Simplicity2,WINDPOWER,4056,2010,0
Simplicity2,WINDPOWER,4057,2010,0
Simplicity2,WINDPOWER,4058,2010,0
Simplicity2,WINDPOWER,4059,2010,0
Simplicity2,WINDPOWER,4060,2010,0
Simplicity2,WINDPOWER,4061,2010,0.039448529
Simplicity2,WINDPOWER,4062,2010,0.097603744
Simplicity2,WINDPOWER,4063,2010,0.207367315
Simplicity2,WINDPOWER,4064,2010,0.31117584
Simplicity2,WINDPOWER,4065,2010,0.286343406
Simplicity2,WINDPOWER,4066,2010,0.280187699
Simplicity2,WINDPOWER,4067,2010,0.431816099
Simplicity2,WINDPOWER,4068,2010,0.275220796
Simplicity2,WINDPOWER,4069,2010,0.191365021
Simplicity2,WINDPOWER,4070,2010,0.394642372
Simplicity2,WINDPOWER,4071,2010,0.401705689
Simplicity2,WINDPOWER,4072,2010,0.293649995
Simplicity2,WINDPOWER,4073,2010,0.164070551
Simplicity2,WINDPOWER,4074,2010,0.089978671
Simplicity2,WINDPOWER,4075,2010,0.035899552
Simplicity2,WINDPOWER,4076,2010,0.006689906
Simplicity2,WINDPOWER,4077,2010,0
Simplicity2,WINDPOWER,4078,2010,0
Simplicity2,WINDPOWER,4079,2010,0
Simplicity2,WINDPOWER,4080,2010,0
Simplicity2,WINDPOWER,4081,2010,0
Simplicity2,WINDPOWER,4082,2010,0
Simplicity2,WINDPOWER,4083,2010,0
Simplicity2,WINDPOWER,4084,2010,0
Simplicity2,WINDPOWER,4085,2010,0.024138101
Simplicity2,WINDPOWER,4086,2010,0.072449787
Simplicity2,WINDPOWER,4087,2010,0.198644941
Simplicity2,WINDPOWER,4088,2010,0.369947599
Simplicity2,WINDPOWER,4089,2010,0.491420481
Simplicity2,WINDPOWER,4090,2010,0.55165313
Simplicity2,WINDPOWER,4091,2010,0.497201731
Simplicity2,WINDPOWER,4092,2010,0.444414765
Simplicity2,WINDPOWER,4093,2010,0.580675032
Simplicity2,WINDPOWER,4094,2010,0.4082696
Simplicity2,WINDPOWER,4095,2010,0.33188905
Simplicity2,WINDPOWER,4096,2010,0.319013188
Simplicity2,WINDPOWER,4097,2010,0.244938663
Simplicity2,WINDPOWER,4098,2010,0.134233075
Simplicity2,WINDPOWER,4099,2010,0.040524694
Simplicity2,WINDPOWER,4100,2010,0.00904546
Simplicity2,WINDPOWER,4101,2010,0
Simplicity2,WINDPOWER,4102,2010,0
Simplicity2,WINDPOWER,4103,2010,0
Simplicity2,WINDPOWER,4104,2010,0
Simplicity2,WINDPOWER,4105,2010,0
Simplicity2,WINDPOWER,4106,2010,0
Simplicity2,WINDPOWER,4107,2010,0
Simplicity2,WINDPOWER,4108,2010,0
Simplicity2,WINDPOWER,4109,2010,0.03721066
Simplicity2,WINDPOWER,4110,2010,0.074190056
Simplicity2,WINDPOWER,4111,2010,0.23467514
Simplicity2,WINDPOWER,4112,2010,0.413816135
Simplicity2,WINDPOWER,4113,2010,0.582414743
Simplicity2,WINDPOWER,4114,2010,0.708434696
Simplicity2,WINDPOWER,4115,2010,0.782601799
Simplicity2,WINDPOWER,4116,2010,0.779223168
Simplicity2,WINDPOWER,4117,2010,0.731746842
Simplicity2,WINDPOWER,4118,2010,0.734887618
Simplicity2,WINDPOWER,4119,2010,0.651199397
Simplicity2,WINDPOWER,4120,2010,0.520318501
Simplicity2,WINDPOWER,4121,2010,0.346488703
Simplicity2,WINDPOWER,4122,2010,0.149897067
Simplicity2,WINDPOWER,4123,2010,0.036519601
Simplicity2,WINDPOWER,4124,2010,0.008238028
Simplicity2,WINDPOWER,4125,2010,0
Simplicity2,WINDPOWER,4126,2010,0
Simplicity2,WINDPOWER,4127,2010,0
Simplicity2,WINDPOWER,4128,2010,0
Simplicity2,WINDPOWER,4129,2010,0
Simplicity2,WINDPOWER,4130,2010,0
Simplicity2,WINDPOWER,4131,2010,0
Simplicity2,WINDPOWER,4132,2010,0
Simplicity2,WINDPOWER,4133,2010,0.022924784
Simplicity2,WINDPOWER,4134,2010,0.05239694
Simplicity2,WINDPOWER,4135,2010,0.241359953
Simplicity2,WINDPOWER,4136,2010,0.439887385
Simplicity2,WINDPOWER,4137,2010,0.604437759
Simplicity2,WINDPOWER,4138,2010,0.71895902
Simplicity2,WINDPOWER,4139,2010,0.771829055
Simplicity2,WINDPOWER,4140,2010,0.773046868
Simplicity2,WINDPOWER,4141,2010,0.727800727
Simplicity2,WINDPOWER,4142,2010,0.710554298
Simplicity2,WINDPOWER,4143,2010,0.566772321
Simplicity2,WINDPOWER,4144,2010,0.44910104
Simplicity2,WINDPOWER,4145,2010,0.311813258
Simplicity2,WINDPOWER,4146,2010,0.141220988
Simplicity2,WINDPOWER,4147,2010,0.031685623
Simplicity2,WINDPOWER,4148,2010,0.006236922
Simplicity2,WINDPOWER,4149,2010,0
Simplicity2,WINDPOWER,4150,2010,0
Simplicity2,WINDPOWER,4151,2010,0
Simplicity2,WINDPOWER,4152,2010,0
Simplicity2,WINDPOWER,4153,2010,0
Simplicity2,WINDPOWER,4154,2010,0
Simplicity2,WINDPOWER,4155,2010,0
Simplicity2,WINDPOWER,4156,2010,0
Simplicity2,WINDPOWER,4157,2010,0.022094553
Simplicity2,WINDPOWER,4158,2010,0.053051234
Simplicity2,WINDPOWER,4159,2010,0.239657758
Simplicity2,WINDPOWER,4160,2010,0.440389781
Simplicity2,WINDPOWER,4161,2010,0.597214446
Simplicity2,WINDPOWER,4162,2010,0.689722476
Simplicity2,WINDPOWER,4163,2010,0.702739956
Simplicity2,WINDPOWER,4164,2010,0.613558979
Simplicity2,WINDPOWER,4165,2010,0.610359603
Simplicity2,WINDPOWER,4166,2010,0.541185206
Simplicity2,WINDPOWER,4167,2010,0.609032823
Simplicity2,WINDPOWER,4168,2010,0.391273898
Simplicity2,WINDPOWER,4169,2010,0.251651851
Simplicity2,WINDPOWER,4170,2010,0.125451289
Simplicity2,WINDPOWER,4171,2010,0.037619517
Simplicity2,WINDPOWER,4172,2010,0.007226306
Simplicity2,WINDPOWER,4173,2010,0
Simplicity2,WINDPOWER,4174,2010,0
Simplicity2,WINDPOWER,4175,2010,0
Simplicity2,WINDPOWER,4176,2010,0
Simplicity2,WINDPOWER,4177,2010,0
Simplicity2,WINDPOWER,4178,2010,0
Simplicity2,WINDPOWER,4179,2010,0
Simplicity2,WINDPOWER,4180,2010,0
Simplicity2,WINDPOWER,4181,2010,0.027059873
Simplicity2,WINDPOWER,4182,2010,0.061216168
Simplicity2,WINDPOWER,4183,2010,0.227077742
Simplicity2,WINDPOWER,4184,2010,0.387362504
Simplicity2,WINDPOWER,4185,2010,0.567041418
Simplicity2,WINDPOWER,4186,2010,0.643635701
Simplicity2,WINDPOWER,4187,2010,0.618253746
Simplicity2,WINDPOWER,4188,2010,0.654679547
Simplicity2,WINDPOWER,4189,2010,0.622848662
Simplicity2,WINDPOWER,4190,2010,0.510265315
Simplicity2,WINDPOWER,4191,2010,0.485824392
Simplicity2,WINDPOWER,4192,2010,0.254423091
Simplicity2,WINDPOWER,4193,2010,0.206010078
Simplicity2,WINDPOWER,4194,2010,0.112290688
Simplicity2,WINDPOWER,4195,2010,0.044516873
Simplicity2,WINDPOWER,4196,2010,0.007561575
Simplicity2,WINDPOWER,4197,2010,0
Simplicity2,WINDPOWER,4198,2010,0
Simplicity2,WINDPOWER,4199,2010,0
Simplicity2,WINDPOWER,4200,2010,0
Simplicity2,WINDPOWER,4201,2010,0
Simplicity2,WINDPOWER,4202,2010,0
Simplicity2,WINDPOWER,4203,2010,0
Simplicity2,WINDPOWER,4204,2010,0
Simplicity2,WINDPOWER,4205,2010,0.024330355
Simplicity2,WINDPOWER,4206,2010,0.053847698
Simplicity2,WINDPOWER,4207,2010,0.234867986
Simplicity2,WINDPOWER,4208,2010,0.433230242
Simplicity2,WINDPOWER,4209,2010,0.599298984
Simplicity2,WINDPOWER,4210,2010,0.714751109
Simplicity2,WINDPOWER,4211,2010,0.754584757
Simplicity2,WINDPOWER,4212,2010,0.665257333
Simplicity2,WINDPOWER,4213,2010,0.527470474
Simplicity2,WINDPOWER,4214,2010,0.436743437
Simplicity2,WINDPOWER,4215,2010,0.319931215
Simplicity2,WINDPOWER,4216,2010,0.288512145
Simplicity2,WINDPOWER,4217,2010,0.243813492
Simplicity2,WINDPOWER,4218,2010,0.138143225
Simplicity2,WINDPOWER,4219,2010,0.042730793
Simplicity2,WINDPOWER,4220,2010,0.006865632
Simplicity2,WINDPOWER,4221,2010,0
Simplicity2,WINDPOWER,4222,2010,0
Simplicity2,WINDPOWER,4223,2010,0
Simplicity2,WINDPOWER,4224,2010,0
Simplicity2,WINDPOWER,4225,2010,0
Simplicity2,WINDPOWER,4226,2010,0
Simplicity2,WINDPOWER,4227,2010,0
Simplicity2,WINDPOWER,4228,2010,0
Simplicity2,WINDPOWER,4229,2010,0.020953514
Simplicity2,WINDPOWER,4230,2010,0.051827747
Simplicity2,WINDPOWER,4231,2010,0.23500382
Simplicity2,WINDPOWER,4232,2010,0.433401718
Simplicity2,WINDPOWER,4233,2010,0.599240518
Simplicity2,WINDPOWER,4234,2010,0.71863396
Simplicity2,WINDPOWER,4235,2010,0.793369113
Simplicity2,WINDPOWER,4236,2010,0.798404223
Simplicity2,WINDPOWER,4237,2010,0.781101745
Simplicity2,WINDPOWER,4238,2010,0.719565308
Simplicity2,WINDPOWER,4239,2010,0.625174168
Simplicity2,WINDPOWER,4240,2010,0.521347156
Simplicity2,WINDPOWER,4241,2010,0.336794188
Simplicity2,WINDPOWER,4242,2010,0.146650201
Simplicity2,WINDPOWER,4243,2010,0.0308333
Simplicity2,WINDPOWER,4244,2010,0.005331496
Simplicity2,WINDPOWER,4245,2010,0
Simplicity2,WINDPOWER,4246,2010,0
Simplicity2,WINDPOWER,4247,2010,0
Simplicity2,WINDPOWER,4248,2010,0
Simplicity2,WINDPOWER,4249,2010,0
Simplicity2,WINDPOWER,4250,2010,0
Simplicity2,WINDPOWER,4251,2010,0
Simplicity2,WINDPOWER,4252,2010,0
Simplicity2,WINDPOWER,4253,2010,0.020305353
Simplicity2,WINDPOWER,4254,2010,0.047213681
Simplicity2,WINDPOWER,4255,2010,0.233545284
Simplicity2,WINDPOWER,4256,2010,0.430513529
Simplicity2,WINDPOWER,4257,2010,0.592437289
Simplicity2,WINDPOWER,4258,2010,0.710649996
Simplicity2,WINDPOWER,4259,2010,0.775775544
Simplicity2,WINDPOWER,4260,2010,0.794221051
Simplicity2,WINDPOWER,4261,2010,0.779733439
Simplicity2,WINDPOWER,4262,2010,0.720348231
Simplicity2,WINDPOWER,4263,2010,0.620658798
Simplicity2,WINDPOWER,4264,2010,0.471431497
Simplicity2,WINDPOWER,4265,2010,0.332279798
Simplicity2,WINDPOWER,4266,2010,0.141903781
Simplicity2,WINDPOWER,4267,2010,0.033719314
Simplicity2,WINDPOWER,4268,2010,0.00584017
Simplicity2,WINDPOWER,4269,2010,0
Simplicity2,WINDPOWER,4270,2010,0
Simplicity2,WINDPOWER,4271,2010,0
Simplicity2,WINDPOWER,4272,2010,0
Simplicity2,WINDPOWER,4273,2010,0
Simplicity2,WINDPOWER,4274,2010,0
Simplicity2,WINDPOWER,4275,2010,0
Simplicity2,WINDPOWER,4276,2010,0
Simplicity2,WINDPOWER,4277,2010,0.019366348
Simplicity2,WINDPOWER,4278,2010,0.045904879
Simplicity2,WINDPOWER,4279,2010,0.231142908
Simplicity2,WINDPOWER,4280,2010,0.427691781
Simplicity2,WINDPOWER,4281,2010,0.588687431
Simplicity2,WINDPOWER,4282,2010,0.706650522
Simplicity2,WINDPOWER,4283,2010,0.776372318
Simplicity2,WINDPOWER,4284,2010,0.793248963
Simplicity2,WINDPOWER,4285,2010,0.773042214
Simplicity2,WINDPOWER,4286,2010,0.712119482
Simplicity2,WINDPOWER,4287,2010,0.616335784
Simplicity2,WINDPOWER,4288,2010,0.473515173
Simplicity2,WINDPOWER,4289,2010,0.264626865
Simplicity2,WINDPOWER,4290,2010,0.099200546
Simplicity2,WINDPOWER,4291,2010,0.04279326
Simplicity2,WINDPOWER,4292,2010,0.007016593
Simplicity2,WINDPOWER,4293,2010,0
Simplicity2,WINDPOWER,4294,2010,0
Simplicity2,WINDPOWER,4295,2010,0
Simplicity2,WINDPOWER,4296,2010,0
Simplicity2,WINDPOWER,4297,2010,0
Simplicity2,WINDPOWER,4298,2010,0
Simplicity2,WINDPOWER,4299,2010,0
Simplicity2,WINDPOWER,4300,2010,0
Simplicity2,WINDPOWER,4301,2010,0.027177446
Simplicity2,WINDPOWER,4302,2010,0.060344914
Simplicity2,WINDPOWER,4303,2010,0.228534335
Simplicity2,WINDPOWER,4304,2010,0.419630792
Simplicity2,WINDPOWER,4305,2010,0.579612027
Simplicity2,WINDPOWER,4306,2010,0.700589929
Simplicity2,WINDPOWER,4307,2010,0.767497726
Simplicity2,WINDPOWER,4308,2010,0.767018635
Simplicity2,WINDPOWER,4309,2010,0.737560696
Simplicity2,WINDPOWER,4310,2010,0.687906239
Simplicity2,WINDPOWER,4311,2010,0.633454521
Simplicity2,WINDPOWER,4312,2010,0.495816366
Simplicity2,WINDPOWER,4313,2010,0.253730425
Simplicity2,WINDPOWER,4314,2010,0.08239272
Simplicity2,WINDPOWER,4315,2010,0.047646536
Simplicity2,WINDPOWER,4316,2010,0.008098521
Simplicity2,WINDPOWER,4317,2010,0
Simplicity2,WINDPOWER,4318,2010,0
Simplicity2,WINDPOWER,4319,2010,0
Simplicity2,WINDPOWER,4320,2010,0
Simplicity2,WINDPOWER,4321,2010,0
Simplicity2,WINDPOWER,4322,2010,0
Simplicity2,WINDPOWER,4323,2010,0
Simplicity2,WINDPOWER,4324,2010,0
Simplicity2,WINDPOWER,4325,2010,0.020433262
Simplicity2,WINDPOWER,4326,2010,0.044797891
Simplicity2,WINDPOWER,4327,2010,0.237550773
Simplicity2,WINDPOWER,4328,2010,0.439345672
Simplicity2,WINDPOWER,4329,2010,0.603035782
Simplicity2,WINDPOWER,4330,2010,0.719906599
Simplicity2,WINDPOWER,4331,2010,0.786566332
Simplicity2,WINDPOWER,4332,2010,0.807018205
Simplicity2,WINDPOWER,4333,2010,0.798999097
Simplicity2,WINDPOWER,4334,2010,0.754460153
Simplicity2,WINDPOWER,4335,2010,0.66742095
Simplicity2,WINDPOWER,4336,2010,0.529345415
Simplicity2,WINDPOWER,4337,2010,0.312170573
Simplicity2,WINDPOWER,4338,2010,0.14451103
Simplicity2,WINDPOWER,4339,2010,0.046139531
Simplicity2,WINDPOWER,4340,2010,0.00611677
Simplicity2,WINDPOWER,4341,2010,0
Simplicity2,WINDPOWER,4342,2010,0
Simplicity2,WINDPOWER,4343,2010,0
Simplicity2,WINDPOWER,4344,2010,0
Simplicity2,WINDPOWER,4345,2010,0
Simplicity2,WINDPOWER,4346,2010,0
Simplicity2,WINDPOWER,4347,2010,0
Simplicity2,WINDPOWER,4348,2010,0
Simplicity2,WINDPOWER,4349,2010,0.018915244
Simplicity2,WINDPOWER,4350,2010,0.043099896
Simplicity2,WINDPOWER,4351,2010,0.231138911
Simplicity2,WINDPOWER,4352,2010,0.429839166
Simplicity2,WINDPOWER,4353,2010,0.590215805
Simplicity2,WINDPOWER,4354,2010,0.705660539
Simplicity2,WINDPOWER,4355,2010,0.773788907
Simplicity2,WINDPOWER,4356,2010,0.766900649
Simplicity2,WINDPOWER,4357,2010,0.784756982
Simplicity2,WINDPOWER,4358,2010,0.517887567
Simplicity2,WINDPOWER,4359,2010,0.340315805
Simplicity2,WINDPOWER,4360,2010,0.324180014
Simplicity2,WINDPOWER,4361,2010,0.250126536
Simplicity2,WINDPOWER,4362,2010,0.145043499
Simplicity2,WINDPOWER,4363,2010,0.044795111
Simplicity2,WINDPOWER,4364,2010,0.008663998
Simplicity2,WINDPOWER,4365,2010,0
Simplicity2,WINDPOWER,4366,2010,0
Simplicity2,WINDPOWER,4367,2010,0
Simplicity2,WINDPOWER,4368,2010,0
Simplicity2,WINDPOWER,4369,2010,0
Simplicity2,WINDPOWER,4370,2010,0
Simplicity2,WINDPOWER,4371,2010,0
Simplicity2,WINDPOWER,4372,2010,0
Simplicity2,WINDPOWER,4373,2010,0.018452011
Simplicity2,WINDPOWER,4374,2010,0.042777836
Simplicity2,WINDPOWER,4375,2010,0.23089297
Simplicity2,WINDPOWER,4376,2010,0.430870232
Simplicity2,WINDPOWER,4377,2010,0.583938247
Simplicity2,WINDPOWER,4378,2010,0.644486247
Simplicity2,WINDPOWER,4379,2010,0.755453725
Simplicity2,WINDPOWER,4380,2010,0.779057295
Simplicity2,WINDPOWER,4381,2010,0.756617524
Simplicity2,WINDPOWER,4382,2010,0.700643375
Simplicity2,WINDPOWER,4383,2010,0.470289614
Simplicity2,WINDPOWER,4384,2010,0.409046714
Simplicity2,WINDPOWER,4385,2010,0.266198206
Simplicity2,WINDPOWER,4386,2010,0.132242448
Simplicity2,WINDPOWER,4387,2010,0.044613668
Simplicity2,WINDPOWER,4388,2010,0.005978583
Simplicity2,WINDPOWER,4389,2010,0
Simplicity2,WINDPOWER,4390,2010,0
Simplicity2,WINDPOWER,4391,2010,0
Simplicity2,WINDPOWER,4392,2010,0
Simplicity2,WINDPOWER,4393,2010,0
Simplicity2,WINDPOWER,4394,2010,0
Simplicity2,WINDPOWER,4395,2010,0
Simplicity2,WINDPOWER,4396,2010,0
Simplicity2,WINDPOWER,4397,2010,0.019617867
Simplicity2,WINDPOWER,4398,2010,0.043615082
Simplicity2,WINDPOWER,4399,2010,0.231297526
Simplicity2,WINDPOWER,4400,2010,0.431974513
Simplicity2,WINDPOWER,4401,2010,0.599810016
Simplicity2,WINDPOWER,4402,2010,0.669175457
Simplicity2,WINDPOWER,4403,2010,0.79463377
Simplicity2,WINDPOWER,4404,2010,0.816452706
Simplicity2,WINDPOWER,4405,2010,0.809862883
Simplicity2,WINDPOWER,4406,2010,0.756471542
Simplicity2,WINDPOWER,4407,2010,0.638835799
Simplicity2,WINDPOWER,4408,2010,0.450339455
Simplicity2,WINDPOWER,4409,2010,0.285886407
Simplicity2,WINDPOWER,4410,2010,0.130526639
Simplicity2,WINDPOWER,4411,2010,0.032888949
Simplicity2,WINDPOWER,4412,2010,0.005319011
Simplicity2,WINDPOWER,4413,2010,0
Simplicity2,WINDPOWER,4414,2010,0
Simplicity2,WINDPOWER,4415,2010,0
Simplicity2,WINDPOWER,4416,2010,0
Simplicity2,WINDPOWER,4417,2010,0
Simplicity2,WINDPOWER,4418,2010,0
Simplicity2,WINDPOWER,4419,2010,0
Simplicity2,WINDPOWER,4420,2010,0
Simplicity2,WINDPOWER,4421,2010,0.020023603
Simplicity2,WINDPOWER,4422,2010,0.045334719
Simplicity2,WINDPOWER,4423,2010,0.217741834
Simplicity2,WINDPOWER,4424,2010,0.401273055
Simplicity2,WINDPOWER,4425,2010,0.588544968
Simplicity2,WINDPOWER,4426,2010,0.696725053
Simplicity2,WINDPOWER,4427,2010,0.679317867
Simplicity2,WINDPOWER,4428,2010,0.715947126
Simplicity2,WINDPOWER,4429,2010,0.622694448
Simplicity2,WINDPOWER,4430,2010,0.506469719
Simplicity2,WINDPOWER,4431,2010,0.522446694
Simplicity2,WINDPOWER,4432,2010,0.466217809
Simplicity2,WINDPOWER,4433,2010,0.289527946
Simplicity2,WINDPOWER,4434,2010,0.112296051
Simplicity2,WINDPOWER,4435,2010,0.033779627
Simplicity2,WINDPOWER,4436,2010,0.005026524
Simplicity2,WINDPOWER,4437,2010,0
Simplicity2,WINDPOWER,4438,2010,0
Simplicity2,WINDPOWER,4439,2010,0
Simplicity2,WINDPOWER,4440,2010,0
Simplicity2,WINDPOWER,4441,2010,0
Simplicity2,WINDPOWER,4442,2010,0
Simplicity2,WINDPOWER,4443,2010,0
Simplicity2,WINDPOWER,4444,2010,0
Simplicity2,WINDPOWER,4445,2010,0.015330582
Simplicity2,WINDPOWER,4446,2010,0.048378265
Simplicity2,WINDPOWER,4447,2010,0.202744309
Simplicity2,WINDPOWER,4448,2010,0.341076544
Simplicity2,WINDPOWER,4449,2010,0.432857798
Simplicity2,WINDPOWER,4450,2010,0.503546671
Simplicity2,WINDPOWER,4451,2010,0.579621716
Simplicity2,WINDPOWER,4452,2010,0.623720701
Simplicity2,WINDPOWER,4453,2010,0.416575497
Simplicity2,WINDPOWER,4454,2010,0.514398021
Simplicity2,WINDPOWER,4455,2010,0.510055362
Simplicity2,WINDPOWER,4456,2010,0.321822223
Simplicity2,WINDPOWER,4457,2010,0.223790817
Simplicity2,WINDPOWER,4458,2010,0.107143247
Simplicity2,WINDPOWER,4459,2010,0.035213955
Simplicity2,WINDPOWER,4460,2010,0.008158695
Simplicity2,WINDPOWER,4461,2010,0
Simplicity2,WINDPOWER,4462,2010,0
Simplicity2,WINDPOWER,4463,2010,0
Simplicity2,WINDPOWER,4464,2010,0
Simplicity2,WINDPOWER,4465,2010,0
Simplicity2,WINDPOWER,4466,2010,0
Simplicity2,WINDPOWER,4467,2010,0
Simplicity2,WINDPOWER,4468,2010,0
Simplicity2,WINDPOWER,4469,2010,0.022301291
Simplicity2,WINDPOWER,4470,2010,0.068955695
Simplicity2,WINDPOWER,4471,2010,0.178766227
Simplicity2,WINDPOWER,4472,2010,0.35297702
Simplicity2,WINDPOWER,4473,2010,0.449405977
Simplicity2,WINDPOWER,4474,2010,0.626856585
Simplicity2,WINDPOWER,4475,2010,0.756244342
Simplicity2,WINDPOWER,4476,2010,0.771265599
Simplicity2,WINDPOWER,4477,2010,0.717928908
Simplicity2,WINDPOWER,4478,2010,0.592701228
Simplicity2,WINDPOWER,4479,2010,0.514230628
Simplicity2,WINDPOWER,4480,2010,0.460334262
Simplicity2,WINDPOWER,4481,2010,0.300449583
Simplicity2,WINDPOWER,4482,2010,0.147056675
Simplicity2,WINDPOWER,4483,2010,0.031402729
Simplicity2,WINDPOWER,4484,2010,0.007085161
Simplicity2,WINDPOWER,4485,2010,0
Simplicity2,WINDPOWER,4486,2010,0
Simplicity2,WINDPOWER,4487,2010,0
Simplicity2,WINDPOWER,4488,2010,0
Simplicity2,WINDPOWER,4489,2010,0
Simplicity2,WINDPOWER,4490,2010,0
Simplicity2,WINDPOWER,4491,2010,0
Simplicity2,WINDPOWER,4492,2010,0
Simplicity2,WINDPOWER,4493,2010,0.019125319
Simplicity2,WINDPOWER,4494,2010,0.044448591
Simplicity2,WINDPOWER,4495,2010,0.226796714
Simplicity2,WINDPOWER,4496,2010,0.416100987
Simplicity2,WINDPOWER,4497,2010,0.493097956
Simplicity2,WINDPOWER,4498,2010,0.529062984
Simplicity2,WINDPOWER,4499,2010,0.370020012
Simplicity2,WINDPOWER,4500,2010,0.414196208
Simplicity2,WINDPOWER,4501,2010,0.486852004
Simplicity2,WINDPOWER,4502,2010,0.519906675
Simplicity2,WINDPOWER,4503,2010,0.540520288
Simplicity2,WINDPOWER,4504,2010,0.368169708
Simplicity2,WINDPOWER,4505,2010,0.176959137
Simplicity2,WINDPOWER,4506,2010,0.084878214
Simplicity2,WINDPOWER,4507,2010,0.032397675
Simplicity2,WINDPOWER,4508,2010,0.006756033
Simplicity2,WINDPOWER,4509,2010,0
Simplicity2,WINDPOWER,4510,2010,0
Simplicity2,WINDPOWER,4511,2010,0
Simplicity2,WINDPOWER,4512,2010,0
Simplicity2,WINDPOWER,4513,2010,0
Simplicity2,WINDPOWER,4514,2010,0
Simplicity2,WINDPOWER,4515,2010,0
Simplicity2,WINDPOWER,4516,2010,0
Simplicity2,WINDPOWER,4517,2010,0.020227514
Simplicity2,WINDPOWER,4518,2010,0.0446863
Simplicity2,WINDPOWER,4519,2010,0.219432787
Simplicity2,WINDPOWER,4520,2010,0.410131308
Simplicity2,WINDPOWER,4521,2010,0.534332678
Simplicity2,WINDPOWER,4522,2010,0.682397303
Simplicity2,WINDPOWER,4523,2010,0.587701945
Simplicity2,WINDPOWER,4524,2010,0.613297751
Simplicity2,WINDPOWER,4525,2010,0.644294927
Simplicity2,WINDPOWER,4526,2010,0.70901079
Simplicity2,WINDPOWER,4527,2010,0.618734922
Simplicity2,WINDPOWER,4528,2010,0.487802281
Simplicity2,WINDPOWER,4529,2010,0.255090671
Simplicity2,WINDPOWER,4530,2010,0.107790328
Simplicity2,WINDPOWER,4531,2010,0.040180181
Simplicity2,WINDPOWER,4532,2010,0.005621866
Simplicity2,WINDPOWER,4533,2010,0
Simplicity2,WINDPOWER,4534,2010,0
Simplicity2,WINDPOWER,4535,2010,0
Simplicity2,WINDPOWER,4536,2010,0
Simplicity2,WINDPOWER,4537,2010,0
Simplicity2,WINDPOWER,4538,2010,0
Simplicity2,WINDPOWER,4539,2010,0
Simplicity2,WINDPOWER,4540,2010,0
Simplicity2,WINDPOWER,4541,2010,0.017565621
Simplicity2,WINDPOWER,4542,2010,0.054610698
Simplicity2,WINDPOWER,4543,2010,0.206754709
Simplicity2,WINDPOWER,4544,2010,0.405593494
Simplicity2,WINDPOWER,4545,2010,0.575720986
Simplicity2,WINDPOWER,4546,2010,0.647266451
Simplicity2,WINDPOWER,4547,2010,0.703781241
Simplicity2,WINDPOWER,4548,2010,0.793872762
Simplicity2,WINDPOWER,4549,2010,0.808352372
Simplicity2,WINDPOWER,4550,2010,0.696855228
Simplicity2,WINDPOWER,4551,2010,0.629614909
Simplicity2,WINDPOWER,4552,2010,0.431505909
Simplicity2,WINDPOWER,4553,2010,0.27122987
Simplicity2,WINDPOWER,4554,2010,0.124731681
Simplicity2,WINDPOWER,4555,2010,0.031617765
Simplicity2,WINDPOWER,4556,2010,0.005352014
Simplicity2,WINDPOWER,4557,2010,0
Simplicity2,WINDPOWER,4558,2010,0
Simplicity2,WINDPOWER,4559,2010,0
Simplicity2,WINDPOWER,4560,2010,0
Simplicity2,WINDPOWER,4561,2010,0
Simplicity2,WINDPOWER,4562,2010,0
Simplicity2,WINDPOWER,4563,2010,0
Simplicity2,WINDPOWER,4564,2010,0
Simplicity2,WINDPOWER,4565,2010,0.016470087
Simplicity2,WINDPOWER,4566,2010,0.038240849
Simplicity2,WINDPOWER,4567,2010,0.229611147
Simplicity2,WINDPOWER,4568,2010,0.4356386
Simplicity2,WINDPOWER,4569,2010,0.605564944
Simplicity2,WINDPOWER,4570,2010,0.733551081
Simplicity2,WINDPOWER,4571,2010,0.803373133
Simplicity2,WINDPOWER,4572,2010,0.82275327
Simplicity2,WINDPOWER,4573,2010,0.817848161
Simplicity2,WINDPOWER,4574,2010,0.773517738
Simplicity2,WINDPOWER,4575,2010,0.667258247
Simplicity2,WINDPOWER,4576,2010,0.489382117
Simplicity2,WINDPOWER,4577,2010,0.324562978
Simplicity2,WINDPOWER,4578,2010,0.151564849
Simplicity2,WINDPOWER,4579,2010,0.028804658
Simplicity2,WINDPOWER,4580,2010,0.005028644
Simplicity2,WINDPOWER,4581,2010,0
Simplicity2,WINDPOWER,4582,2010,0
Simplicity2,WINDPOWER,4583,2010,0
Simplicity2,WINDPOWER,4584,2010,0
Simplicity2,WINDPOWER,4585,2010,0
Simplicity2,WINDPOWER,4586,2010,0
Simplicity2,WINDPOWER,4587,2010,0
Simplicity2,WINDPOWER,4588,2010,0
Simplicity2,WINDPOWER,4589,2010,0.016855213
Simplicity2,WINDPOWER,4590,2010,0.048159529
Simplicity2,WINDPOWER,4591,2010,0.20547653
Simplicity2,WINDPOWER,4592,2010,0.372846829
Simplicity2,WINDPOWER,4593,2010,0.510359355
Simplicity2,WINDPOWER,4594,2010,0.656994835
Simplicity2,WINDPOWER,4595,2010,0.626817579
Simplicity2,WINDPOWER,4596,2010,0.710386315
Simplicity2,WINDPOWER,4597,2010,0.797656907
Simplicity2,WINDPOWER,4598,2010,0.762779972
Simplicity2,WINDPOWER,4599,2010,0.68398644
Simplicity2,WINDPOWER,4600,2010,0.518369102
Simplicity2,WINDPOWER,4601,2010,0.341731765
Simplicity2,WINDPOWER,4602,2010,0.152699569
Simplicity2,WINDPOWER,4603,2010,0.028939255
Simplicity2,WINDPOWER,4604,2010,0.004905495
Simplicity2,WINDPOWER,4605,2010,0
Simplicity2,WINDPOWER,4606,2010,0
Simplicity2,WINDPOWER,4607,2010,0
Simplicity2,WINDPOWER,4608,2010,0
Simplicity2,WINDPOWER,4609,2010,0
Simplicity2,WINDPOWER,4610,2010,0
Simplicity2,WINDPOWER,4611,2010,0
Simplicity2,WINDPOWER,4612,2010,0
Simplicity2,WINDPOWER,4613,2010,0.015975084
Simplicity2,WINDPOWER,4614,2010,0.037551657
Simplicity2,WINDPOWER,4615,2010,0.227197609
Simplicity2,WINDPOWER,4616,2010,0.431262881
Simplicity2,WINDPOWER,4617,2010,0.600434208
Simplicity2,WINDPOWER,4618,2010,0.718039391
Simplicity2,WINDPOWER,4619,2010,0.787609961
Simplicity2,WINDPOWER,4620,2010,0.816422977
Simplicity2,WINDPOWER,4621,2010,0.790657414
Simplicity2,WINDPOWER,4622,2010,0.761311467
Simplicity2,WINDPOWER,4623,2010,0.607674273
Simplicity2,WINDPOWER,4624,2010,0.422355254
Simplicity2,WINDPOWER,4625,2010,0.286560471
Simplicity2,WINDPOWER,4626,2010,0.127448899
Simplicity2,WINDPOWER,4627,2010,0.033985346
Simplicity2,WINDPOWER,4628,2010,0.004940506
Simplicity2,WINDPOWER,4629,2010,0
Simplicity2,WINDPOWER,4630,2010,0
Simplicity2,WINDPOWER,4631,2010,0
Simplicity2,WINDPOWER,4632,2010,0
Simplicity2,WINDPOWER,4633,2010,0
Simplicity2,WINDPOWER,4634,2010,0
Simplicity2,WINDPOWER,4635,2010,0
Simplicity2,WINDPOWER,4636,2010,0
Simplicity2,WINDPOWER,4637,2010,0.014507172
Simplicity2,WINDPOWER,4638,2010,0.03691272
Simplicity2,WINDPOWER,4639,2010,0.221707754
Simplicity2,WINDPOWER,4640,2010,0.422951185
Simplicity2,WINDPOWER,4641,2010,0.595723639
Simplicity2,WINDPOWER,4642,2010,0.718277635
Simplicity2,WINDPOWER,4643,2010,0.751488541
Simplicity2,WINDPOWER,4644,2010,0.768312891
Simplicity2,WINDPOWER,4645,2010,0.722982793
Simplicity2,WINDPOWER,4646,2010,0.670364394
Simplicity2,WINDPOWER,4647,2010,0.419022119
Simplicity2,WINDPOWER,4648,2010,0.34430341
Simplicity2,WINDPOWER,4649,2010,0.300459935
Simplicity2,WINDPOWER,4650,2010,0.147634429
Simplicity2,WINDPOWER,4651,2010,0.033323636
Simplicity2,WINDPOWER,4652,2010,0.004223708
Simplicity2,WINDPOWER,4653,2010,0
Simplicity2,WINDPOWER,4654,2010,0
Simplicity2,WINDPOWER,4655,2010,0
Simplicity2,WINDPOWER,4656,2010,0
Simplicity2,WINDPOWER,4657,2010,0
Simplicity2,WINDPOWER,4658,2010,0
Simplicity2,WINDPOWER,4659,2010,0
Simplicity2,WINDPOWER,4660,2010,0
Simplicity2,WINDPOWER,4661,2010,0.013980449
Simplicity2,WINDPOWER,4662,2010,0.037097814
Simplicity2,WINDPOWER,4663,2010,0.223284942
Simplicity2,WINDPOWER,4664,2010,0.427570708
Simplicity2,WINDPOWER,4665,2010,0.602240658
Simplicity2,WINDPOWER,4666,2010,0.703803994
Simplicity2,WINDPOWER,4667,2010,0.676664348
Simplicity2,WINDPOWER,4668,2010,0.767679637
Simplicity2,WINDPOWER,4669,2010,0.764326754
Simplicity2,WINDPOWER,4670,2010,0.703658695
Simplicity2,WINDPOWER,4671,2010,0.530968922
Simplicity2,WINDPOWER,4672,2010,0.424406884
Simplicity2,WINDPOWER,4673,2010,0.280005111
Simplicity2,WINDPOWER,4674,2010,0.131911791
Simplicity2,WINDPOWER,4675,2010,0.046703291
Simplicity2,WINDPOWER,4676,2010,0.004874621
Simplicity2,WINDPOWER,4677,2010,0
Simplicity2,WINDPOWER,4678,2010,0
Simplicity2,WINDPOWER,4679,2010,0
Simplicity2,WINDPOWER,4680,2010,0
Simplicity2,WINDPOWER,4681,2010,0
Simplicity2,WINDPOWER,4682,2010,0
Simplicity2,WINDPOWER,4683,2010,0
Simplicity2,WINDPOWER,4684,2010,0
Simplicity2,WINDPOWER,4685,2010,0.013663314
Simplicity2,WINDPOWER,4686,2010,0.037190091
Simplicity2,WINDPOWER,4687,2010,0.226840366
Simplicity2,WINDPOWER,4688,2010,0.434071204
Simplicity2,WINDPOWER,4689,2010,0.606390011
Simplicity2,WINDPOWER,4690,2010,0.733975538
Simplicity2,WINDPOWER,4691,2010,0.807173029
Simplicity2,WINDPOWER,4692,2010,0.828798274
Simplicity2,WINDPOWER,4693,2010,0.823037106
Simplicity2,WINDPOWER,4694,2010,0.774893053
Simplicity2,WINDPOWER,4695,2010,0.683058625
Simplicity2,WINDPOWER,4696,2010,0.511430499
Simplicity2,WINDPOWER,4697,2010,0.352924656
Simplicity2,WINDPOWER,4698,2010,0.147221783
Simplicity2,WINDPOWER,4699,2010,0.032177159
Simplicity2,WINDPOWER,4700,2010,0.003844643
Simplicity2,WINDPOWER,4701,2010,0
Simplicity2,WINDPOWER,4702,2010,0
Simplicity2,WINDPOWER,4703,2010,0
Simplicity2,WINDPOWER,4704,2010,0
Simplicity2,WINDPOWER,4705,2010,0
Simplicity2,WINDPOWER,4706,2010,0
Simplicity2,WINDPOWER,4707,2010,0
Simplicity2,WINDPOWER,4708,2010,0
Simplicity2,WINDPOWER,4709,2010,0.012737713
Simplicity2,WINDPOWER,4710,2010,0.036866542
Simplicity2,WINDPOWER,4711,2010,0.222158281
Simplicity2,WINDPOWER,4712,2010,0.427900448
Simplicity2,WINDPOWER,4713,2010,0.602483029
Simplicity2,WINDPOWER,4714,2010,0.729457718
Simplicity2,WINDPOWER,4715,2010,0.772816266
Simplicity2,WINDPOWER,4716,2010,0.829233704
Simplicity2,WINDPOWER,4717,2010,0.824878444
Simplicity2,WINDPOWER,4718,2010,0.762489326
Simplicity2,WINDPOWER,4719,2010,0.679107254
Simplicity2,WINDPOWER,4720,2010,0.544899512
Simplicity2,WINDPOWER,4721,2010,0.359636
Simplicity2,WINDPOWER,4722,2010,0.150183666
Simplicity2,WINDPOWER,4723,2010,0.02856686
Simplicity2,WINDPOWER,4724,2010,0.004138013
Simplicity2,WINDPOWER,4725,2010,0
Simplicity2,WINDPOWER,4726,2010,0
Simplicity2,WINDPOWER,4727,2010,0
Simplicity2,WINDPOWER,4728,2010,0
Simplicity2,WINDPOWER,4729,2010,0
Simplicity2,WINDPOWER,4730,2010,0
Simplicity2,WINDPOWER,4731,2010,0
Simplicity2,WINDPOWER,4732,2010,0
Simplicity2,WINDPOWER,4733,2010,0.012816037
Simplicity2,WINDPOWER,4734,2010,0.03614797
Simplicity2,WINDPOWER,4735,2010,0.220690127
Simplicity2,WINDPOWER,4736,2010,0.426962145
Simplicity2,WINDPOWER,4737,2010,0.602987391
Simplicity2,WINDPOWER,4738,2010,0.733437252
Simplicity2,WINDPOWER,4739,2010,0.804844755
Simplicity2,WINDPOWER,4740,2010,0.835845773
Simplicity2,WINDPOWER,4741,2010,0.825569186
Simplicity2,WINDPOWER,4742,2010,0.785412609
Simplicity2,WINDPOWER,4743,2010,0.694781453
Simplicity2,WINDPOWER,4744,2010,0.547729968
Simplicity2,WINDPOWER,4745,2010,0.358322028
Simplicity2,WINDPOWER,4746,2010,0.152755414
Simplicity2,WINDPOWER,4747,2010,0.028521936
Simplicity2,WINDPOWER,4748,2010,0.004189697
Simplicity2,WINDPOWER,4749,2010,0
Simplicity2,WINDPOWER,4750,2010,0
Simplicity2,WINDPOWER,4751,2010,0
Simplicity2,WINDPOWER,4752,2010,0
Simplicity2,WINDPOWER,4753,2010,0
Simplicity2,WINDPOWER,4754,2010,0
Simplicity2,WINDPOWER,4755,2010,0
Simplicity2,WINDPOWER,4756,2010,0
Simplicity2,WINDPOWER,4757,2010,0.012611312
Simplicity2,WINDPOWER,4758,2010,0.03681076
Simplicity2,WINDPOWER,4759,2010,0.221216126
Simplicity2,WINDPOWER,4760,2010,0.428340814
Simplicity2,WINDPOWER,4761,2010,0.601295372
Simplicity2,WINDPOWER,4762,2010,0.728797141
Simplicity2,WINDPOWER,4763,2010,0.802220429
Simplicity2,WINDPOWER,4764,2010,0.829878325
Simplicity2,WINDPOWER,4765,2010,0.824360672
Simplicity2,WINDPOWER,4766,2010,0.773496818
Simplicity2,WINDPOWER,4767,2010,0.658590673
Simplicity2,WINDPOWER,4768,2010,0.543307184
Simplicity2,WINDPOWER,4769,2010,0.357217522
Simplicity2,WINDPOWER,4770,2010,0.151766615
Simplicity2,WINDPOWER,4771,2010,0.027790339
Simplicity2,WINDPOWER,4772,2010,0
Simplicity2,WINDPOWER,4773,2010,0
Simplicity2,WINDPOWER,4774,2010,0
Simplicity2,WINDPOWER,4775,2010,0
Simplicity2,WINDPOWER,4776,2010,0
Simplicity2,WINDPOWER,4777,2010,0
Simplicity2,WINDPOWER,4778,2010,0
Simplicity2,WINDPOWER,4779,2010,0
Simplicity2,WINDPOWER,4780,2010,0
Simplicity2,WINDPOWER,4781,2010,0.011934045
Simplicity2,WINDPOWER,4782,2010,0.037695062
Simplicity2,WINDPOWER,4783,2010,0.222510962
Simplicity2,WINDPOWER,4784,2010,0.42743542
Simplicity2,WINDPOWER,4785,2010,0.604125968
Simplicity2,WINDPOWER,4786,2010,0.728516384
Simplicity2,WINDPOWER,4787,2010,0.782633118
Simplicity2,WINDPOWER,4788,2010,0.791576447
Simplicity2,WINDPOWER,4789,2010,0.757585874
Simplicity2,WINDPOWER,4790,2010,0.666934302
Simplicity2,WINDPOWER,4791,2010,0.466712381
Simplicity2,WINDPOWER,4792,2010,0.333588897
Simplicity2,WINDPOWER,4793,2010,0.207356286
Simplicity2,WINDPOWER,4794,2010,0.111617836
Simplicity2,WINDPOWER,4795,2010,0.043236916
Simplicity2,WINDPOWER,4796,2010,0
Simplicity2,WINDPOWER,4797,2010,0
Simplicity2,WINDPOWER,4798,2010,0
Simplicity2,WINDPOWER,4799,2010,0
Simplicity2,WINDPOWER,4800,2010,0
Simplicity2,WINDPOWER,4801,2010,0
Simplicity2,WINDPOWER,4802,2010,0
Simplicity2,WINDPOWER,4803,2010,0
Simplicity2,WINDPOWER,4804,2010,0
Simplicity2,WINDPOWER,4805,2010,0.011376898
Simplicity2,WINDPOWER,4806,2010,0.036538016
Simplicity2,WINDPOWER,4807,2010,0.216266314
Simplicity2,WINDPOWER,4808,2010,0.420865945
Simplicity2,WINDPOWER,4809,2010,0.595749168
Simplicity2,WINDPOWER,4810,2010,0.691422401
Simplicity2,WINDPOWER,4811,2010,0.78334961
Simplicity2,WINDPOWER,4812,2010,0.789473545
Simplicity2,WINDPOWER,4813,2010,0.72587029
Simplicity2,WINDPOWER,4814,2010,0.686104059
Simplicity2,WINDPOWER,4815,2010,0.609957726
Simplicity2,WINDPOWER,4816,2010,0.491620758
Simplicity2,WINDPOWER,4817,2010,0.32295973
Simplicity2,WINDPOWER,4818,2010,0.147042302
Simplicity2,WINDPOWER,4819,2010,0.027403921
Simplicity2,WINDPOWER,4820,2010,0
Simplicity2,WINDPOWER,4821,2010,0
Simplicity2,WINDPOWER,4822,2010,0
Simplicity2,WINDPOWER,4823,2010,0
Simplicity2,WINDPOWER,4824,2010,0
Simplicity2,WINDPOWER,4825,2010,0
Simplicity2,WINDPOWER,4826,2010,0
Simplicity2,WINDPOWER,4827,2010,0
Simplicity2,WINDPOWER,4828,2010,0
Simplicity2,WINDPOWER,4829,2010,0.011213123
Simplicity2,WINDPOWER,4830,2010,0.039577121
Simplicity2,WINDPOWER,4831,2010,0.212078423
Simplicity2,WINDPOWER,4832,2010,0.408541293
Simplicity2,WINDPOWER,4833,2010,0.547010769
Simplicity2,WINDPOWER,4834,2010,0.684105844
Simplicity2,WINDPOWER,4835,2010,0.556435855
Simplicity2,WINDPOWER,4836,2010,0.628256219
Simplicity2,WINDPOWER,4837,2010,0.767908527
Simplicity2,WINDPOWER,4838,2010,0.663038971
Simplicity2,WINDPOWER,4839,2010,0.595610118
Simplicity2,WINDPOWER,4840,2010,0.475357377
Simplicity2,WINDPOWER,4841,2010,0.324155336
Simplicity2,WINDPOWER,4842,2010,0.145900503
Simplicity2,WINDPOWER,4843,2010,0.026694783
Simplicity2,WINDPOWER,4844,2010,0
Simplicity2,WINDPOWER,4845,2010,0
Simplicity2,WINDPOWER,4846,2010,0
Simplicity2,WINDPOWER,4847,2010,0
Simplicity2,WINDPOWER,4848,2010,0
Simplicity2,WINDPOWER,4849,2010,0
Simplicity2,WINDPOWER,4850,2010,0
Simplicity2,WINDPOWER,4851,2010,0
Simplicity2,WINDPOWER,4852,2010,0
Simplicity2,WINDPOWER,4853,2010,0.011454239
Simplicity2,WINDPOWER,4854,2010,0.036719482
Simplicity2,WINDPOWER,4855,2010,0.222664015
Simplicity2,WINDPOWER,4856,2010,0.43569878
Simplicity2,WINDPOWER,4857,2010,0.602209227
Simplicity2,WINDPOWER,4858,2010,0.73176291
Simplicity2,WINDPOWER,4859,2010,0.830222849
Simplicity2,WINDPOWER,4860,2010,0.865571245
Simplicity2,WINDPOWER,4861,2010,0.853654655
Simplicity2,WINDPOWER,4862,2010,0.809741112
Simplicity2,WINDPOWER,4863,2010,0.713423821
Simplicity2,WINDPOWER,4864,2010,0.565102549
Simplicity2,WINDPOWER,4865,2010,0.369930433
Simplicity2,WINDPOWER,4866,2010,0.156528397
Simplicity2,WINDPOWER,4867,2010,0.03275526
Simplicity2,WINDPOWER,4868,2010,0
Simplicity2,WINDPOWER,4869,2010,0
Simplicity2,WINDPOWER,4870,2010,0
Simplicity2,WINDPOWER,4871,2010,0
Simplicity2,WINDPOWER,4872,2010,0
Simplicity2,WINDPOWER,4873,2010,0
Simplicity2,WINDPOWER,4874,2010,0
Simplicity2,WINDPOWER,4875,2010,0
Simplicity2,WINDPOWER,4876,2010,0
Simplicity2,WINDPOWER,4877,2010,0.011528381
Simplicity2,WINDPOWER,4878,2010,0.039144636
Simplicity2,WINDPOWER,4879,2010,0.218031662
Simplicity2,WINDPOWER,4880,2010,0.422740826
Simplicity2,WINDPOWER,4881,2010,0.602067071
Simplicity2,WINDPOWER,4882,2010,0.741092846
Simplicity2,WINDPOWER,4883,2010,0.814560544
Simplicity2,WINDPOWER,4884,2010,0.833283422
Simplicity2,WINDPOWER,4885,2010,0.825775513
Simplicity2,WINDPOWER,4886,2010,0.646939765
Simplicity2,WINDPOWER,4887,2010,0.562082568
Simplicity2,WINDPOWER,4888,2010,0.479773205
Simplicity2,WINDPOWER,4889,2010,0.328018423
Simplicity2,WINDPOWER,4890,2010,0.150110255
Simplicity2,WINDPOWER,4891,2010,0.026955854
Simplicity2,WINDPOWER,4892,2010,0
Simplicity2,WINDPOWER,4893,2010,0
Simplicity2,WINDPOWER,4894,2010,0
Simplicity2,WINDPOWER,4895,2010,0
Simplicity2,WINDPOWER,4896,2010,0
Simplicity2,WINDPOWER,4897,2010,0
Simplicity2,WINDPOWER,4898,2010,0
Simplicity2,WINDPOWER,4899,2010,0
Simplicity2,WINDPOWER,4900,2010,0
Simplicity2,WINDPOWER,4901,2010,0.010713156
Simplicity2,WINDPOWER,4902,2010,0.035626411
Simplicity2,WINDPOWER,4903,2010,0.214819236
Simplicity2,WINDPOWER,4904,2010,0.421996335
Simplicity2,WINDPOWER,4905,2010,0.597188951
Simplicity2,WINDPOWER,4906,2010,0.726336239
Simplicity2,WINDPOWER,4907,2010,0.804730622
Simplicity2,WINDPOWER,4908,2010,0.82741103
Simplicity2,WINDPOWER,4909,2010,0.803301218
Simplicity2,WINDPOWER,4910,2010,0.730347732
Simplicity2,WINDPOWER,4911,2010,0.642357533
Simplicity2,WINDPOWER,4912,2010,0.490737043
Simplicity2,WINDPOWER,4913,2010,0.338039565
Simplicity2,WINDPOWER,4914,2010,0.139035988
Simplicity2,WINDPOWER,4915,2010,0.024333047
Simplicity2,WINDPOWER,4916,2010,0
Simplicity2,WINDPOWER,4917,2010,0
Simplicity2,WINDPOWER,4918,2010,0
Simplicity2,WINDPOWER,4919,2010,0
Simplicity2,WINDPOWER,4920,2010,0
Simplicity2,WINDPOWER,4921,2010,0
Simplicity2,WINDPOWER,4922,2010,0
Simplicity2,WINDPOWER,4923,2010,0
Simplicity2,WINDPOWER,4924,2010,0
Simplicity2,WINDPOWER,4925,2010,0.009668152
Simplicity2,WINDPOWER,4926,2010,0.034584832
Simplicity2,WINDPOWER,4927,2010,0.213007231
Simplicity2,WINDPOWER,4928,2010,0.420424141
Simplicity2,WINDPOWER,4929,2010,0.595335617
Simplicity2,WINDPOWER,4930,2010,0.723817041
Simplicity2,WINDPOWER,4931,2010,0.802537698
Simplicity2,WINDPOWER,4932,2010,0.801933401
Simplicity2,WINDPOWER,4933,2010,0.789954941
Simplicity2,WINDPOWER,4934,2010,0.760360611
Simplicity2,WINDPOWER,4935,2010,0.647870293
Simplicity2,WINDPOWER,4936,2010,0.51713395
Simplicity2,WINDPOWER,4937,2010,0.336763734
Simplicity2,WINDPOWER,4938,2010,0.132496064
Simplicity2,WINDPOWER,4939,2010,0.026593326
Simplicity2,WINDPOWER,4940,2010,0
Simplicity2,WINDPOWER,4941,2010,0
Simplicity2,WINDPOWER,4942,2010,0
Simplicity2,WINDPOWER,4943,2010,0
Simplicity2,WINDPOWER,4944,2010,0
Simplicity2,WINDPOWER,4945,2010,0
Simplicity2,WINDPOWER,4946,2010,0
Simplicity2,WINDPOWER,4947,2010,0
Simplicity2,WINDPOWER,4948,2010,0
Simplicity2,WINDPOWER,4949,2010,0.008994084
Simplicity2,WINDPOWER,4950,2010,0.03400912
Simplicity2,WINDPOWER,4951,2010,0.213839544
Simplicity2,WINDPOWER,4952,2010,0.423364204
Simplicity2,WINDPOWER,4953,2010,0.599768705
Simplicity2,WINDPOWER,4954,2010,0.72960525
Simplicity2,WINDPOWER,4955,2010,0.805688198
Simplicity2,WINDPOWER,4956,2010,0.824945875
Simplicity2,WINDPOWER,4957,2010,0.819617591
Simplicity2,WINDPOWER,4958,2010,0.773233206
Simplicity2,WINDPOWER,4959,2010,0.683892445
Simplicity2,WINDPOWER,4960,2010,0.537701561
Simplicity2,WINDPOWER,4961,2010,0.353395807
Simplicity2,WINDPOWER,4962,2010,0.14479058
Simplicity2,WINDPOWER,4963,2010,0.023842141
Simplicity2,WINDPOWER,4964,2010,0
Simplicity2,WINDPOWER,4965,2010,0
Simplicity2,WINDPOWER,4966,2010,0
Simplicity2,WINDPOWER,4967,2010,0
Simplicity2,WINDPOWER,4968,2010,0
Simplicity2,WINDPOWER,4969,2010,0
Simplicity2,WINDPOWER,4970,2010,0
Simplicity2,WINDPOWER,4971,2010,0
Simplicity2,WINDPOWER,4972,2010,0
Simplicity2,WINDPOWER,4973,2010,0.011799567
Simplicity2,WINDPOWER,4974,2010,0.055624228
Simplicity2,WINDPOWER,4975,2010,0.204059025
Simplicity2,WINDPOWER,4976,2010,0.392786413
Simplicity2,WINDPOWER,4977,2010,0.567638221
Simplicity2,WINDPOWER,4978,2010,0.689244021
Simplicity2,WINDPOWER,4979,2010,0.704430496
Simplicity2,WINDPOWER,4980,2010,0.675754065
Simplicity2,WINDPOWER,4981,2010,0.635394166
Simplicity2,WINDPOWER,4982,2010,0.522671137
Simplicity2,WINDPOWER,4983,2010,0.444952887
Simplicity2,WINDPOWER,4984,2010,0.311928933
Simplicity2,WINDPOWER,4985,2010,0.186909191
Simplicity2,WINDPOWER,4986,2010,0.111160869
Simplicity2,WINDPOWER,4987,2010,0.03978864
Simplicity2,WINDPOWER,4988,2010,0
Simplicity2,WINDPOWER,4989,2010,0
Simplicity2,WINDPOWER,4990,2010,0
Simplicity2,WINDPOWER,4991,2010,0
Simplicity2,WINDPOWER,4992,2010,0
Simplicity2,WINDPOWER,4993,2010,0
Simplicity2,WINDPOWER,4994,2010,0
Simplicity2,WINDPOWER,4995,2010,0
Simplicity2,WINDPOWER,4996,2010,0
Simplicity2,WINDPOWER,4997,2010,0.010553378
Simplicity2,WINDPOWER,4998,2010,0.050451964
Simplicity2,WINDPOWER,4999,2010,0.206263882
Simplicity2,WINDPOWER,5000,2010,0.413518188
Simplicity2,WINDPOWER,5001,2010,0.591558753
Simplicity2,WINDPOWER,5002,2010,0.69894026
Simplicity2,WINDPOWER,5003,2010,0.718480462
Simplicity2,WINDPOWER,5004,2010,0.803174978
Simplicity2,WINDPOWER,5005,2010,0.762316163
Simplicity2,WINDPOWER,5006,2010,0.703414012
Simplicity2,WINDPOWER,5007,2010,0.615900785
Simplicity2,WINDPOWER,5008,2010,0.508155647
Simplicity2,WINDPOWER,5009,2010,0.295026219
Simplicity2,WINDPOWER,5010,2010,0.133722083
Simplicity2,WINDPOWER,5011,2010,0.038993877
Simplicity2,WINDPOWER,5012,2010,0
Simplicity2,WINDPOWER,5013,2010,0
Simplicity2,WINDPOWER,5014,2010,0
Simplicity2,WINDPOWER,5015,2010,0
Simplicity2,WINDPOWER,5016,2010,0
Simplicity2,WINDPOWER,5017,2010,0
Simplicity2,WINDPOWER,5018,2010,0
Simplicity2,WINDPOWER,5019,2010,0
Simplicity2,WINDPOWER,5020,2010,0
Simplicity2,WINDPOWER,5021,2010,0.006899743
Simplicity2,WINDPOWER,5022,2010,0.031766776
Simplicity2,WINDPOWER,5023,2010,0.205364823
Simplicity2,WINDPOWER,5024,2010,0.407623253
Simplicity2,WINDPOWER,5025,2010,0.585809213
Simplicity2,WINDPOWER,5026,2010,0.714278165
Simplicity2,WINDPOWER,5027,2010,0.793711355
Simplicity2,WINDPOWER,5028,2010,0.817057441
Simplicity2,WINDPOWER,5029,2010,0.78272733
Simplicity2,WINDPOWER,5030,2010,0.739653858
Simplicity2,WINDPOWER,5031,2010,0.620383614
Simplicity2,WINDPOWER,5032,2010,0.460370081
Simplicity2,WINDPOWER,5033,2010,0.287337928
Simplicity2,WINDPOWER,5034,2010,0.136606027
Simplicity2,WINDPOWER,5035,2010,0.02506241
Simplicity2,WINDPOWER,5036,2010,0
Simplicity2,WINDPOWER,5037,2010,0
Simplicity2,WINDPOWER,5038,2010,0
Simplicity2,WINDPOWER,5039,2010,0
Simplicity2,WINDPOWER,5040,2010,0
Simplicity2,WINDPOWER,5041,2010,0
Simplicity2,WINDPOWER,5042,2010,0
Simplicity2,WINDPOWER,5043,2010,0
Simplicity2,WINDPOWER,5044,2010,0
Simplicity2,WINDPOWER,5045,2010,0.006599998
Simplicity2,WINDPOWER,5046,2010,0.031394555
Simplicity2,WINDPOWER,5047,2010,0.204986733
Simplicity2,WINDPOWER,5048,2010,0.411498536
Simplicity2,WINDPOWER,5049,2010,0.586090992
Simplicity2,WINDPOWER,5050,2010,0.713798832
Simplicity2,WINDPOWER,5051,2010,0.771587841
Simplicity2,WINDPOWER,5052,2010,0.727504176
Simplicity2,WINDPOWER,5053,2010,0.7140843
Simplicity2,WINDPOWER,5054,2010,0.636476289
Simplicity2,WINDPOWER,5055,2010,0.505901914
Simplicity2,WINDPOWER,5056,2010,0.49199884
Simplicity2,WINDPOWER,5057,2010,0.294392735
Simplicity2,WINDPOWER,5058,2010,0.127117756
Simplicity2,WINDPOWER,5059,2010,0.01993366
Simplicity2,WINDPOWER,5060,2010,0
Simplicity2,WINDPOWER,5061,2010,0
Simplicity2,WINDPOWER,5062,2010,0
Simplicity2,WINDPOWER,5063,2010,0
Simplicity2,WINDPOWER,5064,2010,0
Simplicity2,WINDPOWER,5065,2010,0
Simplicity2,WINDPOWER,5066,2010,0
Simplicity2,WINDPOWER,5067,2010,0
Simplicity2,WINDPOWER,5068,2010,0
Simplicity2,WINDPOWER,5069,2010,0.006012283
Simplicity2,WINDPOWER,5070,2010,0.030312147
Simplicity2,WINDPOWER,5071,2010,0.203899894
Simplicity2,WINDPOWER,5072,2010,0.410581519
Simplicity2,WINDPOWER,5073,2010,0.58544816
Simplicity2,WINDPOWER,5074,2010,0.705102811
Simplicity2,WINDPOWER,5075,2010,0.717516541
Simplicity2,WINDPOWER,5076,2010,0.692867258
Simplicity2,WINDPOWER,5077,2010,0.796313959
Simplicity2,WINDPOWER,5078,2010,0.742622953
Simplicity2,WINDPOWER,5079,2010,0.66336752
Simplicity2,WINDPOWER,5080,2010,0.505559994
Simplicity2,WINDPOWER,5081,2010,0.305738455
Simplicity2,WINDPOWER,5082,2010,0.12280903
Simplicity2,WINDPOWER,5083,2010,0.021823701
Simplicity2,WINDPOWER,5084,2010,0
Simplicity2,WINDPOWER,5085,2010,0
Simplicity2,WINDPOWER,5086,2010,0
Simplicity2,WINDPOWER,5087,2010,0
Simplicity2,WINDPOWER,5088,2010,0
Simplicity2,WINDPOWER,5089,2010,0
Simplicity2,WINDPOWER,5090,2010,0
Simplicity2,WINDPOWER,5091,2010,0
Simplicity2,WINDPOWER,5092,2010,0
Simplicity2,WINDPOWER,5093,2010,0.006268829
Simplicity2,WINDPOWER,5094,2010,0.043008931
Simplicity2,WINDPOWER,5095,2010,0.1904137
Simplicity2,WINDPOWER,5096,2010,0.388700292
Simplicity2,WINDPOWER,5097,2010,0.566657798
Simplicity2,WINDPOWER,5098,2010,0.674531884
Simplicity2,WINDPOWER,5099,2010,0.754915484
Simplicity2,WINDPOWER,5100,2010,0.749869785
Simplicity2,WINDPOWER,5101,2010,0.659499509
Simplicity2,WINDPOWER,5102,2010,0.552049512
Simplicity2,WINDPOWER,5103,2010,0.36809087
Simplicity2,WINDPOWER,5104,2010,0.31151767
Simplicity2,WINDPOWER,5105,2010,0.162675226
Simplicity2,WINDPOWER,5106,2010,0.074028822
Simplicity2,WINDPOWER,5107,2010,0.019994903
Simplicity2,WINDPOWER,5108,2010,0
Simplicity2,WINDPOWER,5109,2010,0
Simplicity2,WINDPOWER,5110,2010,0
Simplicity2,WINDPOWER,5111,2010,0
Simplicity2,WINDPOWER,5112,2010,0
Simplicity2,WINDPOWER,5113,2010,0
Simplicity2,WINDPOWER,5114,2010,0
Simplicity2,WINDPOWER,5115,2010,0
Simplicity2,WINDPOWER,5116,2010,0
Simplicity2,WINDPOWER,5117,2010,0.001730469
Simplicity2,WINDPOWER,5118,2010,0.022096492
Simplicity2,WINDPOWER,5119,2010,0.051959765
Simplicity2,WINDPOWER,5120,2010,0.118326384
Simplicity2,WINDPOWER,5121,2010,0.123583305
Simplicity2,WINDPOWER,5122,2010,0.192980205
Simplicity2,WINDPOWER,5123,2010,0.342022416
Simplicity2,WINDPOWER,5124,2010,0.290505049
Simplicity2,WINDPOWER,5125,2010,0.307068969
Simplicity2,WINDPOWER,5126,2010,0.474112632
Simplicity2,WINDPOWER,5127,2010,0.495405992
Simplicity2,WINDPOWER,5128,2010,0.420659158
Simplicity2,WINDPOWER,5129,2010,0.237280633
Simplicity2,WINDPOWER,5130,2010,0.105153147
Simplicity2,WINDPOWER,5131,2010,0.025988541
Simplicity2,WINDPOWER,5132,2010,0
Simplicity2,WINDPOWER,5133,2010,0
Simplicity2,WINDPOWER,5134,2010,0
Simplicity2,WINDPOWER,5135,2010,0
Simplicity2,WINDPOWER,5136,2010,0
Simplicity2,WINDPOWER,5137,2010,0
Simplicity2,WINDPOWER,5138,2010,0
Simplicity2,WINDPOWER,5139,2010,0
Simplicity2,WINDPOWER,5140,2010,0
Simplicity2,WINDPOWER,5141,2010,0
Simplicity2,WINDPOWER,5142,2010,0.032440804
Simplicity2,WINDPOWER,5143,2010,0.16977144
Simplicity2,WINDPOWER,5144,2010,0.364741335
Simplicity2,WINDPOWER,5145,2010,0.548731778
Simplicity2,WINDPOWER,5146,2010,0.696512068
Simplicity2,WINDPOWER,5147,2010,0.741324051
Simplicity2,WINDPOWER,5148,2010,0.794894373
Simplicity2,WINDPOWER,5149,2010,0.812076016
Simplicity2,WINDPOWER,5150,2010,0.73243534
Simplicity2,WINDPOWER,5151,2010,0.632191421
Simplicity2,WINDPOWER,5152,2010,0.47958188
Simplicity2,WINDPOWER,5153,2010,0.28484742
Simplicity2,WINDPOWER,5154,2010,0.122126876
Simplicity2,WINDPOWER,5155,2010,0.022977744
Simplicity2,WINDPOWER,5156,2010,0
Simplicity2,WINDPOWER,5157,2010,0
Simplicity2,WINDPOWER,5158,2010,0
Simplicity2,WINDPOWER,5159,2010,0
Simplicity2,WINDPOWER,5160,2010,0
Simplicity2,WINDPOWER,5161,2010,0
Simplicity2,WINDPOWER,5162,2010,0
Simplicity2,WINDPOWER,5163,2010,0
Simplicity2,WINDPOWER,5164,2010,0
Simplicity2,WINDPOWER,5165,2010,0
Simplicity2,WINDPOWER,5166,2010,0.037652258
Simplicity2,WINDPOWER,5167,2010,0.201673855
Simplicity2,WINDPOWER,5168,2010,0.370736063
Simplicity2,WINDPOWER,5169,2010,0.545191854
Simplicity2,WINDPOWER,5170,2010,0.621819555
Simplicity2,WINDPOWER,5171,2010,0.648342171
Simplicity2,WINDPOWER,5172,2010,0.73289379
Simplicity2,WINDPOWER,5173,2010,0.723303928
Simplicity2,WINDPOWER,5174,2010,0.625350396
Simplicity2,WINDPOWER,5175,2010,0.401223786
Simplicity2,WINDPOWER,5176,2010,0.336323823
Simplicity2,WINDPOWER,5177,2010,0.183267282
Simplicity2,WINDPOWER,5178,2010,0.112565164
Simplicity2,WINDPOWER,5179,2010,0.0287077
Simplicity2,WINDPOWER,5180,2010,0
Simplicity2,WINDPOWER,5181,2010,0
Simplicity2,WINDPOWER,5182,2010,0
Simplicity2,WINDPOWER,5183,2010,0
Simplicity2,WINDPOWER,5184,2010,0
Simplicity2,WINDPOWER,5185,2010,0
Simplicity2,WINDPOWER,5186,2010,0
Simplicity2,WINDPOWER,5187,2010,0
Simplicity2,WINDPOWER,5188,2010,0
Simplicity2,WINDPOWER,5189,2010,0
Simplicity2,WINDPOWER,5190,2010,0.031011502
Simplicity2,WINDPOWER,5191,2010,0.200868958
Simplicity2,WINDPOWER,5192,2010,0.411301258
Simplicity2,WINDPOWER,5193,2010,0.592348601
Simplicity2,WINDPOWER,5194,2010,0.724483783
Simplicity2,WINDPOWER,5195,2010,0.802285569
Simplicity2,WINDPOWER,5196,2010,0.811960372
Simplicity2,WINDPOWER,5197,2010,0.77805349
Simplicity2,WINDPOWER,5198,2010,0.753344491
Simplicity2,WINDPOWER,5199,2010,0.596388906
Simplicity2,WINDPOWER,5200,2010,0.320545995
Simplicity2,WINDPOWER,5201,2010,0.170387935
Simplicity2,WINDPOWER,5202,2010,0.075442283
Simplicity2,WINDPOWER,5203,2010,0.031185683
Simplicity2,WINDPOWER,5204,2010,0
Simplicity2,WINDPOWER,5205,2010,0
Simplicity2,WINDPOWER,5206,2010,0
Simplicity2,WINDPOWER,5207,2010,0
Simplicity2,WINDPOWER,5208,2010,0
Simplicity2,WINDPOWER,5209,2010,0
Simplicity2,WINDPOWER,5210,2010,0
Simplicity2,WINDPOWER,5211,2010,0
Simplicity2,WINDPOWER,5212,2010,0
Simplicity2,WINDPOWER,5213,2010,0
Simplicity2,WINDPOWER,5214,2010,0.050010082
Simplicity2,WINDPOWER,5215,2010,0.191070264
Simplicity2,WINDPOWER,5216,2010,0.4132037
Simplicity2,WINDPOWER,5217,2010,0.593503938
Simplicity2,WINDPOWER,5218,2010,0.6922509
Simplicity2,WINDPOWER,5219,2010,0.756950708
Simplicity2,WINDPOWER,5220,2010,0.739392844
Simplicity2,WINDPOWER,5221,2010,0.579952664
Simplicity2,WINDPOWER,5222,2010,0.490500905
Simplicity2,WINDPOWER,5223,2010,0.537263523
Simplicity2,WINDPOWER,5224,2010,0.391584107
Simplicity2,WINDPOWER,5225,2010,0.20291668
Simplicity2,WINDPOWER,5226,2010,0.103367914
Simplicity2,WINDPOWER,5227,2010,0.024905155
Simplicity2,WINDPOWER,5228,2010,0
Simplicity2,WINDPOWER,5229,2010,0
Simplicity2,WINDPOWER,5230,2010,0
Simplicity2,WINDPOWER,5231,2010,0
Simplicity2,WINDPOWER,5232,2010,0
Simplicity2,WINDPOWER,5233,2010,0
Simplicity2,WINDPOWER,5234,2010,0
Simplicity2,WINDPOWER,5235,2010,0
Simplicity2,WINDPOWER,5236,2010,0
Simplicity2,WINDPOWER,5237,2010,0
Simplicity2,WINDPOWER,5238,2010,0.035457646
Simplicity2,WINDPOWER,5239,2010,0.168849082
Simplicity2,WINDPOWER,5240,2010,0.235140558
Simplicity2,WINDPOWER,5241,2010,0.238818194
Simplicity2,WINDPOWER,5242,2010,0.329705964
Simplicity2,WINDPOWER,5243,2010,0.446094809
Simplicity2,WINDPOWER,5244,2010,0.500057985
Simplicity2,WINDPOWER,5245,2010,0.607082639
Simplicity2,WINDPOWER,5246,2010,0.519668873
Simplicity2,WINDPOWER,5247,2010,0.398386515
Simplicity2,WINDPOWER,5248,2010,0.367504684
Simplicity2,WINDPOWER,5249,2010,0.18941271
Simplicity2,WINDPOWER,5250,2010,0.089641745
Simplicity2,WINDPOWER,5251,2010,0.017951592
Simplicity2,WINDPOWER,5252,2010,0
Simplicity2,WINDPOWER,5253,2010,0
Simplicity2,WINDPOWER,5254,2010,0
Simplicity2,WINDPOWER,5255,2010,0
Simplicity2,WINDPOWER,5256,2010,0
Simplicity2,WINDPOWER,5257,2010,0
Simplicity2,WINDPOWER,5258,2010,0
Simplicity2,WINDPOWER,5259,2010,0
Simplicity2,WINDPOWER,5260,2010,0
Simplicity2,WINDPOWER,5261,2010,0
Simplicity2,WINDPOWER,5262,2010,0.027667967
Simplicity2,WINDPOWER,5263,2010,0.082123768
Simplicity2,WINDPOWER,5264,2010,0.149267435
Simplicity2,WINDPOWER,5265,2010,0.26514473
Simplicity2,WINDPOWER,5266,2010,0.434321362
Simplicity2,WINDPOWER,5267,2010,0.391016053
Simplicity2,WINDPOWER,5268,2010,0.547194551
Simplicity2,WINDPOWER,5269,2010,0.529942481
Simplicity2,WINDPOWER,5270,2010,0.415428053
Simplicity2,WINDPOWER,5271,2010,0.305877117
Simplicity2,WINDPOWER,5272,2010,0.195084864
Simplicity2,WINDPOWER,5273,2010,0.127762646
Simplicity2,WINDPOWER,5274,2010,0.082157398
Simplicity2,WINDPOWER,5275,2010,0.020369459
Simplicity2,WINDPOWER,5276,2010,0
Simplicity2,WINDPOWER,5277,2010,0
Simplicity2,WINDPOWER,5278,2010,0
Simplicity2,WINDPOWER,5279,2010,0
Simplicity2,WINDPOWER,5280,2010,0
Simplicity2,WINDPOWER,5281,2010,0
Simplicity2,WINDPOWER,5282,2010,0
Simplicity2,WINDPOWER,5283,2010,0
Simplicity2,WINDPOWER,5284,2010,0
Simplicity2,WINDPOWER,5285,2010,0
Simplicity2,WINDPOWER,5286,2010,0.033168822
Simplicity2,WINDPOWER,5287,2010,0.172332101
Simplicity2,WINDPOWER,5288,2010,0.327201189
Simplicity2,WINDPOWER,5289,2010,0.394179372
Simplicity2,WINDPOWER,5290,2010,0.468647259
Simplicity2,WINDPOWER,5291,2010,0.383145704
Simplicity2,WINDPOWER,5292,2010,0.484857279
Simplicity2,WINDPOWER,5293,2010,0.427442098
Simplicity2,WINDPOWER,5294,2010,0.413798448
Simplicity2,WINDPOWER,5295,2010,0.398638692
Simplicity2,WINDPOWER,5296,2010,0.360187426
Simplicity2,WINDPOWER,5297,2010,0.282831707
Simplicity2,WINDPOWER,5298,2010,0.119514008
Simplicity2,WINDPOWER,5299,2010,0.027681711
Simplicity2,WINDPOWER,5300,2010,0
Simplicity2,WINDPOWER,5301,2010,0
Simplicity2,WINDPOWER,5302,2010,0
Simplicity2,WINDPOWER,5303,2010,0
Simplicity2,WINDPOWER,5304,2010,0
Simplicity2,WINDPOWER,5305,2010,0
Simplicity2,WINDPOWER,5306,2010,0
Simplicity2,WINDPOWER,5307,2010,0
Simplicity2,WINDPOWER,5308,2010,0
Simplicity2,WINDPOWER,5309,2010,0
Simplicity2,WINDPOWER,5310,2010,0.040467009
Simplicity2,WINDPOWER,5311,2010,0.145148852
Simplicity2,WINDPOWER,5312,2010,0.289129808
Simplicity2,WINDPOWER,5313,2010,0.350022925
Simplicity2,WINDPOWER,5314,2010,0.409486676
Simplicity2,WINDPOWER,5315,2010,0.641370013
Simplicity2,WINDPOWER,5316,2010,0.513135974
Simplicity2,WINDPOWER,5317,2010,0.672513407
Simplicity2,WINDPOWER,5318,2010,0.503439086
Simplicity2,WINDPOWER,5319,2010,0.399129915
Simplicity2,WINDPOWER,5320,2010,0.402105119
Simplicity2,WINDPOWER,5321,2010,0.259310814
Simplicity2,WINDPOWER,5322,2010,0.11139054
Simplicity2,WINDPOWER,5323,2010,0.023971399
Simplicity2,WINDPOWER,5324,2010,0
Simplicity2,WINDPOWER,5325,2010,0
Simplicity2,WINDPOWER,5326,2010,0
Simplicity2,WINDPOWER,5327,2010,0
Simplicity2,WINDPOWER,5328,2010,0
Simplicity2,WINDPOWER,5329,2010,0
Simplicity2,WINDPOWER,5330,2010,0
Simplicity2,WINDPOWER,5331,2010,0
Simplicity2,WINDPOWER,5332,2010,0
Simplicity2,WINDPOWER,5333,2010,0
Simplicity2,WINDPOWER,5334,2010,0.026584679
Simplicity2,WINDPOWER,5335,2010,0.188874432
Simplicity2,WINDPOWER,5336,2010,0.402889042
Simplicity2,WINDPOWER,5337,2010,0.584595376
Simplicity2,WINDPOWER,5338,2010,0.700169754
Simplicity2,WINDPOWER,5339,2010,0.789392925
Simplicity2,WINDPOWER,5340,2010,0.82327646
Simplicity2,WINDPOWER,5341,2010,0.801544187
Simplicity2,WINDPOWER,5342,2010,0.763290037
Simplicity2,WINDPOWER,5343,2010,0.670333844
Simplicity2,WINDPOWER,5344,2010,0.518907511
Simplicity2,WINDPOWER,5345,2010,0.326114289
Simplicity2,WINDPOWER,5346,2010,0.118665506
Simplicity2,WINDPOWER,5347,2010,0.013222139
Simplicity2,WINDPOWER,5348,2010,0
Simplicity2,WINDPOWER,5349,2010,0
Simplicity2,WINDPOWER,5350,2010,0
Simplicity2,WINDPOWER,5351,2010,0
Simplicity2,WINDPOWER,5352,2010,0
Simplicity2,WINDPOWER,5353,2010,0
Simplicity2,WINDPOWER,5354,2010,0
Simplicity2,WINDPOWER,5355,2010,0
Simplicity2,WINDPOWER,5356,2010,0
Simplicity2,WINDPOWER,5357,2010,0
Simplicity2,WINDPOWER,5358,2010,0.026613846
Simplicity2,WINDPOWER,5359,2010,0.196118965
Simplicity2,WINDPOWER,5360,2010,0.408965593
Simplicity2,WINDPOWER,5361,2010,0.589544671
Simplicity2,WINDPOWER,5362,2010,0.725629727
Simplicity2,WINDPOWER,5363,2010,0.807447914
Simplicity2,WINDPOWER,5364,2010,0.832690301
Simplicity2,WINDPOWER,5365,2010,0.825347383
Simplicity2,WINDPOWER,5366,2010,0.764210319
Simplicity2,WINDPOWER,5367,2010,0.666904864
Simplicity2,WINDPOWER,5368,2010,0.518704419
Simplicity2,WINDPOWER,5369,2010,0.327264726
Simplicity2,WINDPOWER,5370,2010,0.117146896
Simplicity2,WINDPOWER,5371,2010,0.012449471
Simplicity2,WINDPOWER,5372,2010,0
Simplicity2,WINDPOWER,5373,2010,0
Simplicity2,WINDPOWER,5374,2010,0
Simplicity2,WINDPOWER,5375,2010,0
Simplicity2,WINDPOWER,5376,2010,0
Simplicity2,WINDPOWER,5377,2010,0
Simplicity2,WINDPOWER,5378,2010,0
Simplicity2,WINDPOWER,5379,2010,0
Simplicity2,WINDPOWER,5380,2010,0
Simplicity2,WINDPOWER,5381,2010,0
Simplicity2,WINDPOWER,5382,2010,0.025703929
Simplicity2,WINDPOWER,5383,2010,0.19501213
Simplicity2,WINDPOWER,5384,2010,0.407986542
Simplicity2,WINDPOWER,5385,2010,0.589351188
Simplicity2,WINDPOWER,5386,2010,0.723513149
Simplicity2,WINDPOWER,5387,2010,0.805499893
Simplicity2,WINDPOWER,5388,2010,0.827511804
Simplicity2,WINDPOWER,5389,2010,0.817790799
Simplicity2,WINDPOWER,5390,2010,0.766950749
Simplicity2,WINDPOWER,5391,2010,0.66997429
Simplicity2,WINDPOWER,5392,2010,0.519905823
Simplicity2,WINDPOWER,5393,2010,0.323402203
Simplicity2,WINDPOWER,5394,2010,0.115091027
Simplicity2,WINDPOWER,5395,2010,0.01128722
Simplicity2,WINDPOWER,5396,2010,0
Simplicity2,WINDPOWER,5397,2010,0
Simplicity2,WINDPOWER,5398,2010,0
Simplicity2,WINDPOWER,5399,2010,0
Simplicity2,WINDPOWER,5400,2010,0
Simplicity2,WINDPOWER,5401,2010,0
Simplicity2,WINDPOWER,5402,2010,0
Simplicity2,WINDPOWER,5403,2010,0
Simplicity2,WINDPOWER,5404,2010,0
Simplicity2,WINDPOWER,5405,2010,0
Simplicity2,WINDPOWER,5406,2010,0.02633505
Simplicity2,WINDPOWER,5407,2010,0.196922473
Simplicity2,WINDPOWER,5408,2010,0.412128625
Simplicity2,WINDPOWER,5409,2010,0.595328079
Simplicity2,WINDPOWER,5410,2010,0.728499124
Simplicity2,WINDPOWER,5411,2010,0.805681295
Simplicity2,WINDPOWER,5412,2010,0.825882546
Simplicity2,WINDPOWER,5413,2010,0.816004609
Simplicity2,WINDPOWER,5414,2010,0.76726684
Simplicity2,WINDPOWER,5415,2010,0.66997927
Simplicity2,WINDPOWER,5416,2010,0.519023303
Simplicity2,WINDPOWER,5417,2010,0.321666066
Simplicity2,WINDPOWER,5418,2010,0.112288864
Simplicity2,WINDPOWER,5419,2010,0.010437161
Simplicity2,WINDPOWER,5420,2010,0
Simplicity2,WINDPOWER,5421,2010,0
Simplicity2,WINDPOWER,5422,2010,0
Simplicity2,WINDPOWER,5423,2010,0
Simplicity2,WINDPOWER,5424,2010,0
Simplicity2,WINDPOWER,5425,2010,0
Simplicity2,WINDPOWER,5426,2010,0
Simplicity2,WINDPOWER,5427,2010,0
Simplicity2,WINDPOWER,5428,2010,0
Simplicity2,WINDPOWER,5429,2010,0
Simplicity2,WINDPOWER,5430,2010,0.035579139
Simplicity2,WINDPOWER,5431,2010,0.188079017
Simplicity2,WINDPOWER,5432,2010,0.409084251
Simplicity2,WINDPOWER,5433,2010,0.58256504
Simplicity2,WINDPOWER,5434,2010,0.728172348
Simplicity2,WINDPOWER,5435,2010,0.808616264
Simplicity2,WINDPOWER,5436,2010,0.832127226
Simplicity2,WINDPOWER,5437,2010,0.8229118
Simplicity2,WINDPOWER,5438,2010,0.771612041
Simplicity2,WINDPOWER,5439,2010,0.677653221
Simplicity2,WINDPOWER,5440,2010,0.505020785
Simplicity2,WINDPOWER,5441,2010,0.309099846
Simplicity2,WINDPOWER,5442,2010,0.107173914
Simplicity2,WINDPOWER,5443,2010,0.009547243
Simplicity2,WINDPOWER,5444,2010,0
Simplicity2,WINDPOWER,5445,2010,0
Simplicity2,WINDPOWER,5446,2010,0
Simplicity2,WINDPOWER,5447,2010,0
Simplicity2,WINDPOWER,5448,2010,0
Simplicity2,WINDPOWER,5449,2010,0
Simplicity2,WINDPOWER,5450,2010,0
Simplicity2,WINDPOWER,5451,2010,0
Simplicity2,WINDPOWER,5452,2010,0
Simplicity2,WINDPOWER,5453,2010,0
Simplicity2,WINDPOWER,5454,2010,0.024594842
Simplicity2,WINDPOWER,5455,2010,0.153794762
Simplicity2,WINDPOWER,5456,2010,0.260226382
Simplicity2,WINDPOWER,5457,2010,0.320715791
Simplicity2,WINDPOWER,5458,2010,0.321546252
Simplicity2,WINDPOWER,5459,2010,0.409401644
Simplicity2,WINDPOWER,5460,2010,0.519341062
Simplicity2,WINDPOWER,5461,2010,0.351981715
Simplicity2,WINDPOWER,5462,2010,0.21542579
Simplicity2,WINDPOWER,5463,2010,0.118498764
Simplicity2,WINDPOWER,5464,2010,0.122090203
Simplicity2,WINDPOWER,5465,2010,0.152087384
Simplicity2,WINDPOWER,5466,2010,0.037674137
Simplicity2,WINDPOWER,5467,2010,0.006279568
Simplicity2,WINDPOWER,5468,2010,0
Simplicity2,WINDPOWER,5469,2010,0
Simplicity2,WINDPOWER,5470,2010,0
Simplicity2,WINDPOWER,5471,2010,0
Simplicity2,WINDPOWER,5472,2010,0
Simplicity2,WINDPOWER,5473,2010,0
Simplicity2,WINDPOWER,5474,2010,0
Simplicity2,WINDPOWER,5475,2010,0
Simplicity2,WINDPOWER,5476,2010,0
Simplicity2,WINDPOWER,5477,2010,0
Simplicity2,WINDPOWER,5478,2010,0.011543512
Simplicity2,WINDPOWER,5479,2010,0.014259921
Simplicity2,WINDPOWER,5480,2010,0.039073278
Simplicity2,WINDPOWER,5481,2010,0.083470896
Simplicity2,WINDPOWER,5482,2010,0.099310407
Simplicity2,WINDPOWER,5483,2010,0.185018087
Simplicity2,WINDPOWER,5484,2010,0.159887759
Simplicity2,WINDPOWER,5485,2010,0.075675649
Simplicity2,WINDPOWER,5486,2010,0.140977149
Simplicity2,WINDPOWER,5487,2010,0.118194687
Simplicity2,WINDPOWER,5488,2010,0.103709874
Simplicity2,WINDPOWER,5489,2010,0.071329135
Simplicity2,WINDPOWER,5490,2010,0.047454017
Simplicity2,WINDPOWER,5491,2010,0.006725827
Simplicity2,WINDPOWER,5492,2010,0
Simplicity2,WINDPOWER,5493,2010,0
Simplicity2,WINDPOWER,5494,2010,0
Simplicity2,WINDPOWER,5495,2010,0
Simplicity2,WINDPOWER,5496,2010,0
Simplicity2,WINDPOWER,5497,2010,0
Simplicity2,WINDPOWER,5498,2010,0
Simplicity2,WINDPOWER,5499,2010,0
Simplicity2,WINDPOWER,5500,2010,0
Simplicity2,WINDPOWER,5501,2010,0
Simplicity2,WINDPOWER,5502,2010,0.024272754
Simplicity2,WINDPOWER,5503,2010,0.187819536
Simplicity2,WINDPOWER,5504,2010,0.339298936
Simplicity2,WINDPOWER,5505,2010,0.4776913
Simplicity2,WINDPOWER,5506,2010,0.618718794
Simplicity2,WINDPOWER,5507,2010,0.504501272
Simplicity2,WINDPOWER,5508,2010,0.471450713
Simplicity2,WINDPOWER,5509,2010,0.448400131
Simplicity2,WINDPOWER,5510,2010,0.45709961
Simplicity2,WINDPOWER,5511,2010,0.515773487
Simplicity2,WINDPOWER,5512,2010,0.457398088
Simplicity2,WINDPOWER,5513,2010,0.250756125
Simplicity2,WINDPOWER,5514,2010,0.108661215
Simplicity2,WINDPOWER,5515,2010,0.010316197
Simplicity2,WINDPOWER,5516,2010,0
Simplicity2,WINDPOWER,5517,2010,0
Simplicity2,WINDPOWER,5518,2010,0
Simplicity2,WINDPOWER,5519,2010,0
Simplicity2,WINDPOWER,5520,2010,0
Simplicity2,WINDPOWER,5521,2010,0
Simplicity2,WINDPOWER,5522,2010,0
Simplicity2,WINDPOWER,5523,2010,0
Simplicity2,WINDPOWER,5524,2010,0
Simplicity2,WINDPOWER,5525,2010,0
Simplicity2,WINDPOWER,5526,2010,0.020915614
Simplicity2,WINDPOWER,5527,2010,0.160740198
Simplicity2,WINDPOWER,5528,2010,0.304470477
Simplicity2,WINDPOWER,5529,2010,0.416663738
Simplicity2,WINDPOWER,5530,2010,0.539202569
Simplicity2,WINDPOWER,5531,2010,0.588455618
Simplicity2,WINDPOWER,5532,2010,0.583175702
Simplicity2,WINDPOWER,5533,2010,0.492502616
Simplicity2,WINDPOWER,5534,2010,0.553615467
Simplicity2,WINDPOWER,5535,2010,0.469295244
Simplicity2,WINDPOWER,5536,2010,0.342957953
Simplicity2,WINDPOWER,5537,2010,0.171074259
Simplicity2,WINDPOWER,5538,2010,0.066403921
Simplicity2,WINDPOWER,5539,2010,0.006957027
Simplicity2,WINDPOWER,5540,2010,0
Simplicity2,WINDPOWER,5541,2010,0
Simplicity2,WINDPOWER,5542,2010,0
Simplicity2,WINDPOWER,5543,2010,0
Simplicity2,WINDPOWER,5544,2010,0
Simplicity2,WINDPOWER,5545,2010,0
Simplicity2,WINDPOWER,5546,2010,0
Simplicity2,WINDPOWER,5547,2010,0
Simplicity2,WINDPOWER,5548,2010,0
Simplicity2,WINDPOWER,5549,2010,0
Simplicity2,WINDPOWER,5550,2010,0.017658846
Simplicity2,WINDPOWER,5551,2010,0.137114682
Simplicity2,WINDPOWER,5552,2010,0.260373525
Simplicity2,WINDPOWER,5553,2010,0.402171476
Simplicity2,WINDPOWER,5554,2010,0.576975825
Simplicity2,WINDPOWER,5555,2010,0.639913131
Simplicity2,WINDPOWER,5556,2010,0.695005871
Simplicity2,WINDPOWER,5557,2010,0.751911057
Simplicity2,WINDPOWER,5558,2010,0.544943326
Simplicity2,WINDPOWER,5559,2010,0.398166285
Simplicity2,WINDPOWER,5560,2010,0.292724148
Simplicity2,WINDPOWER,5561,2010,0.170005291
Simplicity2,WINDPOWER,5562,2010,0.059448515
Simplicity2,WINDPOWER,5563,2010,0.008480408
Simplicity2,WINDPOWER,5564,2010,0
Simplicity2,WINDPOWER,5565,2010,0
Simplicity2,WINDPOWER,5566,2010,0
Simplicity2,WINDPOWER,5567,2010,0
Simplicity2,WINDPOWER,5568,2010,0
Simplicity2,WINDPOWER,5569,2010,0
Simplicity2,WINDPOWER,5570,2010,0
Simplicity2,WINDPOWER,5571,2010,0
Simplicity2,WINDPOWER,5572,2010,0
Simplicity2,WINDPOWER,5573,2010,0
Simplicity2,WINDPOWER,5574,2010,0.03318865
Simplicity2,WINDPOWER,5575,2010,0.075476863
Simplicity2,WINDPOWER,5576,2010,0.127426213
Simplicity2,WINDPOWER,5577,2010,0.144975017
Simplicity2,WINDPOWER,5578,2010,0.224451678
Simplicity2,WINDPOWER,5579,2010,0.110449109
Simplicity2,WINDPOWER,5580,2010,0.141202785
Simplicity2,WINDPOWER,5581,2010,0.157851826
Simplicity2,WINDPOWER,5582,2010,0.220936003
Simplicity2,WINDPOWER,5583,2010,0.168443997
Simplicity2,WINDPOWER,5584,2010,0.136050434
Simplicity2,WINDPOWER,5585,2010,0.158581208
Simplicity2,WINDPOWER,5586,2010,0.065290185
Simplicity2,WINDPOWER,5587,2010,0.00800154
Simplicity2,WINDPOWER,5588,2010,0
Simplicity2,WINDPOWER,5589,2010,0
Simplicity2,WINDPOWER,5590,2010,0
Simplicity2,WINDPOWER,5591,2010,0
Simplicity2,WINDPOWER,5592,2010,0
Simplicity2,WINDPOWER,5593,2010,0
Simplicity2,WINDPOWER,5594,2010,0
Simplicity2,WINDPOWER,5595,2010,0
Simplicity2,WINDPOWER,5596,2010,0
Simplicity2,WINDPOWER,5597,2010,0
Simplicity2,WINDPOWER,5598,2010,0.019043401
Simplicity2,WINDPOWER,5599,2010,0.093191605
Simplicity2,WINDPOWER,5600,2010,0.250506265
Simplicity2,WINDPOWER,5601,2010,0.331590934
Simplicity2,WINDPOWER,5602,2010,0.405698893
Simplicity2,WINDPOWER,5603,2010,0.696394378
Simplicity2,WINDPOWER,5604,2010,0.686484959
Simplicity2,WINDPOWER,5605,2010,0.618476413
Simplicity2,WINDPOWER,5606,2010,0.593664522
Simplicity2,WINDPOWER,5607,2010,0.519511781
Simplicity2,WINDPOWER,5608,2010,0.361755079
Simplicity2,WINDPOWER,5609,2010,0.201710675
Simplicity2,WINDPOWER,5610,2010,0.062756957
Simplicity2,WINDPOWER,5611,2010,0.005306865
Simplicity2,WINDPOWER,5612,2010,0
Simplicity2,WINDPOWER,5613,2010,0
Simplicity2,WINDPOWER,5614,2010,0
Simplicity2,WINDPOWER,5615,2010,0
Simplicity2,WINDPOWER,5616,2010,0
Simplicity2,WINDPOWER,5617,2010,0
Simplicity2,WINDPOWER,5618,2010,0
Simplicity2,WINDPOWER,5619,2010,0
Simplicity2,WINDPOWER,5620,2010,0
Simplicity2,WINDPOWER,5621,2010,0
Simplicity2,WINDPOWER,5622,2010,0.027580031
Simplicity2,WINDPOWER,5623,2010,0.141217745
Simplicity2,WINDPOWER,5624,2010,0.278455628
Simplicity2,WINDPOWER,5625,2010,0.436384802
Simplicity2,WINDPOWER,5626,2010,0.620027287
Simplicity2,WINDPOWER,5627,2010,0.687295115
Simplicity2,WINDPOWER,5628,2010,0.800254472
Simplicity2,WINDPOWER,5629,2010,0.77079632
Simplicity2,WINDPOWER,5630,2010,0.730771392
Simplicity2,WINDPOWER,5631,2010,0.583828036
Simplicity2,WINDPOWER,5632,2010,0.401451642
Simplicity2,WINDPOWER,5633,2010,0.250248734
Simplicity2,WINDPOWER,5634,2010,0.091466568
Simplicity2,WINDPOWER,5635,2010,0.007734312
Simplicity2,WINDPOWER,5636,2010,0
Simplicity2,WINDPOWER,5637,2010,0
Simplicity2,WINDPOWER,5638,2010,0
Simplicity2,WINDPOWER,5639,2010,0
Simplicity2,WINDPOWER,5640,2010,0
Simplicity2,WINDPOWER,5641,2010,0
Simplicity2,WINDPOWER,5642,2010,0
Simplicity2,WINDPOWER,5643,2010,0
Simplicity2,WINDPOWER,5644,2010,0
Simplicity2,WINDPOWER,5645,2010,0
Simplicity2,WINDPOWER,5646,2010,0.021122428
Simplicity2,WINDPOWER,5647,2010,0.190054827
Simplicity2,WINDPOWER,5648,2010,0.402909986
Simplicity2,WINDPOWER,5649,2010,0.58685746
Simplicity2,WINDPOWER,5650,2010,0.719911032
Simplicity2,WINDPOWER,5651,2010,0.624061862
Simplicity2,WINDPOWER,5652,2010,0.393494054
Simplicity2,WINDPOWER,5653,2010,0.4762638
Simplicity2,WINDPOWER,5654,2010,0.33261515
Simplicity2,WINDPOWER,5655,2010,0.326433087
Simplicity2,WINDPOWER,5656,2010,0.256057964
Simplicity2,WINDPOWER,5657,2010,0.199135989
Simplicity2,WINDPOWER,5658,2010,0.0802226
Simplicity2,WINDPOWER,5659,2010,0.006494336
Simplicity2,WINDPOWER,5660,2010,0
Simplicity2,WINDPOWER,5661,2010,0
Simplicity2,WINDPOWER,5662,2010,0
Simplicity2,WINDPOWER,5663,2010,0
Simplicity2,WINDPOWER,5664,2010,0
Simplicity2,WINDPOWER,5665,2010,0
Simplicity2,WINDPOWER,5666,2010,0
Simplicity2,WINDPOWER,5667,2010,0
Simplicity2,WINDPOWER,5668,2010,0
Simplicity2,WINDPOWER,5669,2010,0
Simplicity2,WINDPOWER,5670,2010,0.020858852
Simplicity2,WINDPOWER,5671,2010,0.188624243
Simplicity2,WINDPOWER,5672,2010,0.409778193
Simplicity2,WINDPOWER,5673,2010,0.602242682
Simplicity2,WINDPOWER,5674,2010,0.743292239
Simplicity2,WINDPOWER,5675,2010,0.813295887
Simplicity2,WINDPOWER,5676,2010,0.849586161
Simplicity2,WINDPOWER,5677,2010,0.8390619
Simplicity2,WINDPOWER,5678,2010,0.730834858
Simplicity2,WINDPOWER,5679,2010,0.601715556
Simplicity2,WINDPOWER,5680,2010,0.437134789
Simplicity2,WINDPOWER,5681,2010,0.284634334
Simplicity2,WINDPOWER,5682,2010,0.087812337
Simplicity2,WINDPOWER,5683,2010,0
Simplicity2,WINDPOWER,5684,2010,0
Simplicity2,WINDPOWER,5685,2010,0
Simplicity2,WINDPOWER,5686,2010,0
Simplicity2,WINDPOWER,5687,2010,0
Simplicity2,WINDPOWER,5688,2010,0
Simplicity2,WINDPOWER,5689,2010,0
Simplicity2,WINDPOWER,5690,2010,0
Simplicity2,WINDPOWER,5691,2010,0
Simplicity2,WINDPOWER,5692,2010,0
Simplicity2,WINDPOWER,5693,2010,0
Simplicity2,WINDPOWER,5694,2010,0.018176768
Simplicity2,WINDPOWER,5695,2010,0.180780178
Simplicity2,WINDPOWER,5696,2010,0.388321237
Simplicity2,WINDPOWER,5697,2010,0.568772276
Simplicity2,WINDPOWER,5698,2010,0.678034997
Simplicity2,WINDPOWER,5699,2010,0.745655564
Simplicity2,WINDPOWER,5700,2010,0.676750294
Simplicity2,WINDPOWER,5701,2010,0.65009622
Simplicity2,WINDPOWER,5702,2010,0.436067172
Simplicity2,WINDPOWER,5703,2010,0.334085413
Simplicity2,WINDPOWER,5704,2010,0.173660758
Simplicity2,WINDPOWER,5705,2010,0.12783279
Simplicity2,WINDPOWER,5706,2010,0.057567133
Simplicity2,WINDPOWER,5707,2010,0
Simplicity2,WINDPOWER,5708,2010,0
Simplicity2,WINDPOWER,5709,2010,0
Simplicity2,WINDPOWER,5710,2010,0
Simplicity2,WINDPOWER,5711,2010,0
Simplicity2,WINDPOWER,5712,2010,0
Simplicity2,WINDPOWER,5713,2010,0
Simplicity2,WINDPOWER,5714,2010,0
Simplicity2,WINDPOWER,5715,2010,0
Simplicity2,WINDPOWER,5716,2010,0
Simplicity2,WINDPOWER,5717,2010,0
Simplicity2,WINDPOWER,5718,2010,0.021759526
Simplicity2,WINDPOWER,5719,2010,0.099600587
Simplicity2,WINDPOWER,5720,2010,0.294436629
Simplicity2,WINDPOWER,5721,2010,0.414900578
Simplicity2,WINDPOWER,5722,2010,0.582964918
Simplicity2,WINDPOWER,5723,2010,0.671171837
Simplicity2,WINDPOWER,5724,2010,0.729068314
Simplicity2,WINDPOWER,5725,2010,0.60232889
Simplicity2,WINDPOWER,5726,2010,0.503427977
Simplicity2,WINDPOWER,5727,2010,0.393251044
Simplicity2,WINDPOWER,5728,2010,0.316295278
Simplicity2,WINDPOWER,5729,2010,0.186615673
Simplicity2,WINDPOWER,5730,2010,0.068347875
Simplicity2,WINDPOWER,5731,2010,0
Simplicity2,WINDPOWER,5732,2010,0
Simplicity2,WINDPOWER,5733,2010,0
Simplicity2,WINDPOWER,5734,2010,0
Simplicity2,WINDPOWER,5735,2010,0
Simplicity2,WINDPOWER,5736,2010,0
Simplicity2,WINDPOWER,5737,2010,0
Simplicity2,WINDPOWER,5738,2010,0
Simplicity2,WINDPOWER,5739,2010,0
Simplicity2,WINDPOWER,5740,2010,0
Simplicity2,WINDPOWER,5741,2010,0
Simplicity2,WINDPOWER,5742,2010,0.025892541
Simplicity2,WINDPOWER,5743,2010,0.137826513
Simplicity2,WINDPOWER,5744,2010,0.344264474
Simplicity2,WINDPOWER,5745,2010,0.571893083
Simplicity2,WINDPOWER,5746,2010,0.687478481
Simplicity2,WINDPOWER,5747,2010,0.752962389
Simplicity2,WINDPOWER,5748,2010,0.727758781
Simplicity2,WINDPOWER,5749,2010,0.702672956
Simplicity2,WINDPOWER,5750,2010,0.687250342
Simplicity2,WINDPOWER,5751,2010,0.553286219
Simplicity2,WINDPOWER,5752,2010,0.472320885
Simplicity2,WINDPOWER,5753,2010,0.284088083
Simplicity2,WINDPOWER,5754,2010,0.08054507
Simplicity2,WINDPOWER,5755,2010,0
Simplicity2,WINDPOWER,5756,2010,0
Simplicity2,WINDPOWER,5757,2010,0
Simplicity2,WINDPOWER,5758,2010,0
Simplicity2,WINDPOWER,5759,2010,0
Simplicity2,WINDPOWER,5760,2010,0
Simplicity2,WINDPOWER,5761,2010,0
Simplicity2,WINDPOWER,5762,2010,0
Simplicity2,WINDPOWER,5763,2010,0
Simplicity2,WINDPOWER,5764,2010,0
Simplicity2,WINDPOWER,5765,2010,0
Simplicity2,WINDPOWER,5766,2010,0.015511391
Simplicity2,WINDPOWER,5767,2010,0.183892206
Simplicity2,WINDPOWER,5768,2010,0.405605878
Simplicity2,WINDPOWER,5769,2010,0.596724599
Simplicity2,WINDPOWER,5770,2010,0.73727701
Simplicity2,WINDPOWER,5771,2010,0.822027685
Simplicity2,WINDPOWER,5772,2010,0.847096795
Simplicity2,WINDPOWER,5773,2010,0.835841588
Simplicity2,WINDPOWER,5774,2010,0.776928594
Simplicity2,WINDPOWER,5775,2010,0.641553415
Simplicity2,WINDPOWER,5776,2010,0.497001232
Simplicity2,WINDPOWER,5777,2010,0.273269039
Simplicity2,WINDPOWER,5778,2010,0.075484645
Simplicity2,WINDPOWER,5779,2010,0
Simplicity2,WINDPOWER,5780,2010,0
Simplicity2,WINDPOWER,5781,2010,0
Simplicity2,WINDPOWER,5782,2010,0
Simplicity2,WINDPOWER,5783,2010,0
Simplicity2,WINDPOWER,5784,2010,0
Simplicity2,WINDPOWER,5785,2010,0
Simplicity2,WINDPOWER,5786,2010,0
Simplicity2,WINDPOWER,5787,2010,0
Simplicity2,WINDPOWER,5788,2010,0
Simplicity2,WINDPOWER,5789,2010,0
Simplicity2,WINDPOWER,5790,2010,0.023644273
Simplicity2,WINDPOWER,5791,2010,0.146051123
Simplicity2,WINDPOWER,5792,2010,0.318687527
Simplicity2,WINDPOWER,5793,2010,0.550951211
Simplicity2,WINDPOWER,5794,2010,0.708270418
Simplicity2,WINDPOWER,5795,2010,0.799903958
Simplicity2,WINDPOWER,5796,2010,0.838162754
Simplicity2,WINDPOWER,5797,2010,0.794567559
Simplicity2,WINDPOWER,5798,2010,0.753372849
Simplicity2,WINDPOWER,5799,2010,0.549396891
Simplicity2,WINDPOWER,5800,2010,0.343861617
Simplicity2,WINDPOWER,5801,2010,0.193295591
Simplicity2,WINDPOWER,5802,2010,0.060919863
Simplicity2,WINDPOWER,5803,2010,0
Simplicity2,WINDPOWER,5804,2010,0
Simplicity2,WINDPOWER,5805,2010,0
Simplicity2,WINDPOWER,5806,2010,0
Simplicity2,WINDPOWER,5807,2010,0
Simplicity2,WINDPOWER,5808,2010,0
Simplicity2,WINDPOWER,5809,2010,0
Simplicity2,WINDPOWER,5810,2010,0
Simplicity2,WINDPOWER,5811,2010,0
Simplicity2,WINDPOWER,5812,2010,0
Simplicity2,WINDPOWER,5813,2010,0
Simplicity2,WINDPOWER,5814,2010,0.014183613
Simplicity2,WINDPOWER,5815,2010,0.183896841
Simplicity2,WINDPOWER,5816,2010,0.402832511
Simplicity2,WINDPOWER,5817,2010,0.593013065
Simplicity2,WINDPOWER,5818,2010,0.605389296
Simplicity2,WINDPOWER,5819,2010,0.630280695
Simplicity2,WINDPOWER,5820,2010,0.713919173
Simplicity2,WINDPOWER,5821,2010,0.598684854
Simplicity2,WINDPOWER,5822,2010,0.676640999
Simplicity2,WINDPOWER,5823,2010,0.529700399
Simplicity2,WINDPOWER,5824,2010,0.400648192
Simplicity2,WINDPOWER,5825,2010,0.192655293
Simplicity2,WINDPOWER,5826,2010,0.061298494
Simplicity2,WINDPOWER,5827,2010,0
Simplicity2,WINDPOWER,5828,2010,0
Simplicity2,WINDPOWER,5829,2010,0
Simplicity2,WINDPOWER,5830,2010,0
Simplicity2,WINDPOWER,5831,2010,0
Simplicity2,WINDPOWER,5832,2010,0
Simplicity2,WINDPOWER,5833,2010,0
Simplicity2,WINDPOWER,5834,2010,0
Simplicity2,WINDPOWER,5835,2010,0
Simplicity2,WINDPOWER,5836,2010,0
Simplicity2,WINDPOWER,5837,2010,0
Simplicity2,WINDPOWER,5838,2010,0.013382852
Simplicity2,WINDPOWER,5839,2010,0.154401956
Simplicity2,WINDPOWER,5840,2010,0.319821024
Simplicity2,WINDPOWER,5841,2010,0.486555596
Simplicity2,WINDPOWER,5842,2010,0.512958458
Simplicity2,WINDPOWER,5843,2010,0.551167655
Simplicity2,WINDPOWER,5844,2010,0.529690485
Simplicity2,WINDPOWER,5845,2010,0.662211552
Simplicity2,WINDPOWER,5846,2010,0.555280571
Simplicity2,WINDPOWER,5847,2010,0.525477088
Simplicity2,WINDPOWER,5848,2010,0.295980514
Simplicity2,WINDPOWER,5849,2010,0.137959684
Simplicity2,WINDPOWER,5850,2010,0.055237853
Simplicity2,WINDPOWER,5851,2010,0
Simplicity2,WINDPOWER,5852,2010,0
Simplicity2,WINDPOWER,5853,2010,0
Simplicity2,WINDPOWER,5854,2010,0
Simplicity2,WINDPOWER,5855,2010,0
Simplicity2,WINDPOWER,5856,2010,0
Simplicity2,WINDPOWER,5857,2010,0
Simplicity2,WINDPOWER,5858,2010,0
Simplicity2,WINDPOWER,5859,2010,0
Simplicity2,WINDPOWER,5860,2010,0
Simplicity2,WINDPOWER,5861,2010,0
Simplicity2,WINDPOWER,5862,2010,0.014807665
Simplicity2,WINDPOWER,5863,2010,0.173297681
Simplicity2,WINDPOWER,5864,2010,0.395080104
Simplicity2,WINDPOWER,5865,2010,0.582003381
Simplicity2,WINDPOWER,5866,2010,0.731914437
Simplicity2,WINDPOWER,5867,2010,0.730931444
Simplicity2,WINDPOWER,5868,2010,0.679335273
Simplicity2,WINDPOWER,5869,2010,0.557434205
Simplicity2,WINDPOWER,5870,2010,0.597629556
Simplicity2,WINDPOWER,5871,2010,0.432914501
Simplicity2,WINDPOWER,5872,2010,0.287125086
Simplicity2,WINDPOWER,5873,2010,0.135411329
Simplicity2,WINDPOWER,5874,2010,0.038536706
Simplicity2,WINDPOWER,5875,2010,0
Simplicity2,WINDPOWER,5876,2010,0
Simplicity2,WINDPOWER,5877,2010,0
Simplicity2,WINDPOWER,5878,2010,0
Simplicity2,WINDPOWER,5879,2010,0
Simplicity2,WINDPOWER,5880,2010,0
Simplicity2,WINDPOWER,5881,2010,0
Simplicity2,WINDPOWER,5882,2010,0
Simplicity2,WINDPOWER,5883,2010,0
Simplicity2,WINDPOWER,5884,2010,0
Simplicity2,WINDPOWER,5885,2010,0
Simplicity2,WINDPOWER,5886,2010,0.013295396
Simplicity2,WINDPOWER,5887,2010,0.178675401
Simplicity2,WINDPOWER,5888,2010,0.4030547
Simplicity2,WINDPOWER,5889,2010,0.601858976
Simplicity2,WINDPOWER,5890,2010,0.743470881
Simplicity2,WINDPOWER,5891,2010,0.827571142
Simplicity2,WINDPOWER,5892,2010,0.854563132
Simplicity2,WINDPOWER,5893,2010,0.837371652
Simplicity2,WINDPOWER,5894,2010,0.783058149
Simplicity2,WINDPOWER,5895,2010,0.649789033
Simplicity2,WINDPOWER,5896,2010,0.45606454
Simplicity2,WINDPOWER,5897,2010,0.274255638
Simplicity2,WINDPOWER,5898,2010,0.065181291
Simplicity2,WINDPOWER,5899,2010,0
Simplicity2,WINDPOWER,5900,2010,0
Simplicity2,WINDPOWER,5901,2010,0
Simplicity2,WINDPOWER,5902,2010,0
Simplicity2,WINDPOWER,5903,2010,0
Simplicity2,WINDPOWER,5904,2010,0
Simplicity2,WINDPOWER,5905,2010,0
Simplicity2,WINDPOWER,5906,2010,0
Simplicity2,WINDPOWER,5907,2010,0
Simplicity2,WINDPOWER,5908,2010,0
Simplicity2,WINDPOWER,5909,2010,0
Simplicity2,WINDPOWER,5910,2010,0.012151494
Simplicity2,WINDPOWER,5911,2010,0.176958951
Simplicity2,WINDPOWER,5912,2010,0.400134897
Simplicity2,WINDPOWER,5913,2010,0.590692568
Simplicity2,WINDPOWER,5914,2010,0.728843784
Simplicity2,WINDPOWER,5915,2010,0.794674845
Simplicity2,WINDPOWER,5916,2010,0.681368078
Simplicity2,WINDPOWER,5917,2010,0.495769926
Simplicity2,WINDPOWER,5918,2010,0.51579072
Simplicity2,WINDPOWER,5919,2010,0.52810486
Simplicity2,WINDPOWER,5920,2010,0.388316846
Simplicity2,WINDPOWER,5921,2010,0.214043833
Simplicity2,WINDPOWER,5922,2010,0.047440192
Simplicity2,WINDPOWER,5923,2010,0
Simplicity2,WINDPOWER,5924,2010,0
Simplicity2,WINDPOWER,5925,2010,0
Simplicity2,WINDPOWER,5926,2010,0
Simplicity2,WINDPOWER,5927,2010,0
Simplicity2,WINDPOWER,5928,2010,0
Simplicity2,WINDPOWER,5929,2010,0
Simplicity2,WINDPOWER,5930,2010,0
Simplicity2,WINDPOWER,5931,2010,0
Simplicity2,WINDPOWER,5932,2010,0
Simplicity2,WINDPOWER,5933,2010,0
Simplicity2,WINDPOWER,5934,2010,0.010571
Simplicity2,WINDPOWER,5935,2010,0.168524274
Simplicity2,WINDPOWER,5936,2010,0.374897529
Simplicity2,WINDPOWER,5937,2010,0.545285611
Simplicity2,WINDPOWER,5938,2010,0.714284484
Simplicity2,WINDPOWER,5939,2010,0.79995292
Simplicity2,WINDPOWER,5940,2010,0.777008685
Simplicity2,WINDPOWER,5941,2010,0.696438687
Simplicity2,WINDPOWER,5942,2010,0.612251112
Simplicity2,WINDPOWER,5943,2010,0.512621232
Simplicity2,WINDPOWER,5944,2010,0.300235836
Simplicity2,WINDPOWER,5945,2010,0.197065555
Simplicity2,WINDPOWER,5946,2010,0.05453958
Simplicity2,WINDPOWER,5947,2010,0
Simplicity2,WINDPOWER,5948,2010,0
Simplicity2,WINDPOWER,5949,2010,0
Simplicity2,WINDPOWER,5950,2010,0
Simplicity2,WINDPOWER,5951,2010,0
Simplicity2,WINDPOWER,5952,2010,0
Simplicity2,WINDPOWER,5953,2010,0
Simplicity2,WINDPOWER,5954,2010,0
Simplicity2,WINDPOWER,5955,2010,0
Simplicity2,WINDPOWER,5956,2010,0
Simplicity2,WINDPOWER,5957,2010,0
Simplicity2,WINDPOWER,5958,2010,0.010154025
Simplicity2,WINDPOWER,5959,2010,0.175875372
Simplicity2,WINDPOWER,5960,2010,0.380614783
Simplicity2,WINDPOWER,5961,2010,0.600506187
Simplicity2,WINDPOWER,5962,2010,0.722572655
Simplicity2,WINDPOWER,5963,2010,0.718861712
Simplicity2,WINDPOWER,5964,2010,0.761996605
Simplicity2,WINDPOWER,5965,2010,0.811754762
Simplicity2,WINDPOWER,5966,2010,0.722152172
Simplicity2,WINDPOWER,5967,2010,0.652695107
Simplicity2,WINDPOWER,5968,2010,0.479947695
Simplicity2,WINDPOWER,5969,2010,0.247706613
Simplicity2,WINDPOWER,5970,2010,0.053028436
Simplicity2,WINDPOWER,5971,2010,0
Simplicity2,WINDPOWER,5972,2010,0
Simplicity2,WINDPOWER,5973,2010,0
Simplicity2,WINDPOWER,5974,2010,0
Simplicity2,WINDPOWER,5975,2010,0
Simplicity2,WINDPOWER,5976,2010,0
Simplicity2,WINDPOWER,5977,2010,0
Simplicity2,WINDPOWER,5978,2010,0
Simplicity2,WINDPOWER,5979,2010,0
Simplicity2,WINDPOWER,5980,2010,0
Simplicity2,WINDPOWER,5981,2010,0
Simplicity2,WINDPOWER,5982,2010,0.009780726
Simplicity2,WINDPOWER,5983,2010,0.169697188
Simplicity2,WINDPOWER,5984,2010,0.389540222
Simplicity2,WINDPOWER,5985,2010,0.580998466
Simplicity2,WINDPOWER,5986,2010,0.721122978
Simplicity2,WINDPOWER,5987,2010,0.803971852
Simplicity2,WINDPOWER,5988,2010,0.827766454
Simplicity2,WINDPOWER,5989,2010,0.814671307
Simplicity2,WINDPOWER,5990,2010,0.726420268
Simplicity2,WINDPOWER,5991,2010,0.604959803
Simplicity2,WINDPOWER,5992,2010,0.441274502
Simplicity2,WINDPOWER,5993,2010,0.239192714
Simplicity2,WINDPOWER,5994,2010,0.049656507
Simplicity2,WINDPOWER,5995,2010,0
Simplicity2,WINDPOWER,5996,2010,0
Simplicity2,WINDPOWER,5997,2010,0
Simplicity2,WINDPOWER,5998,2010,0
Simplicity2,WINDPOWER,5999,2010,0
Simplicity2,WINDPOWER,6000,2010,0
Simplicity2,WINDPOWER,6001,2010,0
Simplicity2,WINDPOWER,6002,2010,0
Simplicity2,WINDPOWER,6003,2010,0
Simplicity2,WINDPOWER,6004,2010,0
Simplicity2,WINDPOWER,6005,2010,0
Simplicity2,WINDPOWER,6006,2010,0.013756442
Simplicity2,WINDPOWER,6007,2010,0.124693017
Simplicity2,WINDPOWER,6008,2010,0.350600236
Simplicity2,WINDPOWER,6009,2010,0.570371186
Simplicity2,WINDPOWER,6010,2010,0.604845193
Simplicity2,WINDPOWER,6011,2010,0.560997251
Simplicity2,WINDPOWER,6012,2010,0.699533057
Simplicity2,WINDPOWER,6013,2010,0.759236056
Simplicity2,WINDPOWER,6014,2010,0.680806761
Simplicity2,WINDPOWER,6015,2010,0.529119143
Simplicity2,WINDPOWER,6016,2010,0.305125995
Simplicity2,WINDPOWER,6017,2010,0.176929045
Simplicity2,WINDPOWER,6018,2010,0.035232464
Simplicity2,WINDPOWER,6019,2010,0
Simplicity2,WINDPOWER,6020,2010,0
Simplicity2,WINDPOWER,6021,2010,0
Simplicity2,WINDPOWER,6022,2010,0
Simplicity2,WINDPOWER,6023,2010,0
Simplicity2,WINDPOWER,6024,2010,0
Simplicity2,WINDPOWER,6025,2010,0
Simplicity2,WINDPOWER,6026,2010,0
Simplicity2,WINDPOWER,6027,2010,0
Simplicity2,WINDPOWER,6028,2010,0
Simplicity2,WINDPOWER,6029,2010,0
Simplicity2,WINDPOWER,6030,2010,0.009405831
Simplicity2,WINDPOWER,6031,2010,0.164080976
Simplicity2,WINDPOWER,6032,2010,0.386772123
Simplicity2,WINDPOWER,6033,2010,0.582139122
Simplicity2,WINDPOWER,6034,2010,0.72217439
Simplicity2,WINDPOWER,6035,2010,0.806426636
Simplicity2,WINDPOWER,6036,2010,0.829527004
Simplicity2,WINDPOWER,6037,2010,0.797723471
Simplicity2,WINDPOWER,6038,2010,0.70892284
Simplicity2,WINDPOWER,6039,2010,0.624387924
Simplicity2,WINDPOWER,6040,2010,0.400300757
Simplicity2,WINDPOWER,6041,2010,0.189143276
Simplicity2,WINDPOWER,6042,2010,0.033683916
Simplicity2,WINDPOWER,6043,2010,0
Simplicity2,WINDPOWER,6044,2010,0
Simplicity2,WINDPOWER,6045,2010,0
Simplicity2,WINDPOWER,6046,2010,0
Simplicity2,WINDPOWER,6047,2010,0
Simplicity2,WINDPOWER,6048,2010,0
Simplicity2,WINDPOWER,6049,2010,0
Simplicity2,WINDPOWER,6050,2010,0
Simplicity2,WINDPOWER,6051,2010,0
Simplicity2,WINDPOWER,6052,2010,0
Simplicity2,WINDPOWER,6053,2010,0
Simplicity2,WINDPOWER,6054,2010,0.010683369
Simplicity2,WINDPOWER,6055,2010,0.154313696
Simplicity2,WINDPOWER,6056,2010,0.367177463
Simplicity2,WINDPOWER,6057,2010,0.551961975
Simplicity2,WINDPOWER,6058,2010,0.69657343
Simplicity2,WINDPOWER,6059,2010,0.740511291
Simplicity2,WINDPOWER,6060,2010,0.810242368
Simplicity2,WINDPOWER,6061,2010,0.741739582
Simplicity2,WINDPOWER,6062,2010,0.409111426
Simplicity2,WINDPOWER,6063,2010,0.346978697
Simplicity2,WINDPOWER,6064,2010,0.14869644
Simplicity2,WINDPOWER,6065,2010,0.077296769
Simplicity2,WINDPOWER,6066,2010,0.013729428
Simplicity2,WINDPOWER,6067,2010,0
Simplicity2,WINDPOWER,6068,2010,0
Simplicity2,WINDPOWER,6069,2010,0
Simplicity2,WINDPOWER,6070,2010,0
Simplicity2,WINDPOWER,6071,2010,0
Simplicity2,WINDPOWER,6072,2010,0
Simplicity2,WINDPOWER,6073,2010,0
Simplicity2,WINDPOWER,6074,2010,0
Simplicity2,WINDPOWER,6075,2010,0
Simplicity2,WINDPOWER,6076,2010,0
Simplicity2,WINDPOWER,6077,2010,0
Simplicity2,WINDPOWER,6078,2010,0.002706638
Simplicity2,WINDPOWER,6079,2010,0.02054611
Simplicity2,WINDPOWER,6080,2010,0.110401787
Simplicity2,WINDPOWER,6081,2010,0.249041722
Simplicity2,WINDPOWER,6082,2010,0.482207912
Simplicity2,WINDPOWER,6083,2010,0.41679904
Simplicity2,WINDPOWER,6084,2010,0.445785231
Simplicity2,WINDPOWER,6085,2010,0.496483405
Simplicity2,WINDPOWER,6086,2010,0.559917213
Simplicity2,WINDPOWER,6087,2010,0.349314506
Simplicity2,WINDPOWER,6088,2010,0.243467721
Simplicity2,WINDPOWER,6089,2010,0.149637502
Simplicity2,WINDPOWER,6090,2010,0.029527108
Simplicity2,WINDPOWER,6091,2010,0
Simplicity2,WINDPOWER,6092,2010,0
Simplicity2,WINDPOWER,6093,2010,0
Simplicity2,WINDPOWER,6094,2010,0
Simplicity2,WINDPOWER,6095,2010,0
Simplicity2,WINDPOWER,6096,2010,0
Simplicity2,WINDPOWER,6097,2010,0
Simplicity2,WINDPOWER,6098,2010,0
Simplicity2,WINDPOWER,6099,2010,0
Simplicity2,WINDPOWER,6100,2010,0
Simplicity2,WINDPOWER,6101,2010,0
Simplicity2,WINDPOWER,6102,2010,0.004747711
Simplicity2,WINDPOWER,6103,2010,0.037292826
Simplicity2,WINDPOWER,6104,2010,0.15518235
Simplicity2,WINDPOWER,6105,2010,0.239052262
Simplicity2,WINDPOWER,6106,2010,0.396459354
Simplicity2,WINDPOWER,6107,2010,0.542698823
Simplicity2,WINDPOWER,6108,2010,0.641311761
Simplicity2,WINDPOWER,6109,2010,0.517859593
Simplicity2,WINDPOWER,6110,2010,0.475614339
Simplicity2,WINDPOWER,6111,2010,0.412775418
Simplicity2,WINDPOWER,6112,2010,0.347181077
Simplicity2,WINDPOWER,6113,2010,0.201251439
Simplicity2,WINDPOWER,6114,2010,0.035866962
Simplicity2,WINDPOWER,6115,2010,0
Simplicity2,WINDPOWER,6116,2010,0
Simplicity2,WINDPOWER,6117,2010,0
Simplicity2,WINDPOWER,6118,2010,0
Simplicity2,WINDPOWER,6119,2010,0
Simplicity2,WINDPOWER,6120,2010,0
Simplicity2,WINDPOWER,6121,2010,0
Simplicity2,WINDPOWER,6122,2010,0
Simplicity2,WINDPOWER,6123,2010,0
Simplicity2,WINDPOWER,6124,2010,0
Simplicity2,WINDPOWER,6125,2010,0
Simplicity2,WINDPOWER,6126,2010,0.006381382
Simplicity2,WINDPOWER,6127,2010,0.098198878
Simplicity2,WINDPOWER,6128,2010,0.237363444
Simplicity2,WINDPOWER,6129,2010,0.397471339
Simplicity2,WINDPOWER,6130,2010,0.563770753
Simplicity2,WINDPOWER,6131,2010,0.657175863
Simplicity2,WINDPOWER,6132,2010,0.642028145
Simplicity2,WINDPOWER,6133,2010,0.656415438
Simplicity2,WINDPOWER,6134,2010,0.616141565
Simplicity2,WINDPOWER,6135,2010,0.502978259
Simplicity2,WINDPOWER,6136,2010,0.358320797
Simplicity2,WINDPOWER,6137,2010,0.215144654
Simplicity2,WINDPOWER,6138,2010,0.031702884
Simplicity2,WINDPOWER,6139,2010,0
Simplicity2,WINDPOWER,6140,2010,0
Simplicity2,WINDPOWER,6141,2010,0
Simplicity2,WINDPOWER,6142,2010,0
Simplicity2,WINDPOWER,6143,2010,0
Simplicity2,WINDPOWER,6144,2010,0
Simplicity2,WINDPOWER,6145,2010,0
Simplicity2,WINDPOWER,6146,2010,0
Simplicity2,WINDPOWER,6147,2010,0
Simplicity2,WINDPOWER,6148,2010,0
Simplicity2,WINDPOWER,6149,2010,0
Simplicity2,WINDPOWER,6150,2010,0
Simplicity2,WINDPOWER,6151,2010,0.166428594
Simplicity2,WINDPOWER,6152,2010,0.392112939
Simplicity2,WINDPOWER,6153,2010,0.579092108
Simplicity2,WINDPOWER,6154,2010,0.704043865
Simplicity2,WINDPOWER,6155,2010,0.750379714
Simplicity2,WINDPOWER,6156,2010,0.800169099
Simplicity2,WINDPOWER,6157,2010,0.825894356
Simplicity2,WINDPOWER,6158,2010,0.593458483
Simplicity2,WINDPOWER,6159,2010,0.35674507
Simplicity2,WINDPOWER,6160,2010,0.133850533
Simplicity2,WINDPOWER,6161,2010,0.050723426
Simplicity2,WINDPOWER,6162,2010,0.012996283
Simplicity2,WINDPOWER,6163,2010,0
Simplicity2,WINDPOWER,6164,2010,0
Simplicity2,WINDPOWER,6165,2010,0
Simplicity2,WINDPOWER,6166,2010,0
Simplicity2,WINDPOWER,6167,2010,0
Simplicity2,WINDPOWER,6168,2010,0
Simplicity2,WINDPOWER,6169,2010,0
Simplicity2,WINDPOWER,6170,2010,0
Simplicity2,WINDPOWER,6171,2010,0
Simplicity2,WINDPOWER,6172,2010,0
Simplicity2,WINDPOWER,6173,2010,0
Simplicity2,WINDPOWER,6174,2010,0
Simplicity2,WINDPOWER,6175,2010,0.132962633
Simplicity2,WINDPOWER,6176,2010,0.320994747
Simplicity2,WINDPOWER,6177,2010,0.467038553
Simplicity2,WINDPOWER,6178,2010,0.615183629
Simplicity2,WINDPOWER,6179,2010,0.659726245
Simplicity2,WINDPOWER,6180,2010,0.636678223
Simplicity2,WINDPOWER,6181,2010,0.647729586
Simplicity2,WINDPOWER,6182,2010,0.62299145
Simplicity2,WINDPOWER,6183,2010,0.55581997
Simplicity2,WINDPOWER,6184,2010,0.386125617
Simplicity2,WINDPOWER,6185,2010,0.214826327
Simplicity2,WINDPOWER,6186,2010,0.030882253
Simplicity2,WINDPOWER,6187,2010,0
Simplicity2,WINDPOWER,6188,2010,0
Simplicity2,WINDPOWER,6189,2010,0
Simplicity2,WINDPOWER,6190,2010,0
Simplicity2,WINDPOWER,6191,2010,0
Simplicity2,WINDPOWER,6192,2010,0
Simplicity2,WINDPOWER,6193,2010,0
Simplicity2,WINDPOWER,6194,2010,0
Simplicity2,WINDPOWER,6195,2010,0
Simplicity2,WINDPOWER,6196,2010,0
Simplicity2,WINDPOWER,6197,2010,0
Simplicity2,WINDPOWER,6198,2010,0
Simplicity2,WINDPOWER,6199,2010,0.169578249
Simplicity2,WINDPOWER,6200,2010,0.4019552
Simplicity2,WINDPOWER,6201,2010,0.606327476
Simplicity2,WINDPOWER,6202,2010,0.74720623
Simplicity2,WINDPOWER,6203,2010,0.737801287
Simplicity2,WINDPOWER,6204,2010,0.813748654
Simplicity2,WINDPOWER,6205,2010,0.78976196
Simplicity2,WINDPOWER,6206,2010,0.686079793
Simplicity2,WINDPOWER,6207,2010,0.549890415
Simplicity2,WINDPOWER,6208,2010,0.413936496
Simplicity2,WINDPOWER,6209,2010,0.233872563
Simplicity2,WINDPOWER,6210,2010,0.032620277
Simplicity2,WINDPOWER,6211,2010,0
Simplicity2,WINDPOWER,6212,2010,0
Simplicity2,WINDPOWER,6213,2010,0
Simplicity2,WINDPOWER,6214,2010,0
Simplicity2,WINDPOWER,6215,2010,0
Simplicity2,WINDPOWER,6216,2010,0
Simplicity2,WINDPOWER,6217,2010,0
Simplicity2,WINDPOWER,6218,2010,0
Simplicity2,WINDPOWER,6219,2010,0
Simplicity2,WINDPOWER,6220,2010,0
Simplicity2,WINDPOWER,6221,2010,0
Simplicity2,WINDPOWER,6222,2010,0
Simplicity2,WINDPOWER,6223,2010,0.115756013
Simplicity2,WINDPOWER,6224,2010,0.313621809
Simplicity2,WINDPOWER,6225,2010,0.40665784
Simplicity2,WINDPOWER,6226,2010,0.484240127
Simplicity2,WINDPOWER,6227,2010,0.399734071
Simplicity2,WINDPOWER,6228,2010,0.384507078
Simplicity2,WINDPOWER,6229,2010,0.243325201
Simplicity2,WINDPOWER,6230,2010,0.170838847
Simplicity2,WINDPOWER,6231,2010,0.087600177
Simplicity2,WINDPOWER,6232,2010,0.050909193
Simplicity2,WINDPOWER,6233,2010,0.02899057
Simplicity2,WINDPOWER,6234,2010,0.005175792
Simplicity2,WINDPOWER,6235,2010,0
Simplicity2,WINDPOWER,6236,2010,0
Simplicity2,WINDPOWER,6237,2010,0
Simplicity2,WINDPOWER,6238,2010,0
Simplicity2,WINDPOWER,6239,2010,0
Simplicity2,WINDPOWER,6240,2010,0
Simplicity2,WINDPOWER,6241,2010,0
Simplicity2,WINDPOWER,6242,2010,0
Simplicity2,WINDPOWER,6243,2010,0
Simplicity2,WINDPOWER,6244,2010,0
Simplicity2,WINDPOWER,6245,2010,0
Simplicity2,WINDPOWER,6246,2010,0
Simplicity2,WINDPOWER,6247,2010,0.012280053
Simplicity2,WINDPOWER,6248,2010,0.035186946
Simplicity2,WINDPOWER,6249,2010,0.0983296
Simplicity2,WINDPOWER,6250,2010,0.189615628
Simplicity2,WINDPOWER,6251,2010,0.289885044
Simplicity2,WINDPOWER,6252,2010,0.322544717
Simplicity2,WINDPOWER,6253,2010,0.3153251
Simplicity2,WINDPOWER,6254,2010,0.266775715
Simplicity2,WINDPOWER,6255,2010,0.243094628
Simplicity2,WINDPOWER,6256,2010,0.235946574
Simplicity2,WINDPOWER,6257,2010,0.11092325
Simplicity2,WINDPOWER,6258,2010,0.014352048
Simplicity2,WINDPOWER,6259,2010,0
Simplicity2,WINDPOWER,6260,2010,0
Simplicity2,WINDPOWER,6261,2010,0
Simplicity2,WINDPOWER,6262,2010,0
Simplicity2,WINDPOWER,6263,2010,0
Simplicity2,WINDPOWER,6264,2010,0
Simplicity2,WINDPOWER,6265,2010,0
Simplicity2,WINDPOWER,6266,2010,0
Simplicity2,WINDPOWER,6267,2010,0
Simplicity2,WINDPOWER,6268,2010,0
Simplicity2,WINDPOWER,6269,2010,0
Simplicity2,WINDPOWER,6270,2010,0
Simplicity2,WINDPOWER,6271,2010,0.073660082
Simplicity2,WINDPOWER,6272,2010,0.138529998
Simplicity2,WINDPOWER,6273,2010,0.295783132
Simplicity2,WINDPOWER,6274,2010,0.306603531
Simplicity2,WINDPOWER,6275,2010,0.339700485
Simplicity2,WINDPOWER,6276,2010,0.304300053
Simplicity2,WINDPOWER,6277,2010,0.260439334
Simplicity2,WINDPOWER,6278,2010,0.26445544
Simplicity2,WINDPOWER,6279,2010,0.305416638
Simplicity2,WINDPOWER,6280,2010,0.283286447
Simplicity2,WINDPOWER,6281,2010,0.130245557
Simplicity2,WINDPOWER,6282,2010,0.018545848
Simplicity2,WINDPOWER,6283,2010,0
Simplicity2,WINDPOWER,6284,2010,0
Simplicity2,WINDPOWER,6285,2010,0
Simplicity2,WINDPOWER,6286,2010,0
Simplicity2,WINDPOWER,6287,2010,0
Simplicity2,WINDPOWER,6288,2010,0
Simplicity2,WINDPOWER,6289,2010,0
Simplicity2,WINDPOWER,6290,2010,0
Simplicity2,WINDPOWER,6291,2010,0
Simplicity2,WINDPOWER,6292,2010,0
Simplicity2,WINDPOWER,6293,2010,0
Simplicity2,WINDPOWER,6294,2010,0
Simplicity2,WINDPOWER,6295,2010,0.068444464
Simplicity2,WINDPOWER,6296,2010,0.18959826
Simplicity2,WINDPOWER,6297,2010,0.304606054
Simplicity2,WINDPOWER,6298,2010,0.476513456
Simplicity2,WINDPOWER,6299,2010,0.632866252
Simplicity2,WINDPOWER,6300,2010,0.76267302
Simplicity2,WINDPOWER,6301,2010,0.784726591
Simplicity2,WINDPOWER,6302,2010,0.541104293
Simplicity2,WINDPOWER,6303,2010,0.45940945
Simplicity2,WINDPOWER,6304,2010,0.299486302
Simplicity2,WINDPOWER,6305,2010,0.166831899
Simplicity2,WINDPOWER,6306,2010,0.021483576
Simplicity2,WINDPOWER,6307,2010,0
Simplicity2,WINDPOWER,6308,2010,0
Simplicity2,WINDPOWER,6309,2010,0
Simplicity2,WINDPOWER,6310,2010,0
Simplicity2,WINDPOWER,6311,2010,0
Simplicity2,WINDPOWER,6312,2010,0
Simplicity2,WINDPOWER,6313,2010,0
Simplicity2,WINDPOWER,6314,2010,0
Simplicity2,WINDPOWER,6315,2010,0
Simplicity2,WINDPOWER,6316,2010,0
Simplicity2,WINDPOWER,6317,2010,0
Simplicity2,WINDPOWER,6318,2010,0
Simplicity2,WINDPOWER,6319,2010,0.152237604
Simplicity2,WINDPOWER,6320,2010,0.379947525
Simplicity2,WINDPOWER,6321,2010,0.581219073
Simplicity2,WINDPOWER,6322,2010,0.725283613
Simplicity2,WINDPOWER,6323,2010,0.811680689
Simplicity2,WINDPOWER,6324,2010,0.835028267
Simplicity2,WINDPOWER,6325,2010,0.813673551
Simplicity2,WINDPOWER,6326,2010,0.741577014
Simplicity2,WINDPOWER,6327,2010,0.610012329
Simplicity2,WINDPOWER,6328,2010,0.420832225
Simplicity2,WINDPOWER,6329,2010,0.196490687
Simplicity2,WINDPOWER,6330,2010,0.021028249
Simplicity2,WINDPOWER,6331,2010,0
Simplicity2,WINDPOWER,6332,2010,0
Simplicity2,WINDPOWER,6333,2010,0
Simplicity2,WINDPOWER,6334,2010,0
Simplicity2,WINDPOWER,6335,2010,0
Simplicity2,WINDPOWER,6336,2010,0
Simplicity2,WINDPOWER,6337,2010,0
Simplicity2,WINDPOWER,6338,2010,0
Simplicity2,WINDPOWER,6339,2010,0
Simplicity2,WINDPOWER,6340,2010,0
Simplicity2,WINDPOWER,6341,2010,0
Simplicity2,WINDPOWER,6342,2010,0
Simplicity2,WINDPOWER,6343,2010,0.115016199
Simplicity2,WINDPOWER,6344,2010,0.264409071
Simplicity2,WINDPOWER,6345,2010,0.463816331
Simplicity2,WINDPOWER,6346,2010,0.56333655
Simplicity2,WINDPOWER,6347,2010,0.744106517
Simplicity2,WINDPOWER,6348,2010,0.77607295
Simplicity2,WINDPOWER,6349,2010,0.625832176
Simplicity2,WINDPOWER,6350,2010,0.518002842
Simplicity2,WINDPOWER,6351,2010,0.394697514
Simplicity2,WINDPOWER,6352,2010,0.32361644
Simplicity2,WINDPOWER,6353,2010,0.136665813
Simplicity2,WINDPOWER,6354,2010,0
Simplicity2,WINDPOWER,6355,2010,0
Simplicity2,WINDPOWER,6356,2010,0
Simplicity2,WINDPOWER,6357,2010,0
Simplicity2,WINDPOWER,6358,2010,0
Simplicity2,WINDPOWER,6359,2010,0
Simplicity2,WINDPOWER,6360,2010,0
Simplicity2,WINDPOWER,6361,2010,0
Simplicity2,WINDPOWER,6362,2010,0
Simplicity2,WINDPOWER,6363,2010,0
Simplicity2,WINDPOWER,6364,2010,0
Simplicity2,WINDPOWER,6365,2010,0
Simplicity2,WINDPOWER,6366,2010,0
Simplicity2,WINDPOWER,6367,2010,0.047703761
Simplicity2,WINDPOWER,6368,2010,0.147884383
Simplicity2,WINDPOWER,6369,2010,0.245331968
Simplicity2,WINDPOWER,6370,2010,0.415581869
Simplicity2,WINDPOWER,6371,2010,0.484802393
Simplicity2,WINDPOWER,6372,2010,0.637717
Simplicity2,WINDPOWER,6373,2010,0.692450568
Simplicity2,WINDPOWER,6374,2010,0.558262796
Simplicity2,WINDPOWER,6375,2010,0.447840113
Simplicity2,WINDPOWER,6376,2010,0.366254806
Simplicity2,WINDPOWER,6377,2010,0.172513032
Simplicity2,WINDPOWER,6378,2010,0
Simplicity2,WINDPOWER,6379,2010,0
Simplicity2,WINDPOWER,6380,2010,0
Simplicity2,WINDPOWER,6381,2010,0
Simplicity2,WINDPOWER,6382,2010,0
Simplicity2,WINDPOWER,6383,2010,0
Simplicity2,WINDPOWER,6384,2010,0
Simplicity2,WINDPOWER,6385,2010,0
Simplicity2,WINDPOWER,6386,2010,0
Simplicity2,WINDPOWER,6387,2010,0
Simplicity2,WINDPOWER,6388,2010,0
Simplicity2,WINDPOWER,6389,2010,0
Simplicity2,WINDPOWER,6390,2010,0
Simplicity2,WINDPOWER,6391,2010,0.142445055
Simplicity2,WINDPOWER,6392,2010,0.368792476
Simplicity2,WINDPOWER,6393,2010,0.568132852
Simplicity2,WINDPOWER,6394,2010,0.685976714
Simplicity2,WINDPOWER,6395,2010,0.725942008
Simplicity2,WINDPOWER,6396,2010,0.693660308
Simplicity2,WINDPOWER,6397,2010,0.644791015
Simplicity2,WINDPOWER,6398,2010,0.622076428
Simplicity2,WINDPOWER,6399,2010,0.537570416
Simplicity2,WINDPOWER,6400,2010,0.370787362
Simplicity2,WINDPOWER,6401,2010,0.174721095
Simplicity2,WINDPOWER,6402,2010,0
Simplicity2,WINDPOWER,6403,2010,0
Simplicity2,WINDPOWER,6404,2010,0
Simplicity2,WINDPOWER,6405,2010,0
Simplicity2,WINDPOWER,6406,2010,0
Simplicity2,WINDPOWER,6407,2010,0
Simplicity2,WINDPOWER,6408,2010,0
Simplicity2,WINDPOWER,6409,2010,0
Simplicity2,WINDPOWER,6410,2010,0
Simplicity2,WINDPOWER,6411,2010,0
Simplicity2,WINDPOWER,6412,2010,0
Simplicity2,WINDPOWER,6413,2010,0
Simplicity2,WINDPOWER,6414,2010,0
Simplicity2,WINDPOWER,6415,2010,0.138644626
Simplicity2,WINDPOWER,6416,2010,0.364225327
Simplicity2,WINDPOWER,6417,2010,0.563589888
Simplicity2,WINDPOWER,6418,2010,0.70275791
Simplicity2,WINDPOWER,6419,2010,0.778983722
Simplicity2,WINDPOWER,6420,2010,0.807723162
Simplicity2,WINDPOWER,6421,2010,0.787941613
Simplicity2,WINDPOWER,6422,2010,0.713277166
Simplicity2,WINDPOWER,6423,2010,0.586686691
Simplicity2,WINDPOWER,6424,2010,0.397423243
Simplicity2,WINDPOWER,6425,2010,0.173964825
Simplicity2,WINDPOWER,6426,2010,0
Simplicity2,WINDPOWER,6427,2010,0
Simplicity2,WINDPOWER,6428,2010,0
Simplicity2,WINDPOWER,6429,2010,0
Simplicity2,WINDPOWER,6430,2010,0
Simplicity2,WINDPOWER,6431,2010,0
Simplicity2,WINDPOWER,6432,2010,0
Simplicity2,WINDPOWER,6433,2010,0
Simplicity2,WINDPOWER,6434,2010,0
Simplicity2,WINDPOWER,6435,2010,0
Simplicity2,WINDPOWER,6436,2010,0
Simplicity2,WINDPOWER,6437,2010,0
Simplicity2,WINDPOWER,6438,2010,0
Simplicity2,WINDPOWER,6439,2010,0.112174347
Simplicity2,WINDPOWER,6440,2010,0.272229473
Simplicity2,WINDPOWER,6441,2010,0.521884352
Simplicity2,WINDPOWER,6442,2010,0.702997705
Simplicity2,WINDPOWER,6443,2010,0.791621419
Simplicity2,WINDPOWER,6444,2010,0.815894344
Simplicity2,WINDPOWER,6445,2010,0.788000426
Simplicity2,WINDPOWER,6446,2010,0.710108921
Simplicity2,WINDPOWER,6447,2010,0.582427738
Simplicity2,WINDPOWER,6448,2010,0.396159254
Simplicity2,WINDPOWER,6449,2010,0.165027384
Simplicity2,WINDPOWER,6450,2010,0
Simplicity2,WINDPOWER,6451,2010,0
Simplicity2,WINDPOWER,6452,2010,0
Simplicity2,WINDPOWER,6453,2010,0
Simplicity2,WINDPOWER,6454,2010,0
Simplicity2,WINDPOWER,6455,2010,0
Simplicity2,WINDPOWER,6456,2010,0
Simplicity2,WINDPOWER,6457,2010,0
Simplicity2,WINDPOWER,6458,2010,0
Simplicity2,WINDPOWER,6459,2010,0
Simplicity2,WINDPOWER,6460,2010,0
Simplicity2,WINDPOWER,6461,2010,0
Simplicity2,WINDPOWER,6462,2010,0
Simplicity2,WINDPOWER,6463,2010,0.083136482
Simplicity2,WINDPOWER,6464,2010,0.200566282
Simplicity2,WINDPOWER,6465,2010,0.206960368
Simplicity2,WINDPOWER,6466,2010,0.342010683
Simplicity2,WINDPOWER,6467,2010,0.546090603
Simplicity2,WINDPOWER,6468,2010,0.55541579
Simplicity2,WINDPOWER,6469,2010,0.584557143
Simplicity2,WINDPOWER,6470,2010,0.490895168
Simplicity2,WINDPOWER,6471,2010,0.097131329
Simplicity2,WINDPOWER,6472,2010,0.093199826
Simplicity2,WINDPOWER,6473,2010,0.048917644
Simplicity2,WINDPOWER,6474,2010,0
Simplicity2,WINDPOWER,6475,2010,0
Simplicity2,WINDPOWER,6476,2010,0
Simplicity2,WINDPOWER,6477,2010,0
Simplicity2,WINDPOWER,6478,2010,0
Simplicity2,WINDPOWER,6479,2010,0
Simplicity2,WINDPOWER,6480,2010,0
Simplicity2,WINDPOWER,6481,2010,0
Simplicity2,WINDPOWER,6482,2010,0
Simplicity2,WINDPOWER,6483,2010,0
Simplicity2,WINDPOWER,6484,2010,0
Simplicity2,WINDPOWER,6485,2010,0
Simplicity2,WINDPOWER,6486,2010,0
Simplicity2,WINDPOWER,6487,2010,0.057116473
Simplicity2,WINDPOWER,6488,2010,0.159812458
Simplicity2,WINDPOWER,6489,2010,0.25708573
Simplicity2,WINDPOWER,6490,2010,0.33580463
Simplicity2,WINDPOWER,6491,2010,0.351153593
Simplicity2,WINDPOWER,6492,2010,0.407614668
Simplicity2,WINDPOWER,6493,2010,0.424489515
Simplicity2,WINDPOWER,6494,2010,0.38420507
Simplicity2,WINDPOWER,6495,2010,0.304362992
Simplicity2,WINDPOWER,6496,2010,0.222697589
Simplicity2,WINDPOWER,6497,2010,0.097776721
Simplicity2,WINDPOWER,6498,2010,0
Simplicity2,WINDPOWER,6499,2010,0
Simplicity2,WINDPOWER,6500,2010,0
Simplicity2,WINDPOWER,6501,2010,0
Simplicity2,WINDPOWER,6502,2010,0
Simplicity2,WINDPOWER,6503,2010,0
Simplicity2,WINDPOWER,6504,2010,0
Simplicity2,WINDPOWER,6505,2010,0
Simplicity2,WINDPOWER,6506,2010,0
Simplicity2,WINDPOWER,6507,2010,0
Simplicity2,WINDPOWER,6508,2010,0
Simplicity2,WINDPOWER,6509,2010,0
Simplicity2,WINDPOWER,6510,2010,0
Simplicity2,WINDPOWER,6511,2010,0.080434957
Simplicity2,WINDPOWER,6512,2010,0.203149212
Simplicity2,WINDPOWER,6513,2010,0.404350987
Simplicity2,WINDPOWER,6514,2010,0.489553987
Simplicity2,WINDPOWER,6515,2010,0.579437618
Simplicity2,WINDPOWER,6516,2010,0.573688099
Simplicity2,WINDPOWER,6517,2010,0.525509018
Simplicity2,WINDPOWER,6518,2010,0.477574158
Simplicity2,WINDPOWER,6519,2010,0.388018803
Simplicity2,WINDPOWER,6520,2010,0.216213454
Simplicity2,WINDPOWER,6521,2010,0.100495495
Simplicity2,WINDPOWER,6522,2010,0
Simplicity2,WINDPOWER,6523,2010,0
Simplicity2,WINDPOWER,6524,2010,0
Simplicity2,WINDPOWER,6525,2010,0
Simplicity2,WINDPOWER,6526,2010,0
Simplicity2,WINDPOWER,6527,2010,0
Simplicity2,WINDPOWER,6528,2010,0
Simplicity2,WINDPOWER,6529,2010,0
Simplicity2,WINDPOWER,6530,2010,0
Simplicity2,WINDPOWER,6531,2010,0
Simplicity2,WINDPOWER,6532,2010,0
Simplicity2,WINDPOWER,6533,2010,0
Simplicity2,WINDPOWER,6534,2010,0
Simplicity2,WINDPOWER,6535,2010,0.073721317
Simplicity2,WINDPOWER,6536,2010,0.169217499
Simplicity2,WINDPOWER,6537,2010,0.313953289
Simplicity2,WINDPOWER,6538,2010,0.528488293
Simplicity2,WINDPOWER,6539,2010,0.36704558
Simplicity2,WINDPOWER,6540,2010,0.407707472
Simplicity2,WINDPOWER,6541,2010,0.322960978
Simplicity2,WINDPOWER,6542,2010,0.275060351
Simplicity2,WINDPOWER,6543,2010,0.25530969
Simplicity2,WINDPOWER,6544,2010,0.163627607
Simplicity2,WINDPOWER,6545,2010,0.063236656
Simplicity2,WINDPOWER,6546,2010,0
Simplicity2,WINDPOWER,6547,2010,0
Simplicity2,WINDPOWER,6548,2010,0
Simplicity2,WINDPOWER,6549,2010,0
Simplicity2,WINDPOWER,6550,2010,0
Simplicity2,WINDPOWER,6551,2010,0
Simplicity2,WINDPOWER,6552,2010,0
Simplicity2,WINDPOWER,6553,2010,0
Simplicity2,WINDPOWER,6554,2010,0
Simplicity2,WINDPOWER,6555,2010,0
Simplicity2,WINDPOWER,6556,2010,0
Simplicity2,WINDPOWER,6557,2010,0
Simplicity2,WINDPOWER,6558,2010,0
Simplicity2,WINDPOWER,6559,2010,0.055916507
Simplicity2,WINDPOWER,6560,2010,0.150780973
Simplicity2,WINDPOWER,6561,2010,0.344435236
Simplicity2,WINDPOWER,6562,2010,0.364971211
Simplicity2,WINDPOWER,6563,2010,0.715786099
Simplicity2,WINDPOWER,6564,2010,0.707211538
Simplicity2,WINDPOWER,6565,2010,0.765650706
Simplicity2,WINDPOWER,6566,2010,0.684004799
Simplicity2,WINDPOWER,6567,2010,0.562132727
Simplicity2,WINDPOWER,6568,2010,0.359575172
Simplicity2,WINDPOWER,6569,2010,0.150377176
Simplicity2,WINDPOWER,6570,2010,0
Simplicity2,WINDPOWER,6571,2010,0
Simplicity2,WINDPOWER,6572,2010,0
Simplicity2,WINDPOWER,6573,2010,0
Simplicity2,WINDPOWER,6574,2010,0
Simplicity2,WINDPOWER,6575,2010,0
Simplicity2,WINDPOWER,6576,2010,0
Simplicity2,WINDPOWER,6577,2010,0
Simplicity2,WINDPOWER,6578,2010,0
Simplicity2,WINDPOWER,6579,2010,0
Simplicity2,WINDPOWER,6580,2010,0
Simplicity2,WINDPOWER,6581,2010,0
Simplicity2,WINDPOWER,6582,2010,0
Simplicity2,WINDPOWER,6583,2010,0.071544281
Simplicity2,WINDPOWER,6584,2010,0.21663605
Simplicity2,WINDPOWER,6585,2010,0.480391165
Simplicity2,WINDPOWER,6586,2010,0.62773115
Simplicity2,WINDPOWER,6587,2010,0.696505267
Simplicity2,WINDPOWER,6588,2010,0.676084121
Simplicity2,WINDPOWER,6589,2010,0.540266869
Simplicity2,WINDPOWER,6590,2010,0.440467876
Simplicity2,WINDPOWER,6591,2010,0.258071848
Simplicity2,WINDPOWER,6592,2010,0.22252596
Simplicity2,WINDPOWER,6593,2010,0.134738222
Simplicity2,WINDPOWER,6594,2010,0
Simplicity2,WINDPOWER,6595,2010,0
Simplicity2,WINDPOWER,6596,2010,0
Simplicity2,WINDPOWER,6597,2010,0
Simplicity2,WINDPOWER,6598,2010,0
Simplicity2,WINDPOWER,6599,2010,0
Simplicity2,WINDPOWER,6600,2010,0
Simplicity2,WINDPOWER,6601,2010,0
Simplicity2,WINDPOWER,6602,2010,0
Simplicity2,WINDPOWER,6603,2010,0
Simplicity2,WINDPOWER,6604,2010,0
Simplicity2,WINDPOWER,6605,2010,0
Simplicity2,WINDPOWER,6606,2010,0
Simplicity2,WINDPOWER,6607,2010,0.077988923
Simplicity2,WINDPOWER,6608,2010,0.287471634
Simplicity2,WINDPOWER,6609,2010,0.346026023
Simplicity2,WINDPOWER,6610,2010,0.524173613
Simplicity2,WINDPOWER,6611,2010,0.6953829
Simplicity2,WINDPOWER,6612,2010,0.762677166
Simplicity2,WINDPOWER,6613,2010,0.763317008
Simplicity2,WINDPOWER,6614,2010,0.699196116
Simplicity2,WINDPOWER,6615,2010,0.571542711
Simplicity2,WINDPOWER,6616,2010,0.36294116
Simplicity2,WINDPOWER,6617,2010,0.140393721
Simplicity2,WINDPOWER,6618,2010,0
Simplicity2,WINDPOWER,6619,2010,0
Simplicity2,WINDPOWER,6620,2010,0
Simplicity2,WINDPOWER,6621,2010,0
Simplicity2,WINDPOWER,6622,2010,0
Simplicity2,WINDPOWER,6623,2010,0
Simplicity2,WINDPOWER,6624,2010,0
Simplicity2,WINDPOWER,6625,2010,0
Simplicity2,WINDPOWER,6626,2010,0
Simplicity2,WINDPOWER,6627,2010,0
Simplicity2,WINDPOWER,6628,2010,0
Simplicity2,WINDPOWER,6629,2010,0
Simplicity2,WINDPOWER,6630,2010,0
Simplicity2,WINDPOWER,6631,2010,0.081769427
Simplicity2,WINDPOWER,6632,2010,0.277075127
Simplicity2,WINDPOWER,6633,2010,0.470066798
Simplicity2,WINDPOWER,6634,2010,0.65339526
Simplicity2,WINDPOWER,6635,2010,0.744854049
Simplicity2,WINDPOWER,6636,2010,0.731577693
Simplicity2,WINDPOWER,6637,2010,0.666705069
Simplicity2,WINDPOWER,6638,2010,0.408053537
Simplicity2,WINDPOWER,6639,2010,0.248949624
Simplicity2,WINDPOWER,6640,2010,0.160521278
Simplicity2,WINDPOWER,6641,2010,0.071307015
Simplicity2,WINDPOWER,6642,2010,0
Simplicity2,WINDPOWER,6643,2010,0
Simplicity2,WINDPOWER,6644,2010,0
Simplicity2,WINDPOWER,6645,2010,0
Simplicity2,WINDPOWER,6646,2010,0
Simplicity2,WINDPOWER,6647,2010,0
Simplicity2,WINDPOWER,6648,2010,0
Simplicity2,WINDPOWER,6649,2010,0
Simplicity2,WINDPOWER,6650,2010,0
Simplicity2,WINDPOWER,6651,2010,0
Simplicity2,WINDPOWER,6652,2010,0
Simplicity2,WINDPOWER,6653,2010,0
Simplicity2,WINDPOWER,6654,2010,0
Simplicity2,WINDPOWER,6655,2010,0.104385987
Simplicity2,WINDPOWER,6656,2010,0.336524722
Simplicity2,WINDPOWER,6657,2010,0.537242689
Simplicity2,WINDPOWER,6658,2010,0.693003371
Simplicity2,WINDPOWER,6659,2010,0.67799962
Simplicity2,WINDPOWER,6660,2010,0.739334724
Simplicity2,WINDPOWER,6661,2010,0.755539939
Simplicity2,WINDPOWER,6662,2010,0.686420992
Simplicity2,WINDPOWER,6663,2010,0.548517521
Simplicity2,WINDPOWER,6664,2010,0.3473057
Simplicity2,WINDPOWER,6665,2010,0.13174947
Simplicity2,WINDPOWER,6666,2010,0
Simplicity2,WINDPOWER,6667,2010,0
Simplicity2,WINDPOWER,6668,2010,0
Simplicity2,WINDPOWER,6669,2010,0
Simplicity2,WINDPOWER,6670,2010,0
Simplicity2,WINDPOWER,6671,2010,0
Simplicity2,WINDPOWER,6672,2010,0
Simplicity2,WINDPOWER,6673,2010,0
Simplicity2,WINDPOWER,6674,2010,0
Simplicity2,WINDPOWER,6675,2010,0
Simplicity2,WINDPOWER,6676,2010,0
Simplicity2,WINDPOWER,6677,2010,0
Simplicity2,WINDPOWER,6678,2010,0
Simplicity2,WINDPOWER,6679,2010,0.036158619
Simplicity2,WINDPOWER,6680,2010,0.129050088
Simplicity2,WINDPOWER,6681,2010,0.202074815
Simplicity2,WINDPOWER,6682,2010,0.374630886
Simplicity2,WINDPOWER,6683,2010,0.43531452
Simplicity2,WINDPOWER,6684,2010,0.469823963
Simplicity2,WINDPOWER,6685,2010,0.698309015
Simplicity2,WINDPOWER,6686,2010,0.660649493
Simplicity2,WINDPOWER,6687,2010,0.426456538
Simplicity2,WINDPOWER,6688,2010,0.272337393
Simplicity2,WINDPOWER,6689,2010,0.124687814
Simplicity2,WINDPOWER,6690,2010,0
Simplicity2,WINDPOWER,6691,2010,0
Simplicity2,WINDPOWER,6692,2010,0
Simplicity2,WINDPOWER,6693,2010,0
Simplicity2,WINDPOWER,6694,2010,0
Simplicity2,WINDPOWER,6695,2010,0
Simplicity2,WINDPOWER,6696,2010,0
Simplicity2,WINDPOWER,6697,2010,0
Simplicity2,WINDPOWER,6698,2010,0
Simplicity2,WINDPOWER,6699,2010,0
Simplicity2,WINDPOWER,6700,2010,0
Simplicity2,WINDPOWER,6701,2010,0
Simplicity2,WINDPOWER,6702,2010,0
Simplicity2,WINDPOWER,6703,2010,0.108073044
Simplicity2,WINDPOWER,6704,2010,0.302883626
Simplicity2,WINDPOWER,6705,2010,0.4669175
Simplicity2,WINDPOWER,6706,2010,0.609646175
Simplicity2,WINDPOWER,6707,2010,0.757442844
Simplicity2,WINDPOWER,6708,2010,0.716796502
Simplicity2,WINDPOWER,6709,2010,0.634821409
Simplicity2,WINDPOWER,6710,2010,0.554577475
Simplicity2,WINDPOWER,6711,2010,0.402336155
Simplicity2,WINDPOWER,6712,2010,0.288667594
Simplicity2,WINDPOWER,6713,2010,0.122012934
Simplicity2,WINDPOWER,6714,2010,0
Simplicity2,WINDPOWER,6715,2010,0
Simplicity2,WINDPOWER,6716,2010,0
Simplicity2,WINDPOWER,6717,2010,0
Simplicity2,WINDPOWER,6718,2010,0
Simplicity2,WINDPOWER,6719,2010,0
Simplicity2,WINDPOWER,6720,2010,0
Simplicity2,WINDPOWER,6721,2010,0
Simplicity2,WINDPOWER,6722,2010,0
Simplicity2,WINDPOWER,6723,2010,0
Simplicity2,WINDPOWER,6724,2010,0
Simplicity2,WINDPOWER,6725,2010,0
Simplicity2,WINDPOWER,6726,2010,0
Simplicity2,WINDPOWER,6727,2010,0.100762897
Simplicity2,WINDPOWER,6728,2010,0.270357295
Simplicity2,WINDPOWER,6729,2010,0.486318736
Simplicity2,WINDPOWER,6730,2010,0.687929621
Simplicity2,WINDPOWER,6731,2010,0.789761956
Simplicity2,WINDPOWER,6732,2010,0.823449272
Simplicity2,WINDPOWER,6733,2010,0.813609015
Simplicity2,WINDPOWER,6734,2010,0.723886244
Simplicity2,WINDPOWER,6735,2010,0.572499338
Simplicity2,WINDPOWER,6736,2010,0.360583943
Simplicity2,WINDPOWER,6737,2010,0.129223961
Simplicity2,WINDPOWER,6738,2010,0
Simplicity2,WINDPOWER,6739,2010,0
Simplicity2,WINDPOWER,6740,2010,0
Simplicity2,WINDPOWER,6741,2010,0
Simplicity2,WINDPOWER,6742,2010,0
Simplicity2,WINDPOWER,6743,2010,0
Simplicity2,WINDPOWER,6744,2010,0
Simplicity2,WINDPOWER,6745,2010,0
Simplicity2,WINDPOWER,6746,2010,0
Simplicity2,WINDPOWER,6747,2010,0
Simplicity2,WINDPOWER,6748,2010,0
Simplicity2,WINDPOWER,6749,2010,0
Simplicity2,WINDPOWER,6750,2010,0
Simplicity2,WINDPOWER,6751,2010,0.101099136
Simplicity2,WINDPOWER,6752,2010,0.20656502
Simplicity2,WINDPOWER,6753,2010,0.223047027
Simplicity2,WINDPOWER,6754,2010,0.34894239
Simplicity2,WINDPOWER,6755,2010,0.582104061
Simplicity2,WINDPOWER,6756,2010,0.78020471
Simplicity2,WINDPOWER,6757,2010,0.721798108
Simplicity2,WINDPOWER,6758,2010,0.655229925
Simplicity2,WINDPOWER,6759,2010,0.492576742
Simplicity2,WINDPOWER,6760,2010,0.258579303
Simplicity2,WINDPOWER,6761,2010,0.085703743
Simplicity2,WINDPOWER,6762,2010,0
Simplicity2,WINDPOWER,6763,2010,0
Simplicity2,WINDPOWER,6764,2010,0
Simplicity2,WINDPOWER,6765,2010,0
Simplicity2,WINDPOWER,6766,2010,0
Simplicity2,WINDPOWER,6767,2010,0
Simplicity2,WINDPOWER,6768,2010,0
Simplicity2,WINDPOWER,6769,2010,0
Simplicity2,WINDPOWER,6770,2010,0
Simplicity2,WINDPOWER,6771,2010,0
Simplicity2,WINDPOWER,6772,2010,0
Simplicity2,WINDPOWER,6773,2010,0
Simplicity2,WINDPOWER,6774,2010,0
Simplicity2,WINDPOWER,6775,2010,0.044417998
Simplicity2,WINDPOWER,6776,2010,0.155427125
Simplicity2,WINDPOWER,6777,2010,0.284054679
Simplicity2,WINDPOWER,6778,2010,0.413417732
Simplicity2,WINDPOWER,6779,2010,0.498603659
Simplicity2,WINDPOWER,6780,2010,0.538454437
Simplicity2,WINDPOWER,6781,2010,0.611158759
Simplicity2,WINDPOWER,6782,2010,0.629175959
Simplicity2,WINDPOWER,6783,2010,0.458437585
Simplicity2,WINDPOWER,6784,2010,0.277516987
Simplicity2,WINDPOWER,6785,2010,0.097126694
Simplicity2,WINDPOWER,6786,2010,0
Simplicity2,WINDPOWER,6787,2010,0
Simplicity2,WINDPOWER,6788,2010,0
Simplicity2,WINDPOWER,6789,2010,0
Simplicity2,WINDPOWER,6790,2010,0
Simplicity2,WINDPOWER,6791,2010,0
Simplicity2,WINDPOWER,6792,2010,0
Simplicity2,WINDPOWER,6793,2010,0
Simplicity2,WINDPOWER,6794,2010,0
Simplicity2,WINDPOWER,6795,2010,0
Simplicity2,WINDPOWER,6796,2010,0
Simplicity2,WINDPOWER,6797,2010,0
Simplicity2,WINDPOWER,6798,2010,0
Simplicity2,WINDPOWER,6799,2010,0.117747157
Simplicity2,WINDPOWER,6800,2010,0.339526604
Simplicity2,WINDPOWER,6801,2010,0.550718828
Simplicity2,WINDPOWER,6802,2010,0.713246134
Simplicity2,WINDPOWER,6803,2010,0.759077362
Simplicity2,WINDPOWER,6804,2010,0.791453134
Simplicity2,WINDPOWER,6805,2010,0.650629715
Simplicity2,WINDPOWER,6806,2010,0.632417844
Simplicity2,WINDPOWER,6807,2010,0.481415806
Simplicity2,WINDPOWER,6808,2010,0.297896813
Simplicity2,WINDPOWER,6809,2010,0.085250122
Simplicity2,WINDPOWER,6810,2010,0
Simplicity2,WINDPOWER,6811,2010,0
Simplicity2,WINDPOWER,6812,2010,0
Simplicity2,WINDPOWER,6813,2010,0
Simplicity2,WINDPOWER,6814,2010,0
Simplicity2,WINDPOWER,6815,2010,0
Simplicity2,WINDPOWER,6816,2010,0
Simplicity2,WINDPOWER,6817,2010,0
Simplicity2,WINDPOWER,6818,2010,0
Simplicity2,WINDPOWER,6819,2010,0
Simplicity2,WINDPOWER,6820,2010,0
Simplicity2,WINDPOWER,6821,2010,0
Simplicity2,WINDPOWER,6822,2010,0
Simplicity2,WINDPOWER,6823,2010,0.104395838
Simplicity2,WINDPOWER,6824,2010,0.280906488
Simplicity2,WINDPOWER,6825,2010,0.536834502
Simplicity2,WINDPOWER,6826,2010,0.726632819
Simplicity2,WINDPOWER,6827,2010,0.821004529
Simplicity2,WINDPOWER,6828,2010,0.840052787
Simplicity2,WINDPOWER,6829,2010,0.792263738
Simplicity2,WINDPOWER,6830,2010,0.696397727
Simplicity2,WINDPOWER,6831,2010,0.524942708
Simplicity2,WINDPOWER,6832,2010,0.305833286
Simplicity2,WINDPOWER,6833,2010,0.099901466
Simplicity2,WINDPOWER,6834,2010,0
Simplicity2,WINDPOWER,6835,2010,0
Simplicity2,WINDPOWER,6836,2010,0
Simplicity2,WINDPOWER,6837,2010,0
Simplicity2,WINDPOWER,6838,2010,0
Simplicity2,WINDPOWER,6839,2010,0
Simplicity2,WINDPOWER,6840,2010,0
Simplicity2,WINDPOWER,6841,2010,0
Simplicity2,WINDPOWER,6842,2010,0
Simplicity2,WINDPOWER,6843,2010,0
Simplicity2,WINDPOWER,6844,2010,0
Simplicity2,WINDPOWER,6845,2010,0
Simplicity2,WINDPOWER,6846,2010,0
Simplicity2,WINDPOWER,6847,2010,0.016584874
Simplicity2,WINDPOWER,6848,2010,0.081640381
Simplicity2,WINDPOWER,6849,2010,0.139927204
Simplicity2,WINDPOWER,6850,2010,0.146153389
Simplicity2,WINDPOWER,6851,2010,0.171675002
Simplicity2,WINDPOWER,6852,2010,0.226771336
Simplicity2,WINDPOWER,6853,2010,0.230666362
Simplicity2,WINDPOWER,6854,2010,0.230407557
Simplicity2,WINDPOWER,6855,2010,0.164742217
Simplicity2,WINDPOWER,6856,2010,0.113600042
Simplicity2,WINDPOWER,6857,2010,0.05564611
Simplicity2,WINDPOWER,6858,2010,0
Simplicity2,WINDPOWER,6859,2010,0
Simplicity2,WINDPOWER,6860,2010,0
Simplicity2,WINDPOWER,6861,2010,0
Simplicity2,WINDPOWER,6862,2010,0
Simplicity2,WINDPOWER,6863,2010,0
Simplicity2,WINDPOWER,6864,2010,0
Simplicity2,WINDPOWER,6865,2010,0
Simplicity2,WINDPOWER,6866,2010,0
Simplicity2,WINDPOWER,6867,2010,0
Simplicity2,WINDPOWER,6868,2010,0
Simplicity2,WINDPOWER,6869,2010,0
Simplicity2,WINDPOWER,6870,2010,0
Simplicity2,WINDPOWER,6871,2010,0.072299197
Simplicity2,WINDPOWER,6872,2010,0.177725963
Simplicity2,WINDPOWER,6873,2010,0.365368659
Simplicity2,WINDPOWER,6874,2010,0.468209045
Simplicity2,WINDPOWER,6875,2010,0.446185296
Simplicity2,WINDPOWER,6876,2010,0.481185961
Simplicity2,WINDPOWER,6877,2010,0.581468679
Simplicity2,WINDPOWER,6878,2010,0.493213669
Simplicity2,WINDPOWER,6879,2010,0.393885866
Simplicity2,WINDPOWER,6880,2010,0.243355189
Simplicity2,WINDPOWER,6881,2010,0.082317905
Simplicity2,WINDPOWER,6882,2010,0
Simplicity2,WINDPOWER,6883,2010,0
Simplicity2,WINDPOWER,6884,2010,0
Simplicity2,WINDPOWER,6885,2010,0
Simplicity2,WINDPOWER,6886,2010,0
Simplicity2,WINDPOWER,6887,2010,0
Simplicity2,WINDPOWER,6888,2010,0
Simplicity2,WINDPOWER,6889,2010,0
Simplicity2,WINDPOWER,6890,2010,0
Simplicity2,WINDPOWER,6891,2010,0
Simplicity2,WINDPOWER,6892,2010,0
Simplicity2,WINDPOWER,6893,2010,0
Simplicity2,WINDPOWER,6894,2010,0
Simplicity2,WINDPOWER,6895,2010,0.032595701
Simplicity2,WINDPOWER,6896,2010,0.162192319
Simplicity2,WINDPOWER,6897,2010,0.231367696
Simplicity2,WINDPOWER,6898,2010,0.257054107
Simplicity2,WINDPOWER,6899,2010,0.394768033
Simplicity2,WINDPOWER,6900,2010,0.315936186
Simplicity2,WINDPOWER,6901,2010,0.355169943
Simplicity2,WINDPOWER,6902,2010,0.360448903
Simplicity2,WINDPOWER,6903,2010,0.268395049
Simplicity2,WINDPOWER,6904,2010,0.163475029
Simplicity2,WINDPOWER,6905,2010,0.057168102
Simplicity2,WINDPOWER,6906,2010,0
Simplicity2,WINDPOWER,6907,2010,0
Simplicity2,WINDPOWER,6908,2010,0
Simplicity2,WINDPOWER,6909,2010,0
Simplicity2,WINDPOWER,6910,2010,0
Simplicity2,WINDPOWER,6911,2010,0
Simplicity2,WINDPOWER,6912,2010,0
Simplicity2,WINDPOWER,6913,2010,0
Simplicity2,WINDPOWER,6914,2010,0
Simplicity2,WINDPOWER,6915,2010,0
Simplicity2,WINDPOWER,6916,2010,0
Simplicity2,WINDPOWER,6917,2010,0
Simplicity2,WINDPOWER,6918,2010,0
Simplicity2,WINDPOWER,6919,2010,0.044582685
Simplicity2,WINDPOWER,6920,2010,0.135801555
Simplicity2,WINDPOWER,6921,2010,0.280525366
Simplicity2,WINDPOWER,6922,2010,0.363694171
Simplicity2,WINDPOWER,6923,2010,0.589929632
Simplicity2,WINDPOWER,6924,2010,0.679628105
Simplicity2,WINDPOWER,6925,2010,0.674353587
Simplicity2,WINDPOWER,6926,2010,0.656975364
Simplicity2,WINDPOWER,6927,2010,0.509119393
Simplicity2,WINDPOWER,6928,2010,0.295077716
Simplicity2,WINDPOWER,6929,2010,0.097227421
Simplicity2,WINDPOWER,6930,2010,0
Simplicity2,WINDPOWER,6931,2010,0
Simplicity2,WINDPOWER,6932,2010,0
Simplicity2,WINDPOWER,6933,2010,0
Simplicity2,WINDPOWER,6934,2010,0
Simplicity2,WINDPOWER,6935,2010,0
Simplicity2,WINDPOWER,6936,2010,0
Simplicity2,WINDPOWER,6937,2010,0
Simplicity2,WINDPOWER,6938,2010,0
Simplicity2,WINDPOWER,6939,2010,0
Simplicity2,WINDPOWER,6940,2010,0
Simplicity2,WINDPOWER,6941,2010,0
Simplicity2,WINDPOWER,6942,2010,0
Simplicity2,WINDPOWER,6943,2010,0.095852728
Simplicity2,WINDPOWER,6944,2010,0.29416717
Simplicity2,WINDPOWER,6945,2010,0.489081176
Simplicity2,WINDPOWER,6946,2010,0.629820621
Simplicity2,WINDPOWER,6947,2010,0.750361032
Simplicity2,WINDPOWER,6948,2010,0.779533681
Simplicity2,WINDPOWER,6949,2010,0.746684329
Simplicity2,WINDPOWER,6950,2010,0.644067436
Simplicity2,WINDPOWER,6951,2010,0.498499325
Simplicity2,WINDPOWER,6952,2010,0.30017003
Simplicity2,WINDPOWER,6953,2010,0.100326074
Simplicity2,WINDPOWER,6954,2010,0
Simplicity2,WINDPOWER,6955,2010,0
Simplicity2,WINDPOWER,6956,2010,0
Simplicity2,WINDPOWER,6957,2010,0
Simplicity2,WINDPOWER,6958,2010,0
Simplicity2,WINDPOWER,6959,2010,0
Simplicity2,WINDPOWER,6960,2010,0
Simplicity2,WINDPOWER,6961,2010,0
Simplicity2,WINDPOWER,6962,2010,0
Simplicity2,WINDPOWER,6963,2010,0
Simplicity2,WINDPOWER,6964,2010,0
Simplicity2,WINDPOWER,6965,2010,0
Simplicity2,WINDPOWER,6966,2010,0
Simplicity2,WINDPOWER,6967,2010,0.104525734
Simplicity2,WINDPOWER,6968,2010,0.303813063
Simplicity2,WINDPOWER,6969,2010,0.523551792
Simplicity2,WINDPOWER,6970,2010,0.683203124
Simplicity2,WINDPOWER,6971,2010,0.777343018
Simplicity2,WINDPOWER,6972,2010,0.802074384
Simplicity2,WINDPOWER,6973,2010,0.771568385
Simplicity2,WINDPOWER,6974,2010,0.678583803
Simplicity2,WINDPOWER,6975,2010,0.518915776
Simplicity2,WINDPOWER,6976,2010,0.298771226
Simplicity2,WINDPOWER,6977,2010,0.101643396
Simplicity2,WINDPOWER,6978,2010,0
Simplicity2,WINDPOWER,6979,2010,0
Simplicity2,WINDPOWER,6980,2010,0
Simplicity2,WINDPOWER,6981,2010,0
Simplicity2,WINDPOWER,6982,2010,0
Simplicity2,WINDPOWER,6983,2010,0
Simplicity2,WINDPOWER,6984,2010,0
Simplicity2,WINDPOWER,6985,2010,0
Simplicity2,WINDPOWER,6986,2010,0
Simplicity2,WINDPOWER,6987,2010,0
Simplicity2,WINDPOWER,6988,2010,0
Simplicity2,WINDPOWER,6989,2010,0
Simplicity2,WINDPOWER,6990,2010,0
Simplicity2,WINDPOWER,6991,2010,0.088193489
Simplicity2,WINDPOWER,6992,2010,0.262705463
Simplicity2,WINDPOWER,6993,2010,0.465523448
Simplicity2,WINDPOWER,6994,2010,0.641040663
Simplicity2,WINDPOWER,6995,2010,0.756467257
Simplicity2,WINDPOWER,6996,2010,0.790847594
Simplicity2,WINDPOWER,6997,2010,0.73843799
Simplicity2,WINDPOWER,6998,2010,0.658399528
Simplicity2,WINDPOWER,6999,2010,0.51033297
Simplicity2,WINDPOWER,7000,2010,0.283630877
Simplicity2,WINDPOWER,7001,2010,0.103995256
Simplicity2,WINDPOWER,7002,2010,0
Simplicity2,WINDPOWER,7003,2010,0
Simplicity2,WINDPOWER,7004,2010,0
Simplicity2,WINDPOWER,7005,2010,0
Simplicity2,WINDPOWER,7006,2010,0
Simplicity2,WINDPOWER,7007,2010,0
Simplicity2,WINDPOWER,7008,2010,0
Simplicity2,WINDPOWER,7009,2010,0
Simplicity2,WINDPOWER,7010,2010,0
Simplicity2,WINDPOWER,7011,2010,0
Simplicity2,WINDPOWER,7012,2010,0
Simplicity2,WINDPOWER,7013,2010,0
Simplicity2,WINDPOWER,7014,2010,0
Simplicity2,WINDPOWER,7015,2010,0.05696391
Simplicity2,WINDPOWER,7016,2010,0.148145114
Simplicity2,WINDPOWER,7017,2010,0.212907895
Simplicity2,WINDPOWER,7018,2010,0.28910029
Simplicity2,WINDPOWER,7019,2010,0.436148014
Simplicity2,WINDPOWER,7020,2010,0.415389406
Simplicity2,WINDPOWER,7021,2010,0.315028488
Simplicity2,WINDPOWER,7022,2010,0.165641834
Simplicity2,WINDPOWER,7023,2010,0.152870865
Simplicity2,WINDPOWER,7024,2010,0.166157013
Simplicity2,WINDPOWER,7025,2010,0.076061508
Simplicity2,WINDPOWER,7026,2010,0
Simplicity2,WINDPOWER,7027,2010,0
Simplicity2,WINDPOWER,7028,2010,0
Simplicity2,WINDPOWER,7029,2010,0
Simplicity2,WINDPOWER,7030,2010,0
Simplicity2,WINDPOWER,7031,2010,0
Simplicity2,WINDPOWER,7032,2010,0
Simplicity2,WINDPOWER,7033,2010,0
Simplicity2,WINDPOWER,7034,2010,0
Simplicity2,WINDPOWER,7035,2010,0
Simplicity2,WINDPOWER,7036,2010,0
Simplicity2,WINDPOWER,7037,2010,0
Simplicity2,WINDPOWER,7038,2010,0
Simplicity2,WINDPOWER,7039,2010,0.046221089
Simplicity2,WINDPOWER,7040,2010,0.16342038
Simplicity2,WINDPOWER,7041,2010,0.177662998
Simplicity2,WINDPOWER,7042,2010,0.294304667
Simplicity2,WINDPOWER,7043,2010,0.450857396
Simplicity2,WINDPOWER,7044,2010,0.448365002
Simplicity2,WINDPOWER,7045,2010,0.479127695
Simplicity2,WINDPOWER,7046,2010,0.289280053
Simplicity2,WINDPOWER,7047,2010,0.19975854
Simplicity2,WINDPOWER,7048,2010,0.110138007
Simplicity2,WINDPOWER,7049,2010,0
Simplicity2,WINDPOWER,7050,2010,0
Simplicity2,WINDPOWER,7051,2010,0
Simplicity2,WINDPOWER,7052,2010,0
Simplicity2,WINDPOWER,7053,2010,0
Simplicity2,WINDPOWER,7054,2010,0
Simplicity2,WINDPOWER,7055,2010,0
Simplicity2,WINDPOWER,7056,2010,0
Simplicity2,WINDPOWER,7057,2010,0
Simplicity2,WINDPOWER,7058,2010,0
Simplicity2,WINDPOWER,7059,2010,0
Simplicity2,WINDPOWER,7060,2010,0
Simplicity2,WINDPOWER,7061,2010,0
Simplicity2,WINDPOWER,7062,2010,0
Simplicity2,WINDPOWER,7063,2010,0.012798532
Simplicity2,WINDPOWER,7064,2010,0.043597881
Simplicity2,WINDPOWER,7065,2010,0.081204853
Simplicity2,WINDPOWER,7066,2010,0.170454684
Simplicity2,WINDPOWER,7067,2010,0.204074313
Simplicity2,WINDPOWER,7068,2010,0.102746536
Simplicity2,WINDPOWER,7069,2010,0.149246373
Simplicity2,WINDPOWER,7070,2010,0.157342069
Simplicity2,WINDPOWER,7071,2010,0.085248707
Simplicity2,WINDPOWER,7072,2010,0.030300256
Simplicity2,WINDPOWER,7073,2010,0
Simplicity2,WINDPOWER,7074,2010,0
Simplicity2,WINDPOWER,7075,2010,0
Simplicity2,WINDPOWER,7076,2010,0
Simplicity2,WINDPOWER,7077,2010,0
Simplicity2,WINDPOWER,7078,2010,0
Simplicity2,WINDPOWER,7079,2010,0
Simplicity2,WINDPOWER,7080,2010,0
Simplicity2,WINDPOWER,7081,2010,0
Simplicity2,WINDPOWER,7082,2010,0
Simplicity2,WINDPOWER,7083,2010,0
Simplicity2,WINDPOWER,7084,2010,0
Simplicity2,WINDPOWER,7085,2010,0
Simplicity2,WINDPOWER,7086,2010,0
Simplicity2,WINDPOWER,7087,2010,0
Simplicity2,WINDPOWER,7088,2010,0.034685038
Simplicity2,WINDPOWER,7089,2010,0.124513933
Simplicity2,WINDPOWER,7090,2010,0.233150611
Simplicity2,WINDPOWER,7091,2010,0.267337113
Simplicity2,WINDPOWER,7092,2010,0.332253016
Simplicity2,WINDPOWER,7093,2010,0.411845952
Simplicity2,WINDPOWER,7094,2010,0.410385378
Simplicity2,WINDPOWER,7095,2010,0.274389532
Simplicity2,WINDPOWER,7096,2010,0.162463111
Simplicity2,WINDPOWER,7097,2010,0
Simplicity2,WINDPOWER,7098,2010,0
Simplicity2,WINDPOWER,7099,2010,0
Simplicity2,WINDPOWER,7100,2010,0
Simplicity2,WINDPOWER,7101,2010,0
Simplicity2,WINDPOWER,7102,2010,0
Simplicity2,WINDPOWER,7103,2010,0
Simplicity2,WINDPOWER,7104,2010,0
Simplicity2,WINDPOWER,7105,2010,0
Simplicity2,WINDPOWER,7106,2010,0
Simplicity2,WINDPOWER,7107,2010,0
Simplicity2,WINDPOWER,7108,2010,0
Simplicity2,WINDPOWER,7109,2010,0
Simplicity2,WINDPOWER,7110,2010,0
Simplicity2,WINDPOWER,7111,2010,0
Simplicity2,WINDPOWER,7112,2010,0.055581512
Simplicity2,WINDPOWER,7113,2010,0.124828225
Simplicity2,WINDPOWER,7114,2010,0.18758947
Simplicity2,WINDPOWER,7115,2010,0.281809099
Simplicity2,WINDPOWER,7116,2010,0.180679091
Simplicity2,WINDPOWER,7117,2010,0.095750998
Simplicity2,WINDPOWER,7118,2010,0.107073465
Simplicity2,WINDPOWER,7119,2010,0.060532014
Simplicity2,WINDPOWER,7120,2010,0.03336849
Simplicity2,WINDPOWER,7121,2010,0
Simplicity2,WINDPOWER,7122,2010,0
Simplicity2,WINDPOWER,7123,2010,0
Simplicity2,WINDPOWER,7124,2010,0
Simplicity2,WINDPOWER,7125,2010,0
Simplicity2,WINDPOWER,7126,2010,0
Simplicity2,WINDPOWER,7127,2010,0
Simplicity2,WINDPOWER,7128,2010,0
Simplicity2,WINDPOWER,7129,2010,0
Simplicity2,WINDPOWER,7130,2010,0
Simplicity2,WINDPOWER,7131,2010,0
Simplicity2,WINDPOWER,7132,2010,0
Simplicity2,WINDPOWER,7133,2010,0
Simplicity2,WINDPOWER,7134,2010,0
Simplicity2,WINDPOWER,7135,2010,0
Simplicity2,WINDPOWER,7136,2010,0.065445922
Simplicity2,WINDPOWER,7137,2010,0.331241558
Simplicity2,WINDPOWER,7138,2010,0.4072132
Simplicity2,WINDPOWER,7139,2010,0.639270963
Simplicity2,WINDPOWER,7140,2010,0.675869095
Simplicity2,WINDPOWER,7141,2010,0.534240312
Simplicity2,WINDPOWER,7142,2010,0.563006276
Simplicity2,WINDPOWER,7143,2010,0.390751999
Simplicity2,WINDPOWER,7144,2010,0.218368912
Simplicity2,WINDPOWER,7145,2010,0
Simplicity2,WINDPOWER,7146,2010,0
Simplicity2,WINDPOWER,7147,2010,0
Simplicity2,WINDPOWER,7148,2010,0
Simplicity2,WINDPOWER,7149,2010,0
Simplicity2,WINDPOWER,7150,2010,0
Simplicity2,WINDPOWER,7151,2010,0
Simplicity2,WINDPOWER,7152,2010,0
Simplicity2,WINDPOWER,7153,2010,0
Simplicity2,WINDPOWER,7154,2010,0
Simplicity2,WINDPOWER,7155,2010,0
Simplicity2,WINDPOWER,7156,2010,0
Simplicity2,WINDPOWER,7157,2010,0
Simplicity2,WINDPOWER,7158,2010,0
Simplicity2,WINDPOWER,7159,2010,0
Simplicity2,WINDPOWER,7160,2010,0.131106401
Simplicity2,WINDPOWER,7161,2010,0.245969142
Simplicity2,WINDPOWER,7162,2010,0.374067953
Simplicity2,WINDPOWER,7163,2010,0.636424782
Simplicity2,WINDPOWER,7164,2010,0.603331489
Simplicity2,WINDPOWER,7165,2010,0.551193199
Simplicity2,WINDPOWER,7166,2010,0.526635842
Simplicity2,WINDPOWER,7167,2010,0.412863136
Simplicity2,WINDPOWER,7168,2010,0.186740432
Simplicity2,WINDPOWER,7169,2010,0
Simplicity2,WINDPOWER,7170,2010,0
Simplicity2,WINDPOWER,7171,2010,0
Simplicity2,WINDPOWER,7172,2010,0
Simplicity2,WINDPOWER,7173,2010,0
Simplicity2,WINDPOWER,7174,2010,0
Simplicity2,WINDPOWER,7175,2010,0
Simplicity2,WINDPOWER,7176,2010,0
Simplicity2,WINDPOWER,7177,2010,0
Simplicity2,WINDPOWER,7178,2010,0
Simplicity2,WINDPOWER,7179,2010,0
Simplicity2,WINDPOWER,7180,2010,0
Simplicity2,WINDPOWER,7181,2010,0
Simplicity2,WINDPOWER,7182,2010,0
Simplicity2,WINDPOWER,7183,2010,0
Simplicity2,WINDPOWER,7184,2010,0.256520032
Simplicity2,WINDPOWER,7185,2010,0.448477278
Simplicity2,WINDPOWER,7186,2010,0.625067804
Simplicity2,WINDPOWER,7187,2010,0.71405308
Simplicity2,WINDPOWER,7188,2010,0.691090742
Simplicity2,WINDPOWER,7189,2010,0.693316252
Simplicity2,WINDPOWER,7190,2010,0.609894402
Simplicity2,WINDPOWER,7191,2010,0.405859836
Simplicity2,WINDPOWER,7192,2010,0.191712674
Simplicity2,WINDPOWER,7193,2010,0
Simplicity2,WINDPOWER,7194,2010,0
Simplicity2,WINDPOWER,7195,2010,0
Simplicity2,WINDPOWER,7196,2010,0
Simplicity2,WINDPOWER,7197,2010,0
Simplicity2,WINDPOWER,7198,2010,0
Simplicity2,WINDPOWER,7199,2010,0
Simplicity2,WINDPOWER,7200,2010,0
Simplicity2,WINDPOWER,7201,2010,0
Simplicity2,WINDPOWER,7202,2010,0
Simplicity2,WINDPOWER,7203,2010,0
Simplicity2,WINDPOWER,7204,2010,0
Simplicity2,WINDPOWER,7205,2010,0
Simplicity2,WINDPOWER,7206,2010,0
Simplicity2,WINDPOWER,7207,2010,0
Simplicity2,WINDPOWER,7208,2010,0.020187731
Simplicity2,WINDPOWER,7209,2010,0.049612287
Simplicity2,WINDPOWER,7210,2010,0.048387947
Simplicity2,WINDPOWER,7211,2010,0.092386389
Simplicity2,WINDPOWER,7212,2010,0.092655894
Simplicity2,WINDPOWER,7213,2010,0.09806109
Simplicity2,WINDPOWER,7214,2010,0.060184577
Simplicity2,WINDPOWER,7215,2010,0.029537138
Simplicity2,WINDPOWER,7216,2010,0.008703901
Simplicity2,WINDPOWER,7217,2010,0
Simplicity2,WINDPOWER,7218,2010,0
Simplicity2,WINDPOWER,7219,2010,0
Simplicity2,WINDPOWER,7220,2010,0
Simplicity2,WINDPOWER,7221,2010,0
Simplicity2,WINDPOWER,7222,2010,0
Simplicity2,WINDPOWER,7223,2010,0
Simplicity2,WINDPOWER,7224,2010,0
Simplicity2,WINDPOWER,7225,2010,0
Simplicity2,WINDPOWER,7226,2010,0
Simplicity2,WINDPOWER,7227,2010,0
Simplicity2,WINDPOWER,7228,2010,0
Simplicity2,WINDPOWER,7229,2010,0
Simplicity2,WINDPOWER,7230,2010,0
Simplicity2,WINDPOWER,7231,2010,0
Simplicity2,WINDPOWER,7232,2010,0.019429292
Simplicity2,WINDPOWER,7233,2010,0.046539784
Simplicity2,WINDPOWER,7234,2010,0.073060991
Simplicity2,WINDPOWER,7235,2010,0.125155706
Simplicity2,WINDPOWER,7236,2010,0.211379601
Simplicity2,WINDPOWER,7237,2010,0.294148488
Simplicity2,WINDPOWER,7238,2010,0.288678839
Simplicity2,WINDPOWER,7239,2010,0.196858608
Simplicity2,WINDPOWER,7240,2010,0.158597196
Simplicity2,WINDPOWER,7241,2010,0
Simplicity2,WINDPOWER,7242,2010,0
Simplicity2,WINDPOWER,7243,2010,0
Simplicity2,WINDPOWER,7244,2010,0
Simplicity2,WINDPOWER,7245,2010,0
Simplicity2,WINDPOWER,7246,2010,0
Simplicity2,WINDPOWER,7247,2010,0
Simplicity2,WINDPOWER,7248,2010,0
Simplicity2,WINDPOWER,7249,2010,0
Simplicity2,WINDPOWER,7250,2010,0
Simplicity2,WINDPOWER,7251,2010,0
Simplicity2,WINDPOWER,7252,2010,0
Simplicity2,WINDPOWER,7253,2010,0
Simplicity2,WINDPOWER,7254,2010,0
Simplicity2,WINDPOWER,7255,2010,0
Simplicity2,WINDPOWER,7256,2010,0.195879596
Simplicity2,WINDPOWER,7257,2010,0.415975815
Simplicity2,WINDPOWER,7258,2010,0.544712951
Simplicity2,WINDPOWER,7259,2010,0.741950904
Simplicity2,WINDPOWER,7260,2010,0.69242107
Simplicity2,WINDPOWER,7261,2010,0.621459749
Simplicity2,WINDPOWER,7262,2010,0.573062321
Simplicity2,WINDPOWER,7263,2010,0.418067775
Simplicity2,WINDPOWER,7264,2010,0.254922367
Simplicity2,WINDPOWER,7265,2010,0
Simplicity2,WINDPOWER,7266,2010,0
Simplicity2,WINDPOWER,7267,2010,0
Simplicity2,WINDPOWER,7268,2010,0
Simplicity2,WINDPOWER,7269,2010,0
Simplicity2,WINDPOWER,7270,2010,0
Simplicity2,WINDPOWER,7271,2010,0
Simplicity2,WINDPOWER,7272,2010,0
Simplicity2,WINDPOWER,7273,2010,0
Simplicity2,WINDPOWER,7274,2010,0
Simplicity2,WINDPOWER,7275,2010,0
Simplicity2,WINDPOWER,7276,2010,0
Simplicity2,WINDPOWER,7277,2010,0
Simplicity2,WINDPOWER,7278,2010,0
Simplicity2,WINDPOWER,7279,2010,0
Simplicity2,WINDPOWER,7280,2010,0.260541431
Simplicity2,WINDPOWER,7281,2010,0.488809419
Simplicity2,WINDPOWER,7282,2010,0.670043196
Simplicity2,WINDPOWER,7283,2010,0.773758056
Simplicity2,WINDPOWER,7284,2010,0.800279275
Simplicity2,WINDPOWER,7285,2010,0.764369971
Simplicity2,WINDPOWER,7286,2010,0.662211354
Simplicity2,WINDPOWER,7287,2010,0.486185128
Simplicity2,WINDPOWER,7288,2010,0.250819509
Simplicity2,WINDPOWER,7289,2010,0
Simplicity2,WINDPOWER,7290,2010,0
Simplicity2,WINDPOWER,7291,2010,0
Simplicity2,WINDPOWER,7292,2010,0
Simplicity2,WINDPOWER,7293,2010,0
Simplicity2,WINDPOWER,7294,2010,0
Simplicity2,WINDPOWER,7295,2010,0
Simplicity2,WINDPOWER,7296,2010,0
Simplicity2,WINDPOWER,7297,2010,0
Simplicity2,WINDPOWER,7298,2010,0
Simplicity2,WINDPOWER,7299,2010,0
Simplicity2,WINDPOWER,7300,2010,0
Simplicity2,WINDPOWER,7301,2010,0
Simplicity2,WINDPOWER,7302,2010,0
Simplicity2,WINDPOWER,7303,2010,0
Simplicity2,WINDPOWER,7304,2010,0.215659547
Simplicity2,WINDPOWER,7305,2010,0.460394465
Simplicity2,WINDPOWER,7306,2010,0.665189444
Simplicity2,WINDPOWER,7307,2010,0.770822752
Simplicity2,WINDPOWER,7308,2010,0.796276881
Simplicity2,WINDPOWER,7309,2010,0.758747923
Simplicity2,WINDPOWER,7310,2010,0.654592948
Simplicity2,WINDPOWER,7311,2010,0.476870022
Simplicity2,WINDPOWER,7312,2010,0.241371394
Simplicity2,WINDPOWER,7313,2010,0
Simplicity2,WINDPOWER,7314,2010,0
Simplicity2,WINDPOWER,7315,2010,0
Simplicity2,WINDPOWER,7316,2010,0
Simplicity2,WINDPOWER,7317,2010,0
Simplicity2,WINDPOWER,7318,2010,0
Simplicity2,WINDPOWER,7319,2010,0
Simplicity2,WINDPOWER,7320,2010,0
Simplicity2,WINDPOWER,7321,2010,0
Simplicity2,WINDPOWER,7322,2010,0
Simplicity2,WINDPOWER,7323,2010,0
Simplicity2,WINDPOWER,7324,2010,0
Simplicity2,WINDPOWER,7325,2010,0
Simplicity2,WINDPOWER,7326,2010,0
Simplicity2,WINDPOWER,7327,2010,0
Simplicity2,WINDPOWER,7328,2010,0.058797836
Simplicity2,WINDPOWER,7329,2010,0.148597147
Simplicity2,WINDPOWER,7330,2010,0.239148198
Simplicity2,WINDPOWER,7331,2010,0.328218754
Simplicity2,WINDPOWER,7332,2010,0.365679338
Simplicity2,WINDPOWER,7333,2010,0.304577974
Simplicity2,WINDPOWER,7334,2010,0.310905861
Simplicity2,WINDPOWER,7335,2010,0.251867049
Simplicity2,WINDPOWER,7336,2010,0.089209589
Simplicity2,WINDPOWER,7337,2010,0
Simplicity2,WINDPOWER,7338,2010,0
Simplicity2,WINDPOWER,7339,2010,0
Simplicity2,WINDPOWER,7340,2010,0
Simplicity2,WINDPOWER,7341,2010,0
Simplicity2,WINDPOWER,7342,2010,0
Simplicity2,WINDPOWER,7343,2010,0
Simplicity2,WINDPOWER,7344,2010,0
Simplicity2,WINDPOWER,7345,2010,0
Simplicity2,WINDPOWER,7346,2010,0
Simplicity2,WINDPOWER,7347,2010,0
Simplicity2,WINDPOWER,7348,2010,0
Simplicity2,WINDPOWER,7349,2010,0
Simplicity2,WINDPOWER,7350,2010,0
Simplicity2,WINDPOWER,7351,2010,0
Simplicity2,WINDPOWER,7352,2010,0.038001597
Simplicity2,WINDPOWER,7353,2010,0.107255309
Simplicity2,WINDPOWER,7354,2010,0.168928042
Simplicity2,WINDPOWER,7355,2010,0.381689551
Simplicity2,WINDPOWER,7356,2010,0.389071302
Simplicity2,WINDPOWER,7357,2010,0.213638402
Simplicity2,WINDPOWER,7358,2010,0.145976023
Simplicity2,WINDPOWER,7359,2010,0.110187638
Simplicity2,WINDPOWER,7360,2010,0.099513444
Simplicity2,WINDPOWER,7361,2010,0
Simplicity2,WINDPOWER,7362,2010,0
Simplicity2,WINDPOWER,7363,2010,0
Simplicity2,WINDPOWER,7364,2010,0
Simplicity2,WINDPOWER,7365,2010,0
Simplicity2,WINDPOWER,7366,2010,0
Simplicity2,WINDPOWER,7367,2010,0
Simplicity2,WINDPOWER,7368,2010,0
Simplicity2,WINDPOWER,7369,2010,0
Simplicity2,WINDPOWER,7370,2010,0
Simplicity2,WINDPOWER,7371,2010,0
Simplicity2,WINDPOWER,7372,2010,0
Simplicity2,WINDPOWER,7373,2010,0
Simplicity2,WINDPOWER,7374,2010,0
Simplicity2,WINDPOWER,7375,2010,0
Simplicity2,WINDPOWER,7376,2010,0.076825959
Simplicity2,WINDPOWER,7377,2010,0.091403334
Simplicity2,WINDPOWER,7378,2010,0.126205314
Simplicity2,WINDPOWER,7379,2010,0.08359548
Simplicity2,WINDPOWER,7380,2010,0.126498736
Simplicity2,WINDPOWER,7381,2010,0.167925456
Simplicity2,WINDPOWER,7382,2010,0.085305759
Simplicity2,WINDPOWER,7383,2010,0.045432902
Simplicity2,WINDPOWER,7384,2010,0.012502807
Simplicity2,WINDPOWER,7385,2010,0
Simplicity2,WINDPOWER,7386,2010,0
Simplicity2,WINDPOWER,7387,2010,0
Simplicity2,WINDPOWER,7388,2010,0
Simplicity2,WINDPOWER,7389,2010,0
Simplicity2,WINDPOWER,7390,2010,0
Simplicity2,WINDPOWER,7391,2010,0
Simplicity2,WINDPOWER,7392,2010,0
Simplicity2,WINDPOWER,7393,2010,0
Simplicity2,WINDPOWER,7394,2010,0
Simplicity2,WINDPOWER,7395,2010,0
Simplicity2,WINDPOWER,7396,2010,0
Simplicity2,WINDPOWER,7397,2010,0
Simplicity2,WINDPOWER,7398,2010,0
Simplicity2,WINDPOWER,7399,2010,0
Simplicity2,WINDPOWER,7400,2010,0.072866103
Simplicity2,WINDPOWER,7401,2010,0.189645615
Simplicity2,WINDPOWER,7402,2010,0.426028979
Simplicity2,WINDPOWER,7403,2010,0.543185435
Simplicity2,WINDPOWER,7404,2010,0.476044461
Simplicity2,WINDPOWER,7405,2010,0.339499057
Simplicity2,WINDPOWER,7406,2010,0.176826394
Simplicity2,WINDPOWER,7407,2010,0.087480204
Simplicity2,WINDPOWER,7408,2010,0.024024441
Simplicity2,WINDPOWER,7409,2010,0
Simplicity2,WINDPOWER,7410,2010,0
Simplicity2,WINDPOWER,7411,2010,0
Simplicity2,WINDPOWER,7412,2010,0
Simplicity2,WINDPOWER,7413,2010,0
Simplicity2,WINDPOWER,7414,2010,0
Simplicity2,WINDPOWER,7415,2010,0
Simplicity2,WINDPOWER,7416,2010,0
Simplicity2,WINDPOWER,7417,2010,0
Simplicity2,WINDPOWER,7418,2010,0
Simplicity2,WINDPOWER,7419,2010,0
Simplicity2,WINDPOWER,7420,2010,0
Simplicity2,WINDPOWER,7421,2010,0
Simplicity2,WINDPOWER,7422,2010,0
Simplicity2,WINDPOWER,7423,2010,0
Simplicity2,WINDPOWER,7424,2010,0.030455576
Simplicity2,WINDPOWER,7425,2010,0.111309597
Simplicity2,WINDPOWER,7426,2010,0.278858197
Simplicity2,WINDPOWER,7427,2010,0.353247613
Simplicity2,WINDPOWER,7428,2010,0.237131944
Simplicity2,WINDPOWER,7429,2010,0.292217883
Simplicity2,WINDPOWER,7430,2010,0.217783616
Simplicity2,WINDPOWER,7431,2010,0.145798083
Simplicity2,WINDPOWER,7432,2010,0.098415412
Simplicity2,WINDPOWER,7433,2010,0
Simplicity2,WINDPOWER,7434,2010,0
Simplicity2,WINDPOWER,7435,2010,0
Simplicity2,WINDPOWER,7436,2010,0
Simplicity2,WINDPOWER,7437,2010,0
Simplicity2,WINDPOWER,7438,2010,0
Simplicity2,WINDPOWER,7439,2010,0
Simplicity2,WINDPOWER,7440,2010,0
Simplicity2,WINDPOWER,7441,2010,0
Simplicity2,WINDPOWER,7442,2010,0
Simplicity2,WINDPOWER,7443,2010,0
Simplicity2,WINDPOWER,7444,2010,0
Simplicity2,WINDPOWER,7445,2010,0
Simplicity2,WINDPOWER,7446,2010,0
Simplicity2,WINDPOWER,7447,2010,0
Simplicity2,WINDPOWER,7448,2010,0.128790158
Simplicity2,WINDPOWER,7449,2010,0.364422648
Simplicity2,WINDPOWER,7450,2010,0.505108798
Simplicity2,WINDPOWER,7451,2010,0.627762645
Simplicity2,WINDPOWER,7452,2010,0.695121485
Simplicity2,WINDPOWER,7453,2010,0.631296714
Simplicity2,WINDPOWER,7454,2010,0.453436543
Simplicity2,WINDPOWER,7455,2010,0.342183324
Simplicity2,WINDPOWER,7456,2010,0.17087327
Simplicity2,WINDPOWER,7457,2010,0
Simplicity2,WINDPOWER,7458,2010,0
Simplicity2,WINDPOWER,7459,2010,0
Simplicity2,WINDPOWER,7460,2010,0
Simplicity2,WINDPOWER,7461,2010,0
Simplicity2,WINDPOWER,7462,2010,0
Simplicity2,WINDPOWER,7463,2010,0
Simplicity2,WINDPOWER,7464,2010,0
Simplicity2,WINDPOWER,7465,2010,0
Simplicity2,WINDPOWER,7466,2010,0
Simplicity2,WINDPOWER,7467,2010,0
Simplicity2,WINDPOWER,7468,2010,0
Simplicity2,WINDPOWER,7469,2010,0
Simplicity2,WINDPOWER,7470,2010,0
Simplicity2,WINDPOWER,7471,2010,0
Simplicity2,WINDPOWER,7472,2010,0.066962318
Simplicity2,WINDPOWER,7473,2010,0.196430245
Simplicity2,WINDPOWER,7474,2010,0.472208991
Simplicity2,WINDPOWER,7475,2010,0.505917537
Simplicity2,WINDPOWER,7476,2010,0.621611592
Simplicity2,WINDPOWER,7477,2010,0.429950692
Simplicity2,WINDPOWER,7478,2010,0.27475998
Simplicity2,WINDPOWER,7479,2010,0.195133498
Simplicity2,WINDPOWER,7480,2010,0.165239135
Simplicity2,WINDPOWER,7481,2010,0
Simplicity2,WINDPOWER,7482,2010,0
Simplicity2,WINDPOWER,7483,2010,0
Simplicity2,WINDPOWER,7484,2010,0
Simplicity2,WINDPOWER,7485,2010,0
Simplicity2,WINDPOWER,7486,2010,0
Simplicity2,WINDPOWER,7487,2010,0
Simplicity2,WINDPOWER,7488,2010,0
Simplicity2,WINDPOWER,7489,2010,0
Simplicity2,WINDPOWER,7490,2010,0
Simplicity2,WINDPOWER,7491,2010,0
Simplicity2,WINDPOWER,7492,2010,0
Simplicity2,WINDPOWER,7493,2010,0
Simplicity2,WINDPOWER,7494,2010,0
Simplicity2,WINDPOWER,7495,2010,0
Simplicity2,WINDPOWER,7496,2010,0.069562557
Simplicity2,WINDPOWER,7497,2010,0.070541747
Simplicity2,WINDPOWER,7498,2010,0.125676285
Simplicity2,WINDPOWER,7499,2010,0.081699431
Simplicity2,WINDPOWER,7500,2010,0.118091824
Simplicity2,WINDPOWER,7501,2010,0.105477338
Simplicity2,WINDPOWER,7502,2010,0.164454738
Simplicity2,WINDPOWER,7503,2010,0.108003612
Simplicity2,WINDPOWER,7504,2010,0.070413697
Simplicity2,WINDPOWER,7505,2010,0
Simplicity2,WINDPOWER,7506,2010,0
Simplicity2,WINDPOWER,7507,2010,0
Simplicity2,WINDPOWER,7508,2010,0
Simplicity2,WINDPOWER,7509,2010,0
Simplicity2,WINDPOWER,7510,2010,0
Simplicity2,WINDPOWER,7511,2010,0
Simplicity2,WINDPOWER,7512,2010,0
Simplicity2,WINDPOWER,7513,2010,0
Simplicity2,WINDPOWER,7514,2010,0
Simplicity2,WINDPOWER,7515,2010,0
Simplicity2,WINDPOWER,7516,2010,0
Simplicity2,WINDPOWER,7517,2010,0
Simplicity2,WINDPOWER,7518,2010,0
Simplicity2,WINDPOWER,7519,2010,0
Simplicity2,WINDPOWER,7520,2010,0.139629899
Simplicity2,WINDPOWER,7521,2010,0.327237024
Simplicity2,WINDPOWER,7522,2010,0.516679032
Simplicity2,WINDPOWER,7523,2010,0.675297059
Simplicity2,WINDPOWER,7524,2010,0.691329537
Simplicity2,WINDPOWER,7525,2010,0.660368135
Simplicity2,WINDPOWER,7526,2010,0.581740704
Simplicity2,WINDPOWER,7527,2010,0.389716617
Simplicity2,WINDPOWER,7528,2010,0.190360166
Simplicity2,WINDPOWER,7529,2010,0
Simplicity2,WINDPOWER,7530,2010,0
Simplicity2,WINDPOWER,7531,2010,0
Simplicity2,WINDPOWER,7532,2010,0
Simplicity2,WINDPOWER,7533,2010,0
Simplicity2,WINDPOWER,7534,2010,0
Simplicity2,WINDPOWER,7535,2010,0
Simplicity2,WINDPOWER,7536,2010,0
Simplicity2,WINDPOWER,7537,2010,0
Simplicity2,WINDPOWER,7538,2010,0
Simplicity2,WINDPOWER,7539,2010,0
Simplicity2,WINDPOWER,7540,2010,0
Simplicity2,WINDPOWER,7541,2010,0
Simplicity2,WINDPOWER,7542,2010,0
Simplicity2,WINDPOWER,7543,2010,0
Simplicity2,WINDPOWER,7544,2010,0.068174645
Simplicity2,WINDPOWER,7545,2010,0.204029492
Simplicity2,WINDPOWER,7546,2010,0.264835457
Simplicity2,WINDPOWER,7547,2010,0.511294476
Simplicity2,WINDPOWER,7548,2010,0.460345244
Simplicity2,WINDPOWER,7549,2010,0.414075071
Simplicity2,WINDPOWER,7550,2010,0.345753905
Simplicity2,WINDPOWER,7551,2010,0.196870476
Simplicity2,WINDPOWER,7552,2010,0.084064144
Simplicity2,WINDPOWER,7553,2010,0
Simplicity2,WINDPOWER,7554,2010,0
Simplicity2,WINDPOWER,7555,2010,0
Simplicity2,WINDPOWER,7556,2010,0
Simplicity2,WINDPOWER,7557,2010,0
Simplicity2,WINDPOWER,7558,2010,0
Simplicity2,WINDPOWER,7559,2010,0
Simplicity2,WINDPOWER,7560,2010,0
Simplicity2,WINDPOWER,7561,2010,0
Simplicity2,WINDPOWER,7562,2010,0
Simplicity2,WINDPOWER,7563,2010,0
Simplicity2,WINDPOWER,7564,2010,0
Simplicity2,WINDPOWER,7565,2010,0
Simplicity2,WINDPOWER,7566,2010,0
Simplicity2,WINDPOWER,7567,2010,0
Simplicity2,WINDPOWER,7568,2010,0.011165234
Simplicity2,WINDPOWER,7569,2010,0.030076174
Simplicity2,WINDPOWER,7570,2010,0.0642055
Simplicity2,WINDPOWER,7571,2010,0.092965084
Simplicity2,WINDPOWER,7572,2010,0.100475893
Simplicity2,WINDPOWER,7573,2010,0.107497386
Simplicity2,WINDPOWER,7574,2010,0.073304708
Simplicity2,WINDPOWER,7575,2010,0.037744641
Simplicity2,WINDPOWER,7576,2010,0.007147872
Simplicity2,WINDPOWER,7577,2010,0
Simplicity2,WINDPOWER,7578,2010,0
Simplicity2,WINDPOWER,7579,2010,0
Simplicity2,WINDPOWER,7580,2010,0
Simplicity2,WINDPOWER,7581,2010,0
Simplicity2,WINDPOWER,7582,2010,0
Simplicity2,WINDPOWER,7583,2010,0
Simplicity2,WINDPOWER,7584,2010,0
Simplicity2,WINDPOWER,7585,2010,0
Simplicity2,WINDPOWER,7586,2010,0
Simplicity2,WINDPOWER,7587,2010,0
Simplicity2,WINDPOWER,7588,2010,0
Simplicity2,WINDPOWER,7589,2010,0
Simplicity2,WINDPOWER,7590,2010,0
Simplicity2,WINDPOWER,7591,2010,0
Simplicity2,WINDPOWER,7592,2010,0.126719575
Simplicity2,WINDPOWER,7593,2010,0.272886565
Simplicity2,WINDPOWER,7594,2010,0.387138865
Simplicity2,WINDPOWER,7595,2010,0.251797408
Simplicity2,WINDPOWER,7596,2010,0.220591323
Simplicity2,WINDPOWER,7597,2010,0.175946455
Simplicity2,WINDPOWER,7598,2010,0.140101411
Simplicity2,WINDPOWER,7599,2010,0.064658813
Simplicity2,WINDPOWER,7600,2010,0.019383045
Simplicity2,WINDPOWER,7601,2010,0
Simplicity2,WINDPOWER,7602,2010,0
Simplicity2,WINDPOWER,7603,2010,0
Simplicity2,WINDPOWER,7604,2010,0
Simplicity2,WINDPOWER,7605,2010,0
Simplicity2,WINDPOWER,7606,2010,0
Simplicity2,WINDPOWER,7607,2010,0
Simplicity2,WINDPOWER,7608,2010,0
Simplicity2,WINDPOWER,7609,2010,0
Simplicity2,WINDPOWER,7610,2010,0
Simplicity2,WINDPOWER,7611,2010,0
Simplicity2,WINDPOWER,7612,2010,0
Simplicity2,WINDPOWER,7613,2010,0
Simplicity2,WINDPOWER,7614,2010,0
Simplicity2,WINDPOWER,7615,2010,0
Simplicity2,WINDPOWER,7616,2010,0.007538004
Simplicity2,WINDPOWER,7617,2010,0.023410595
Simplicity2,WINDPOWER,7618,2010,0.039541325
Simplicity2,WINDPOWER,7619,2010,0.036048524
Simplicity2,WINDPOWER,7620,2010,0.039676856
Simplicity2,WINDPOWER,7621,2010,0.022934794
Simplicity2,WINDPOWER,7622,2010,0.022823982
Simplicity2,WINDPOWER,7623,2010,0.017597122
Simplicity2,WINDPOWER,7624,2010,0.005104908
Simplicity2,WINDPOWER,7625,2010,0
Simplicity2,WINDPOWER,7626,2010,0
Simplicity2,WINDPOWER,7627,2010,0
Simplicity2,WINDPOWER,7628,2010,0
Simplicity2,WINDPOWER,7629,2010,0
Simplicity2,WINDPOWER,7630,2010,0
Simplicity2,WINDPOWER,7631,2010,0
Simplicity2,WINDPOWER,7632,2010,0
Simplicity2,WINDPOWER,7633,2010,0
Simplicity2,WINDPOWER,7634,2010,0
Simplicity2,WINDPOWER,7635,2010,0
Simplicity2,WINDPOWER,7636,2010,0
Simplicity2,WINDPOWER,7637,2010,0
Simplicity2,WINDPOWER,7638,2010,0
Simplicity2,WINDPOWER,7639,2010,0
Simplicity2,WINDPOWER,7640,2010,0.005246612
Simplicity2,WINDPOWER,7641,2010,0.022295687
Simplicity2,WINDPOWER,7642,2010,0.039198517
Simplicity2,WINDPOWER,7643,2010,0.046391103
Simplicity2,WINDPOWER,7644,2010,0.064377417
Simplicity2,WINDPOWER,7645,2010,0.056203778
Simplicity2,WINDPOWER,7646,2010,0.044116325
Simplicity2,WINDPOWER,7647,2010,0.025472265
Simplicity2,WINDPOWER,7648,2010,0.0061752
Simplicity2,WINDPOWER,7649,2010,0
Simplicity2,WINDPOWER,7650,2010,0
Simplicity2,WINDPOWER,7651,2010,0
Simplicity2,WINDPOWER,7652,2010,0
Simplicity2,WINDPOWER,7653,2010,0
Simplicity2,WINDPOWER,7654,2010,0
Simplicity2,WINDPOWER,7655,2010,0
Simplicity2,WINDPOWER,7656,2010,0
Simplicity2,WINDPOWER,7657,2010,0
Simplicity2,WINDPOWER,7658,2010,0
Simplicity2,WINDPOWER,7659,2010,0
Simplicity2,WINDPOWER,7660,2010,0
Simplicity2,WINDPOWER,7661,2010,0
Simplicity2,WINDPOWER,7662,2010,0
Simplicity2,WINDPOWER,7663,2010,0
Simplicity2,WINDPOWER,7664,2010,0.188523127
Simplicity2,WINDPOWER,7665,2010,0.394791137
Simplicity2,WINDPOWER,7666,2010,0.586285877
Simplicity2,WINDPOWER,7667,2010,0.677457677
Simplicity2,WINDPOWER,7668,2010,0.677257407
Simplicity2,WINDPOWER,7669,2010,0.538723901
Simplicity2,WINDPOWER,7670,2010,0.450603182
Simplicity2,WINDPOWER,7671,2010,0.286507918
Simplicity2,WINDPOWER,7672,2010,0.144086326
Simplicity2,WINDPOWER,7673,2010,0
Simplicity2,WINDPOWER,7674,2010,0
Simplicity2,WINDPOWER,7675,2010,0
Simplicity2,WINDPOWER,7676,2010,0
Simplicity2,WINDPOWER,7677,2010,0
Simplicity2,WINDPOWER,7678,2010,0
Simplicity2,WINDPOWER,7679,2010,0
Simplicity2,WINDPOWER,7680,2010,0
Simplicity2,WINDPOWER,7681,2010,0
Simplicity2,WINDPOWER,7682,2010,0
Simplicity2,WINDPOWER,7683,2010,0
Simplicity2,WINDPOWER,7684,2010,0
Simplicity2,WINDPOWER,7685,2010,0
Simplicity2,WINDPOWER,7686,2010,0
Simplicity2,WINDPOWER,7687,2010,0
Simplicity2,WINDPOWER,7688,2010,0.194141436
Simplicity2,WINDPOWER,7689,2010,0.398581175
Simplicity2,WINDPOWER,7690,2010,0.589063829
Simplicity2,WINDPOWER,7691,2010,0.67513098
Simplicity2,WINDPOWER,7692,2010,0.700067412
Simplicity2,WINDPOWER,7693,2010,0.607715233
Simplicity2,WINDPOWER,7694,2010,0.453076123
Simplicity2,WINDPOWER,7695,2010,0.28596106
Simplicity2,WINDPOWER,7696,2010,0.102752211
Simplicity2,WINDPOWER,7697,2010,0
Simplicity2,WINDPOWER,7698,2010,0
Simplicity2,WINDPOWER,7699,2010,0
Simplicity2,WINDPOWER,7700,2010,0
Simplicity2,WINDPOWER,7701,2010,0
Simplicity2,WINDPOWER,7702,2010,0
Simplicity2,WINDPOWER,7703,2010,0
Simplicity2,WINDPOWER,7704,2010,0
Simplicity2,WINDPOWER,7705,2010,0
Simplicity2,WINDPOWER,7706,2010,0
Simplicity2,WINDPOWER,7707,2010,0
Simplicity2,WINDPOWER,7708,2010,0
Simplicity2,WINDPOWER,7709,2010,0
Simplicity2,WINDPOWER,7710,2010,0
Simplicity2,WINDPOWER,7711,2010,0
Simplicity2,WINDPOWER,7712,2010,0.139823966
Simplicity2,WINDPOWER,7713,2010,0.332279943
Simplicity2,WINDPOWER,7714,2010,0.437581476
Simplicity2,WINDPOWER,7715,2010,0.453656232
Simplicity2,WINDPOWER,7716,2010,0.290341762
Simplicity2,WINDPOWER,7717,2010,0.30157417
Simplicity2,WINDPOWER,7718,2010,0.264798197
Simplicity2,WINDPOWER,7719,2010,0.174342444
Simplicity2,WINDPOWER,7720,2010,0.058096171
Simplicity2,WINDPOWER,7721,2010,0
Simplicity2,WINDPOWER,7722,2010,0
Simplicity2,WINDPOWER,7723,2010,0
Simplicity2,WINDPOWER,7724,2010,0
Simplicity2,WINDPOWER,7725,2010,0
Simplicity2,WINDPOWER,7726,2010,0
Simplicity2,WINDPOWER,7727,2010,0
Simplicity2,WINDPOWER,7728,2010,0
Simplicity2,WINDPOWER,7729,2010,0
Simplicity2,WINDPOWER,7730,2010,0
Simplicity2,WINDPOWER,7731,2010,0
Simplicity2,WINDPOWER,7732,2010,0
Simplicity2,WINDPOWER,7733,2010,0
Simplicity2,WINDPOWER,7734,2010,0
Simplicity2,WINDPOWER,7735,2010,0
Simplicity2,WINDPOWER,7736,2010,0.028220423
Simplicity2,WINDPOWER,7737,2010,0.08358685
Simplicity2,WINDPOWER,7738,2010,0.219844136
Simplicity2,WINDPOWER,7739,2010,0.486711442
Simplicity2,WINDPOWER,7740,2010,0.494265194
Simplicity2,WINDPOWER,7741,2010,0.451702219
Simplicity2,WINDPOWER,7742,2010,0.401936001
Simplicity2,WINDPOWER,7743,2010,0.338545921
Simplicity2,WINDPOWER,7744,2010,0.165867768
Simplicity2,WINDPOWER,7745,2010,0
Simplicity2,WINDPOWER,7746,2010,0
Simplicity2,WINDPOWER,7747,2010,0
Simplicity2,WINDPOWER,7748,2010,0
Simplicity2,WINDPOWER,7749,2010,0
Simplicity2,WINDPOWER,7750,2010,0
Simplicity2,WINDPOWER,7751,2010,0
Simplicity2,WINDPOWER,7752,2010,0
Simplicity2,WINDPOWER,7753,2010,0
Simplicity2,WINDPOWER,7754,2010,0
Simplicity2,WINDPOWER,7755,2010,0
Simplicity2,WINDPOWER,7756,2010,0
Simplicity2,WINDPOWER,7757,2010,0
Simplicity2,WINDPOWER,7758,2010,0
Simplicity2,WINDPOWER,7759,2010,0
Simplicity2,WINDPOWER,7760,2010,0.092002125
Simplicity2,WINDPOWER,7761,2010,0.216272594
Simplicity2,WINDPOWER,7762,2010,0.422736225
Simplicity2,WINDPOWER,7763,2010,0.522711766
Simplicity2,WINDPOWER,7764,2010,0.585195748
Simplicity2,WINDPOWER,7765,2010,0.51724753
Simplicity2,WINDPOWER,7766,2010,0.412585108
Simplicity2,WINDPOWER,7767,2010,0.329790368
Simplicity2,WINDPOWER,7768,2010,0.158817573
Simplicity2,WINDPOWER,7769,2010,0
Simplicity2,WINDPOWER,7770,2010,0
Simplicity2,WINDPOWER,7771,2010,0
Simplicity2,WINDPOWER,7772,2010,0
Simplicity2,WINDPOWER,7773,2010,0
Simplicity2,WINDPOWER,7774,2010,0
Simplicity2,WINDPOWER,7775,2010,0
Simplicity2,WINDPOWER,7776,2010,0
Simplicity2,WINDPOWER,7777,2010,0
Simplicity2,WINDPOWER,7778,2010,0
Simplicity2,WINDPOWER,7779,2010,0
Simplicity2,WINDPOWER,7780,2010,0
Simplicity2,WINDPOWER,7781,2010,0
Simplicity2,WINDPOWER,7782,2010,0
Simplicity2,WINDPOWER,7783,2010,0
Simplicity2,WINDPOWER,7784,2010,0.028855688
Simplicity2,WINDPOWER,7785,2010,0.086866834
Simplicity2,WINDPOWER,7786,2010,0.113516952
Simplicity2,WINDPOWER,7787,2010,0.178465812
Simplicity2,WINDPOWER,7788,2010,0.370056131
Simplicity2,WINDPOWER,7789,2010,0.342284513
Simplicity2,WINDPOWER,7790,2010,0.210405853
Simplicity2,WINDPOWER,7791,2010,0.113461103
Simplicity2,WINDPOWER,7792,2010,0.080157569
Simplicity2,WINDPOWER,7793,2010,0
Simplicity2,WINDPOWER,7794,2010,0
Simplicity2,WINDPOWER,7795,2010,0
Simplicity2,WINDPOWER,7796,2010,0
Simplicity2,WINDPOWER,7797,2010,0
Simplicity2,WINDPOWER,7798,2010,0
Simplicity2,WINDPOWER,7799,2010,0
Simplicity2,WINDPOWER,7800,2010,0
Simplicity2,WINDPOWER,7801,2010,0
Simplicity2,WINDPOWER,7802,2010,0
Simplicity2,WINDPOWER,7803,2010,0
Simplicity2,WINDPOWER,7804,2010,0
Simplicity2,WINDPOWER,7805,2010,0
Simplicity2,WINDPOWER,7806,2010,0
Simplicity2,WINDPOWER,7807,2010,0
Simplicity2,WINDPOWER,7808,2010,0.077575711
Simplicity2,WINDPOWER,7809,2010,0.267279486
Simplicity2,WINDPOWER,7810,2010,0.538367479
Simplicity2,WINDPOWER,7811,2010,0.657717227
Simplicity2,WINDPOWER,7812,2010,0.710583915
Simplicity2,WINDPOWER,7813,2010,0.664248909
Simplicity2,WINDPOWER,7814,2010,0.572933672
Simplicity2,WINDPOWER,7815,2010,0.380891478
Simplicity2,WINDPOWER,7816,2010,0.16795249
Simplicity2,WINDPOWER,7817,2010,0
Simplicity2,WINDPOWER,7818,2010,0
Simplicity2,WINDPOWER,7819,2010,0
Simplicity2,WINDPOWER,7820,2010,0
Simplicity2,WINDPOWER,7821,2010,0
Simplicity2,WINDPOWER,7822,2010,0
Simplicity2,WINDPOWER,7823,2010,0
Simplicity2,WINDPOWER,7824,2010,0
Simplicity2,WINDPOWER,7825,2010,0
Simplicity2,WINDPOWER,7826,2010,0
Simplicity2,WINDPOWER,7827,2010,0
Simplicity2,WINDPOWER,7828,2010,0
Simplicity2,WINDPOWER,7829,2010,0
Simplicity2,WINDPOWER,7830,2010,0
Simplicity2,WINDPOWER,7831,2010,0
Simplicity2,WINDPOWER,7832,2010,0.006560161
Simplicity2,WINDPOWER,7833,2010,0.042138998
Simplicity2,WINDPOWER,7834,2010,0.114758911
Simplicity2,WINDPOWER,7835,2010,0.415919469
Simplicity2,WINDPOWER,7836,2010,0.307216955
Simplicity2,WINDPOWER,7837,2010,0.253607256
Simplicity2,WINDPOWER,7838,2010,0.161472407
Simplicity2,WINDPOWER,7839,2010,0.093820492
Simplicity2,WINDPOWER,7840,2010,0.028998905
Simplicity2,WINDPOWER,7841,2010,0
Simplicity2,WINDPOWER,7842,2010,0
Simplicity2,WINDPOWER,7843,2010,0
Simplicity2,WINDPOWER,7844,2010,0
Simplicity2,WINDPOWER,7845,2010,0
Simplicity2,WINDPOWER,7846,2010,0
Simplicity2,WINDPOWER,7847,2010,0
Simplicity2,WINDPOWER,7848,2010,0
Simplicity2,WINDPOWER,7849,2010,0
Simplicity2,WINDPOWER,7850,2010,0
Simplicity2,WINDPOWER,7851,2010,0
Simplicity2,WINDPOWER,7852,2010,0
Simplicity2,WINDPOWER,7853,2010,0
Simplicity2,WINDPOWER,7854,2010,0
Simplicity2,WINDPOWER,7855,2010,0
Simplicity2,WINDPOWER,7856,2010,0.161736254
Simplicity2,WINDPOWER,7857,2010,0.27656345
Simplicity2,WINDPOWER,7858,2010,0.347760032
Simplicity2,WINDPOWER,7859,2010,0.476360503
Simplicity2,WINDPOWER,7860,2010,0.530663521
Simplicity2,WINDPOWER,7861,2010,0.439644761
Simplicity2,WINDPOWER,7862,2010,0.154476506
Simplicity2,WINDPOWER,7863,2010,0.087213732
Simplicity2,WINDPOWER,7864,2010,0.051134616
Simplicity2,WINDPOWER,7865,2010,0
Simplicity2,WINDPOWER,7866,2010,0
Simplicity2,WINDPOWER,7867,2010,0
Simplicity2,WINDPOWER,7868,2010,0
Simplicity2,WINDPOWER,7869,2010,0
Simplicity2,WINDPOWER,7870,2010,0
Simplicity2,WINDPOWER,7871,2010,0
Simplicity2,WINDPOWER,7872,2010,0
Simplicity2,WINDPOWER,7873,2010,0
Simplicity2,WINDPOWER,7874,2010,0
Simplicity2,WINDPOWER,7875,2010,0
Simplicity2,WINDPOWER,7876,2010,0
Simplicity2,WINDPOWER,7877,2010,0
Simplicity2,WINDPOWER,7878,2010,0
Simplicity2,WINDPOWER,7879,2010,0
Simplicity2,WINDPOWER,7880,2010,0.060440116
Simplicity2,WINDPOWER,7881,2010,0.042064686
Simplicity2,WINDPOWER,7882,2010,0.038073661
Simplicity2,WINDPOWER,7883,2010,0.071201426
Simplicity2,WINDPOWER,7884,2010,0.121887923
Simplicity2,WINDPOWER,7885,2010,0.050731361
Simplicity2,WINDPOWER,7886,2010,0.035012471
Simplicity2,WINDPOWER,7887,2010,0.015224329
Simplicity2,WINDPOWER,7888,2010,0.003395492
Simplicity2,WINDPOWER,7889,2010,0
Simplicity2,WINDPOWER,7890,2010,0
Simplicity2,WINDPOWER,7891,2010,0
Simplicity2,WINDPOWER,7892,2010,0
Simplicity2,WINDPOWER,7893,2010,0
Simplicity2,WINDPOWER,7894,2010,0
Simplicity2,WINDPOWER,7895,2010,0
Simplicity2,WINDPOWER,7896,2010,0
Simplicity2,WINDPOWER,7897,2010,0
Simplicity2,WINDPOWER,7898,2010,0
Simplicity2,WINDPOWER,7899,2010,0
Simplicity2,WINDPOWER,7900,2010,0
Simplicity2,WINDPOWER,7901,2010,0
Simplicity2,WINDPOWER,7902,2010,0
Simplicity2,WINDPOWER,7903,2010,0
Simplicity2,WINDPOWER,7904,2010,0.064259015
Simplicity2,WINDPOWER,7905,2010,0.116631853
Simplicity2,WINDPOWER,7906,2010,0.166077557
Simplicity2,WINDPOWER,7907,2010,0.50488639
Simplicity2,WINDPOWER,7908,2010,0.507582584
Simplicity2,WINDPOWER,7909,2010,0.420409989
Simplicity2,WINDPOWER,7910,2010,0.394326719
Simplicity2,WINDPOWER,7911,2010,0.272687142
Simplicity2,WINDPOWER,7912,2010,0.135506993
Simplicity2,WINDPOWER,7913,2010,0
Simplicity2,WINDPOWER,7914,2010,0
Simplicity2,WINDPOWER,7915,2010,0
Simplicity2,WINDPOWER,7916,2010,0
Simplicity2,WINDPOWER,7917,2010,0
Simplicity2,WINDPOWER,7918,2010,0
Simplicity2,WINDPOWER,7919,2010,0
Simplicity2,WINDPOWER,7920,2010,0
Simplicity2,WINDPOWER,7921,2010,0
Simplicity2,WINDPOWER,7922,2010,0
Simplicity2,WINDPOWER,7923,2010,0
Simplicity2,WINDPOWER,7924,2010,0
Simplicity2,WINDPOWER,7925,2010,0
Simplicity2,WINDPOWER,7926,2010,0
Simplicity2,WINDPOWER,7927,2010,0
Simplicity2,WINDPOWER,7928,2010,0.011468321
Simplicity2,WINDPOWER,7929,2010,0.077921823
Simplicity2,WINDPOWER,7930,2010,0.143334684
Simplicity2,WINDPOWER,7931,2010,0.148371439
Simplicity2,WINDPOWER,7932,2010,0.115200456
Simplicity2,WINDPOWER,7933,2010,0.122106601
Simplicity2,WINDPOWER,7934,2010,0.078447571
Simplicity2,WINDPOWER,7935,2010,0.171095194
Simplicity2,WINDPOWER,7936,2010,0.085017085
Simplicity2,WINDPOWER,7937,2010,0
Simplicity2,WINDPOWER,7938,2010,0
Simplicity2,WINDPOWER,7939,2010,0
Simplicity2,WINDPOWER,7940,2010,0
Simplicity2,WINDPOWER,7941,2010,0
Simplicity2,WINDPOWER,7942,2010,0
Simplicity2,WINDPOWER,7943,2010,0
Simplicity2,WINDPOWER,7944,2010,0
Simplicity2,WINDPOWER,7945,2010,0
Simplicity2,WINDPOWER,7946,2010,0
Simplicity2,WINDPOWER,7947,2010,0
Simplicity2,WINDPOWER,7948,2010,0
Simplicity2,WINDPOWER,7949,2010,0
Simplicity2,WINDPOWER,7950,2010,0
Simplicity2,WINDPOWER,7951,2010,0
Simplicity2,WINDPOWER,7952,2010,0
Simplicity2,WINDPOWER,7953,2010,0.013029609
Simplicity2,WINDPOWER,7954,2010,0.036293067
Simplicity2,WINDPOWER,7955,2010,0.053873282
Simplicity2,WINDPOWER,7956,2010,0.063223264
Simplicity2,WINDPOWER,7957,2010,0.045156317
Simplicity2,WINDPOWER,7958,2010,0.042133443
Simplicity2,WINDPOWER,7959,2010,0.017709987
Simplicity2,WINDPOWER,7960,2010,0.002503157
Simplicity2,WINDPOWER,7961,2010,0
Simplicity2,WINDPOWER,7962,2010,0
Simplicity2,WINDPOWER,7963,2010,0
Simplicity2,WINDPOWER,7964,2010,0
Simplicity2,WINDPOWER,7965,2010,0
Simplicity2,WINDPOWER,7966,2010,0
Simplicity2,WINDPOWER,7967,2010,0
Simplicity2,WINDPOWER,7968,2010,0
Simplicity2,WINDPOWER,7969,2010,0
Simplicity2,WINDPOWER,7970,2010,0
Simplicity2,WINDPOWER,7971,2010,0
Simplicity2,WINDPOWER,7972,2010,0
Simplicity2,WINDPOWER,7973,2010,0
Simplicity2,WINDPOWER,7974,2010,0
Simplicity2,WINDPOWER,7975,2010,0
Simplicity2,WINDPOWER,7976,2010,0
Simplicity2,WINDPOWER,7977,2010,0.047925746
Simplicity2,WINDPOWER,7978,2010,0.100282605
Simplicity2,WINDPOWER,7979,2010,0.293906124
Simplicity2,WINDPOWER,7980,2010,0.484552827
Simplicity2,WINDPOWER,7981,2010,0.410943822
Simplicity2,WINDPOWER,7982,2010,0.36909664
Simplicity2,WINDPOWER,7983,2010,0.277112952
Simplicity2,WINDPOWER,7984,2010,0.113512202
Simplicity2,WINDPOWER,7985,2010,0
Simplicity2,WINDPOWER,7986,2010,0
Simplicity2,WINDPOWER,7987,2010,0
Simplicity2,WINDPOWER,7988,2010,0
Simplicity2,WINDPOWER,7989,2010,0
Simplicity2,WINDPOWER,7990,2010,0
Simplicity2,WINDPOWER,7991,2010,0
Simplicity2,WINDPOWER,7992,2010,0
Simplicity2,WINDPOWER,7993,2010,0
Simplicity2,WINDPOWER,7994,2010,0
Simplicity2,WINDPOWER,7995,2010,0
Simplicity2,WINDPOWER,7996,2010,0
Simplicity2,WINDPOWER,7997,2010,0
Simplicity2,WINDPOWER,7998,2010,0
Simplicity2,WINDPOWER,7999,2010,0
Simplicity2,WINDPOWER,8000,2010,0
Simplicity2,WINDPOWER,8001,2010,0.030457767
Simplicity2,WINDPOWER,8002,2010,0.073212548
Simplicity2,WINDPOWER,8003,2010,0.135272812
Simplicity2,WINDPOWER,8004,2010,0.159929701
Simplicity2,WINDPOWER,8005,2010,0.139269217
Simplicity2,WINDPOWER,8006,2010,0.116883389
Simplicity2,WINDPOWER,8007,2010,0.088231952
Simplicity2,WINDPOWER,8008,2010,0.03291302
Simplicity2,WINDPOWER,8009,2010,0
Simplicity2,WINDPOWER,8010,2010,0
Simplicity2,WINDPOWER,8011,2010,0
Simplicity2,WINDPOWER,8012,2010,0
Simplicity2,WINDPOWER,8013,2010,0
Simplicity2,WINDPOWER,8014,2010,0
Simplicity2,WINDPOWER,8015,2010,0
Simplicity2,WINDPOWER,8016,2010,0
Simplicity2,WINDPOWER,8017,2010,0
Simplicity2,WINDPOWER,8018,2010,0
Simplicity2,WINDPOWER,8019,2010,0
Simplicity2,WINDPOWER,8020,2010,0
Simplicity2,WINDPOWER,8021,2010,0
Simplicity2,WINDPOWER,8022,2010,0
Simplicity2,WINDPOWER,8023,2010,0
Simplicity2,WINDPOWER,8024,2010,0
Simplicity2,WINDPOWER,8025,2010,0.013530897
Simplicity2,WINDPOWER,8026,2010,0.030989311
Simplicity2,WINDPOWER,8027,2010,0.061976315
Simplicity2,WINDPOWER,8028,2010,0.096364969
Simplicity2,WINDPOWER,8029,2010,0.075248578
Simplicity2,WINDPOWER,8030,2010,0.168504658
Simplicity2,WINDPOWER,8031,2010,0.07371678
Simplicity2,WINDPOWER,8032,2010,0.039973359
Simplicity2,WINDPOWER,8033,2010,0
Simplicity2,WINDPOWER,8034,2010,0
Simplicity2,WINDPOWER,8035,2010,0
Simplicity2,WINDPOWER,8036,2010,0
Simplicity2,WINDPOWER,8037,2010,0
Simplicity2,WINDPOWER,8038,2010,0
Simplicity2,WINDPOWER,8039,2010,0
Simplicity2,WINDPOWER,8040,2010,0
Simplicity2,WINDPOWER,8041,2010,0
Simplicity2,WINDPOWER,8042,2010,0
Simplicity2,WINDPOWER,8043,2010,0
Simplicity2,WINDPOWER,8044,2010,0
Simplicity2,WINDPOWER,8045,2010,0
Simplicity2,WINDPOWER,8046,2010,0
Simplicity2,WINDPOWER,8047,2010,0
Simplicity2,WINDPOWER,8048,2010,0
Simplicity2,WINDPOWER,8049,2010,0.176444356
Simplicity2,WINDPOWER,8050,2010,0.335359232
Simplicity2,WINDPOWER,8051,2010,0.449112929
Simplicity2,WINDPOWER,8052,2010,0.537401835
Simplicity2,WINDPOWER,8053,2010,0.603229187
Simplicity2,WINDPOWER,8054,2010,0.518450541
Simplicity2,WINDPOWER,8055,2010,0.362183635
Simplicity2,WINDPOWER,8056,2010,0.198777194
Simplicity2,WINDPOWER,8057,2010,0
Simplicity2,WINDPOWER,8058,2010,0
Simplicity2,WINDPOWER,8059,2010,0
Simplicity2,WINDPOWER,8060,2010,0
Simplicity2,WINDPOWER,8061,2010,0
Simplicity2,WINDPOWER,8062,2010,0
Simplicity2,WINDPOWER,8063,2010,0
Simplicity2,WINDPOWER,8064,2010,0
Simplicity2,WINDPOWER,8065,2010,0
Simplicity2,WINDPOWER,8066,2010,0
Simplicity2,WINDPOWER,8067,2010,0
Simplicity2,WINDPOWER,8068,2010,0
Simplicity2,WINDPOWER,8069,2010,0
Simplicity2,WINDPOWER,8070,2010,0
Simplicity2,WINDPOWER,8071,2010,0
Simplicity2,WINDPOWER,8072,2010,0
Simplicity2,WINDPOWER,8073,2010,0.232928591
Simplicity2,WINDPOWER,8074,2010,0.424165065
Simplicity2,WINDPOWER,8075,2010,0.46588335
Simplicity2,WINDPOWER,8076,2010,0.383168827
Simplicity2,WINDPOWER,8077,2010,0.237585192
Simplicity2,WINDPOWER,8078,2010,0.156538921
Simplicity2,WINDPOWER,8079,2010,0.169666953
Simplicity2,WINDPOWER,8080,2010,0.089736677
Simplicity2,WINDPOWER,8081,2010,0
Simplicity2,WINDPOWER,8082,2010,0
Simplicity2,WINDPOWER,8083,2010,0
Simplicity2,WINDPOWER,8084,2010,0
Simplicity2,WINDPOWER,8085,2010,0
Simplicity2,WINDPOWER,8086,2010,0
Simplicity2,WINDPOWER,8087,2010,0
Simplicity2,WINDPOWER,8088,2010,0
Simplicity2,WINDPOWER,8089,2010,0
Simplicity2,WINDPOWER,8090,2010,0
Simplicity2,WINDPOWER,8091,2010,0
Simplicity2,WINDPOWER,8092,2010,0
Simplicity2,WINDPOWER,8093,2010,0
Simplicity2,WINDPOWER,8094,2010,0
Simplicity2,WINDPOWER,8095,2010,0
Simplicity2,WINDPOWER,8096,2010,0
Simplicity2,WINDPOWER,8097,2010,0.026036538
Simplicity2,WINDPOWER,8098,2010,0.051888676
Simplicity2,WINDPOWER,8099,2010,0.094223785
Simplicity2,WINDPOWER,8100,2010,0.162907922
Simplicity2,WINDPOWER,8101,2010,0.19285418
Simplicity2,WINDPOWER,8102,2010,0.118820711
Simplicity2,WINDPOWER,8103,2010,0.141991283
Simplicity2,WINDPOWER,8104,2010,0.144826351
Simplicity2,WINDPOWER,8105,2010,0
Simplicity2,WINDPOWER,8106,2010,0
Simplicity2,WINDPOWER,8107,2010,0
Simplicity2,WINDPOWER,8108,2010,0
Simplicity2,WINDPOWER,8109,2010,0
Simplicity2,WINDPOWER,8110,2010,0
Simplicity2,WINDPOWER,8111,2010,0
Simplicity2,WINDPOWER,8112,2010,0
Simplicity2,WINDPOWER,8113,2010,0
Simplicity2,WINDPOWER,8114,2010,0
Simplicity2,WINDPOWER,8115,2010,0
Simplicity2,WINDPOWER,8116,2010,0
Simplicity2,WINDPOWER,8117,2010,0
Simplicity2,WINDPOWER,8118,2010,0
Simplicity2,WINDPOWER,8119,2010,0
Simplicity2,WINDPOWER,8120,2010,0
Simplicity2,WINDPOWER,8121,2010,0.326841058
Simplicity2,WINDPOWER,8122,2010,0.499859229
Simplicity2,WINDPOWER,8123,2010,0.666264537
Simplicity2,WINDPOWER,8124,2010,0.651157851
Simplicity2,WINDPOWER,8125,2010,0.553730905
Simplicity2,WINDPOWER,8126,2010,0.502934667
Simplicity2,WINDPOWER,8127,2010,0.376798706
Simplicity2,WINDPOWER,8128,2010,0.237392766
Simplicity2,WINDPOWER,8129,2010,0
Simplicity2,WINDPOWER,8130,2010,0
Simplicity2,WINDPOWER,8131,2010,0
Simplicity2,WINDPOWER,8132,2010,0
Simplicity2,WINDPOWER,8133,2010,0
Simplicity2,WINDPOWER,8134,2010,0
Simplicity2,WINDPOWER,8135,2010,0
Simplicity2,WINDPOWER,8136,2010,0
Simplicity2,WINDPOWER,8137,2010,0
Simplicity2,WINDPOWER,8138,2010,0
Simplicity2,WINDPOWER,8139,2010,0
Simplicity2,WINDPOWER,8140,2010,0
Simplicity2,WINDPOWER,8141,2010,0
Simplicity2,WINDPOWER,8142,2010,0
Simplicity2,WINDPOWER,8143,2010,0
Simplicity2,WINDPOWER,8144,2010,0
Simplicity2,WINDPOWER,8145,2010,0.039015577
Simplicity2,WINDPOWER,8146,2010,0.083785261
Simplicity2,WINDPOWER,8147,2010,0.353876253
Simplicity2,WINDPOWER,8148,2010,0.408041602
Simplicity2,WINDPOWER,8149,2010,0.412905368
Simplicity2,WINDPOWER,8150,2010,0.351585484
Simplicity2,WINDPOWER,8151,2010,0.182835761
Simplicity2,WINDPOWER,8152,2010,0
Simplicity2,WINDPOWER,8153,2010,0
Simplicity2,WINDPOWER,8154,2010,0
Simplicity2,WINDPOWER,8155,2010,0
Simplicity2,WINDPOWER,8156,2010,0
Simplicity2,WINDPOWER,8157,2010,0
Simplicity2,WINDPOWER,8158,2010,0
Simplicity2,WINDPOWER,8159,2010,0
Simplicity2,WINDPOWER,8160,2010,0
Simplicity2,WINDPOWER,8161,2010,0
Simplicity2,WINDPOWER,8162,2010,0
Simplicity2,WINDPOWER,8163,2010,0
Simplicity2,WINDPOWER,8164,2010,0
Simplicity2,WINDPOWER,8165,2010,0
Simplicity2,WINDPOWER,8166,2010,0
Simplicity2,WINDPOWER,8167,2010,0
Simplicity2,WINDPOWER,8168,2010,0
Simplicity2,WINDPOWER,8169,2010,0.070030257
Simplicity2,WINDPOWER,8170,2010,0.13865991
Simplicity2,WINDPOWER,8171,2010,0.243942713
Simplicity2,WINDPOWER,8172,2010,0.370882763
Simplicity2,WINDPOWER,8173,2010,0.236594569
Simplicity2,WINDPOWER,8174,2010,0.134516163
Simplicity2,WINDPOWER,8175,2010,0.063241716
Simplicity2,WINDPOWER,8176,2010,0
Simplicity2,WINDPOWER,8177,2010,0
Simplicity2,WINDPOWER,8178,2010,0
Simplicity2,WINDPOWER,8179,2010,0
Simplicity2,WINDPOWER,8180,2010,0
Simplicity2,WINDPOWER,8181,2010,0
Simplicity2,WINDPOWER,8182,2010,0
Simplicity2,WINDPOWER,8183,2010,0
Simplicity2,WINDPOWER,8184,2010,0
Simplicity2,WINDPOWER,8185,2010,0
Simplicity2,WINDPOWER,8186,2010,0
Simplicity2,WINDPOWER,8187,2010,0
Simplicity2,WINDPOWER,8188,2010,0
Simplicity2,WINDPOWER,8189,2010,0
Simplicity2,WINDPOWER,8190,2010,0
Simplicity2,WINDPOWER,8191,2010,0
Simplicity2,WINDPOWER,8192,2010,0
Simplicity2,WINDPOWER,8193,2010,0.158388321
Simplicity2,WINDPOWER,8194,2010,0.29814915
Simplicity2,WINDPOWER,8195,2010,0.457138135
Simplicity2,WINDPOWER,8196,2010,0.42648422
Simplicity2,WINDPOWER,8197,2010,0.491043968
Simplicity2,WINDPOWER,8198,2010,0.359438828
Simplicity2,WINDPOWER,8199,2010,0.174061901
Simplicity2,WINDPOWER,8200,2010,0
Simplicity2,WINDPOWER,8201,2010,0
Simplicity2,WINDPOWER,8202,2010,0
Simplicity2,WINDPOWER,8203,2010,0
Simplicity2,WINDPOWER,8204,2010,0
Simplicity2,WINDPOWER,8205,2010,0
Simplicity2,WINDPOWER,8206,2010,0
Simplicity2,WINDPOWER,8207,2010,0
Simplicity2,WINDPOWER,8208,2010,0
Simplicity2,WINDPOWER,8209,2010,0
Simplicity2,WINDPOWER,8210,2010,0
Simplicity2,WINDPOWER,8211,2010,0
Simplicity2,WINDPOWER,8212,2010,0
Simplicity2,WINDPOWER,8213,2010,0
Simplicity2,WINDPOWER,8214,2010,0
Simplicity2,WINDPOWER,8215,2010,0
Simplicity2,WINDPOWER,8216,2010,0
Simplicity2,WINDPOWER,8217,2010,0.287414111
Simplicity2,WINDPOWER,8218,2010,0.522944788
Simplicity2,WINDPOWER,8219,2010,0.615711671
Simplicity2,WINDPOWER,8220,2010,0.610038462
Simplicity2,WINDPOWER,8221,2010,0.562822408
Simplicity2,WINDPOWER,8222,2010,0.433113078
Simplicity2,WINDPOWER,8223,2010,0.268849466
Simplicity2,WINDPOWER,8224,2010,0
Simplicity2,WINDPOWER,8225,2010,0
Simplicity2,WINDPOWER,8226,2010,0
Simplicity2,WINDPOWER,8227,2010,0
Simplicity2,WINDPOWER,8228,2010,0
Simplicity2,WINDPOWER,8229,2010,0
Simplicity2,WINDPOWER,8230,2010,0
Simplicity2,WINDPOWER,8231,2010,0
Simplicity2,WINDPOWER,8232,2010,0
Simplicity2,WINDPOWER,8233,2010,0
Simplicity2,WINDPOWER,8234,2010,0
Simplicity2,WINDPOWER,8235,2010,0
Simplicity2,WINDPOWER,8236,2010,0
Simplicity2,WINDPOWER,8237,2010,0
Simplicity2,WINDPOWER,8238,2010,0
Simplicity2,WINDPOWER,8239,2010,0
Simplicity2,WINDPOWER,8240,2010,0
Simplicity2,WINDPOWER,8241,2010,0.130549685
Simplicity2,WINDPOWER,8242,2010,0.271891151
Simplicity2,WINDPOWER,8243,2010,0.461458578
Simplicity2,WINDPOWER,8244,2010,0.479721796
Simplicity2,WINDPOWER,8245,2010,0.442357736
Simplicity2,WINDPOWER,8246,2010,0.229611976
Simplicity2,WINDPOWER,8247,2010,0.073877641
Simplicity2,WINDPOWER,8248,2010,0
Simplicity2,WINDPOWER,8249,2010,0
Simplicity2,WINDPOWER,8250,2010,0
Simplicity2,WINDPOWER,8251,2010,0
Simplicity2,WINDPOWER,8252,2010,0
Simplicity2,WINDPOWER,8253,2010,0
Simplicity2,WINDPOWER,8254,2010,0
Simplicity2,WINDPOWER,8255,2010,0
Simplicity2,WINDPOWER,8256,2010,0
Simplicity2,WINDPOWER,8257,2010,0
Simplicity2,WINDPOWER,8258,2010,0
Simplicity2,WINDPOWER,8259,2010,0
Simplicity2,WINDPOWER,8260,2010,0
Simplicity2,WINDPOWER,8261,2010,0
Simplicity2,WINDPOWER,8262,2010,0
Simplicity2,WINDPOWER,8263,2010,0
Simplicity2,WINDPOWER,8264,2010,0
Simplicity2,WINDPOWER,8265,2010,0.013819075
Simplicity2,WINDPOWER,8266,2010,0.035875473
Simplicity2,WINDPOWER,8267,2010,0.089185756
Simplicity2,WINDPOWER,8268,2010,0.048495692
Simplicity2,WINDPOWER,8269,2010,0.043797284
Simplicity2,WINDPOWER,8270,2010,0.068569832
Simplicity2,WINDPOWER,8271,2010,0.078700527
Simplicity2,WINDPOWER,8272,2010,0
Simplicity2,WINDPOWER,8273,2010,0
Simplicity2,WINDPOWER,8274,2010,0
Simplicity2,WINDPOWER,8275,2010,0
Simplicity2,WINDPOWER,8276,2010,0
Simplicity2,WINDPOWER,8277,2010,0
Simplicity2,WINDPOWER,8278,2010,0
Simplicity2,WINDPOWER,8279,2010,0
Simplicity2,WINDPOWER,8280,2010,0
Simplicity2,WINDPOWER,8281,2010,0
Simplicity2,WINDPOWER,8282,2010,0
Simplicity2,WINDPOWER,8283,2010,0
Simplicity2,WINDPOWER,8284,2010,0
Simplicity2,WINDPOWER,8285,2010,0
Simplicity2,WINDPOWER,8286,2010,0
Simplicity2,WINDPOWER,8287,2010,0
Simplicity2,WINDPOWER,8288,2010,0
Simplicity2,WINDPOWER,8289,2010,0.03725621
Simplicity2,WINDPOWER,8290,2010,0.224736085
Simplicity2,WINDPOWER,8291,2010,0.433652828
Simplicity2,WINDPOWER,8292,2010,0.492006978
Simplicity2,WINDPOWER,8293,2010,0.592694832
Simplicity2,WINDPOWER,8294,2010,0.470827553
Simplicity2,WINDPOWER,8295,2010,0.246832982
Simplicity2,WINDPOWER,8296,2010,0
Simplicity2,WINDPOWER,8297,2010,0
Simplicity2,WINDPOWER,8298,2010,0
Simplicity2,WINDPOWER,8299,2010,0
Simplicity2,WINDPOWER,8300,2010,0
Simplicity2,WINDPOWER,8301,2010,0
Simplicity2,WINDPOWER,8302,2010,0
Simplicity2,WINDPOWER,8303,2010,0
Simplicity2,WINDPOWER,8304,2010,0
Simplicity2,WINDPOWER,8305,2010,0
Simplicity2,WINDPOWER,8306,2010,0
Simplicity2,WINDPOWER,8307,2010,0
Simplicity2,WINDPOWER,8308,2010,0
Simplicity2,WINDPOWER,8309,2010,0
Simplicity2,WINDPOWER,8310,2010,0
Simplicity2,WINDPOWER,8311,2010,0
Simplicity2,WINDPOWER,8312,2010,0
Simplicity2,WINDPOWER,8313,2010,0.111795805
Simplicity2,WINDPOWER,8314,2010,0.141865256
Simplicity2,WINDPOWER,8315,2010,0.463057426
Simplicity2,WINDPOWER,8316,2010,0.323942079
Simplicity2,WINDPOWER,8317,2010,0.260892388
Simplicity2,WINDPOWER,8318,2010,0.232983622
Simplicity2,WINDPOWER,8319,2010,0.176579915
Simplicity2,WINDPOWER,8320,2010,0
Simplicity2,WINDPOWER,8321,2010,0
Simplicity2,WINDPOWER,8322,2010,0
Simplicity2,WINDPOWER,8323,2010,0
Simplicity2,WINDPOWER,8324,2010,0
Simplicity2,WINDPOWER,8325,2010,0
Simplicity2,WINDPOWER,8326,2010,0
Simplicity2,WINDPOWER,8327,2010,0
Simplicity2,WINDPOWER,8328,2010,0
Simplicity2,WINDPOWER,8329,2010,0
Simplicity2,WINDPOWER,8330,2010,0
Simplicity2,WINDPOWER,8331,2010,0
Simplicity2,WINDPOWER,8332,2010,0
Simplicity2,WINDPOWER,8333,2010,0
Simplicity2,WINDPOWER,8334,2010,0
Simplicity2,WINDPOWER,8335,2010,0
Simplicity2,WINDPOWER,8336,2010,0
Simplicity2,WINDPOWER,8337,2010,0.033578439
Simplicity2,WINDPOWER,8338,2010,0.068310676
Simplicity2,WINDPOWER,8339,2010,0.122281516
Simplicity2,WINDPOWER,8340,2010,0.196582229
Simplicity2,WINDPOWER,8341,2010,0.199666782
Simplicity2,WINDPOWER,8342,2010,0.196745736
Simplicity2,WINDPOWER,8343,2010,0.146362138
Simplicity2,WINDPOWER,8344,2010,0
Simplicity2,WINDPOWER,8345,2010,0
Simplicity2,WINDPOWER,8346,2010,0
Simplicity2,WINDPOWER,8347,2010,0
Simplicity2,WINDPOWER,8348,2010,0
Simplicity2,WINDPOWER,8349,2010,0
Simplicity2,WINDPOWER,8350,2010,0
Simplicity2,WINDPOWER,8351,2010,0
Simplicity2,WINDPOWER,8352,2010,0
Simplicity2,WINDPOWER,8353,2010,0
Simplicity2,WINDPOWER,8354,2010,0
Simplicity2,WINDPOWER,8355,2010,0
Simplicity2,WINDPOWER,8356,2010,0
Simplicity2,WINDPOWER,8357,2010,0
Simplicity2,WINDPOWER,8358,2010,0
Simplicity2,WINDPOWER,8359,2010,0
Simplicity2,WINDPOWER,8360,2010,0
Simplicity2,WINDPOWER,8361,2010,0.087626463
Simplicity2,WINDPOWER,8362,2010,0.145347415
Simplicity2,WINDPOWER,8363,2010,0.362830892
Simplicity2,WINDPOWER,8364,2010,0.327255715
Simplicity2,WINDPOWER,8365,2010,0.278271639
Simplicity2,WINDPOWER,8366,2010,0.239245473
Simplicity2,WINDPOWER,8367,2010,0.107063712
Simplicity2,WINDPOWER,8368,2010,0
Simplicity2,WINDPOWER,8369,2010,0
Simplicity2,WINDPOWER,8370,2010,0
Simplicity2,WINDPOWER,8371,2010,0
Simplicity2,WINDPOWER,8372,2010,0
Simplicity2,WINDPOWER,8373,2010,0
Simplicity2,WINDPOWER,8374,2010,0
Simplicity2,WINDPOWER,8375,2010,0
Simplicity2,WINDPOWER,8376,2010,0
Simplicity2,WINDPOWER,8377,2010,0
Simplicity2,WINDPOWER,8378,2010,0
Simplicity2,WINDPOWER,8379,2010,0
Simplicity2,WINDPOWER,8380,2010,0
Simplicity2,WINDPOWER,8381,2010,0
Simplicity2,WINDPOWER,8382,2010,0
Simplicity2,WINDPOWER,8383,2010,0
Simplicity2,WINDPOWER,8384,2010,0
Simplicity2,WINDPOWER,8385,2010,0.038497188
Simplicity2,WINDPOWER,8386,2010,0.054207611
Simplicity2,WINDPOWER,8387,2010,0.105550667
Simplicity2,WINDPOWER,8388,2010,0.100946455
Simplicity2,WINDPOWER,8389,2010,0.118305338
Simplicity2,WINDPOWER,8390,2010,0.103768261
Simplicity2,WINDPOWER,8391,2010,0.047013107
Simplicity2,WINDPOWER,8392,2010,0
Simplicity2,WINDPOWER,8393,2010,0
Simplicity2,WINDPOWER,8394,2010,0
Simplicity2,WINDPOWER,8395,2010,0
Simplicity2,WINDPOWER,8396,2010,0
Simplicity2,WINDPOWER,8397,2010,0
Simplicity2,WINDPOWER,8398,2010,0
Simplicity2,WINDPOWER,8399,2010,0
Simplicity2,WINDPOWER,8400,2010,0
Simplicity2,WINDPOWER,8401,2010,0
Simplicity2,WINDPOWER,8402,2010,0
Simplicity2,WINDPOWER,8403,2010,0
Simplicity2,WINDPOWER,8404,2010,0
Simplicity2,WINDPOWER,8405,2010,0
Simplicity2,WINDPOWER,8406,2010,0
Simplicity2,WINDPOWER,8407,2010,0
Simplicity2,WINDPOWER,8408,2010,0
Simplicity2,WINDPOWER,8409,2010,0.183284773
Simplicity2,WINDPOWER,8410,2010,0.291051915
Simplicity2,WINDPOWER,8411,2010,0.537508815
Simplicity2,WINDPOWER,8412,2010,0.618977238
Simplicity2,WINDPOWER,8413,2010,0.639007115
Simplicity2,WINDPOWER,8414,2010,0.52754048
Simplicity2,WINDPOWER,8415,2010,0.240043529
Simplicity2,WINDPOWER,8416,2010,0
Simplicity2,WINDPOWER,8417,2010,0
Simplicity2,WINDPOWER,8418,2010,0
Simplicity2,WINDPOWER,8419,2010,0
Simplicity2,WINDPOWER,8420,2010,0
Simplicity2,WINDPOWER,8421,2010,0
Simplicity2,WINDPOWER,8422,2010,0
Simplicity2,WINDPOWER,8423,2010,0
Simplicity2,WINDPOWER,8424,2010,0
Simplicity2,WINDPOWER,8425,2010,0
Simplicity2,WINDPOWER,8426,2010,0
Simplicity2,WINDPOWER,8427,2010,0
Simplicity2,WINDPOWER,8428,2010,0
Simplicity2,WINDPOWER,8429,2010,0
Simplicity2,WINDPOWER,8430,2010,0
Simplicity2,WINDPOWER,8431,2010,0
Simplicity2,WINDPOWER,8432,2010,0
Simplicity2,WINDPOWER,8433,2010,0.028074167
Simplicity2,WINDPOWER,8434,2010,0.064794135
Simplicity2,WINDPOWER,8435,2010,0.069449382
Simplicity2,WINDPOWER,8436,2010,0.056518775
Simplicity2,WINDPOWER,8437,2010,0.048555176
Simplicity2,WINDPOWER,8438,2010,0.039255216
Simplicity2,WINDPOWER,8439,2010,0.025457482
Simplicity2,WINDPOWER,8440,2010,0
Simplicity2,WINDPOWER,8441,2010,0
Simplicity2,WINDPOWER,8442,2010,0
Simplicity2,WINDPOWER,8443,2010,0
Simplicity2,WINDPOWER,8444,2010,0
Simplicity2,WINDPOWER,8445,2010,0
Simplicity2,WINDPOWER,8446,2010,0
Simplicity2,WINDPOWER,8447,2010,0
Simplicity2,WINDPOWER,8448,2010,0
Simplicity2,WINDPOWER,8449,2010,0
Simplicity2,WINDPOWER,8450,2010,0
Simplicity2,WINDPOWER,8451,2010,0
Simplicity2,WINDPOWER,8452,2010,0
Simplicity2,WINDPOWER,8453,2010,0
Simplicity2,WINDPOWER,8454,2010,0
Simplicity2,WINDPOWER,8455,2010,0
Simplicity2,WINDPOWER,8456,2010,0
Simplicity2,WINDPOWER,8457,2010,0.188716096
Simplicity2,WINDPOWER,8458,2010,0.30607187
Simplicity2,WINDPOWER,8459,2010,0.326877316
Simplicity2,WINDPOWER,8460,2010,0.42290868
Simplicity2,WINDPOWER,8461,2010,0.435427624
Simplicity2,WINDPOWER,8462,2010,0.290293589
Simplicity2,WINDPOWER,8463,2010,0.180719567
Simplicity2,WINDPOWER,8464,2010,0.099130921
Simplicity2,WINDPOWER,8465,2010,0
Simplicity2,WINDPOWER,8466,2010,0
Simplicity2,WINDPOWER,8467,2010,0
Simplicity2,WINDPOWER,8468,2010,0
Simplicity2,WINDPOWER,8469,2010,0
Simplicity2,WINDPOWER,8470,2010,0
Simplicity2,WINDPOWER,8471,2010,0
Simplicity2,WINDPOWER,8472,2010,0
Simplicity2,WINDPOWER,8473,2010,0
Simplicity2,WINDPOWER,8474,2010,0
Simplicity2,WINDPOWER,8475,2010,0
Simplicity2,WINDPOWER,8476,2010,0
Simplicity2,WINDPOWER,8477,2010,0
Simplicity2,WINDPOWER,8478,2010,0
Simplicity2,WINDPOWER,8479,2010,0
Simplicity2,WINDPOWER,8480,2010,0
Simplicity2,WINDPOWER,8481,2010,0.126735468
Simplicity2,WINDPOWER,8482,2010,0.191453186
Simplicity2,WINDPOWER,8483,2010,0.279149087
Simplicity2,WINDPOWER,8484,2010,0.39251058
Simplicity2,WINDPOWER,8485,2010,0.418649824
Simplicity2,WINDPOWER,8486,2010,0.427557333
Simplicity2,WINDPOWER,8487,2010,0.326765992
Simplicity2,WINDPOWER,8488,2010,0.203761259
Simplicity2,WINDPOWER,8489,2010,0
Simplicity2,WINDPOWER,8490,2010,0
Simplicity2,WINDPOWER,8491,2010,0
Simplicity2,WINDPOWER,8492,2010,0
Simplicity2,WINDPOWER,8493,2010,0
Simplicity2,WINDPOWER,8494,2010,0
Simplicity2,WINDPOWER,8495,2010,0
Simplicity2,WINDPOWER,8496,2010,0
Simplicity2,WINDPOWER,8497,2010,0
Simplicity2,WINDPOWER,8498,2010,0
Simplicity2,WINDPOWER,8499,2010,0
Simplicity2,WINDPOWER,8500,2010,0
Simplicity2,WINDPOWER,8501,2010,0
Simplicity2,WINDPOWER,8502,2010,0
Simplicity2,WINDPOWER,8503,2010,0
Simplicity2,WINDPOWER,8504,2010,0
Simplicity2,WINDPOWER,8505,2010,0.196600777
Simplicity2,WINDPOWER,8506,2010,0.326708863
Simplicity2,WINDPOWER,8507,2010,0.534690291
Simplicity2,WINDPOWER,8508,2010,0.570184161
Simplicity2,WINDPOWER,8509,2010,0.546346552
Simplicity2,WINDPOWER,8510,2010,0.518949933
Simplicity2,WINDPOWER,8511,2010,0.34375046
Simplicity2,WINDPOWER,8512,2010,0.182730104
Simplicity2,WINDPOWER,8513,2010,0
Simplicity2,WINDPOWER,8514,2010,0
Simplicity2,WINDPOWER,8515,2010,0
Simplicity2,WINDPOWER,8516,2010,0
Simplicity2,WINDPOWER,8517,2010,0
Simplicity2,WINDPOWER,8518,2010,0
Simplicity2,WINDPOWER,8519,2010,0
Simplicity2,WINDPOWER,8520,2010,0
Simplicity2,WINDPOWER,8521,2010,0
Simplicity2,WINDPOWER,8522,2010,0
Simplicity2,WINDPOWER,8523,2010,0
Simplicity2,WINDPOWER,8524,2010,0
Simplicity2,WINDPOWER,8525,2010,0
Simplicity2,WINDPOWER,8526,2010,0
Simplicity2,WINDPOWER,8527,2010,0
Simplicity2,WINDPOWER,8528,2010,0
Simplicity2,WINDPOWER,8529,2010,0.054145693
Simplicity2,WINDPOWER,8530,2010,0.112998976
Simplicity2,WINDPOWER,8531,2010,0.21465446
Simplicity2,WINDPOWER,8532,2010,0.36084195
Simplicity2,WINDPOWER,8533,2010,0.2631199
Simplicity2,WINDPOWER,8534,2010,0.127525245
Simplicity2,WINDPOWER,8535,2010,0.090664269
Simplicity2,WINDPOWER,8536,2010,0.041935205
Simplicity2,WINDPOWER,8537,2010,0
Simplicity2,WINDPOWER,8538,2010,0
Simplicity2,WINDPOWER,8539,2010,0
Simplicity2,WINDPOWER,8540,2010,0
Simplicity2,WINDPOWER,8541,2010,0
Simplicity2,WINDPOWER,8542,2010,0
Simplicity2,WINDPOWER,8543,2010,0
Simplicity2,WINDPOWER,8544,2010,0
Simplicity2,WINDPOWER,8545,2010,0
Simplicity2,WINDPOWER,8546,2010,0
Simplicity2,WINDPOWER,8547,2010,0
Simplicity2,WINDPOWER,8548,2010,0
Simplicity2,WINDPOWER,8549,2010,0
Simplicity2,WINDPOWER,8550,2010,0
Simplicity2,WINDPOWER,8551,2010,0
Simplicity2,WINDPOWER,8552,2010,0
Simplicity2,WINDPOWER,8553,2010,0.038792554
Simplicity2,WINDPOWER,8554,2010,0.057709633
Simplicity2,WINDPOWER,8555,2010,0.111643707
Simplicity2,WINDPOWER,8556,2010,0.196857789
Simplicity2,WINDPOWER,8557,2010,0.167869612
Simplicity2,WINDPOWER,8558,2010,0.126847641
Simplicity2,WINDPOWER,8559,2010,0.136162875
Simplicity2,WINDPOWER,8560,2010,0.03703618
Simplicity2,WINDPOWER,8561,2010,0
Simplicity2,WINDPOWER,8562,2010,0
Simplicity2,WINDPOWER,8563,2010,0
Simplicity2,WINDPOWER,8564,2010,0
Simplicity2,WINDPOWER,8565,2010,0
Simplicity2,WINDPOWER,8566,2010,0
Simplicity2,WINDPOWER,8567,2010,0
Simplicity2,WINDPOWER,8568,2010,0
Simplicity2,WINDPOWER,8569,2010,0
Simplicity2,WINDPOWER,8570,2010,0
Simplicity2,WINDPOWER,8571,2010,0
Simplicity2,WINDPOWER,8572,2010,0
Simplicity2,WINDPOWER,8573,2010,0
Simplicity2,WINDPOWER,8574,2010,0
Simplicity2,WINDPOWER,8575,2010,0
Simplicity2,WINDPOWER,8576,2010,0
Simplicity2,WINDPOWER,8577,2010,0.121081134
Simplicity2,WINDPOWER,8578,2010,0.165750256
Simplicity2,WINDPOWER,8579,2010,0.114865554
Simplicity2,WINDPOWER,8580,2010,0.085084539
Simplicity2,WINDPOWER,8581,2010,0.070139881
Simplicity2,WINDPOWER,8582,2010,0.049481835
Simplicity2,WINDPOWER,8583,2010,0.028543014
Simplicity2,WINDPOWER,8584,2010,0.011107066
Simplicity2,WINDPOWER,8585,2010,0
Simplicity2,WINDPOWER,8586,2010,0
Simplicity2,WINDPOWER,8587,2010,0
Simplicity2,WINDPOWER,8588,2010,0
Simplicity2,WINDPOWER,8589,2010,0
Simplicity2,WINDPOWER,8590,2010,0
Simplicity2,WINDPOWER,8591,2010,0
Simplicity2,WINDPOWER,8592,2010,0
Simplicity2,WINDPOWER,8593,2010,0
Simplicity2,WINDPOWER,8594,2010,0
Simplicity2,WINDPOWER,8595,2010,0
Simplicity2,WINDPOWER,8596,2010,0
Simplicity2,WINDPOWER,8597,2010,0
Simplicity2,WINDPOWER,8598,2010,0
Simplicity2,WINDPOWER,8599,2010,0
Simplicity2,WINDPOWER,8600,2010,0
Simplicity2,WINDPOWER,8601,2010,0.020673406
Simplicity2,WINDPOWER,8602,2010,0.05158303
Simplicity2,WINDPOWER,8603,2010,0.085343214
Simplicity2,WINDPOWER,8604,2010,0.08972275
Simplicity2,WINDPOWER,8605,2010,0.108341896
Simplicity2,WINDPOWER,8606,2010,0.072956536
Simplicity2,WINDPOWER,8607,2010,0.044310437
Simplicity2,WINDPOWER,8608,2010,0.009498302
Simplicity2,WINDPOWER,8609,2010,0
Simplicity2,WINDPOWER,8610,2010,0
Simplicity2,WINDPOWER,8611,2010,0
Simplicity2,WINDPOWER,8612,2010,0
Simplicity2,WINDPOWER,8613,2010,0
Simplicity2,WINDPOWER,8614,2010,0
Simplicity2,WINDPOWER,8615,2010,0
Simplicity2,WINDPOWER,8616,2010,0
Simplicity2,WINDPOWER,8617,2010,0
Simplicity2,WINDPOWER,8618,2010,0
Simplicity2,WINDPOWER,8619,2010,0
Simplicity2,WINDPOWER,8620,2010,0
Simplicity2,WINDPOWER,8621,2010,0
Simplicity2,WINDPOWER,8622,2010,0
Simplicity2,WINDPOWER,8623,2010,0
Simplicity2,WINDPOWER,8624,2010,0
Simplicity2,WINDPOWER,8625,2010,0.037045531
Simplicity2,WINDPOWER,8626,2010,0.068530352
Simplicity2,WINDPOWER,8627,2010,0.114027424
Simplicity2,WINDPOWER,8628,2010,0.115619635
Simplicity2,WINDPOWER,8629,2010,0.140506647
Simplicity2,WINDPOWER,8630,2010,0.137588007
Simplicity2,WINDPOWER,8631,2010,0.075195496
Simplicity2,WINDPOWER,8632,2010,0.039158991
Simplicity2,WINDPOWER,8633,2010,0
Simplicity2,WINDPOWER,8634,2010,0
Simplicity2,WINDPOWER,8635,2010,0
Simplicity2,WINDPOWER,8636,2010,0
Simplicity2,WINDPOWER,8637,2010,0
Simplicity2,WINDPOWER,8638,2010,0
Simplicity2,WINDPOWER,8639,2010,0
Simplicity2,WINDPOWER,8640,2010,0
Simplicity2,WINDPOWER,8641,2010,0
Simplicity2,WINDPOWER,8642,2010,0
Simplicity2,WINDPOWER,8643,2010,0
Simplicity2,WINDPOWER,8644,2010,0
Simplicity2,WINDPOWER,8645,2010,0
Simplicity2,WINDPOWER,8646,2010,0
Simplicity2,WINDPOWER,8647,2010,0
Simplicity2,WINDPOWER,8648,2010,0
Simplicity2,WINDPOWER,8649,2010,0.202069668
Simplicity2,WINDPOWER,8650,2010,0.372740253
Simplicity2,WINDPOWER,8651,2010,0.585630763
Simplicity2,WINDPOWER,8652,2010,0.666070956
Simplicity2,WINDPOWER,8653,2010,0.646066632
Simplicity2,WINDPOWER,8654,2010,0.50192142
Simplicity2,WINDPOWER,8655,2010,0.31902737
Simplicity2,WINDPOWER,8656,2010,0.165957021
Simplicity2,WINDPOWER,8657,2010,0
Simplicity2,WINDPOWER,8658,2010,0
Simplicity2,WINDPOWER,8659,2010,0
Simplicity2,WINDPOWER,8660,2010,0
Simplicity2,WINDPOWER,8661,2010,0
Simplicity2,WINDPOWER,8662,2010,0
Simplicity2,WINDPOWER,8663,2010,0
Simplicity2,WINDPOWER,8664,2010,0
Simplicity2,WINDPOWER,8665,2010,0
Simplicity2,WINDPOWER,8666,2010,0
Simplicity2,WINDPOWER,8667,2010,0
Simplicity2,WINDPOWER,8668,2010,0
Simplicity2,WINDPOWER,8669,2010,0
Simplicity2,WINDPOWER,8670,2010,0
Simplicity2,WINDPOWER,8671,2010,0
Simplicity2,WINDPOWER,8672,2010,0
Simplicity2,WINDPOWER,8673,2010,0.133323012
Simplicity2,WINDPOWER,8674,2010,0.326771466
Simplicity2,WINDPOWER,8675,2010,0.424416153
Simplicity2,WINDPOWER,8676,2010,0.546853147
Simplicity2,WINDPOWER,8677,2010,0.50043935
Simplicity2,WINDPOWER,8678,2010,0.388792093
Simplicity2,WINDPOWER,8679,2010,0.301568925
Simplicity2,WINDPOWER,8680,2010,0.146153171
Simplicity2,WINDPOWER,8681,2010,0
Simplicity2,WINDPOWER,8682,2010,0
Simplicity2,WINDPOWER,8683,2010,0
Simplicity2,WINDPOWER,8684,2010,0
Simplicity2,WINDPOWER,8685,2010,0
Simplicity2,WINDPOWER,8686,2010,0
Simplicity2,WINDPOWER,8687,2010,0
Simplicity2,WINDPOWER,8688,2010,0
Simplicity2,WINDPOWER,8689,2010,0
Simplicity2,WINDPOWER,8690,2010,0
Simplicity2,WINDPOWER,8691,2010,0
Simplicity2,WINDPOWER,8692,2010,0
Simplicity2,WINDPOWER,8693,2010,0
Simplicity2,WINDPOWER,8694,2010,0
Simplicity2,WINDPOWER,8695,2010,0
Simplicity2,WINDPOWER,8696,2010,0
Simplicity2,WINDPOWER,8697,2010,0.292364559
Simplicity2,WINDPOWER,8698,2010,0.508069514
Simplicity2,WINDPOWER,8699,2010,0.6446606
Simplicity2,WINDPOWER,8700,2010,0.71623219
Simplicity2,WINDPOWER,8701,2010,0.699659297
Simplicity2,WINDPOWER,8702,2010,0.599519627
Simplicity2,WINDPOWER,8703,2010,0.339727367
Simplicity2,WINDPOWER,8704,2010,0.076887308
Simplicity2,WINDPOWER,8705,2010,0
Simplicity2,WINDPOWER,8706,2010,0
Simplicity2,WINDPOWER,8707,2010,0
Simplicity2,WINDPOWER,8708,2010,0
Simplicity2,WINDPOWER,8709,2010,0
Simplicity2,WINDPOWER,8710,2010,0
Simplicity2,WINDPOWER,8711,2010,0
Simplicity2,WINDPOWER,8712,2010,0
Simplicity2,WINDPOWER,8713,2010,0
Simplicity2,WINDPOWER,8714,2010,0
Simplicity2,WINDPOWER,8715,2010,0
Simplicity2,WINDPOWER,8716,2010,0
Simplicity2,WINDPOWER,8717,2010,0
Simplicity2,WINDPOWER,8718,2010,0
Simplicity2,WINDPOWER,8719,2010,0
Simplicity2,WINDPOWER,8720,2010,0
Simplicity2,WINDPOWER,8721,2010,0.111920857
Simplicity2,WINDPOWER,8722,2010,0.243300711
Simplicity2,WINDPOWER,8723,2010,0.470957242
Simplicity2,WINDPOWER,8724,2010,0.602180648
Simplicity2,WINDPOWER,8725,2010,0.619611455
Simplicity2,WINDPOWER,8726,2010,0.467208321
Simplicity2,WINDPOWER,8727,2010,0.360326012
Simplicity2,WINDPOWER,8728,2010,0.184840892
Simplicity2,WINDPOWER,8729,2010,0
Simplicity2,WINDPOWER,8730,2010,0
Simplicity2,WINDPOWER,8731,2010,0
Simplicity2,WINDPOWER,8732,2010,0
Simplicity2,WINDPOWER,8733,2010,0
Simplicity2,WINDPOWER,8734,2010,0
Simplicity2,WINDPOWER,8735,2010,0
Simplicity2,WINDPOWER,8736,2010,0
Simplicity2,WINDPOWER,8737,2010,0
Simplicity2,WINDPOWER,8738,2010,0
Simplicity2,WINDPOWER,8739,2010,0
Simplicity2,WINDPOWER,8740,2010,0
Simplicity2,WINDPOWER,8741,2010,0
Simplicity2,WINDPOWER,8742,2010,0
Simplicity2,WINDPOWER,8743,2010,0
Simplicity2,WINDPOWER,8744,2010,0
Simplicity2,WINDPOWER,8745,2010,0.252205394
Simplicity2,WINDPOWER,8746,2010,0.469753284
Simplicity2,WINDPOWER,8747,2010,0.632104329
Simplicity2,WINDPOWER,8748,2010,0.703619648
Simplicity2,WINDPOWER,8749,2010,0.705594227
Simplicity2,WINDPOWER,8750,2010,0.603578412
Simplicity2,WINDPOWER,8751,2010,0.426434772
Simplicity2,WINDPOWER,8752,2010,0.061225095
Simplicity2,WINDPOWER,8753,2010,0
Simplicity2,WINDPOWER,8754,2010,0
Simplicity2,WINDPOWER,8755,2010,0
Simplicity2,WINDPOWER,8756,2010,0
Simplicity2,WINDPOWER,8757,2010,0
Simplicity2,WINDPOWER,8758,2010,0
Simplicity2,WINDPOWER,8759,2010,0
Simplicity2,WINDPOWER,8760,2010,0
