REGION,TECHNOLOGY,TIMESLICE,YEAR,VALUE
Simplicity2,WINDPOWER,1,2010,0.10823059
Simplicity2,WINDPOWER,2,2010,0.108227742
Simplicity2,WINDPOWER,3,2010,0.108137144
Simplicity2,WINDPOWER,4,2010,0.108156871
Simplicity2,WINDPOWER,5,2010,0.108094265
Simplicity2,WINDPOWER,6,2010,0.108084883
Simplicity2,WINDPOWER,7,2010,0.108042937
Simplicity2,WINDPOWER,8,2010,0.107969605
Simplicity2,WINDPOWER,9,2010,0.107945643
Simplicity2,WINDPOWER,10,2010,0.107885489
Simplicity2,WINDPOWER,11,2010,0.107883782
Simplicity2,WINDPOWER,12,2010,0.107834409
Simplicity2,WINDPOWER,13,2010,0.107835411
Simplicity2,WINDPOWER,14,2010,0.107830093
Simplicity2,WINDPOWER,15,2010,0.107684725
Simplicity2,WINDPOWER,16,2010,0.107637475
Simplicity2,WINDPOWER,17,2010,0.107654402
Simplicity2,WINDPOWER,18,2010,0.107627727
Simplicity2,WINDPOWER,19,2010,0.107645033
Simplicity2,WINDPOWER,20,2010,0.107640826
Simplicity2,WINDPOWER,21,2010,0.10758059
Simplicity2,WINDPOWER,22,2010,0.107494241
Simplicity2,WINDPOWER,23,2010,0.107508528
Simplicity2,WINDPOWER,24,2010,0.107501408
Simplicity2,WINDPOWER,25,2010,0.107516853
Simplicity2,WINDPOWER,26,2010,0.107427783
Simplicity2,WINDPOWER,27,2010,0.107411437
Simplicity2,WINDPOWER,28,2010,0.10739176
Simplicity2,WINDPOWER,29,2010,0.107352502
Simplicity2,WINDPOWER,30,2010,0.107355202
Simplicity2,WINDPOWER,31,2010,0.107370669
Simplicity2,WINDPOWER,32,2010,0.107402018
Simplicity2,WINDPOWER,33,2010,0.107399349
Simplicity2,WINDPOWER,34,2010,0.107448701
Simplicity2,WINDPOWER,35,2010,0.107372314
Simplicity2,WINDPOWER,36,2010,0.107433306
Simplicity2,WINDPOWER,37,2010,0.107482738
Simplicity2,WINDPOWER,38,2010,0.107459454
Simplicity2,WINDPOWER,39,2010,0.107387441
Simplicity2,WINDPOWER,40,2010,0.10739344
Simplicity2,WINDPOWER,41,2010,0.10741651
Simplicity2,WINDPOWER,42,2010,0.107459433
Simplicity2,WINDPOWER,43,2010,0.107486784
Simplicity2,WINDPOWER,44,2010,0.107472414
Simplicity2,WINDPOWER,45,2010,0.10745355
Simplicity2,WINDPOWER,46,2010,0.10750419
Simplicity2,WINDPOWER,47,2010,0.107587357
Simplicity2,WINDPOWER,48,2010,0.107915189
Simplicity2,WINDPOWER,49,2010,0.108022664
Simplicity2,WINDPOWER,50,2010,0.107991661
Simplicity2,WINDPOWER,51,2010,0.108052033
Simplicity2,WINDPOWER,52,2010,0.10816514
Simplicity2,WINDPOWER,53,2010,0.108352542
Simplicity2,WINDPOWER,54,2010,0.108362345
Simplicity2,WINDPOWER,55,2010,0.108550927
Simplicity2,WINDPOWER,56,2010,0.108628064
Simplicity2,WINDPOWER,57,2010,0.108586741
Simplicity2,WINDPOWER,58,2010,0.108641867
Simplicity2,WINDPOWER,59,2010,0.108778257
Simplicity2,WINDPOWER,60,2010,0.109031598
Simplicity2,WINDPOWER,61,2010,0.109320143
Simplicity2,WINDPOWER,62,2010,0.109170839
Simplicity2,WINDPOWER,63,2010,0.109223027
Simplicity2,WINDPOWER,64,2010,0.109373688
Simplicity2,WINDPOWER,65,2010,0.109465128
Simplicity2,WINDPOWER,66,2010,0.109454121
Simplicity2,WINDPOWER,67,2010,0.109548603
Simplicity2,WINDPOWER,68,2010,0.109699652
Simplicity2,WINDPOWER,69,2010,0.109801947
Simplicity2,WINDPOWER,70,2010,0.110157951
Simplicity2,WINDPOWER,71,2010,0.110541465
Simplicity2,WINDPOWER,72,2010,0.110664285
Simplicity2,WINDPOWER,73,2010,0.1111467
Simplicity2,WINDPOWER,74,2010,0.111586685
Simplicity2,WINDPOWER,75,2010,0.111717086
Simplicity2,WINDPOWER,76,2010,0.11205373
Simplicity2,WINDPOWER,77,2010,0.112241163
Simplicity2,WINDPOWER,78,2010,0.112348739
Simplicity2,WINDPOWER,79,2010,0.112888002
Simplicity2,WINDPOWER,80,2010,0.113579442
Simplicity2,WINDPOWER,81,2010,0.113805316
Simplicity2,WINDPOWER,82,2010,0.1136752
Simplicity2,WINDPOWER,83,2010,0.113552106
Simplicity2,WINDPOWER,84,2010,0.114078098
Simplicity2,WINDPOWER,85,2010,0.114461261
Simplicity2,WINDPOWER,86,2010,0.114910688
Simplicity2,WINDPOWER,87,2010,0.115301451
Simplicity2,WINDPOWER,88,2010,0.115896736
Simplicity2,WINDPOWER,89,2010,0.115735865
Simplicity2,WINDPOWER,90,2010,0.116205236
Simplicity2,WINDPOWER,91,2010,0.116117323
Simplicity2,WINDPOWER,92,2010,0.116320887
Simplicity2,WINDPOWER,93,2010,0.116686327
Simplicity2,WINDPOWER,94,2010,0.117116297
Simplicity2,WINDPOWER,95,2010,0.117288016
Simplicity2,WINDPOWER,96,2010,0.117546424
Simplicity2,WINDPOWER,97,2010,0.117570307
Simplicity2,WINDPOWER,98,2010,0.117862336
Simplicity2,WINDPOWER,99,2010,0.118136597
Simplicity2,WINDPOWER,100,2010,0.118528883
Simplicity2,WINDPOWER,101,2010,0.118799223
Simplicity2,WINDPOWER,102,2010,0.11939642
Simplicity2,WINDPOWER,103,2010,0.119511277
Simplicity2,WINDPOWER,104,2010,0.120269926
Simplicity2,WINDPOWER,105,2010,0.12080077
Simplicity2,WINDPOWER,106,2010,0.121109313
Simplicity2,WINDPOWER,107,2010,0.121727428
Simplicity2,WINDPOWER,108,2010,0.122583195
Simplicity2,WINDPOWER,109,2010,0.123238513
Simplicity2,WINDPOWER,110,2010,0.123275546
Simplicity2,WINDPOWER,111,2010,0.123922698
Simplicity2,WINDPOWER,112,2010,0.123771474
Simplicity2,WINDPOWER,113,2010,0.124779634
Simplicity2,WINDPOWER,114,2010,0.12530119
Simplicity2,WINDPOWER,115,2010,0.125320999
Simplicity2,WINDPOWER,116,2010,0.126014976
Simplicity2,WINDPOWER,117,2010,0.126768618
Simplicity2,WINDPOWER,118,2010,0.127279974
Simplicity2,WINDPOWER,119,2010,0.127977982
Simplicity2,WINDPOWER,120,2010,0.128236277
Simplicity2,WINDPOWER,121,2010,0.128929315
Simplicity2,WINDPOWER,122,2010,0.129499134
Simplicity2,WINDPOWER,123,2010,0.129387836
Simplicity2,WINDPOWER,124,2010,0.129870364
Simplicity2,WINDPOWER,125,2010,0.130158371
Simplicity2,WINDPOWER,126,2010,0.13061776
Simplicity2,WINDPOWER,127,2010,0.131249799
Simplicity2,WINDPOWER,128,2010,0.13127028
Simplicity2,WINDPOWER,129,2010,0.131837021
Simplicity2,WINDPOWER,130,2010,0.131892928
Simplicity2,WINDPOWER,131,2010,0.132082628
Simplicity2,WINDPOWER,132,2010,0.132009773
Simplicity2,WINDPOWER,133,2010,0.132258424
Simplicity2,WINDPOWER,134,2010,0.132786853
Simplicity2,WINDPOWER,135,2010,0.132797998
Simplicity2,WINDPOWER,136,2010,0.133322385
Simplicity2,WINDPOWER,137,2010,0.133639
Simplicity2,WINDPOWER,138,2010,0.13411541
Simplicity2,WINDPOWER,139,2010,0.134361587
Simplicity2,WINDPOWER,140,2010,0.13495239
Simplicity2,WINDPOWER,141,2010,0.134939249
Simplicity2,WINDPOWER,142,2010,0.135595819
Simplicity2,WINDPOWER,143,2010,0.135569849
Simplicity2,WINDPOWER,144,2010,0.13598579
Simplicity2,WINDPOWER,145,2010,0.13635083
Simplicity2,WINDPOWER,146,2010,0.136654518
Simplicity2,WINDPOWER,147,2010,0.136969115
Simplicity2,WINDPOWER,148,2010,0.137297132
Simplicity2,WINDPOWER,149,2010,0.137519053
Simplicity2,WINDPOWER,150,2010,0.137953075
Simplicity2,WINDPOWER,151,2010,0.138365751
Simplicity2,WINDPOWER,152,2010,0.138553901
Simplicity2,WINDPOWER,153,2010,0.138604322
Simplicity2,WINDPOWER,154,2010,0.138841545
Simplicity2,WINDPOWER,155,2010,0.139083856
Simplicity2,WINDPOWER,156,2010,0.139738471
Simplicity2,WINDPOWER,157,2010,0.140095963
Simplicity2,WINDPOWER,158,2010,0.140484929
Simplicity2,WINDPOWER,159,2010,0.140392078
Simplicity2,WINDPOWER,160,2010,0.140366976
Simplicity2,WINDPOWER,161,2010,0.140612212
Simplicity2,WINDPOWER,162,2010,0.14070929
Simplicity2,WINDPOWER,163,2010,0.140873282
Simplicity2,WINDPOWER,164,2010,0.141307596
Simplicity2,WINDPOWER,165,2010,0.141476107
Simplicity2,WINDPOWER,166,2010,0.141615661
Simplicity2,WINDPOWER,167,2010,0.141606302
Simplicity2,WINDPOWER,168,2010,0.141743151
Simplicity2,WINDPOWER,169,2010,0.141919729
Simplicity2,WINDPOWER,170,2010,0.142524941
Simplicity2,WINDPOWER,171,2010,0.142773846
Simplicity2,WINDPOWER,172,2010,0.142806118
Simplicity2,WINDPOWER,173,2010,0.143042519
Simplicity2,WINDPOWER,174,2010,0.143124783
Simplicity2,WINDPOWER,175,2010,0.143144924
Simplicity2,WINDPOWER,176,2010,0.143484903
Simplicity2,WINDPOWER,177,2010,0.143809379
Simplicity2,WINDPOWER,178,2010,0.143823433
Simplicity2,WINDPOWER,179,2010,0.143749037
Simplicity2,WINDPOWER,180,2010,0.143965622
Simplicity2,WINDPOWER,181,2010,0.144016333
Simplicity2,WINDPOWER,182,2010,0.14421014
Simplicity2,WINDPOWER,183,2010,0.144330925
Simplicity2,WINDPOWER,184,2010,0.144606425
Simplicity2,WINDPOWER,185,2010,0.144659466
Simplicity2,WINDPOWER,186,2010,0.144781146
Simplicity2,WINDPOWER,187,2010,0.144809082
Simplicity2,WINDPOWER,188,2010,0.144824025
Simplicity2,WINDPOWER,189,2010,0.145212799
Simplicity2,WINDPOWER,190,2010,0.145082459
Simplicity2,WINDPOWER,191,2010,0.144877836
Simplicity2,WINDPOWER,192,2010,0.144916154
Simplicity2,WINDPOWER,193,2010,0.145185757
Simplicity2,WINDPOWER,194,2010,0.145133766
Simplicity2,WINDPOWER,195,2010,0.145069145
Simplicity2,WINDPOWER,196,2010,0.14506058
Simplicity2,WINDPOWER,197,2010,0.145219952
Simplicity2,WINDPOWER,198,2010,0.145245359
Simplicity2,WINDPOWER,199,2010,0.145498689
Simplicity2,WINDPOWER,200,2010,0.145455718
Simplicity2,WINDPOWER,201,2010,0.145402461
Simplicity2,WINDPOWER,202,2010,0.145254071
Simplicity2,WINDPOWER,203,2010,0.145571368
Simplicity2,WINDPOWER,204,2010,0.145661639
Simplicity2,WINDPOWER,205,2010,0.145893855
Simplicity2,WINDPOWER,206,2010,0.146292958
Simplicity2,WINDPOWER,207,2010,0.146182883
Simplicity2,WINDPOWER,208,2010,0.146421268
Simplicity2,WINDPOWER,209,2010,0.146533748
Simplicity2,WINDPOWER,210,2010,0.146515222
Simplicity2,WINDPOWER,211,2010,0.146668161
Simplicity2,WINDPOWER,212,2010,0.146705063
Simplicity2,WINDPOWER,213,2010,0.14685979
Simplicity2,WINDPOWER,214,2010,0.147156838
Simplicity2,WINDPOWER,215,2010,0.147365024
Simplicity2,WINDPOWER,216,2010,0.147709158
Simplicity2,WINDPOWER,217,2010,0.147539413
Simplicity2,WINDPOWER,218,2010,0.147690723
Simplicity2,WINDPOWER,219,2010,0.147994898
Simplicity2,WINDPOWER,220,2010,0.148025285
Simplicity2,WINDPOWER,221,2010,0.148165244
Simplicity2,WINDPOWER,222,2010,0.148358064
Simplicity2,WINDPOWER,223,2010,0.14864673
Simplicity2,WINDPOWER,224,2010,0.148552246
Simplicity2,WINDPOWER,225,2010,0.148917597
Simplicity2,WINDPOWER,226,2010,0.149122613
Simplicity2,WINDPOWER,227,2010,0.149215982
Simplicity2,WINDPOWER,228,2010,0.149285656
Simplicity2,WINDPOWER,229,2010,0.149489764
Simplicity2,WINDPOWER,230,2010,0.149607073
Simplicity2,WINDPOWER,231,2010,0.149796615
Simplicity2,WINDPOWER,232,2010,0.149920574
Simplicity2,WINDPOWER,233,2010,0.150543752
Simplicity2,WINDPOWER,234,2010,0.150329311
Simplicity2,WINDPOWER,235,2010,0.150360559
Simplicity2,WINDPOWER,236,2010,0.150511885
Simplicity2,WINDPOWER,237,2010,0.150685464
Simplicity2,WINDPOWER,238,2010,0.151226191
Simplicity2,WINDPOWER,239,2010,0.151322109
Simplicity2,WINDPOWER,240,2010,0.151490469
Simplicity2,WINDPOWER,241,2010,0.152130773
Simplicity2,WINDPOWER,242,2010,0.15216765
Simplicity2,WINDPOWER,243,2010,0.152770607
Simplicity2,WINDPOWER,244,2010,0.152929899
Simplicity2,WINDPOWER,245,2010,0.153037908
Simplicity2,WINDPOWER,246,2010,0.153050897
Simplicity2,WINDPOWER,247,2010,0.153204657
Simplicity2,WINDPOWER,248,2010,0.153251949
Simplicity2,WINDPOWER,249,2010,0.153567121
Simplicity2,WINDPOWER,250,2010,0.154020014
Simplicity2,WINDPOWER,251,2010,0.153930272
Simplicity2,WINDPOWER,252,2010,0.154040702
Simplicity2,WINDPOWER,253,2010,0.154231009
Simplicity2,WINDPOWER,254,2010,0.154190975
Simplicity2,WINDPOWER,255,2010,0.154225553
Simplicity2,WINDPOWER,256,2010,0.15420414
Simplicity2,WINDPOWER,257,2010,0.154427181
Simplicity2,WINDPOWER,258,2010,0.154465861
Simplicity2,WINDPOWER,259,2010,0.154587714
Simplicity2,WINDPOWER,260,2010,0.154737091
Simplicity2,WINDPOWER,261,2010,0.154775619
Simplicity2,WINDPOWER,262,2010,0.154800043
Simplicity2,WINDPOWER,263,2010,0.154939035
Simplicity2,WINDPOWER,264,2010,0.154876431
Simplicity2,WINDPOWER,265,2010,0.154909068
Simplicity2,WINDPOWER,266,2010,0.155097694
Simplicity2,WINDPOWER,267,2010,0.155016501
Simplicity2,WINDPOWER,268,2010,0.155038362
Simplicity2,WINDPOWER,269,2010,0.15522346
Simplicity2,WINDPOWER,270,2010,0.155364043
Simplicity2,WINDPOWER,271,2010,0.155461657
Simplicity2,WINDPOWER,272,2010,0.155599254
Simplicity2,WINDPOWER,273,2010,0.15552127
Simplicity2,WINDPOWER,274,2010,0.15563616
Simplicity2,WINDPOWER,275,2010,0.155666938
Simplicity2,WINDPOWER,276,2010,0.155713489
Simplicity2,WINDPOWER,277,2010,0.155668157
Simplicity2,WINDPOWER,278,2010,0.155748951
Simplicity2,WINDPOWER,279,2010,0.155902902
Simplicity2,WINDPOWER,280,2010,0.156119561
Simplicity2,WINDPOWER,281,2010,0.156085369
Simplicity2,WINDPOWER,282,2010,0.155894257
Simplicity2,WINDPOWER,283,2010,0.155892361
Simplicity2,WINDPOWER,284,2010,0.155851638
Simplicity2,WINDPOWER,285,2010,0.155854605
Simplicity2,WINDPOWER,286,2010,0.156062806
Simplicity2,WINDPOWER,287,2010,0.156225935
Simplicity2,WINDPOWER,288,2010,0.156204863
Simplicity2,WINDPOWER,289,2010,0.155930583
Simplicity2,WINDPOWER,290,2010,0.156099344
Simplicity2,WINDPOWER,291,2010,0.156217473
Simplicity2,WINDPOWER,292,2010,0.155991515
Simplicity2,WINDPOWER,293,2010,0.155783894
Simplicity2,WINDPOWER,294,2010,0.155660984
Simplicity2,WINDPOWER,295,2010,0.155646137
Simplicity2,WINDPOWER,296,2010,0.156257507
Simplicity2,WINDPOWER,297,2010,0.156245949
Simplicity2,WINDPOWER,298,2010,0.155715829
Simplicity2,WINDPOWER,299,2010,0.155367429
Simplicity2,WINDPOWER,300,2010,0.155476269
Simplicity2,WINDPOWER,301,2010,0.15541974
Simplicity2,WINDPOWER,302,2010,0.155512318
Simplicity2,WINDPOWER,303,2010,0.155971515
Simplicity2,WINDPOWER,304,2010,0.15571877
Simplicity2,WINDPOWER,305,2010,0.155392492
Simplicity2,WINDPOWER,306,2010,0.155351545
Simplicity2,WINDPOWER,307,2010,0.155426345
Simplicity2,WINDPOWER,308,2010,0.155516504
Simplicity2,WINDPOWER,309,2010,0.155302511
Simplicity2,WINDPOWER,310,2010,0.155263568
Simplicity2,WINDPOWER,311,2010,0.155307553
Simplicity2,WINDPOWER,312,2010,0.155320538
Simplicity2,WINDPOWER,313,2010,0.155349967
Simplicity2,WINDPOWER,314,2010,0.155342222
Simplicity2,WINDPOWER,315,2010,0.155199078
Simplicity2,WINDPOWER,316,2010,0.155144972
Simplicity2,WINDPOWER,317,2010,0.154876234
Simplicity2,WINDPOWER,318,2010,0.154566526
Simplicity2,WINDPOWER,319,2010,0.154720523
Simplicity2,WINDPOWER,320,2010,0.155331547
Simplicity2,WINDPOWER,321,2010,0.155341255
Simplicity2,WINDPOWER,322,2010,0.154993399
Simplicity2,WINDPOWER,323,2010,0.154669336
Simplicity2,WINDPOWER,324,2010,0.154794582
Simplicity2,WINDPOWER,325,2010,0.154969099
Simplicity2,WINDPOWER,326,2010,0.154975784
Simplicity2,WINDPOWER,327,2010,0.155240578
Simplicity2,WINDPOWER,328,2010,0.155044635
Simplicity2,WINDPOWER,329,2010,0.154833993
Simplicity2,WINDPOWER,330,2010,0.154622358
Simplicity2,WINDPOWER,331,2010,0.154710652
Simplicity2,WINDPOWER,332,2010,0.15503317
Simplicity2,WINDPOWER,333,2010,0.154856677
Simplicity2,WINDPOWER,334,2010,0.154594542
Simplicity2,WINDPOWER,335,2010,0.154394568
Simplicity2,WINDPOWER,336,2010,0.154379858
Simplicity2,WINDPOWER,337,2010,0.154437981
Simplicity2,WINDPOWER,338,2010,0.154687187
Simplicity2,WINDPOWER,339,2010,0.154636948
Simplicity2,WINDPOWER,340,2010,0.154484935
Simplicity2,WINDPOWER,341,2010,0.154154652
Simplicity2,WINDPOWER,342,2010,0.153949967
Simplicity2,WINDPOWER,343,2010,0.15394701
Simplicity2,WINDPOWER,344,2010,0.153868481
Simplicity2,WINDPOWER,345,2010,0.153854953
Simplicity2,WINDPOWER,346,2010,0.153958394
Simplicity2,WINDPOWER,347,2010,0.153891521
Simplicity2,WINDPOWER,348,2010,0.154055646
Simplicity2,WINDPOWER,349,2010,0.154280881
Simplicity2,WINDPOWER,350,2010,0.153834858
Simplicity2,WINDPOWER,351,2010,0.1536178
Simplicity2,WINDPOWER,352,2010,0.153709185
Simplicity2,WINDPOWER,353,2010,0.153931833
Simplicity2,WINDPOWER,354,2010,0.153708584
Simplicity2,WINDPOWER,355,2010,0.153724464
Simplicity2,WINDPOWER,356,2010,0.153907042
Simplicity2,WINDPOWER,357,2010,0.153848148
Simplicity2,WINDPOWER,358,2010,0.153817906
Simplicity2,WINDPOWER,359,2010,0.153661081
Simplicity2,WINDPOWER,360,2010,0.153730043
Simplicity2,WINDPOWER,361,2010,0.153639377
Simplicity2,WINDPOWER,362,2010,0.153453735
Simplicity2,WINDPOWER,363,2010,0.153397464
Simplicity2,WINDPOWER,364,2010,0.153597828
Simplicity2,WINDPOWER,365,2010,0.153494116
Simplicity2,WINDPOWER,366,2010,0.153378483
Simplicity2,WINDPOWER,367,2010,0.153271494
Simplicity2,WINDPOWER,368,2010,0.153200455
Simplicity2,WINDPOWER,369,2010,0.153216031
Simplicity2,WINDPOWER,370,2010,0.153089049
Simplicity2,WINDPOWER,371,2010,0.153059037
Simplicity2,WINDPOWER,372,2010,0.153064328
Simplicity2,WINDPOWER,373,2010,0.153012907
Simplicity2,WINDPOWER,374,2010,0.152986325
Simplicity2,WINDPOWER,375,2010,0.152790759
Simplicity2,WINDPOWER,376,2010,0.152626638
Simplicity2,WINDPOWER,377,2010,0.15267486
Simplicity2,WINDPOWER,378,2010,0.152577783
Simplicity2,WINDPOWER,379,2010,0.152646914
Simplicity2,WINDPOWER,380,2010,0.152679827
Simplicity2,WINDPOWER,381,2010,0.152615993
Simplicity2,WINDPOWER,382,2010,0.152381759
Simplicity2,WINDPOWER,383,2010,0.152245068
Simplicity2,WINDPOWER,384,2010,0.152176608
Simplicity2,WINDPOWER,385,2010,0.152353295
Simplicity2,WINDPOWER,386,2010,0.152361125
Simplicity2,WINDPOWER,387,2010,0.15222986
Simplicity2,WINDPOWER,388,2010,0.152163335
Simplicity2,WINDPOWER,389,2010,0.152192919
Simplicity2,WINDPOWER,390,2010,0.152229586
Simplicity2,WINDPOWER,391,2010,0.152155562
Simplicity2,WINDPOWER,392,2010,0.151994316
Simplicity2,WINDPOWER,393,2010,0.151884673
Simplicity2,WINDPOWER,394,2010,0.151879846
Simplicity2,WINDPOWER,395,2010,0.151947106
Simplicity2,WINDPOWER,396,2010,0.15187119
Simplicity2,WINDPOWER,397,2010,0.151813009
Simplicity2,WINDPOWER,398,2010,0.151743512
Simplicity2,WINDPOWER,399,2010,0.151817807
Simplicity2,WINDPOWER,400,2010,0.151856463
Simplicity2,WINDPOWER,401,2010,0.151765583
Simplicity2,WINDPOWER,402,2010,0.15168074
Simplicity2,WINDPOWER,403,2010,0.151645094
Simplicity2,WINDPOWER,404,2010,0.151574273
Simplicity2,WINDPOWER,405,2010,0.151487609
Simplicity2,WINDPOWER,406,2010,0.151332003
Simplicity2,WINDPOWER,407,2010,0.151226082
Simplicity2,WINDPOWER,408,2010,0.151258095
Simplicity2,WINDPOWER,409,2010,0.151246194
Simplicity2,WINDPOWER,410,2010,0.1511807
Simplicity2,WINDPOWER,411,2010,0.151140092
Simplicity2,WINDPOWER,412,2010,0.151045495
Simplicity2,WINDPOWER,413,2010,0.151026725
Simplicity2,WINDPOWER,414,2010,0.151083046
Simplicity2,WINDPOWER,415,2010,0.150986785
Simplicity2,WINDPOWER,416,2010,0.151002958
Simplicity2,WINDPOWER,417,2010,0.151067335
Simplicity2,WINDPOWER,418,2010,0.150928025
Simplicity2,WINDPOWER,419,2010,0.150862368
Simplicity2,WINDPOWER,420,2010,0.150755873
Simplicity2,WINDPOWER,421,2010,0.150746413
Simplicity2,WINDPOWER,422,2010,0.150761717
Simplicity2,WINDPOWER,423,2010,0.150730095
Simplicity2,WINDPOWER,424,2010,0.150807118
Simplicity2,WINDPOWER,425,2010,0.150718739
Simplicity2,WINDPOWER,426,2010,0.150694907
Simplicity2,WINDPOWER,427,2010,0.150650984
Simplicity2,WINDPOWER,428,2010,0.150643673
Simplicity2,WINDPOWER,429,2010,0.150583025
Simplicity2,WINDPOWER,430,2010,0.150559941
Simplicity2,WINDPOWER,431,2010,0.150487046
Simplicity2,WINDPOWER,432,2010,0.150419003
Simplicity2,WINDPOWER,433,2010,0.150370909
Simplicity2,WINDPOWER,434,2010,0.150340859
Simplicity2,WINDPOWER,435,2010,0.150242224
Simplicity2,WINDPOWER,436,2010,0.150122617
Simplicity2,WINDPOWER,437,2010,0.150109154
Simplicity2,WINDPOWER,438,2010,0.150178399
Simplicity2,WINDPOWER,439,2010,0.150024815
Simplicity2,WINDPOWER,440,2010,0.149925034
Simplicity2,WINDPOWER,441,2010,0.149956702
Simplicity2,WINDPOWER,442,2010,0.149925995
Simplicity2,WINDPOWER,443,2010,0.149923768
Simplicity2,WINDPOWER,444,2010,0.149909349
Simplicity2,WINDPOWER,445,2010,0.149839096
Simplicity2,WINDPOWER,446,2010,0.149804416
Simplicity2,WINDPOWER,447,2010,0.149762095
Simplicity2,WINDPOWER,448,2010,0.149624759
Simplicity2,WINDPOWER,449,2010,0.149588812
Simplicity2,WINDPOWER,450,2010,0.149586632
Simplicity2,WINDPOWER,451,2010,0.149428807
Simplicity2,WINDPOWER,452,2010,0.149418384
Simplicity2,WINDPOWER,453,2010,0.149395571
Simplicity2,WINDPOWER,454,2010,0.149258799
Simplicity2,WINDPOWER,455,2010,0.149323409
Simplicity2,WINDPOWER,456,2010,0.149401045
Simplicity2,WINDPOWER,457,2010,0.149255535
Simplicity2,WINDPOWER,458,2010,0.149192288
Simplicity2,WINDPOWER,459,2010,0.14909214
Simplicity2,WINDPOWER,460,2010,0.148969561
Simplicity2,WINDPOWER,461,2010,0.149034777
Simplicity2,WINDPOWER,462,2010,0.148984629
Simplicity2,WINDPOWER,463,2010,0.148839176
Simplicity2,WINDPOWER,464,2010,0.148768399
Simplicity2,WINDPOWER,465,2010,0.14879454
Simplicity2,WINDPOWER,466,2010,0.148711647
Simplicity2,WINDPOWER,467,2010,0.148651285
Simplicity2,WINDPOWER,468,2010,0.148641175
Simplicity2,WINDPOWER,469,2010,0.148599761
Simplicity2,WINDPOWER,470,2010,0.148614231
Simplicity2,WINDPOWER,471,2010,0.148465987
Simplicity2,WINDPOWER,472,2010,0.148394405
Simplicity2,WINDPOWER,473,2010,0.148406269
Simplicity2,WINDPOWER,474,2010,0.148323851
Simplicity2,WINDPOWER,475,2010,0.148229793
Simplicity2,WINDPOWER,476,2010,0.148196436
Simplicity2,WINDPOWER,477,2010,0.14817926
Simplicity2,WINDPOWER,478,2010,0.148143848
Simplicity2,WINDPOWER,479,2010,0.148046169
Simplicity2,WINDPOWER,480,2010,0.148026785
Simplicity2,WINDPOWER,481,2010,0.147916173
Simplicity2,WINDPOWER,482,2010,0.147932769
Simplicity2,WINDPOWER,483,2010,0.147851329
Simplicity2,WINDPOWER,484,2010,0.147813077
Simplicity2,WINDPOWER,485,2010,0.147742391
Simplicity2,WINDPOWER,486,2010,0.147773548
Simplicity2,WINDPOWER,487,2010,0.147711496
Simplicity2,WINDPOWER,488,2010,0.147662022
Simplicity2,WINDPOWER,489,2010,0.147610842
Simplicity2,WINDPOWER,490,2010,0.147533569
Simplicity2,WINDPOWER,491,2010,0.14751061
Simplicity2,WINDPOWER,492,2010,0.147437186
Simplicity2,WINDPOWER,493,2010,0.14740071
Simplicity2,WINDPOWER,494,2010,0.147402248
Simplicity2,WINDPOWER,495,2010,0.147309842
Simplicity2,WINDPOWER,496,2010,0.147241607
Simplicity2,WINDPOWER,497,2010,0.147244167
Simplicity2,WINDPOWER,498,2010,0.147185889
Simplicity2,WINDPOWER,499,2010,0.147165687
Simplicity2,WINDPOWER,500,2010,0.147149684
Simplicity2,WINDPOWER,501,2010,0.147148147
Simplicity2,WINDPOWER,502,2010,0.147142435
Simplicity2,WINDPOWER,503,2010,0.1470438
Simplicity2,WINDPOWER,504,2010,0.147018476
Simplicity2,WINDPOWER,505,2010,0.146951806
Simplicity2,WINDPOWER,506,2010,0.146864531
Simplicity2,WINDPOWER,507,2010,0.14687682
Simplicity2,WINDPOWER,508,2010,0.146838046
Simplicity2,WINDPOWER,509,2010,0.146765795
Simplicity2,WINDPOWER,510,2010,0.146780615
Simplicity2,WINDPOWER,511,2010,0.146706351
Simplicity2,WINDPOWER,512,2010,0.146640346
Simplicity2,WINDPOWER,513,2010,0.146641751
Simplicity2,WINDPOWER,514,2010,0.146599202
Simplicity2,WINDPOWER,515,2010,0.146595142
Simplicity2,WINDPOWER,516,2010,0.146610483
Simplicity2,WINDPOWER,517,2010,0.146551656
Simplicity2,WINDPOWER,518,2010,0.146491
Simplicity2,WINDPOWER,519,2010,0.146438767
Simplicity2,WINDPOWER,520,2010,0.146442382
Simplicity2,WINDPOWER,521,2010,0.14641165
Simplicity2,WINDPOWER,522,2010,0.146381007
Simplicity2,WINDPOWER,523,2010,0.146353288
Simplicity2,WINDPOWER,524,2010,0.146299679
Simplicity2,WINDPOWER,525,2010,0.146366615
Simplicity2,WINDPOWER,526,2010,0.146266567
Simplicity2,WINDPOWER,527,2010,0.146212757
Simplicity2,WINDPOWER,528,2010,0.146146648
Simplicity2,WINDPOWER,529,2010,0.146132077
Simplicity2,WINDPOWER,530,2010,0.146085383
Simplicity2,WINDPOWER,531,2010,0.146006324
Simplicity2,WINDPOWER,532,2010,0.145928448
Simplicity2,WINDPOWER,533,2010,0.145931949
Simplicity2,WINDPOWER,534,2010,0.145932916
Simplicity2,WINDPOWER,535,2010,0.145898111
Simplicity2,WINDPOWER,536,2010,0.145819409
Simplicity2,WINDPOWER,537,2010,0.145781281
Simplicity2,WINDPOWER,538,2010,0.145699517
Simplicity2,WINDPOWER,539,2010,0.145641766
Simplicity2,WINDPOWER,540,2010,0.145644152
Simplicity2,WINDPOWER,541,2010,0.145596193
Simplicity2,WINDPOWER,542,2010,0.145610494
Simplicity2,WINDPOWER,543,2010,0.145493118
Simplicity2,WINDPOWER,544,2010,0.145549017
Simplicity2,WINDPOWER,545,2010,0.145473404
Simplicity2,WINDPOWER,546,2010,0.145465297
Simplicity2,WINDPOWER,547,2010,0.145370182
Simplicity2,WINDPOWER,548,2010,0.14538309
Simplicity2,WINDPOWER,549,2010,0.145423242
Simplicity2,WINDPOWER,550,2010,0.145395849
Simplicity2,WINDPOWER,551,2010,0.145300311
Simplicity2,WINDPOWER,552,2010,0.14519457
Simplicity2,WINDPOWER,553,2010,0.145184997
Simplicity2,WINDPOWER,554,2010,0.145207751
Simplicity2,WINDPOWER,555,2010,0.145150907
Simplicity2,WINDPOWER,556,2010,0.145122079
Simplicity2,WINDPOWER,557,2010,0.145069636
Simplicity2,WINDPOWER,558,2010,0.145012393
Simplicity2,WINDPOWER,559,2010,0.144946165
Simplicity2,WINDPOWER,560,2010,0.144911671
Simplicity2,WINDPOWER,561,2010,0.14491235
Simplicity2,WINDPOWER,562,2010,0.14481156
Simplicity2,WINDPOWER,563,2010,0.144787667
Simplicity2,WINDPOWER,564,2010,0.144713685
Simplicity2,WINDPOWER,565,2010,0.144751036
Simplicity2,WINDPOWER,566,2010,0.144671009
Simplicity2,WINDPOWER,567,2010,0.144703875
Simplicity2,WINDPOWER,568,2010,0.144615331
Simplicity2,WINDPOWER,569,2010,0.144578792
Simplicity2,WINDPOWER,570,2010,0.144531623
Simplicity2,WINDPOWER,571,2010,0.14445789
Simplicity2,WINDPOWER,572,2010,0.144470202
Simplicity2,WINDPOWER,573,2010,0.144511468
Simplicity2,WINDPOWER,574,2010,0.144393551
Simplicity2,WINDPOWER,575,2010,0.144342874
Simplicity2,WINDPOWER,576,2010,0.144336688
Simplicity2,WINDPOWER,577,2010,0.144328142
Simplicity2,WINDPOWER,578,2010,0.144334861
Simplicity2,WINDPOWER,579,2010,0.144283116
Simplicity2,WINDPOWER,580,2010,0.144274614
Simplicity2,WINDPOWER,581,2010,0.144140207
Simplicity2,WINDPOWER,582,2010,0.144058633
Simplicity2,WINDPOWER,583,2010,0.144097907
Simplicity2,WINDPOWER,584,2010,0.144074759
Simplicity2,WINDPOWER,585,2010,0.144052115
Simplicity2,WINDPOWER,586,2010,0.143859186
Simplicity2,WINDPOWER,587,2010,0.14387772
Simplicity2,WINDPOWER,588,2010,0.143836325
Simplicity2,WINDPOWER,589,2010,0.143732173
Simplicity2,WINDPOWER,590,2010,0.143772308
Simplicity2,WINDPOWER,591,2010,0.143747072
Simplicity2,WINDPOWER,592,2010,0.143675969
Simplicity2,WINDPOWER,593,2010,0.143670707
Simplicity2,WINDPOWER,594,2010,0.143599126
Simplicity2,WINDPOWER,595,2010,0.143573489
Simplicity2,WINDPOWER,596,2010,0.143504383
Simplicity2,WINDPOWER,597,2010,0.143455476
Simplicity2,WINDPOWER,598,2010,0.143342326
Simplicity2,WINDPOWER,599,2010,0.14331495
Simplicity2,WINDPOWER,600,2010,0.143295412
Simplicity2,WINDPOWER,601,2010,0.14324869
Simplicity2,WINDPOWER,602,2010,0.143185467
Simplicity2,WINDPOWER,603,2010,0.143201305
Simplicity2,WINDPOWER,604,2010,0.14315437
Simplicity2,WINDPOWER,605,2010,0.143035013
Simplicity2,WINDPOWER,606,2010,0.143001608
Simplicity2,WINDPOWER,607,2010,0.143017322
Simplicity2,WINDPOWER,608,2010,0.142958768
Simplicity2,WINDPOWER,609,2010,0.142911879
Simplicity2,WINDPOWER,610,2010,0.142958765
Simplicity2,WINDPOWER,611,2010,0.142883683
Simplicity2,WINDPOWER,612,2010,0.142866983
Simplicity2,WINDPOWER,613,2010,0.142825527
Simplicity2,WINDPOWER,614,2010,0.142844293
Simplicity2,WINDPOWER,615,2010,0.142802381
Simplicity2,WINDPOWER,616,2010,0.142693227
Simplicity2,WINDPOWER,617,2010,0.142703277
Simplicity2,WINDPOWER,618,2010,0.142715899
Simplicity2,WINDPOWER,619,2010,0.142700915
Simplicity2,WINDPOWER,620,2010,0.142522995
Simplicity2,WINDPOWER,621,2010,0.142557073
Simplicity2,WINDPOWER,622,2010,0.142642758
Simplicity2,WINDPOWER,623,2010,0.142543106
Simplicity2,WINDPOWER,624,2010,0.142496394
Simplicity2,WINDPOWER,625,2010,0.142425765
Simplicity2,WINDPOWER,626,2010,0.142447544
Simplicity2,WINDPOWER,627,2010,0.142435842
Simplicity2,WINDPOWER,628,2010,0.142465437
Simplicity2,WINDPOWER,629,2010,0.142371114
Simplicity2,WINDPOWER,630,2010,0.142219836
Simplicity2,WINDPOWER,631,2010,0.142143166
Simplicity2,WINDPOWER,632,2010,0.142065514
Simplicity2,WINDPOWER,633,2010,0.142090561
Simplicity2,WINDPOWER,634,2010,0.142025115
Simplicity2,WINDPOWER,635,2010,0.141980614
Simplicity2,WINDPOWER,636,2010,0.142065214
Simplicity2,WINDPOWER,637,2010,0.14209954
Simplicity2,WINDPOWER,638,2010,0.141997106
Simplicity2,WINDPOWER,639,2010,0.141885777
Simplicity2,WINDPOWER,640,2010,0.141806011
Simplicity2,WINDPOWER,641,2010,0.141768303
Simplicity2,WINDPOWER,642,2010,0.141705453
Simplicity2,WINDPOWER,643,2010,0.141771437
Simplicity2,WINDPOWER,644,2010,0.1417605
Simplicity2,WINDPOWER,645,2010,0.141675633
Simplicity2,WINDPOWER,646,2010,0.141564029
Simplicity2,WINDPOWER,647,2010,0.141547613
Simplicity2,WINDPOWER,648,2010,0.14156966
Simplicity2,WINDPOWER,649,2010,0.141576977
Simplicity2,WINDPOWER,650,2010,0.141607946
Simplicity2,WINDPOWER,651,2010,0.141631768
Simplicity2,WINDPOWER,652,2010,0.141512665
Simplicity2,WINDPOWER,653,2010,0.141479338
Simplicity2,WINDPOWER,654,2010,0.141440174
Simplicity2,WINDPOWER,655,2010,0.141388402
Simplicity2,WINDPOWER,656,2010,0.14137999
Simplicity2,WINDPOWER,657,2010,0.141356406
Simplicity2,WINDPOWER,658,2010,0.141288962
Simplicity2,WINDPOWER,659,2010,0.141199166
Simplicity2,WINDPOWER,660,2010,0.141251434
Simplicity2,WINDPOWER,661,2010,0.141262833
Simplicity2,WINDPOWER,662,2010,0.141222622
Simplicity2,WINDPOWER,663,2010,0.141151986
Simplicity2,WINDPOWER,664,2010,0.140946728
Simplicity2,WINDPOWER,665,2010,0.140970541
Simplicity2,WINDPOWER,666,2010,0.140917332
Simplicity2,WINDPOWER,667,2010,0.140902719
Simplicity2,WINDPOWER,668,2010,0.140820214
Simplicity2,WINDPOWER,669,2010,0.140725337
Simplicity2,WINDPOWER,670,2010,0.140649128
Simplicity2,WINDPOWER,671,2010,0.140657126
Simplicity2,WINDPOWER,672,2010,0.140617828
Simplicity2,WINDPOWER,673,2010,0.140464987
Simplicity2,WINDPOWER,674,2010,0.140455101
Simplicity2,WINDPOWER,675,2010,0.140494519
Simplicity2,WINDPOWER,676,2010,0.140521576
Simplicity2,WINDPOWER,677,2010,0.140384394
Simplicity2,WINDPOWER,678,2010,0.140325969
Simplicity2,WINDPOWER,679,2010,0.140321306
Simplicity2,WINDPOWER,680,2010,0.140241362
Simplicity2,WINDPOWER,681,2010,0.140225302
Simplicity2,WINDPOWER,682,2010,0.140166529
Simplicity2,WINDPOWER,683,2010,0.140139765
Simplicity2,WINDPOWER,684,2010,0.140108489
Simplicity2,WINDPOWER,685,2010,0.140065503
Simplicity2,WINDPOWER,686,2010,0.140058254
Simplicity2,WINDPOWER,687,2010,0.139981168
Simplicity2,WINDPOWER,688,2010,0.140001287
Simplicity2,WINDPOWER,689,2010,0.139927318
Simplicity2,WINDPOWER,690,2010,0.139885174
Simplicity2,WINDPOWER,691,2010,0.139887293
Simplicity2,WINDPOWER,692,2010,0.139820686
Simplicity2,WINDPOWER,693,2010,0.139763264
Simplicity2,WINDPOWER,694,2010,0.139768499
Simplicity2,WINDPOWER,695,2010,0.139718096
Simplicity2,WINDPOWER,696,2010,0.139673747
Simplicity2,WINDPOWER,697,2010,0.139583574
Simplicity2,WINDPOWER,698,2010,0.139582572
Simplicity2,WINDPOWER,699,2010,0.139527547
Simplicity2,WINDPOWER,700,2010,0.13943928
Simplicity2,WINDPOWER,701,2010,0.139457784
Simplicity2,WINDPOWER,702,2010,0.139424361
Simplicity2,WINDPOWER,703,2010,0.139349457
Simplicity2,WINDPOWER,704,2010,0.139339904
Simplicity2,WINDPOWER,705,2010,0.139300254
Simplicity2,WINDPOWER,706,2010,0.13929168
Simplicity2,WINDPOWER,707,2010,0.139288867
Simplicity2,WINDPOWER,708,2010,0.139234101
Simplicity2,WINDPOWER,709,2010,0.139175808
Simplicity2,WINDPOWER,710,2010,0.139180395
Simplicity2,WINDPOWER,711,2010,0.139057596
Simplicity2,WINDPOWER,712,2010,0.139071246
Simplicity2,WINDPOWER,713,2010,0.139007743
Simplicity2,WINDPOWER,714,2010,0.138963495
Simplicity2,WINDPOWER,715,2010,0.138942984
Simplicity2,WINDPOWER,716,2010,0.138919862
Simplicity2,WINDPOWER,717,2010,0.138902259
Simplicity2,WINDPOWER,718,2010,0.138821538
Simplicity2,WINDPOWER,719,2010,0.138802832
Simplicity2,WINDPOWER,720,2010,0.138724591
Simplicity2,WINDPOWER,721,2010,0.138664
Simplicity2,WINDPOWER,722,2010,0.138608572
Simplicity2,WINDPOWER,723,2010,0.138571314
Simplicity2,WINDPOWER,724,2010,0.138555078
Simplicity2,WINDPOWER,725,2010,0.138536694
Simplicity2,WINDPOWER,726,2010,0.138460222
Simplicity2,WINDPOWER,727,2010,0.138431244
Simplicity2,WINDPOWER,728,2010,0.138420814
Simplicity2,WINDPOWER,729,2010,0.13837095
Simplicity2,WINDPOWER,730,2010,0.138324684
Simplicity2,WINDPOWER,731,2010,0.138304221
Simplicity2,WINDPOWER,732,2010,0.138284309
Simplicity2,WINDPOWER,733,2010,0.138224112
Simplicity2,WINDPOWER,734,2010,0.13823772
Simplicity2,WINDPOWER,735,2010,0.138155616
Simplicity2,WINDPOWER,736,2010,0.138115851
Simplicity2,WINDPOWER,737,2010,0.138125251
Simplicity2,WINDPOWER,738,2010,0.133679793
Simplicity2,WINDPOWER,739,2010,0.133624242
Simplicity2,WINDPOWER,740,2010,0.133611969
Simplicity2,WINDPOWER,741,2010,0.133589369
Simplicity2,WINDPOWER,742,2010,0.133498399
Simplicity2,WINDPOWER,743,2010,0.133504445
Simplicity2,WINDPOWER,744,2010,0.133442283
Simplicity2,WINDPOWER,745,2010,0.133428708
Simplicity2,WINDPOWER,746,2010,0.133428017
Simplicity2,WINDPOWER,747,2010,0.13335967
Simplicity2,WINDPOWER,748,2010,0.133316513
Simplicity2,WINDPOWER,749,2010,0.133327722
Simplicity2,WINDPOWER,750,2010,0.133302016
Simplicity2,WINDPOWER,751,2010,0.133268594
Simplicity2,WINDPOWER,752,2010,0.133223151
Simplicity2,WINDPOWER,753,2010,0.133188359
Simplicity2,WINDPOWER,754,2010,0.133166105
Simplicity2,WINDPOWER,755,2010,0.133141942
Simplicity2,WINDPOWER,756,2010,0.133104459
Simplicity2,WINDPOWER,757,2010,0.133051898
Simplicity2,WINDPOWER,758,2010,0.133031065
Simplicity2,WINDPOWER,759,2010,0.133030206
Simplicity2,WINDPOWER,760,2010,0.132985963
Simplicity2,WINDPOWER,761,2010,0.132917704
Simplicity2,WINDPOWER,762,2010,0.132879227
Simplicity2,WINDPOWER,763,2010,0.132825247
Simplicity2,WINDPOWER,764,2010,0.132764083
Simplicity2,WINDPOWER,765,2010,0.132736743
Simplicity2,WINDPOWER,766,2010,0.132743414
Simplicity2,WINDPOWER,767,2010,0.132718048
Simplicity2,WINDPOWER,768,2010,0.132722381
Simplicity2,WINDPOWER,769,2010,0.132678407
Simplicity2,WINDPOWER,770,2010,0.132604781
Simplicity2,WINDPOWER,771,2010,0.132597924
Simplicity2,WINDPOWER,772,2010,0.132502236
Simplicity2,WINDPOWER,773,2010,0.132452112
Simplicity2,WINDPOWER,774,2010,0.132452258
Simplicity2,WINDPOWER,775,2010,0.132412048
Simplicity2,WINDPOWER,776,2010,0.132362353
Simplicity2,WINDPOWER,777,2010,0.132325419
Simplicity2,WINDPOWER,778,2010,0.132304945
Simplicity2,WINDPOWER,779,2010,0.132260042
Simplicity2,WINDPOWER,780,2010,0.132198399
Simplicity2,WINDPOWER,781,2010,0.132210952
Simplicity2,WINDPOWER,782,2010,0.132156355
Simplicity2,WINDPOWER,783,2010,0.132132239
Simplicity2,WINDPOWER,784,2010,0.132090327
Simplicity2,WINDPOWER,785,2010,0.132043917
Simplicity2,WINDPOWER,786,2010,0.132039436
Simplicity2,WINDPOWER,787,2010,0.131982505
Simplicity2,WINDPOWER,788,2010,0.132049946
Simplicity2,WINDPOWER,789,2010,0.132005603
Simplicity2,WINDPOWER,790,2010,0.13197585
Simplicity2,WINDPOWER,791,2010,0.131913986
Simplicity2,WINDPOWER,792,2010,0.131853026
Simplicity2,WINDPOWER,793,2010,0.131832021
Simplicity2,WINDPOWER,794,2010,0.13177323
Simplicity2,WINDPOWER,795,2010,0.131743119
Simplicity2,WINDPOWER,796,2010,0.131725248
Simplicity2,WINDPOWER,797,2010,0.1318074
Simplicity2,WINDPOWER,798,2010,0.131729822
Simplicity2,WINDPOWER,799,2010,0.131694042
Simplicity2,WINDPOWER,800,2010,0.131658497
Simplicity2,WINDPOWER,801,2010,0.131554588
Simplicity2,WINDPOWER,802,2010,0.131471528
Simplicity2,WINDPOWER,803,2010,0.131493674
Simplicity2,WINDPOWER,804,2010,0.131483887
Simplicity2,WINDPOWER,805,2010,0.131482831
Simplicity2,WINDPOWER,806,2010,0.131516437
Simplicity2,WINDPOWER,807,2010,0.131473125
Simplicity2,WINDPOWER,808,2010,0.131397903
Simplicity2,WINDPOWER,809,2010,0.131417681
Simplicity2,WINDPOWER,810,2010,0.131542328
Simplicity2,WINDPOWER,811,2010,0.13137126
Simplicity2,WINDPOWER,812,2010,0.131315765
Simplicity2,WINDPOWER,813,2010,0.131317727
Simplicity2,WINDPOWER,814,2010,0.131223906
Simplicity2,WINDPOWER,815,2010,0.131265703
Simplicity2,WINDPOWER,816,2010,0.131248788
Simplicity2,WINDPOWER,817,2010,0.131236119
Simplicity2,WINDPOWER,818,2010,0.131239601
Simplicity2,WINDPOWER,819,2010,0.131190933
Simplicity2,WINDPOWER,820,2010,0.131095689
Simplicity2,WINDPOWER,821,2010,0.131067802
Simplicity2,WINDPOWER,822,2010,0.131036605
Simplicity2,WINDPOWER,823,2010,0.130957029
Simplicity2,WINDPOWER,824,2010,0.130886235
Simplicity2,WINDPOWER,825,2010,0.130975885
Simplicity2,WINDPOWER,826,2010,0.130818379
Simplicity2,WINDPOWER,827,2010,0.130732881
Simplicity2,WINDPOWER,828,2010,0.130793962
Simplicity2,WINDPOWER,829,2010,0.130739174
Simplicity2,WINDPOWER,830,2010,0.13077549
Simplicity2,WINDPOWER,831,2010,0.130688011
Simplicity2,WINDPOWER,832,2010,0.13058967
Simplicity2,WINDPOWER,833,2010,0.13056874
Simplicity2,WINDPOWER,834,2010,0.130569869
Simplicity2,WINDPOWER,835,2010,0.130531264
Simplicity2,WINDPOWER,836,2010,0.130477345
Simplicity2,WINDPOWER,837,2010,0.130453021
Simplicity2,WINDPOWER,838,2010,0.130425757
Simplicity2,WINDPOWER,839,2010,0.130533025
Simplicity2,WINDPOWER,840,2010,0.130506629
Simplicity2,WINDPOWER,841,2010,0.130437533
Simplicity2,WINDPOWER,842,2010,0.130370358
Simplicity2,WINDPOWER,843,2010,0.130345448
Simplicity2,WINDPOWER,844,2010,0.130309071
Simplicity2,WINDPOWER,845,2010,0.130310315
Simplicity2,WINDPOWER,846,2010,0.130365276
Simplicity2,WINDPOWER,847,2010,0.13034114
Simplicity2,WINDPOWER,848,2010,0.13031595
Simplicity2,WINDPOWER,849,2010,0.130223763
Simplicity2,WINDPOWER,850,2010,0.130161053
Simplicity2,WINDPOWER,851,2010,0.130153813
Simplicity2,WINDPOWER,852,2010,0.130107273
Simplicity2,WINDPOWER,853,2010,0.130113188
Simplicity2,WINDPOWER,854,2010,0.130062029
Simplicity2,WINDPOWER,855,2010,0.129969459
Simplicity2,WINDPOWER,856,2010,0.129911193
Simplicity2,WINDPOWER,857,2010,0.129810272
Simplicity2,WINDPOWER,858,2010,0.129766022
Simplicity2,WINDPOWER,859,2010,0.12973145
Simplicity2,WINDPOWER,860,2010,0.129705517
Simplicity2,WINDPOWER,861,2010,0.129660595
Simplicity2,WINDPOWER,862,2010,0.129601005
Simplicity2,WINDPOWER,863,2010,0.129574963
Simplicity2,WINDPOWER,864,2010,0.129586728
Simplicity2,WINDPOWER,865,2010,0.129529885
Simplicity2,WINDPOWER,866,2010,0.129501952
Simplicity2,WINDPOWER,867,2010,0.129391037
Simplicity2,WINDPOWER,868,2010,0.129358764
Simplicity2,WINDPOWER,869,2010,0.129298736
Simplicity2,WINDPOWER,870,2010,0.129260112
Simplicity2,WINDPOWER,871,2010,0.129274045
Simplicity2,WINDPOWER,872,2010,0.129236497
Simplicity2,WINDPOWER,873,2010,0.129208315
Simplicity2,WINDPOWER,874,2010,0.129100405
Simplicity2,WINDPOWER,875,2010,0.129091685
Simplicity2,WINDPOWER,876,2010,0.129122191
Simplicity2,WINDPOWER,877,2010,0.129057764
Simplicity2,WINDPOWER,878,2010,0.128943636
Simplicity2,WINDPOWER,879,2010,0.128921293
Simplicity2,WINDPOWER,880,2010,0.128908194
Simplicity2,WINDPOWER,881,2010,0.128845011
Simplicity2,WINDPOWER,882,2010,0.12882665
Simplicity2,WINDPOWER,883,2010,0.128754628
Simplicity2,WINDPOWER,884,2010,0.128750658
Simplicity2,WINDPOWER,885,2010,0.12873123
Simplicity2,WINDPOWER,886,2010,0.128674832
Simplicity2,WINDPOWER,887,2010,0.128665719
Simplicity2,WINDPOWER,888,2010,0.128650227
Simplicity2,WINDPOWER,889,2010,0.128593331
Simplicity2,WINDPOWER,890,2010,0.128549506
Simplicity2,WINDPOWER,891,2010,0.128502992
Simplicity2,WINDPOWER,892,2010,0.128475616
Simplicity2,WINDPOWER,893,2010,0.128475982
Simplicity2,WINDPOWER,894,2010,0.128460002
Simplicity2,WINDPOWER,895,2010,0.128419908
Simplicity2,WINDPOWER,896,2010,0.128371642
Simplicity2,WINDPOWER,897,2010,0.12834518
Simplicity2,WINDPOWER,898,2010,0.128267456
Simplicity2,WINDPOWER,899,2010,0.128277416
Simplicity2,WINDPOWER,900,2010,0.128261074
Simplicity2,WINDPOWER,901,2010,0.128208755
Simplicity2,WINDPOWER,902,2010,0.128193515
Simplicity2,WINDPOWER,903,2010,0.128174635
Simplicity2,WINDPOWER,904,2010,0.128108707
Simplicity2,WINDPOWER,905,2010,0.128068917
Simplicity2,WINDPOWER,906,2010,0.128066665
Simplicity2,WINDPOWER,907,2010,0.127979546
Simplicity2,WINDPOWER,908,2010,0.127990395
Simplicity2,WINDPOWER,909,2010,0.127941294
Simplicity2,WINDPOWER,910,2010,0.127896887
Simplicity2,WINDPOWER,911,2010,0.127836774
Simplicity2,WINDPOWER,912,2010,0.127836983
Simplicity2,WINDPOWER,913,2010,0.127773473
Simplicity2,WINDPOWER,914,2010,0.127787916
Simplicity2,WINDPOWER,915,2010,0.12770595
Simplicity2,WINDPOWER,916,2010,0.127681519
Simplicity2,WINDPOWER,917,2010,0.127654595
Simplicity2,WINDPOWER,918,2010,0.127594374
Simplicity2,WINDPOWER,919,2010,0.127567497
Simplicity2,WINDPOWER,920,2010,0.127530861
Simplicity2,WINDPOWER,921,2010,0.127503545
Simplicity2,WINDPOWER,922,2010,0.127482357
Simplicity2,WINDPOWER,923,2010,0.127445601
Simplicity2,WINDPOWER,924,2010,0.12737736
Simplicity2,WINDPOWER,925,2010,0.127353924
Simplicity2,WINDPOWER,926,2010,0.127346332
Simplicity2,WINDPOWER,927,2010,0.127279829
Simplicity2,WINDPOWER,928,2010,0.127292581
Simplicity2,WINDPOWER,929,2010,0.127260083
Simplicity2,WINDPOWER,930,2010,0.127203561
Simplicity2,WINDPOWER,931,2010,0.127193968
Simplicity2,WINDPOWER,932,2010,0.127181888
Simplicity2,WINDPOWER,933,2010,0.127131226
Simplicity2,WINDPOWER,934,2010,0.127095558
Simplicity2,WINDPOWER,935,2010,0.127070074
Simplicity2,WINDPOWER,936,2010,0.127025467
Simplicity2,WINDPOWER,937,2010,0.127019405
Simplicity2,WINDPOWER,938,2010,0.12696647
Simplicity2,WINDPOWER,939,2010,0.12693648
Simplicity2,WINDPOWER,940,2010,0.126950412
Simplicity2,WINDPOWER,941,2010,0.126913753
Simplicity2,WINDPOWER,942,2010,0.126867257
Simplicity2,WINDPOWER,943,2010,0.126858887
Simplicity2,WINDPOWER,944,2010,0.126798201
Simplicity2,WINDPOWER,945,2010,0.126745859
Simplicity2,WINDPOWER,946,2010,0.12672817
Simplicity2,WINDPOWER,947,2010,0.1267155
Simplicity2,WINDPOWER,948,2010,0.126663133
Simplicity2,WINDPOWER,949,2010,0.12664516
Simplicity2,WINDPOWER,950,2010,0.126605093
Simplicity2,WINDPOWER,951,2010,0.1266234
Simplicity2,WINDPOWER,952,2010,0.126540391
Simplicity2,WINDPOWER,953,2010,0.126503381
Simplicity2,WINDPOWER,954,2010,0.126469498
Simplicity2,WINDPOWER,955,2010,0.126438083
Simplicity2,WINDPOWER,956,2010,0.126439592
Simplicity2,WINDPOWER,957,2010,0.126427618
Simplicity2,WINDPOWER,958,2010,0.126397971
Simplicity2,WINDPOWER,959,2010,0.126324356
Simplicity2,WINDPOWER,960,2010,0.126283716
Simplicity2,WINDPOWER,961,2010,0.126276747
Simplicity2,WINDPOWER,962,2010,0.126199593
Simplicity2,WINDPOWER,963,2010,0.126170905
Simplicity2,WINDPOWER,964,2010,0.12614307
Simplicity2,WINDPOWER,965,2010,0.126138137
Simplicity2,WINDPOWER,966,2010,0.126100612
Simplicity2,WINDPOWER,967,2010,0.126089263
Simplicity2,WINDPOWER,968,2010,0.126083796
Simplicity2,WINDPOWER,969,2010,0.126044065
Simplicity2,WINDPOWER,970,2010,0.126011742
Simplicity2,WINDPOWER,971,2010,0.125970532
Simplicity2,WINDPOWER,972,2010,0.125943419
Simplicity2,WINDPOWER,973,2010,0.125892081
Simplicity2,WINDPOWER,974,2010,0.125865599
Simplicity2,WINDPOWER,975,2010,0.125817118
Simplicity2,WINDPOWER,976,2010,0.125763541
Simplicity2,WINDPOWER,977,2010,0.125728099
Simplicity2,WINDPOWER,978,2010,0.125690121
Simplicity2,WINDPOWER,979,2010,0.125703355
Simplicity2,WINDPOWER,980,2010,0.125678201
Simplicity2,WINDPOWER,981,2010,0.125650159
Simplicity2,WINDPOWER,982,2010,0.125583231
Simplicity2,WINDPOWER,983,2010,0.125574865
Simplicity2,WINDPOWER,984,2010,0.125524931
Simplicity2,WINDPOWER,985,2010,0.125482848
Simplicity2,WINDPOWER,986,2010,0.125446739
Simplicity2,WINDPOWER,987,2010,0.125402025
Simplicity2,WINDPOWER,988,2010,0.125389058
Simplicity2,WINDPOWER,989,2010,0.125344691
Simplicity2,WINDPOWER,990,2010,0.125350691
Simplicity2,WINDPOWER,991,2010,0.125330389
Simplicity2,WINDPOWER,992,2010,0.125247681
Simplicity2,WINDPOWER,993,2010,0.125232904
Simplicity2,WINDPOWER,994,2010,0.125181396
Simplicity2,WINDPOWER,995,2010,0.125177383
Simplicity2,WINDPOWER,996,2010,0.125141446
Simplicity2,WINDPOWER,997,2010,0.125119502
Simplicity2,WINDPOWER,998,2010,0.125056653
Simplicity2,WINDPOWER,999,2010,0.125045627
Simplicity2,WINDPOWER,1000,2010,0.125025849
Simplicity2,WINDPOWER,1001,2010,0.125001116
Simplicity2,WINDPOWER,1002,2010,0.124918592
Simplicity2,WINDPOWER,1003,2010,0.124906899
Simplicity2,WINDPOWER,1004,2010,0.124946009
Simplicity2,WINDPOWER,1005,2010,0.124922036
Simplicity2,WINDPOWER,1006,2010,0.124829113
Simplicity2,WINDPOWER,1007,2010,0.124813008
Simplicity2,WINDPOWER,1008,2010,0.124772331
Simplicity2,WINDPOWER,1009,2010,0.124743521
Simplicity2,WINDPOWER,1010,2010,0.124726385
Simplicity2,WINDPOWER,1011,2010,0.124709185
Simplicity2,WINDPOWER,1012,2010,0.124668167
Simplicity2,WINDPOWER,1013,2010,0.124694849
Simplicity2,WINDPOWER,1014,2010,0.12461346
Simplicity2,WINDPOWER,1015,2010,0.124575062
Simplicity2,WINDPOWER,1016,2010,0.12454812
Simplicity2,WINDPOWER,1017,2010,0.12452138
Simplicity2,WINDPOWER,1018,2010,0.124504561
Simplicity2,WINDPOWER,1019,2010,0.124468712
Simplicity2,WINDPOWER,1020,2010,0.124424497
Simplicity2,WINDPOWER,1021,2010,0.124409437
Simplicity2,WINDPOWER,1022,2010,0.124390013
Simplicity2,WINDPOWER,1023,2010,0.124334685
Simplicity2,WINDPOWER,1024,2010,0.124310164
Simplicity2,WINDPOWER,1025,2010,0.124264522
Simplicity2,WINDPOWER,1026,2010,0.124217494
Simplicity2,WINDPOWER,1027,2010,0.124233179
Simplicity2,WINDPOWER,1028,2010,0.124178886
Simplicity2,WINDPOWER,1029,2010,0.124135486
Simplicity2,WINDPOWER,1030,2010,0.124067692
Simplicity2,WINDPOWER,1031,2010,0.12408802
Simplicity2,WINDPOWER,1032,2010,0.124060367
Simplicity2,WINDPOWER,1033,2010,0.124010949
Simplicity2,WINDPOWER,1034,2010,0.124007861
Simplicity2,WINDPOWER,1035,2010,0.123952901
Simplicity2,WINDPOWER,1036,2010,0.123913805
Simplicity2,WINDPOWER,1037,2010,0.123882243
Simplicity2,WINDPOWER,1038,2010,0.123835579
Simplicity2,WINDPOWER,1039,2010,0.123803938
Simplicity2,WINDPOWER,1040,2010,0.123734584
Simplicity2,WINDPOWER,1041,2010,0.123732592
Simplicity2,WINDPOWER,1042,2010,0.12366018
Simplicity2,WINDPOWER,1043,2010,0.123699626
Simplicity2,WINDPOWER,1044,2010,0.123627895
Simplicity2,WINDPOWER,1045,2010,0.123607947
Simplicity2,WINDPOWER,1046,2010,0.123571631
Simplicity2,WINDPOWER,1047,2010,0.123524531
Simplicity2,WINDPOWER,1048,2010,0.123520965
Simplicity2,WINDPOWER,1049,2010,0.123493714
Simplicity2,WINDPOWER,1050,2010,0.123432854
Simplicity2,WINDPOWER,1051,2010,0.123425826
Simplicity2,WINDPOWER,1052,2010,0.123372925
Simplicity2,WINDPOWER,1053,2010,0.123376642
Simplicity2,WINDPOWER,1054,2010,0.123342087
Simplicity2,WINDPOWER,1055,2010,0.123329268
Simplicity2,WINDPOWER,1056,2010,0.123332015
Simplicity2,WINDPOWER,1057,2010,0.123293164
Simplicity2,WINDPOWER,1058,2010,0.123284131
Simplicity2,WINDPOWER,1059,2010,0.123231287
Simplicity2,WINDPOWER,1060,2010,0.12317199
Simplicity2,WINDPOWER,1061,2010,0.123152436
Simplicity2,WINDPOWER,1062,2010,0.123103909
Simplicity2,WINDPOWER,1063,2010,0.123070674
Simplicity2,WINDPOWER,1064,2010,0.123026593
Simplicity2,WINDPOWER,1065,2010,0.123036066
Simplicity2,WINDPOWER,1066,2010,0.122960234
Simplicity2,WINDPOWER,1067,2010,0.122961958
Simplicity2,WINDPOWER,1068,2010,0.122923457
Simplicity2,WINDPOWER,1069,2010,0.122850093
Simplicity2,WINDPOWER,1070,2010,0.122817453
Simplicity2,WINDPOWER,1071,2010,0.122791823
Simplicity2,WINDPOWER,1072,2010,0.122751238
Simplicity2,WINDPOWER,1073,2010,0.122730567
Simplicity2,WINDPOWER,1074,2010,0.12268805
Simplicity2,WINDPOWER,1075,2010,0.122687739
Simplicity2,WINDPOWER,1076,2010,0.122646035
Simplicity2,WINDPOWER,1077,2010,0.12263904
Simplicity2,WINDPOWER,1078,2010,0.122596428
Simplicity2,WINDPOWER,1079,2010,0.122585596
Simplicity2,WINDPOWER,1080,2010,0.122562501
Simplicity2,WINDPOWER,1081,2010,0.122528947
Simplicity2,WINDPOWER,1082,2010,0.122468056
Simplicity2,WINDPOWER,1083,2010,0.122448622
Simplicity2,WINDPOWER,1084,2010,0.122416193
Simplicity2,WINDPOWER,1085,2010,0.122449478
Simplicity2,WINDPOWER,1086,2010,0.122409112
Simplicity2,WINDPOWER,1087,2010,0.122323578
Simplicity2,WINDPOWER,1088,2010,0.122293295
Simplicity2,WINDPOWER,1089,2010,0.122286915
Simplicity2,WINDPOWER,1090,2010,0.122236219
Simplicity2,WINDPOWER,1091,2010,0.12221841
Simplicity2,WINDPOWER,1092,2010,0.12220976
Simplicity2,WINDPOWER,1093,2010,0.122143867
Simplicity2,WINDPOWER,1094,2010,0.122142305
Simplicity2,WINDPOWER,1095,2010,0.122104497
Simplicity2,WINDPOWER,1096,2010,0.122075885
Simplicity2,WINDPOWER,1097,2010,0.122032887
Simplicity2,WINDPOWER,1098,2010,0.122033232
Simplicity2,WINDPOWER,1099,2010,0.122004219
Simplicity2,WINDPOWER,1100,2010,0.121947244
Simplicity2,WINDPOWER,1101,2010,0.12191529
Simplicity2,WINDPOWER,1102,2010,0.121891431
Simplicity2,WINDPOWER,1103,2010,0.121872236
Simplicity2,WINDPOWER,1104,2010,0.121835299
Simplicity2,WINDPOWER,1105,2010,0.121793018
Simplicity2,WINDPOWER,1106,2010,0.121749249
Simplicity2,WINDPOWER,1107,2010,0.121748094
Simplicity2,WINDPOWER,1108,2010,0.121690785
Simplicity2,WINDPOWER,1109,2010,0.121683629
Simplicity2,WINDPOWER,1110,2010,0.121660088
Simplicity2,WINDPOWER,1111,2010,0.121610013
Simplicity2,WINDPOWER,1112,2010,0.121588475
Simplicity2,WINDPOWER,1113,2010,0.121547835
Simplicity2,WINDPOWER,1114,2010,0.121492804
Simplicity2,WINDPOWER,1115,2010,0.121461237
Simplicity2,WINDPOWER,1116,2010,0.121431593
Simplicity2,WINDPOWER,1117,2010,0.121417343
Simplicity2,WINDPOWER,1118,2010,0.121367462
Simplicity2,WINDPOWER,1119,2010,0.121321845
Simplicity2,WINDPOWER,1120,2010,0.12132534
Simplicity2,WINDPOWER,1121,2010,0.121294179
Simplicity2,WINDPOWER,1122,2010,0.121247381
Simplicity2,WINDPOWER,1123,2010,0.121241464
Simplicity2,WINDPOWER,1124,2010,0.121193309
Simplicity2,WINDPOWER,1125,2010,0.12117223
Simplicity2,WINDPOWER,1126,2010,0.121139704
Simplicity2,WINDPOWER,1127,2010,0.12112589
Simplicity2,WINDPOWER,1128,2010,0.121124194
Simplicity2,WINDPOWER,1129,2010,0.121097472
Simplicity2,WINDPOWER,1130,2010,0.121074019
Simplicity2,WINDPOWER,1131,2010,0.121019109
Simplicity2,WINDPOWER,1132,2010,0.120953029
Simplicity2,WINDPOWER,1133,2010,0.120964215
Simplicity2,WINDPOWER,1134,2010,0.120926049
Simplicity2,WINDPOWER,1135,2010,0.120869555
Simplicity2,WINDPOWER,1136,2010,0.120884689
Simplicity2,WINDPOWER,1137,2010,0.12083867
Simplicity2,WINDPOWER,1138,2010,0.120770127
Simplicity2,WINDPOWER,1139,2010,0.12077749
Simplicity2,WINDPOWER,1140,2010,0.120749492
Simplicity2,WINDPOWER,1141,2010,0.120704533
Simplicity2,WINDPOWER,1142,2010,0.120659547
Simplicity2,WINDPOWER,1143,2010,0.120634643
Simplicity2,WINDPOWER,1144,2010,0.120551699
Simplicity2,WINDPOWER,1145,2010,0.120533377
Simplicity2,WINDPOWER,1146,2010,0.120523447
Simplicity2,WINDPOWER,1147,2010,0.120520747
Simplicity2,WINDPOWER,1148,2010,0.120475687
Simplicity2,WINDPOWER,1149,2010,0.120445455
Simplicity2,WINDPOWER,1150,2010,0.120368458
Simplicity2,WINDPOWER,1151,2010,0.120376869
Simplicity2,WINDPOWER,1152,2010,0.120317729
Simplicity2,WINDPOWER,1153,2010,0.120296424
Simplicity2,WINDPOWER,1154,2010,0.120246932
Simplicity2,WINDPOWER,1155,2010,0.12022921
Simplicity2,WINDPOWER,1156,2010,0.12020507
Simplicity2,WINDPOWER,1157,2010,0.120184826
Simplicity2,WINDPOWER,1158,2010,0.120188878
Simplicity2,WINDPOWER,1159,2010,0.120133339
Simplicity2,WINDPOWER,1160,2010,0.120120795
Simplicity2,WINDPOWER,1161,2010,0.120110759
Simplicity2,WINDPOWER,1162,2010,0.120064539
Simplicity2,WINDPOWER,1163,2010,0.12004073
Simplicity2,WINDPOWER,1164,2010,0.120047581
Simplicity2,WINDPOWER,1165,2010,0.120006543
Simplicity2,WINDPOWER,1166,2010,0.119976932
Simplicity2,WINDPOWER,1167,2010,0.119947336
Simplicity2,WINDPOWER,1168,2010,0.119921214
Simplicity2,WINDPOWER,1169,2010,0.119878217
Simplicity2,WINDPOWER,1170,2010,0.119821371
Simplicity2,WINDPOWER,1171,2010,0.119844774
Simplicity2,WINDPOWER,1172,2010,0.119841136
Simplicity2,WINDPOWER,1173,2010,0.11976015
Simplicity2,WINDPOWER,1174,2010,0.119749618
Simplicity2,WINDPOWER,1175,2010,0.11972081
Simplicity2,WINDPOWER,1176,2010,0.11971936
Simplicity2,WINDPOWER,1177,2010,0.11971002
Simplicity2,WINDPOWER,1178,2010,0.11968316
Simplicity2,WINDPOWER,1179,2010,0.119642481
Simplicity2,WINDPOWER,1180,2010,0.119588301
Simplicity2,WINDPOWER,1181,2010,0.11957308
Simplicity2,WINDPOWER,1182,2010,0.119511536
Simplicity2,WINDPOWER,1183,2010,0.119482372
Simplicity2,WINDPOWER,1184,2010,0.119467279
Simplicity2,WINDPOWER,1185,2010,0.119407412
Simplicity2,WINDPOWER,1186,2010,0.119351639
Simplicity2,WINDPOWER,1187,2010,0.119299682
Simplicity2,WINDPOWER,1188,2010,0.11927283
Simplicity2,WINDPOWER,1189,2010,0.119256039
Simplicity2,WINDPOWER,1190,2010,0.119232518
Simplicity2,WINDPOWER,1191,2010,0.119193041
Simplicity2,WINDPOWER,1192,2010,0.119166638
Simplicity2,WINDPOWER,1193,2010,0.119118273
Simplicity2,WINDPOWER,1194,2010,0.119126821
Simplicity2,WINDPOWER,1195,2010,0.119067861
Simplicity2,WINDPOWER,1196,2010,0.119059795
Simplicity2,WINDPOWER,1197,2010,0.119057727
Simplicity2,WINDPOWER,1198,2010,0.119033246
Simplicity2,WINDPOWER,1199,2010,0.118989647
Simplicity2,WINDPOWER,1200,2010,0.118957428
Simplicity2,WINDPOWER,1201,2010,0.118930838
Simplicity2,WINDPOWER,1202,2010,0.118896286
Simplicity2,WINDPOWER,1203,2010,0.118896712
Simplicity2,WINDPOWER,1204,2010,0.118877653
Simplicity2,WINDPOWER,1205,2010,0.118807408
Simplicity2,WINDPOWER,1206,2010,0.118800635
Simplicity2,WINDPOWER,1207,2010,0.118778472
Simplicity2,WINDPOWER,1208,2010,0.118705713
Simplicity2,WINDPOWER,1209,2010,0.118693911
Simplicity2,WINDPOWER,1210,2010,0.118663744
Simplicity2,WINDPOWER,1211,2010,0.118615185
Simplicity2,WINDPOWER,1212,2010,0.118588543
Simplicity2,WINDPOWER,1213,2010,0.118609205
Simplicity2,WINDPOWER,1214,2010,0.118551757
Simplicity2,WINDPOWER,1215,2010,0.118525102
Simplicity2,WINDPOWER,1216,2010,0.11852875
Simplicity2,WINDPOWER,1217,2010,0.118508611
Simplicity2,WINDPOWER,1218,2010,0.11848981
Simplicity2,WINDPOWER,1219,2010,0.118447735
Simplicity2,WINDPOWER,1220,2010,0.11838312
Simplicity2,WINDPOWER,1221,2010,0.118364889
Simplicity2,WINDPOWER,1222,2010,0.118366637
Simplicity2,WINDPOWER,1223,2010,0.118298305
Simplicity2,WINDPOWER,1224,2010,0.118281353
Simplicity2,WINDPOWER,1225,2010,0.118223997
Simplicity2,WINDPOWER,1226,2010,0.118196248
Simplicity2,WINDPOWER,1227,2010,0.118131779
Simplicity2,WINDPOWER,1228,2010,0.11813634
Simplicity2,WINDPOWER,1229,2010,0.118097107
Simplicity2,WINDPOWER,1230,2010,0.118015725
Simplicity2,WINDPOWER,1231,2010,0.118018988
Simplicity2,WINDPOWER,1232,2010,0.117995045
Simplicity2,WINDPOWER,1233,2010,0.117974345
Simplicity2,WINDPOWER,1234,2010,0.117968673
Simplicity2,WINDPOWER,1235,2010,0.117934505
Simplicity2,WINDPOWER,1236,2010,0.117900733
Simplicity2,WINDPOWER,1237,2010,0.117886881
Simplicity2,WINDPOWER,1238,2010,0.117829735
Simplicity2,WINDPOWER,1239,2010,0.117802251
Simplicity2,WINDPOWER,1240,2010,0.11778765
Simplicity2,WINDPOWER,1241,2010,0.117745541
Simplicity2,WINDPOWER,1242,2010,0.117760763
Simplicity2,WINDPOWER,1243,2010,0.117712766
Simplicity2,WINDPOWER,1244,2010,0.117690149
Simplicity2,WINDPOWER,1245,2010,0.117661261
Simplicity2,WINDPOWER,1246,2010,0.117674499
Simplicity2,WINDPOWER,1247,2010,0.117661807
Simplicity2,WINDPOWER,1248,2010,0.117636364
Simplicity2,WINDPOWER,1249,2010,0.117618315
Simplicity2,WINDPOWER,1250,2010,0.117591634
Simplicity2,WINDPOWER,1251,2010,0.11756988
Simplicity2,WINDPOWER,1252,2010,0.11755891
Simplicity2,WINDPOWER,1253,2010,0.11751174
Simplicity2,WINDPOWER,1254,2010,0.117486711
Simplicity2,WINDPOWER,1255,2010,0.117433774
Simplicity2,WINDPOWER,1256,2010,0.117412907
Simplicity2,WINDPOWER,1257,2010,0.117383961
Simplicity2,WINDPOWER,1258,2010,0.117317005
Simplicity2,WINDPOWER,1259,2010,0.117308166
Simplicity2,WINDPOWER,1260,2010,0.117298456
Simplicity2,WINDPOWER,1261,2010,0.117244632
Simplicity2,WINDPOWER,1262,2010,0.117208901
Simplicity2,WINDPOWER,1263,2010,0.117202048
Simplicity2,WINDPOWER,1264,2010,0.117184995
Simplicity2,WINDPOWER,1265,2010,0.117172807
Simplicity2,WINDPOWER,1266,2010,0.117118005
Simplicity2,WINDPOWER,1267,2010,0.117130924
Simplicity2,WINDPOWER,1268,2010,0.117091174
Simplicity2,WINDPOWER,1269,2010,0.117062488
Simplicity2,WINDPOWER,1270,2010,0.117024196
Simplicity2,WINDPOWER,1271,2010,0.117021665
Simplicity2,WINDPOWER,1272,2010,0.116986804
Simplicity2,WINDPOWER,1273,2010,0.116953362
Simplicity2,WINDPOWER,1274,2010,0.116896137
Simplicity2,WINDPOWER,1275,2010,0.116868757
Simplicity2,WINDPOWER,1276,2010,0.116852424
Simplicity2,WINDPOWER,1277,2010,0.116808385
Simplicity2,WINDPOWER,1278,2010,0.116768388
Simplicity2,WINDPOWER,1279,2010,0.116742572
Simplicity2,WINDPOWER,1280,2010,0.116742879
Simplicity2,WINDPOWER,1281,2010,0.116682394
Simplicity2,WINDPOWER,1282,2010,0.1166113
Simplicity2,WINDPOWER,1283,2010,0.116642439
Simplicity2,WINDPOWER,1284,2010,0.116618047
Simplicity2,WINDPOWER,1285,2010,0.116554869
Simplicity2,WINDPOWER,1286,2010,0.116546317
Simplicity2,WINDPOWER,1287,2010,0.116584385
Simplicity2,WINDPOWER,1288,2010,0.11659903
Simplicity2,WINDPOWER,1289,2010,0.116522417
Simplicity2,WINDPOWER,1290,2010,0.116483474
Simplicity2,WINDPOWER,1291,2010,0.116497991
Simplicity2,WINDPOWER,1292,2010,0.116441926
Simplicity2,WINDPOWER,1293,2010,0.116460384
Simplicity2,WINDPOWER,1294,2010,0.116459948
Simplicity2,WINDPOWER,1295,2010,0.116379232
Simplicity2,WINDPOWER,1296,2010,0.116309675
Simplicity2,WINDPOWER,1297,2010,0.116243572
Simplicity2,WINDPOWER,1298,2010,0.116351314
Simplicity2,WINDPOWER,1299,2010,0.116305266
Simplicity2,WINDPOWER,1300,2010,0.116267173
Simplicity2,WINDPOWER,1301,2010,0.116474189
Simplicity2,WINDPOWER,1302,2010,0.116539192
Simplicity2,WINDPOWER,1303,2010,0.116493479
Simplicity2,WINDPOWER,1304,2010,0.11642773
Simplicity2,WINDPOWER,1305,2010,0.116455261
Simplicity2,WINDPOWER,1306,2010,0.11640224
Simplicity2,WINDPOWER,1307,2010,0.116284286
Simplicity2,WINDPOWER,1308,2010,0.116310046
Simplicity2,WINDPOWER,1309,2010,0.116366846
Simplicity2,WINDPOWER,1310,2010,0.116485266
Simplicity2,WINDPOWER,1311,2010,0.116531304
Simplicity2,WINDPOWER,1312,2010,0.116481592
Simplicity2,WINDPOWER,1313,2010,0.116442086
Simplicity2,WINDPOWER,1314,2010,0.11642968
Simplicity2,WINDPOWER,1315,2010,0.116354129
Simplicity2,WINDPOWER,1316,2010,0.116304567
Simplicity2,WINDPOWER,1317,2010,0.116485049
Simplicity2,WINDPOWER,1318,2010,0.116514333
Simplicity2,WINDPOWER,1319,2010,0.116458047
Simplicity2,WINDPOWER,1320,2010,0.116547095
Simplicity2,WINDPOWER,1321,2010,0.116584142
Simplicity2,WINDPOWER,1322,2010,0.116423307
Simplicity2,WINDPOWER,1323,2010,0.116146222
Simplicity2,WINDPOWER,1324,2010,0.116182044
Simplicity2,WINDPOWER,1325,2010,0.116321822
Simplicity2,WINDPOWER,1326,2010,0.116308435
Simplicity2,WINDPOWER,1327,2010,0.116202541
Simplicity2,WINDPOWER,1328,2010,0.116063236
Simplicity2,WINDPOWER,1329,2010,0.116202056
Simplicity2,WINDPOWER,1330,2010,0.116182336
Simplicity2,WINDPOWER,1331,2010,0.115930791
Simplicity2,WINDPOWER,1332,2010,0.115997963
Simplicity2,WINDPOWER,1333,2010,0.116146851
Simplicity2,WINDPOWER,1334,2010,0.116139733
Simplicity2,WINDPOWER,1335,2010,0.116051854
Simplicity2,WINDPOWER,1336,2010,0.115876971
Simplicity2,WINDPOWER,1337,2010,0.115734922
Simplicity2,WINDPOWER,1338,2010,0.115571202
Simplicity2,WINDPOWER,1339,2010,0.115606905
Simplicity2,WINDPOWER,1340,2010,0.115595334
Simplicity2,WINDPOWER,1341,2010,0.115661205
Simplicity2,WINDPOWER,1342,2010,0.115625028
Simplicity2,WINDPOWER,1343,2010,0.115662511
Simplicity2,WINDPOWER,1344,2010,0.115890824
Simplicity2,WINDPOWER,1345,2010,0.116005721
Simplicity2,WINDPOWER,1346,2010,0.115951175
Simplicity2,WINDPOWER,1347,2010,0.115778204
Simplicity2,WINDPOWER,1348,2010,0.115944459
Simplicity2,WINDPOWER,1349,2010,0.116033756
Simplicity2,WINDPOWER,1350,2010,0.115956444
Simplicity2,WINDPOWER,1351,2010,0.115930461
Simplicity2,WINDPOWER,1352,2010,0.115933412
Simplicity2,WINDPOWER,1353,2010,0.115898783
Simplicity2,WINDPOWER,1354,2010,0.115636111
Simplicity2,WINDPOWER,1355,2010,0.115537388
Simplicity2,WINDPOWER,1356,2010,0.11552992
Simplicity2,WINDPOWER,1357,2010,0.115692375
Simplicity2,WINDPOWER,1358,2010,0.115789615
Simplicity2,WINDPOWER,1359,2010,0.115625839
Simplicity2,WINDPOWER,1360,2010,0.115484632
Simplicity2,WINDPOWER,1361,2010,0.115420984
Simplicity2,WINDPOWER,1362,2010,0.115395255
Simplicity2,WINDPOWER,1363,2010,0.115618934
Simplicity2,WINDPOWER,1364,2010,0.115858535
Simplicity2,WINDPOWER,1365,2010,0.115920491
Simplicity2,WINDPOWER,1366,2010,0.115795344
Simplicity2,WINDPOWER,1367,2010,0.11565837
Simplicity2,WINDPOWER,1368,2010,0.115573285
Simplicity2,WINDPOWER,1369,2010,0.115618412
Simplicity2,WINDPOWER,1370,2010,0.115574343
Simplicity2,WINDPOWER,1371,2010,0.115578412
Simplicity2,WINDPOWER,1372,2010,0.115586717
Simplicity2,WINDPOWER,1373,2010,0.115612447
Simplicity2,WINDPOWER,1374,2010,0.115593257
Simplicity2,WINDPOWER,1375,2010,0.115752861
Simplicity2,WINDPOWER,1376,2010,0.115904133
Simplicity2,WINDPOWER,1377,2010,0.116012658
Simplicity2,WINDPOWER,1378,2010,0.115854829
Simplicity2,WINDPOWER,1379,2010,0.115534322
Simplicity2,WINDPOWER,1380,2010,0.115427819
Simplicity2,WINDPOWER,1381,2010,0.115244457
Simplicity2,WINDPOWER,1382,2010,0.115310966
Simplicity2,WINDPOWER,1383,2010,0.115369519
Simplicity2,WINDPOWER,1384,2010,0.115299862
Simplicity2,WINDPOWER,1385,2010,0.115251198
Simplicity2,WINDPOWER,1386,2010,0.115057828
Simplicity2,WINDPOWER,1387,2010,0.115067418
Simplicity2,WINDPOWER,1388,2010,0.115090125
Simplicity2,WINDPOWER,1389,2010,0.115101543
Simplicity2,WINDPOWER,1390,2010,0.115128864
Simplicity2,WINDPOWER,1391,2010,0.115100812
Simplicity2,WINDPOWER,1392,2010,0.114968371
Simplicity2,WINDPOWER,1393,2010,0.114837407
Simplicity2,WINDPOWER,1394,2010,0.114702095
Simplicity2,WINDPOWER,1395,2010,0.114724135
Simplicity2,WINDPOWER,1396,2010,0.114751933
Simplicity2,WINDPOWER,1397,2010,0.114659763
Simplicity2,WINDPOWER,1398,2010,0.114623887
Simplicity2,WINDPOWER,1399,2010,0.114643116
Simplicity2,WINDPOWER,1400,2010,0.114731154
Simplicity2,WINDPOWER,1401,2010,0.114912678
Simplicity2,WINDPOWER,1402,2010,0.114955657
Simplicity2,WINDPOWER,1403,2010,0.114982521
Simplicity2,WINDPOWER,1404,2010,0.115143515
Simplicity2,WINDPOWER,1405,2010,0.115244457
Simplicity2,WINDPOWER,1406,2010,0.11534948
Simplicity2,WINDPOWER,1407,2010,0.115463444
Simplicity2,WINDPOWER,1408,2010,0.115585969
Simplicity2,WINDPOWER,1409,2010,0.115666008
Simplicity2,WINDPOWER,1410,2010,0.131200533
Simplicity2,WINDPOWER,1411,2010,0.131254201
Simplicity2,WINDPOWER,1412,2010,0.131325327
Simplicity2,WINDPOWER,1413,2010,0.131445585
Simplicity2,WINDPOWER,1414,2010,0.131384809
Simplicity2,WINDPOWER,1415,2010,0.131356565
Simplicity2,WINDPOWER,1416,2010,0.131376794
Simplicity2,WINDPOWER,1417,2010,0.131293782
Simplicity2,WINDPOWER,1418,2010,0.131211132
Simplicity2,WINDPOWER,1419,2010,0.131044956
Simplicity2,WINDPOWER,1420,2010,0.130867727
Simplicity2,WINDPOWER,1421,2010,0.130758953
Simplicity2,WINDPOWER,1422,2010,0.130544641
Simplicity2,WINDPOWER,1423,2010,0.130279702
Simplicity2,WINDPOWER,1424,2010,0.130041611
Simplicity2,WINDPOWER,1425,2010,0.129818892
Simplicity2,WINDPOWER,1426,2010,0.12977673
Simplicity2,WINDPOWER,1427,2010,0.12976722
Simplicity2,WINDPOWER,1428,2010,0.129552295
Simplicity2,WINDPOWER,1429,2010,0.129769802
Simplicity2,WINDPOWER,1430,2010,0.129638216
Simplicity2,WINDPOWER,1431,2010,0.129500874
Simplicity2,WINDPOWER,1432,2010,0.12945939
Simplicity2,WINDPOWER,1433,2010,0.129416104
Simplicity2,WINDPOWER,1434,2010,0.129268828
Simplicity2,WINDPOWER,1435,2010,0.129225565
Simplicity2,WINDPOWER,1436,2010,0.129102673
Simplicity2,WINDPOWER,1437,2010,0.129207184
Simplicity2,WINDPOWER,1438,2010,0.129145048
Simplicity2,WINDPOWER,1439,2010,0.129139352
Simplicity2,WINDPOWER,1440,2010,0.129181687
Simplicity2,WINDPOWER,1441,2010,0.129098685
Simplicity2,WINDPOWER,1442,2010,0.129141703
Simplicity2,WINDPOWER,1443,2010,0.129414092
Simplicity2,WINDPOWER,1444,2010,0.129493409
Simplicity2,WINDPOWER,1445,2010,0.129496024
Simplicity2,WINDPOWER,1446,2010,0.129368361
Simplicity2,WINDPOWER,1447,2010,0.129360141
Simplicity2,WINDPOWER,1448,2010,0.129398439
Simplicity2,WINDPOWER,1449,2010,0.129626576
Simplicity2,WINDPOWER,1450,2010,0.129688044
Simplicity2,WINDPOWER,1451,2010,0.130010426
Simplicity2,WINDPOWER,1452,2010,0.130231314
Simplicity2,WINDPOWER,1453,2010,0.13033775
Simplicity2,WINDPOWER,1454,2010,0.130380151
Simplicity2,WINDPOWER,1455,2010,0.1302363
Simplicity2,WINDPOWER,1456,2010,0.130371511
Simplicity2,WINDPOWER,1457,2010,0.130223139
Simplicity2,WINDPOWER,1458,2010,0.129845272
Simplicity2,WINDPOWER,1459,2010,0.129713458
Simplicity2,WINDPOWER,1460,2010,0.129487397
Simplicity2,WINDPOWER,1461,2010,0.129331735
Simplicity2,WINDPOWER,1462,2010,0.129325855
Simplicity2,WINDPOWER,1463,2010,0.128924633
Simplicity2,WINDPOWER,1464,2010,0.128889906
Simplicity2,WINDPOWER,1465,2010,0.128706456
Simplicity2,WINDPOWER,1466,2010,0.12848774
Simplicity2,WINDPOWER,1467,2010,0.128622814
Simplicity2,WINDPOWER,1468,2010,0.128934599
Simplicity2,WINDPOWER,1469,2010,0.128537714
Simplicity2,WINDPOWER,1470,2010,0.128250693
Simplicity2,WINDPOWER,1471,2010,0.127994381
Simplicity2,WINDPOWER,1472,2010,0.128013135
Simplicity2,WINDPOWER,1473,2010,0.128709801
Simplicity2,WINDPOWER,1474,2010,0.12862353
Simplicity2,WINDPOWER,1475,2010,0.128146896
Simplicity2,WINDPOWER,1476,2010,0.127786776
Simplicity2,WINDPOWER,1477,2010,0.127603543
Simplicity2,WINDPOWER,1478,2010,0.127746896
Simplicity2,WINDPOWER,1479,2010,0.128366808
Simplicity2,WINDPOWER,1480,2010,0.128742941
Simplicity2,WINDPOWER,1481,2010,0.128262121
Simplicity2,WINDPOWER,1482,2010,0.127609638
Simplicity2,WINDPOWER,1483,2010,0.127248887
Simplicity2,WINDPOWER,1484,2010,0.127098521
Simplicity2,WINDPOWER,1485,2010,0.127763176
Simplicity2,WINDPOWER,1486,2010,0.127073527
Simplicity2,WINDPOWER,1487,2010,0.127090784
Simplicity2,WINDPOWER,1488,2010,0.12686962
Simplicity2,WINDPOWER,1489,2010,0.126617043
Simplicity2,WINDPOWER,1490,2010,0.126500744
Simplicity2,WINDPOWER,1491,2010,0.126833702
Simplicity2,WINDPOWER,1492,2010,0.126670118
Simplicity2,WINDPOWER,1493,2010,0.12666826
Simplicity2,WINDPOWER,1494,2010,0.126408564
Simplicity2,WINDPOWER,1495,2010,0.126236061
Simplicity2,WINDPOWER,1496,2010,0.126086096
Simplicity2,WINDPOWER,1497,2010,0.126064703
Simplicity2,WINDPOWER,1498,2010,0.12584954
Simplicity2,WINDPOWER,1499,2010,0.125969266
Simplicity2,WINDPOWER,1500,2010,0.126291444
Simplicity2,WINDPOWER,1501,2010,0.126599305
Simplicity2,WINDPOWER,1502,2010,0.126919985
Simplicity2,WINDPOWER,1503,2010,0.126705424
Simplicity2,WINDPOWER,1504,2010,0.126410315
Simplicity2,WINDPOWER,1505,2010,0.126134508
Simplicity2,WINDPOWER,1506,2010,0.125841891
Simplicity2,WINDPOWER,1507,2010,0.125993538
Simplicity2,WINDPOWER,1508,2010,0.126113441
Simplicity2,WINDPOWER,1509,2010,0.126167705
Simplicity2,WINDPOWER,1510,2010,0.126613331
Simplicity2,WINDPOWER,1511,2010,0.126627599
Simplicity2,WINDPOWER,1512,2010,0.126310569
Simplicity2,WINDPOWER,1513,2010,0.126464194
Simplicity2,WINDPOWER,1514,2010,0.126484584
Simplicity2,WINDPOWER,1515,2010,0.126339247
Simplicity2,WINDPOWER,1516,2010,0.126238834
Simplicity2,WINDPOWER,1517,2010,0.126635403
Simplicity2,WINDPOWER,1518,2010,0.126347641
Simplicity2,WINDPOWER,1519,2010,0.126090085
Simplicity2,WINDPOWER,1520,2010,0.126202621
Simplicity2,WINDPOWER,1521,2010,0.125986013
Simplicity2,WINDPOWER,1522,2010,0.125985997
Simplicity2,WINDPOWER,1523,2010,0.125857717
Simplicity2,WINDPOWER,1524,2010,0.125845677
Simplicity2,WINDPOWER,1525,2010,0.126003142
Simplicity2,WINDPOWER,1526,2010,0.126478199
Simplicity2,WINDPOWER,1527,2010,0.126670488
Simplicity2,WINDPOWER,1528,2010,0.126136675
Simplicity2,WINDPOWER,1529,2010,0.125613456
Simplicity2,WINDPOWER,1530,2010,0.125295862
Simplicity2,WINDPOWER,1531,2010,0.125242877
Simplicity2,WINDPOWER,1532,2010,0.125969304
Simplicity2,WINDPOWER,1533,2010,0.127356618
Simplicity2,WINDPOWER,1534,2010,0.129616754
Simplicity2,WINDPOWER,1535,2010,0.129729647
Simplicity2,WINDPOWER,1536,2010,0.128822564
Simplicity2,WINDPOWER,1537,2010,0.12892888
Simplicity2,WINDPOWER,1538,2010,0.129071889
Simplicity2,WINDPOWER,1539,2010,0.12920644
Simplicity2,WINDPOWER,1540,2010,0.130325052
Simplicity2,WINDPOWER,1541,2010,0.130432196
Simplicity2,WINDPOWER,1542,2010,0.13019873
Simplicity2,WINDPOWER,1543,2010,0.130070068
Simplicity2,WINDPOWER,1544,2010,0.128057766
Simplicity2,WINDPOWER,1545,2010,0.127856157
Simplicity2,WINDPOWER,1546,2010,0.130207568
Simplicity2,WINDPOWER,1547,2010,0.130112277
Simplicity2,WINDPOWER,1548,2010,0.128283396
Simplicity2,WINDPOWER,1549,2010,0.126617938
Simplicity2,WINDPOWER,1550,2010,0.127038879
Simplicity2,WINDPOWER,1551,2010,0.128261331
Simplicity2,WINDPOWER,1552,2010,0.129632274
Simplicity2,WINDPOWER,1553,2010,0.129849512
Simplicity2,WINDPOWER,1554,2010,0.128619369
Simplicity2,WINDPOWER,1555,2010,0.128441987
Simplicity2,WINDPOWER,1556,2010,0.129065687
Simplicity2,WINDPOWER,1557,2010,0.130192799
Simplicity2,WINDPOWER,1558,2010,0.1304041
Simplicity2,WINDPOWER,1559,2010,0.130724913
Simplicity2,WINDPOWER,1560,2010,0.130359608
Simplicity2,WINDPOWER,1561,2010,0.129541015
Simplicity2,WINDPOWER,1562,2010,0.129151247
Simplicity2,WINDPOWER,1563,2010,0.128859672
Simplicity2,WINDPOWER,1564,2010,0.128875851
Simplicity2,WINDPOWER,1565,2010,0.129092703
Simplicity2,WINDPOWER,1566,2010,0.128875307
Simplicity2,WINDPOWER,1567,2010,0.128791372
Simplicity2,WINDPOWER,1568,2010,0.129230964
Simplicity2,WINDPOWER,1569,2010,0.13015575
Simplicity2,WINDPOWER,1570,2010,0.130581262
Simplicity2,WINDPOWER,1571,2010,0.13003003
Simplicity2,WINDPOWER,1572,2010,0.12985832
Simplicity2,WINDPOWER,1573,2010,0.13006543
Simplicity2,WINDPOWER,1574,2010,0.131041465
Simplicity2,WINDPOWER,1575,2010,0.131544658
Simplicity2,WINDPOWER,1576,2010,0.131309811
Simplicity2,WINDPOWER,1577,2010,0.131075623
Simplicity2,WINDPOWER,1578,2010,0.130337577
Simplicity2,WINDPOWER,1579,2010,0.129937273
Simplicity2,WINDPOWER,1580,2010,0.12972275
Simplicity2,WINDPOWER,1581,2010,0.129450783
Simplicity2,WINDPOWER,1582,2010,0.128960231
Simplicity2,WINDPOWER,1583,2010,0.129032213
Simplicity2,WINDPOWER,1584,2010,0.128472949
Simplicity2,WINDPOWER,1585,2010,0.12882511
Simplicity2,WINDPOWER,1586,2010,0.129259627
Simplicity2,WINDPOWER,1587,2010,0.129411806
Simplicity2,WINDPOWER,1588,2010,0.129134449
Simplicity2,WINDPOWER,1589,2010,0.127678468
Simplicity2,WINDPOWER,1590,2010,0.12772926
Simplicity2,WINDPOWER,1591,2010,0.127547995
Simplicity2,WINDPOWER,1592,2010,0.127498138
Simplicity2,WINDPOWER,1593,2010,0.127292645
Simplicity2,WINDPOWER,1594,2010,0.127575956
Simplicity2,WINDPOWER,1595,2010,0.127414809
Simplicity2,WINDPOWER,1596,2010,0.127753536
Simplicity2,WINDPOWER,1597,2010,0.128652359
Simplicity2,WINDPOWER,1598,2010,0.128824935
Simplicity2,WINDPOWER,1599,2010,0.128003172
Simplicity2,WINDPOWER,1600,2010,0.127368205
Simplicity2,WINDPOWER,1601,2010,0.127516221
Simplicity2,WINDPOWER,1602,2010,0.127515864
Simplicity2,WINDPOWER,1603,2010,0.127253083
Simplicity2,WINDPOWER,1604,2010,0.127096988
Simplicity2,WINDPOWER,1605,2010,0.127385205
Simplicity2,WINDPOWER,1606,2010,0.127799734
Simplicity2,WINDPOWER,1607,2010,0.127838336
Simplicity2,WINDPOWER,1608,2010,0.127881479
Simplicity2,WINDPOWER,1609,2010,0.129027698
Simplicity2,WINDPOWER,1610,2010,0.128401704
Simplicity2,WINDPOWER,1611,2010,0.127933048
Simplicity2,WINDPOWER,1612,2010,0.127676829
Simplicity2,WINDPOWER,1613,2010,0.128374933
Simplicity2,WINDPOWER,1614,2010,0.128422879
Simplicity2,WINDPOWER,1615,2010,0.127735449
Simplicity2,WINDPOWER,1616,2010,0.127691442
Simplicity2,WINDPOWER,1617,2010,0.127705966
Simplicity2,WINDPOWER,1618,2010,0.126711464
Simplicity2,WINDPOWER,1619,2010,0.12669393
Simplicity2,WINDPOWER,1620,2010,0.126419486
Simplicity2,WINDPOWER,1621,2010,0.127059238
Simplicity2,WINDPOWER,1622,2010,0.127755028
Simplicity2,WINDPOWER,1623,2010,0.128382304
Simplicity2,WINDPOWER,1624,2010,0.12697836
Simplicity2,WINDPOWER,1625,2010,0.125656874
Simplicity2,WINDPOWER,1626,2010,0.125403556
Simplicity2,WINDPOWER,1627,2010,0.125315701
Simplicity2,WINDPOWER,1628,2010,0.126828035
Simplicity2,WINDPOWER,1629,2010,0.127548458
Simplicity2,WINDPOWER,1630,2010,0.126897986
Simplicity2,WINDPOWER,1631,2010,0.126780661
Simplicity2,WINDPOWER,1632,2010,0.127102326
Simplicity2,WINDPOWER,1633,2010,0.126918708
Simplicity2,WINDPOWER,1634,2010,0.127393278
Simplicity2,WINDPOWER,1635,2010,0.126446843
Simplicity2,WINDPOWER,1636,2010,0.126172969
Simplicity2,WINDPOWER,1637,2010,0.127079692
Simplicity2,WINDPOWER,1638,2010,0.126454263
Simplicity2,WINDPOWER,1639,2010,0.126700063
Simplicity2,WINDPOWER,1640,2010,0.125885046
Simplicity2,WINDPOWER,1641,2010,0.125737259
Simplicity2,WINDPOWER,1642,2010,0.125938543
Simplicity2,WINDPOWER,1643,2010,0.126184822
Simplicity2,WINDPOWER,1644,2010,0.125961538
Simplicity2,WINDPOWER,1645,2010,0.126268787
Simplicity2,WINDPOWER,1646,2010,0.126554818
Simplicity2,WINDPOWER,1647,2010,0.127140504
Simplicity2,WINDPOWER,1648,2010,0.127022577
Simplicity2,WINDPOWER,1649,2010,0.126312745
Simplicity2,WINDPOWER,1650,2010,0.125524044
Simplicity2,WINDPOWER,1651,2010,0.125278256
Simplicity2,WINDPOWER,1652,2010,0.126057119
Simplicity2,WINDPOWER,1653,2010,0.125738367
Simplicity2,WINDPOWER,1654,2010,0.125249701
Simplicity2,WINDPOWER,1655,2010,0.126027759
Simplicity2,WINDPOWER,1656,2010,0.125200811
Simplicity2,WINDPOWER,1657,2010,0.125269357
Simplicity2,WINDPOWER,1658,2010,0.124965591
Simplicity2,WINDPOWER,1659,2010,0.124281532
Simplicity2,WINDPOWER,1660,2010,0.124370733
Simplicity2,WINDPOWER,1661,2010,0.124190921
Simplicity2,WINDPOWER,1662,2010,0.124627311
Simplicity2,WINDPOWER,1663,2010,0.124861302
Simplicity2,WINDPOWER,1664,2010,0.125053991
Simplicity2,WINDPOWER,1665,2010,0.125135103
Simplicity2,WINDPOWER,1666,2010,0.124406537
Simplicity2,WINDPOWER,1667,2010,0.124077941
Simplicity2,WINDPOWER,1668,2010,0.123826608
Simplicity2,WINDPOWER,1669,2010,0.123410887
Simplicity2,WINDPOWER,1670,2010,0.123868553
Simplicity2,WINDPOWER,1671,2010,0.124000131
Simplicity2,WINDPOWER,1672,2010,0.124798416
Simplicity2,WINDPOWER,1673,2010,0.125089841
Simplicity2,WINDPOWER,1674,2010,0.12489411
Simplicity2,WINDPOWER,1675,2010,0.124589908
Simplicity2,WINDPOWER,1676,2010,0.124633143
Simplicity2,WINDPOWER,1677,2010,0.125209186
Simplicity2,WINDPOWER,1678,2010,0.124924405
Simplicity2,WINDPOWER,1679,2010,0.124097716
Simplicity2,WINDPOWER,1680,2010,0.123677628
Simplicity2,WINDPOWER,1681,2010,0.123561432
Simplicity2,WINDPOWER,1682,2010,0.12291889
Simplicity2,WINDPOWER,1683,2010,0.122985178
Simplicity2,WINDPOWER,1684,2010,0.122900324
Simplicity2,WINDPOWER,1685,2010,0.122816726
Simplicity2,WINDPOWER,1686,2010,0.122796554
Simplicity2,WINDPOWER,1687,2010,0.122567446
Simplicity2,WINDPOWER,1688,2010,0.122487216
Simplicity2,WINDPOWER,1689,2010,0.122196472
Simplicity2,WINDPOWER,1690,2010,0.121909686
Simplicity2,WINDPOWER,1691,2010,0.121976662
Simplicity2,WINDPOWER,1692,2010,0.122196907
Simplicity2,WINDPOWER,1693,2010,0.122216536
Simplicity2,WINDPOWER,1694,2010,0.122528703
Simplicity2,WINDPOWER,1695,2010,0.123052704
Simplicity2,WINDPOWER,1696,2010,0.122776794
Simplicity2,WINDPOWER,1697,2010,0.122908101
Simplicity2,WINDPOWER,1698,2010,0.124019221
Simplicity2,WINDPOWER,1699,2010,0.124295879
Simplicity2,WINDPOWER,1700,2010,0.122922004
Simplicity2,WINDPOWER,1701,2010,0.121762004
Simplicity2,WINDPOWER,1702,2010,0.121837575
Simplicity2,WINDPOWER,1703,2010,0.122038741
Simplicity2,WINDPOWER,1704,2010,0.121753602
Simplicity2,WINDPOWER,1705,2010,0.122170128
Simplicity2,WINDPOWER,1706,2010,0.122624361
Simplicity2,WINDPOWER,1707,2010,0.122131594
Simplicity2,WINDPOWER,1708,2010,0.121712364
Simplicity2,WINDPOWER,1709,2010,0.121801667
Simplicity2,WINDPOWER,1710,2010,0.121280567
Simplicity2,WINDPOWER,1711,2010,0.121567838
Simplicity2,WINDPOWER,1712,2010,0.121393757
Simplicity2,WINDPOWER,1713,2010,0.121121755
Simplicity2,WINDPOWER,1714,2010,0.121307548
Simplicity2,WINDPOWER,1715,2010,0.121206873
Simplicity2,WINDPOWER,1716,2010,0.120935776
Simplicity2,WINDPOWER,1717,2010,0.120800606
Simplicity2,WINDPOWER,1718,2010,0.120603028
Simplicity2,WINDPOWER,1719,2010,0.120496035
Simplicity2,WINDPOWER,1720,2010,0.120601699
Simplicity2,WINDPOWER,1721,2010,0.121374384
Simplicity2,WINDPOWER,1722,2010,0.120932715
Simplicity2,WINDPOWER,1723,2010,0.120299941
Simplicity2,WINDPOWER,1724,2010,0.120072055
Simplicity2,WINDPOWER,1725,2010,0.120577747
Simplicity2,WINDPOWER,1726,2010,0.120516145
Simplicity2,WINDPOWER,1727,2010,0.120474768
Simplicity2,WINDPOWER,1728,2010,0.120863547
Simplicity2,WINDPOWER,1729,2010,0.120821304
Simplicity2,WINDPOWER,1730,2010,0.120353104
Simplicity2,WINDPOWER,1731,2010,0.120274255
Simplicity2,WINDPOWER,1732,2010,0.121536862
Simplicity2,WINDPOWER,1733,2010,0.122884998
Simplicity2,WINDPOWER,1734,2010,0.122832678
Simplicity2,WINDPOWER,1735,2010,0.121505423
Simplicity2,WINDPOWER,1736,2010,0.120924715
Simplicity2,WINDPOWER,1737,2010,0.121290297
Simplicity2,WINDPOWER,1738,2010,0.121877513
Simplicity2,WINDPOWER,1739,2010,0.121548437
Simplicity2,WINDPOWER,1740,2010,0.120764848
Simplicity2,WINDPOWER,1741,2010,0.120236529
Simplicity2,WINDPOWER,1742,2010,0.120086509
Simplicity2,WINDPOWER,1743,2010,0.121100584
Simplicity2,WINDPOWER,1744,2010,0.121200845
Simplicity2,WINDPOWER,1745,2010,0.121641254
Simplicity2,WINDPOWER,1746,2010,0.121313775
Simplicity2,WINDPOWER,1747,2010,0.121053119
Simplicity2,WINDPOWER,1748,2010,0.122597339
Simplicity2,WINDPOWER,1749,2010,0.123011464
Simplicity2,WINDPOWER,1750,2010,0.122562494
Simplicity2,WINDPOWER,1751,2010,0.123101704
Simplicity2,WINDPOWER,1752,2010,0.123377676
Simplicity2,WINDPOWER,1753,2010,0.123128634
Simplicity2,WINDPOWER,1754,2010,0.123238547
Simplicity2,WINDPOWER,1755,2010,0.123177807
Simplicity2,WINDPOWER,1756,2010,0.123586179
Simplicity2,WINDPOWER,1757,2010,0.122903328
Simplicity2,WINDPOWER,1758,2010,0.122311728
Simplicity2,WINDPOWER,1759,2010,0.12264888
Simplicity2,WINDPOWER,1760,2010,0.122684795
Simplicity2,WINDPOWER,1761,2010,0.122461646
Simplicity2,WINDPOWER,1762,2010,0.121846203
Simplicity2,WINDPOWER,1763,2010,0.121414159
Simplicity2,WINDPOWER,1764,2010,0.121504259
Simplicity2,WINDPOWER,1765,2010,0.122037081
Simplicity2,WINDPOWER,1766,2010,0.122438724
Simplicity2,WINDPOWER,1767,2010,0.122484899
Simplicity2,WINDPOWER,1768,2010,0.12269327
Simplicity2,WINDPOWER,1769,2010,0.122396936
Simplicity2,WINDPOWER,1770,2010,0.122909863
Simplicity2,WINDPOWER,1771,2010,0.123028783
Simplicity2,WINDPOWER,1772,2010,0.123059213
Simplicity2,WINDPOWER,1773,2010,0.123177763
Simplicity2,WINDPOWER,1774,2010,0.122858582
Simplicity2,WINDPOWER,1775,2010,0.122882755
Simplicity2,WINDPOWER,1776,2010,0.122885039
Simplicity2,WINDPOWER,1777,2010,0.123112469
Simplicity2,WINDPOWER,1778,2010,0.123319553
Simplicity2,WINDPOWER,1779,2010,0.12269335
Simplicity2,WINDPOWER,1780,2010,0.122169245
Simplicity2,WINDPOWER,1781,2010,0.121421796
Simplicity2,WINDPOWER,1782,2010,0.121375877
Simplicity2,WINDPOWER,1783,2010,0.12213049
Simplicity2,WINDPOWER,1784,2010,0.121651497
Simplicity2,WINDPOWER,1785,2010,0.121694962
Simplicity2,WINDPOWER,1786,2010,0.122221532
Simplicity2,WINDPOWER,1787,2010,0.122589207
Simplicity2,WINDPOWER,1788,2010,0.12271844
Simplicity2,WINDPOWER,1789,2010,0.122699603
Simplicity2,WINDPOWER,1790,2010,0.124615107
Simplicity2,WINDPOWER,1791,2010,0.124401498
Simplicity2,WINDPOWER,1792,2010,0.123854346
Simplicity2,WINDPOWER,1793,2010,0.123147856
Simplicity2,WINDPOWER,1794,2010,0.122667591
Simplicity2,WINDPOWER,1795,2010,0.123440592
Simplicity2,WINDPOWER,1796,2010,0.122547918
Simplicity2,WINDPOWER,1797,2010,0.122872736
Simplicity2,WINDPOWER,1798,2010,0.123298356
Simplicity2,WINDPOWER,1799,2010,0.122725423
Simplicity2,WINDPOWER,1800,2010,0.122401149
Simplicity2,WINDPOWER,1801,2010,0.123292516
Simplicity2,WINDPOWER,1802,2010,0.123102325
Simplicity2,WINDPOWER,1803,2010,0.123369088
Simplicity2,WINDPOWER,1804,2010,0.122955161
Simplicity2,WINDPOWER,1805,2010,0.122710771
Simplicity2,WINDPOWER,1806,2010,0.122506075
Simplicity2,WINDPOWER,1807,2010,0.122208396
Simplicity2,WINDPOWER,1808,2010,0.122277392
Simplicity2,WINDPOWER,1809,2010,0.122194779
Simplicity2,WINDPOWER,1810,2010,0.122129937
Simplicity2,WINDPOWER,1811,2010,0.122173003
Simplicity2,WINDPOWER,1812,2010,0.122539305
Simplicity2,WINDPOWER,1813,2010,0.122674159
Simplicity2,WINDPOWER,1814,2010,0.123157081
Simplicity2,WINDPOWER,1815,2010,0.12286259
Simplicity2,WINDPOWER,1816,2010,0.123060721
Simplicity2,WINDPOWER,1817,2010,0.121881429
Simplicity2,WINDPOWER,1818,2010,0.121459323
Simplicity2,WINDPOWER,1819,2010,0.122560452
Simplicity2,WINDPOWER,1820,2010,0.121831797
Simplicity2,WINDPOWER,1821,2010,0.122146294
Simplicity2,WINDPOWER,1822,2010,0.122446912
Simplicity2,WINDPOWER,1823,2010,0.122737909
Simplicity2,WINDPOWER,1824,2010,0.123537882
Simplicity2,WINDPOWER,1825,2010,0.122617394
Simplicity2,WINDPOWER,1826,2010,0.122618932
Simplicity2,WINDPOWER,1827,2010,0.124410086
Simplicity2,WINDPOWER,1828,2010,0.122346526
Simplicity2,WINDPOWER,1829,2010,0.121916463
Simplicity2,WINDPOWER,1830,2010,0.121965807
Simplicity2,WINDPOWER,1831,2010,0.124079081
Simplicity2,WINDPOWER,1832,2010,0.121874707
Simplicity2,WINDPOWER,1833,2010,0.121809162
Simplicity2,WINDPOWER,1834,2010,0.122451279
Simplicity2,WINDPOWER,1835,2010,0.121610519
Simplicity2,WINDPOWER,1836,2010,0.122075919
Simplicity2,WINDPOWER,1837,2010,0.120996225
Simplicity2,WINDPOWER,1838,2010,0.121343297
Simplicity2,WINDPOWER,1839,2010,0.121871365
Simplicity2,WINDPOWER,1840,2010,0.121429853
Simplicity2,WINDPOWER,1841,2010,0.121102124
Simplicity2,WINDPOWER,1842,2010,0.121229113
Simplicity2,WINDPOWER,1843,2010,0.121694391
Simplicity2,WINDPOWER,1844,2010,0.12210561
Simplicity2,WINDPOWER,1845,2010,0.122206919
Simplicity2,WINDPOWER,1846,2010,0.123620502
Simplicity2,WINDPOWER,1847,2010,0.123666315
Simplicity2,WINDPOWER,1848,2010,0.123292546
Simplicity2,WINDPOWER,1849,2010,0.124469418
Simplicity2,WINDPOWER,1850,2010,0.123948889
Simplicity2,WINDPOWER,1851,2010,0.122486476
Simplicity2,WINDPOWER,1852,2010,0.123878567
Simplicity2,WINDPOWER,1853,2010,0.122982748
Simplicity2,WINDPOWER,1854,2010,0.12357477
Simplicity2,WINDPOWER,1855,2010,0.123512884
Simplicity2,WINDPOWER,1856,2010,0.122452062
Simplicity2,WINDPOWER,1857,2010,0.123265922
Simplicity2,WINDPOWER,1858,2010,0.121951396
Simplicity2,WINDPOWER,1859,2010,0.122855303
Simplicity2,WINDPOWER,1860,2010,0.122301274
Simplicity2,WINDPOWER,1861,2010,0.122546039
Simplicity2,WINDPOWER,1862,2010,0.122242758
Simplicity2,WINDPOWER,1863,2010,0.122776683
Simplicity2,WINDPOWER,1864,2010,0.123567193
Simplicity2,WINDPOWER,1865,2010,0.122989713
Simplicity2,WINDPOWER,1866,2010,0.123808271
Simplicity2,WINDPOWER,1867,2010,0.122597873
Simplicity2,WINDPOWER,1868,2010,0.123214448
Simplicity2,WINDPOWER,1869,2010,0.124313131
Simplicity2,WINDPOWER,1870,2010,0.124724256
Simplicity2,WINDPOWER,1871,2010,0.125355251
Simplicity2,WINDPOWER,1872,2010,0.124792656
Simplicity2,WINDPOWER,1873,2010,0.124534949
Simplicity2,WINDPOWER,1874,2010,0.12448947
Simplicity2,WINDPOWER,1875,2010,0.124587629
Simplicity2,WINDPOWER,1876,2010,0.12367896
Simplicity2,WINDPOWER,1877,2010,0.12330243
Simplicity2,WINDPOWER,1878,2010,0.122740518
Simplicity2,WINDPOWER,1879,2010,0.123155511
Simplicity2,WINDPOWER,1880,2010,0.12423807
Simplicity2,WINDPOWER,1881,2010,0.123831709
Simplicity2,WINDPOWER,1882,2010,0.123438442
Simplicity2,WINDPOWER,1883,2010,0.123260232
Simplicity2,WINDPOWER,1884,2010,0.122550163
Simplicity2,WINDPOWER,1885,2010,0.122570164
Simplicity2,WINDPOWER,1886,2010,0.124312046
Simplicity2,WINDPOWER,1887,2010,0.126120633
Simplicity2,WINDPOWER,1888,2010,0.126535288
Simplicity2,WINDPOWER,1889,2010,0.126409241
Simplicity2,WINDPOWER,1890,2010,0.126607488
Simplicity2,WINDPOWER,1891,2010,0.126834636
Simplicity2,WINDPOWER,1892,2010,0.126355849
Simplicity2,WINDPOWER,1893,2010,0.125773642
Simplicity2,WINDPOWER,1894,2010,0.12634235
Simplicity2,WINDPOWER,1895,2010,0.125746974
Simplicity2,WINDPOWER,1896,2010,0.124806588
Simplicity2,WINDPOWER,1897,2010,0.125306953
Simplicity2,WINDPOWER,1898,2010,0.125537851
Simplicity2,WINDPOWER,1899,2010,0.125935103
Simplicity2,WINDPOWER,1900,2010,0.125677533
Simplicity2,WINDPOWER,1901,2010,0.125524152
Simplicity2,WINDPOWER,1902,2010,0.125238298
Simplicity2,WINDPOWER,1903,2010,0.124404413
Simplicity2,WINDPOWER,1904,2010,0.124048335
Simplicity2,WINDPOWER,1905,2010,0.124067972
Simplicity2,WINDPOWER,1906,2010,0.123945063
Simplicity2,WINDPOWER,1907,2010,0.123947814
Simplicity2,WINDPOWER,1908,2010,0.124534318
Simplicity2,WINDPOWER,1909,2010,0.125854032
Simplicity2,WINDPOWER,1910,2010,0.126609267
Simplicity2,WINDPOWER,1911,2010,0.126886184
Simplicity2,WINDPOWER,1912,2010,0.126621611
Simplicity2,WINDPOWER,1913,2010,0.126388252
Simplicity2,WINDPOWER,1914,2010,0.126014933
Simplicity2,WINDPOWER,1915,2010,0.126311728
Simplicity2,WINDPOWER,1916,2010,0.125403431
Simplicity2,WINDPOWER,1917,2010,0.125623533
Simplicity2,WINDPOWER,1918,2010,0.125534249
Simplicity2,WINDPOWER,1919,2010,0.125333226
Simplicity2,WINDPOWER,1920,2010,0.125235154
Simplicity2,WINDPOWER,1921,2010,0.124553442
Simplicity2,WINDPOWER,1922,2010,0.125711035
Simplicity2,WINDPOWER,1923,2010,0.126776362
Simplicity2,WINDPOWER,1924,2010,0.128450094
Simplicity2,WINDPOWER,1925,2010,0.128350509
Simplicity2,WINDPOWER,1926,2010,0.126414476
Simplicity2,WINDPOWER,1927,2010,0.127106314
Simplicity2,WINDPOWER,1928,2010,0.125688545
Simplicity2,WINDPOWER,1929,2010,0.126121636
Simplicity2,WINDPOWER,1930,2010,0.127300869
Simplicity2,WINDPOWER,1931,2010,0.126761073
Simplicity2,WINDPOWER,1932,2010,0.125680153
Simplicity2,WINDPOWER,1933,2010,0.126015597
Simplicity2,WINDPOWER,1934,2010,0.126259116
Simplicity2,WINDPOWER,1935,2010,0.12686205
Simplicity2,WINDPOWER,1936,2010,0.126510521
Simplicity2,WINDPOWER,1937,2010,0.126955088
Simplicity2,WINDPOWER,1938,2010,0.126511468
Simplicity2,WINDPOWER,1939,2010,0.125594485
Simplicity2,WINDPOWER,1940,2010,0.126192003
Simplicity2,WINDPOWER,1941,2010,0.12496699
Simplicity2,WINDPOWER,1942,2010,0.126022763
Simplicity2,WINDPOWER,1943,2010,0.124928262
Simplicity2,WINDPOWER,1944,2010,0.125220454
Simplicity2,WINDPOWER,1945,2010,0.126048081
Simplicity2,WINDPOWER,1946,2010,0.127154612
Simplicity2,WINDPOWER,1947,2010,0.127596748
Simplicity2,WINDPOWER,1948,2010,0.126265501
Simplicity2,WINDPOWER,1949,2010,0.125874384
Simplicity2,WINDPOWER,1950,2010,0.126672193
Simplicity2,WINDPOWER,1951,2010,0.126980019
Simplicity2,WINDPOWER,1952,2010,0.126525875
Simplicity2,WINDPOWER,1953,2010,0.12516451
Simplicity2,WINDPOWER,1954,2010,0.124092781
Simplicity2,WINDPOWER,1955,2010,0.12311042
Simplicity2,WINDPOWER,1956,2010,0.122100348
Simplicity2,WINDPOWER,1957,2010,0.122664758
Simplicity2,WINDPOWER,1958,2010,0.123063366
Simplicity2,WINDPOWER,1959,2010,0.125487139
Simplicity2,WINDPOWER,1960,2010,0.125195783
Simplicity2,WINDPOWER,1961,2010,0.124112576
Simplicity2,WINDPOWER,1962,2010,0.123057474
Simplicity2,WINDPOWER,1963,2010,0.122519031
Simplicity2,WINDPOWER,1964,2010,0.123347019
Simplicity2,WINDPOWER,1965,2010,0.125627716
Simplicity2,WINDPOWER,1966,2010,0.127938593
Simplicity2,WINDPOWER,1967,2010,0.127293795
Simplicity2,WINDPOWER,1968,2010,0.127585642
Simplicity2,WINDPOWER,1969,2010,0.126471319
Simplicity2,WINDPOWER,1970,2010,0.12631011
Simplicity2,WINDPOWER,1971,2010,0.126775874
Simplicity2,WINDPOWER,1972,2010,0.125329249
Simplicity2,WINDPOWER,1973,2010,0.125354521
Simplicity2,WINDPOWER,1974,2010,0.124035577
Simplicity2,WINDPOWER,1975,2010,0.12266379
Simplicity2,WINDPOWER,1976,2010,0.122249059
Simplicity2,WINDPOWER,1977,2010,0.121557669
Simplicity2,WINDPOWER,1978,2010,0.120850928
Simplicity2,WINDPOWER,1979,2010,0.120477441
Simplicity2,WINDPOWER,1980,2010,0.119664473
Simplicity2,WINDPOWER,1981,2010,0.120354596
Simplicity2,WINDPOWER,1982,2010,0.12051683
Simplicity2,WINDPOWER,1983,2010,0.120346256
Simplicity2,WINDPOWER,1984,2010,0.119925003
Simplicity2,WINDPOWER,1985,2010,0.119769665
Simplicity2,WINDPOWER,1986,2010,0.119610238
Simplicity2,WINDPOWER,1987,2010,0.119186469
Simplicity2,WINDPOWER,1988,2010,0.11880826
Simplicity2,WINDPOWER,1989,2010,0.118612533
Simplicity2,WINDPOWER,1990,2010,0.118697929
Simplicity2,WINDPOWER,1991,2010,0.118642149
Simplicity2,WINDPOWER,1992,2010,0.119201785
Simplicity2,WINDPOWER,1993,2010,0.11757067
Simplicity2,WINDPOWER,1994,2010,0.117646382
Simplicity2,WINDPOWER,1995,2010,0.117538043
Simplicity2,WINDPOWER,1996,2010,0.117627338
Simplicity2,WINDPOWER,1997,2010,0.117214511
Simplicity2,WINDPOWER,1998,2010,0.117184707
Simplicity2,WINDPOWER,1999,2010,0.116915581
Simplicity2,WINDPOWER,2000,2010,0.117261495
Simplicity2,WINDPOWER,2001,2010,0.116162978
Simplicity2,WINDPOWER,2002,2010,0.116741105
Simplicity2,WINDPOWER,2003,2010,0.115815915
Simplicity2,WINDPOWER,2004,2010,0.115187182
Simplicity2,WINDPOWER,2005,2010,0.115060093
Simplicity2,WINDPOWER,2006,2010,0.116345322
Simplicity2,WINDPOWER,2007,2010,0.116512701
Simplicity2,WINDPOWER,2008,2010,0.116730292
Simplicity2,WINDPOWER,2009,2010,0.116706342
Simplicity2,WINDPOWER,2010,2010,0.116995122
Simplicity2,WINDPOWER,2011,2010,0.116767789
Simplicity2,WINDPOWER,2012,2010,0.116473066
Simplicity2,WINDPOWER,2013,2010,0.116610708
Simplicity2,WINDPOWER,2014,2010,0.117173609
Simplicity2,WINDPOWER,2015,2010,0.117289001
Simplicity2,WINDPOWER,2016,2010,0.116549352
Simplicity2,WINDPOWER,2017,2010,0.11657729
Simplicity2,WINDPOWER,2018,2010,0.116977999
Simplicity2,WINDPOWER,2019,2010,0.11630278
Simplicity2,WINDPOWER,2020,2010,0.115881299
Simplicity2,WINDPOWER,2021,2010,0.115781288
Simplicity2,WINDPOWER,2022,2010,0.115674964
Simplicity2,WINDPOWER,2023,2010,0.116668286
Simplicity2,WINDPOWER,2024,2010,0.115685002
Simplicity2,WINDPOWER,2025,2010,0.116075832
Simplicity2,WINDPOWER,2026,2010,0.115821092
Simplicity2,WINDPOWER,2027,2010,0.115814201
Simplicity2,WINDPOWER,2028,2010,0.118077582
Simplicity2,WINDPOWER,2029,2010,0.116469548
Simplicity2,WINDPOWER,2030,2010,0.116526771
Simplicity2,WINDPOWER,2031,2010,0.118392803
Simplicity2,WINDPOWER,2032,2010,0.117428934
Simplicity2,WINDPOWER,2033,2010,0.117757649
Simplicity2,WINDPOWER,2034,2010,0.118221801
Simplicity2,WINDPOWER,2035,2010,0.116912057
Simplicity2,WINDPOWER,2036,2010,0.116632215
Simplicity2,WINDPOWER,2037,2010,0.11727705
Simplicity2,WINDPOWER,2038,2010,0.116094041
Simplicity2,WINDPOWER,2039,2010,0.11588242
Simplicity2,WINDPOWER,2040,2010,0.116930886
Simplicity2,WINDPOWER,2041,2010,0.117658647
Simplicity2,WINDPOWER,2042,2010,0.116778603
Simplicity2,WINDPOWER,2043,2010,0.116285541
Simplicity2,WINDPOWER,2044,2010,0.117126162
Simplicity2,WINDPOWER,2045,2010,0.11682233
Simplicity2,WINDPOWER,2046,2010,0.11613552
Simplicity2,WINDPOWER,2047,2010,0.116711016
Simplicity2,WINDPOWER,2048,2010,0.115416956
Simplicity2,WINDPOWER,2049,2010,0.116069657
Simplicity2,WINDPOWER,2050,2010,0.116134459
Simplicity2,WINDPOWER,2051,2010,0.115774889
Simplicity2,WINDPOWER,2052,2010,0.115302253
Simplicity2,WINDPOWER,2053,2010,0.116797674
Simplicity2,WINDPOWER,2054,2010,0.115523356
Simplicity2,WINDPOWER,2055,2010,0.116466466
Simplicity2,WINDPOWER,2056,2010,0.116763316
Simplicity2,WINDPOWER,2057,2010,0.117396247
Simplicity2,WINDPOWER,2058,2010,0.117255495
Simplicity2,WINDPOWER,2059,2010,0.117273892
Simplicity2,WINDPOWER,2060,2010,0.117637868
Simplicity2,WINDPOWER,2061,2010,0.118356204
Simplicity2,WINDPOWER,2062,2010,0.118622035
Simplicity2,WINDPOWER,2063,2010,0.118655347
Simplicity2,WINDPOWER,2064,2010,0.118433186
Simplicity2,WINDPOWER,2065,2010,0.118419647
Simplicity2,WINDPOWER,2066,2010,0.11924127
Simplicity2,WINDPOWER,2067,2010,0.119997518
Simplicity2,WINDPOWER,2068,2010,0.119769792
Simplicity2,WINDPOWER,2069,2010,0.117941777
Simplicity2,WINDPOWER,2070,2010,0.118423709
Simplicity2,WINDPOWER,2071,2010,0.118433041
Simplicity2,WINDPOWER,2072,2010,0.118777654
Simplicity2,WINDPOWER,2073,2010,0.120077838
Simplicity2,WINDPOWER,2074,2010,0.118182766
Simplicity2,WINDPOWER,2075,2010,0.118061453
Simplicity2,WINDPOWER,2076,2010,0.117528144
Simplicity2,WINDPOWER,2077,2010,0.1153307
Simplicity2,WINDPOWER,2078,2010,0.116041851
Simplicity2,WINDPOWER,2079,2010,0.117284105
Simplicity2,WINDPOWER,2080,2010,0.117307333
Simplicity2,WINDPOWER,2081,2010,0.117427836
Simplicity2,WINDPOWER,2082,2010,0.117065901
Simplicity2,WINDPOWER,2083,2010,0.117094669
Simplicity2,WINDPOWER,2084,2010,0.117019869
Simplicity2,WINDPOWER,2085,2010,0.11890117
Simplicity2,WINDPOWER,2086,2010,0.119277703
Simplicity2,WINDPOWER,2087,2010,0.119271128
Simplicity2,WINDPOWER,2088,2010,0.117984823
Simplicity2,WINDPOWER,2089,2010,0.118393102
Simplicity2,WINDPOWER,2090,2010,0.117866087
Simplicity2,WINDPOWER,2091,2010,0.117069465
Simplicity2,WINDPOWER,2092,2010,0.116691909
Simplicity2,WINDPOWER,2093,2010,0.115631108
Simplicity2,WINDPOWER,2094,2010,0.115510416
Simplicity2,WINDPOWER,2095,2010,0.114596432
Simplicity2,WINDPOWER,2096,2010,0.114145398
Simplicity2,WINDPOWER,2097,2010,0.11434743
Simplicity2,WINDPOWER,2098,2010,0.113939634
Simplicity2,WINDPOWER,2099,2010,0.114066066
Simplicity2,WINDPOWER,2100,2010,0.11381414
Simplicity2,WINDPOWER,2101,2010,0.114269844
Simplicity2,WINDPOWER,2102,2010,0.114583323
Simplicity2,WINDPOWER,2103,2010,0.114669095
Simplicity2,WINDPOWER,2104,2010,0.114711307
Simplicity2,WINDPOWER,2105,2010,0.114642017
Simplicity2,WINDPOWER,2106,2010,0.114206031
Simplicity2,WINDPOWER,2107,2010,0.11356058
Simplicity2,WINDPOWER,2108,2010,0.113140175
Simplicity2,WINDPOWER,2109,2010,0.113123799
Simplicity2,WINDPOWER,2110,2010,0.112966114
Simplicity2,WINDPOWER,2111,2010,0.112532846
Simplicity2,WINDPOWER,2112,2010,0.112518941
Simplicity2,WINDPOWER,2113,2010,0.112411077
Simplicity2,WINDPOWER,2114,2010,0.11195988
Simplicity2,WINDPOWER,2115,2010,0.111832391
Simplicity2,WINDPOWER,2116,2010,0.111858007
Simplicity2,WINDPOWER,2117,2010,0.111705265
Simplicity2,WINDPOWER,2118,2010,0.11159925
Simplicity2,WINDPOWER,2119,2010,0.111264364
Simplicity2,WINDPOWER,2120,2010,0.110895523
Simplicity2,WINDPOWER,2121,2010,0.110724174
Simplicity2,WINDPOWER,2122,2010,0.111017778
Simplicity2,WINDPOWER,2123,2010,0.110895861
Simplicity2,WINDPOWER,2124,2010,0.110732344
Simplicity2,WINDPOWER,2125,2010,0.110932001
Simplicity2,WINDPOWER,2126,2010,0.111470602
Simplicity2,WINDPOWER,2127,2010,0.111673122
Simplicity2,WINDPOWER,2128,2010,0.111750163
Simplicity2,WINDPOWER,2129,2010,0.111850267
Simplicity2,WINDPOWER,2130,2010,0.111178259
Simplicity2,WINDPOWER,2131,2010,0.110799318
Simplicity2,WINDPOWER,2132,2010,0.111035278
Simplicity2,WINDPOWER,2133,2010,0.111096345
Simplicity2,WINDPOWER,2134,2010,0.111011316
Simplicity2,WINDPOWER,2135,2010,0.110768387
Simplicity2,WINDPOWER,2136,2010,0.110576594
Simplicity2,WINDPOWER,2137,2010,0.110698031
Simplicity2,WINDPOWER,2138,2010,0.110480686
Simplicity2,WINDPOWER,2139,2010,0.110398483
Simplicity2,WINDPOWER,2140,2010,0.11086877
Simplicity2,WINDPOWER,2141,2010,0.111015703
Simplicity2,WINDPOWER,2142,2010,0.11098182
Simplicity2,WINDPOWER,2143,2010,0.110906858
Simplicity2,WINDPOWER,2144,2010,0.11107134
Simplicity2,WINDPOWER,2145,2010,0.11106653
Simplicity2,WINDPOWER,2146,2010,0.110724046
Simplicity2,WINDPOWER,2147,2010,0.110371856
Simplicity2,WINDPOWER,2148,2010,0.110379787
Simplicity2,WINDPOWER,2149,2010,0.110561668
Simplicity2,WINDPOWER,2150,2010,0.110684908
Simplicity2,WINDPOWER,2151,2010,0.111009457
Simplicity2,WINDPOWER,2152,2010,0.11113999
Simplicity2,WINDPOWER,2153,2010,0.111295416
Simplicity2,WINDPOWER,2154,2010,0.132519841
Simplicity2,WINDPOWER,2155,2010,0.132509243
Simplicity2,WINDPOWER,2156,2010,0.131814289
Simplicity2,WINDPOWER,2157,2010,0.131692956
Simplicity2,WINDPOWER,2158,2010,0.132436892
Simplicity2,WINDPOWER,2159,2010,0.133336615
Simplicity2,WINDPOWER,2160,2010,0.134339289
Simplicity2,WINDPOWER,2161,2010,0.133920927
Simplicity2,WINDPOWER,2162,2010,0.133102022
Simplicity2,WINDPOWER,2163,2010,0.132533941
Simplicity2,WINDPOWER,2164,2010,0.132005266
Simplicity2,WINDPOWER,2165,2010,0.131411868
Simplicity2,WINDPOWER,2166,2010,0.131011257
Simplicity2,WINDPOWER,2167,2010,0.13071551
Simplicity2,WINDPOWER,2168,2010,0.131307519
Simplicity2,WINDPOWER,2169,2010,0.131289653
Simplicity2,WINDPOWER,2170,2010,0.131040286
Simplicity2,WINDPOWER,2171,2010,0.131219654
Simplicity2,WINDPOWER,2172,2010,0.131229609
Simplicity2,WINDPOWER,2173,2010,0.130543893
Simplicity2,WINDPOWER,2174,2010,0.131059412
Simplicity2,WINDPOWER,2175,2010,0.132129035
Simplicity2,WINDPOWER,2176,2010,0.132524632
Simplicity2,WINDPOWER,2177,2010,0.132675622
Simplicity2,WINDPOWER,2178,2010,0.132895168
Simplicity2,WINDPOWER,2179,2010,0.132760698
Simplicity2,WINDPOWER,2180,2010,0.132759975
Simplicity2,WINDPOWER,2181,2010,0.13412591
Simplicity2,WINDPOWER,2182,2010,0.134441943
Simplicity2,WINDPOWER,2183,2010,0.134597945
Simplicity2,WINDPOWER,2184,2010,0.134594223
Simplicity2,WINDPOWER,2185,2010,0.134370063
Simplicity2,WINDPOWER,2186,2010,0.133627496
Simplicity2,WINDPOWER,2187,2010,0.133634597
Simplicity2,WINDPOWER,2188,2010,0.133713649
Simplicity2,WINDPOWER,2189,2010,0.133809348
Simplicity2,WINDPOWER,2190,2010,0.133941339
Simplicity2,WINDPOWER,2191,2010,0.133309796
Simplicity2,WINDPOWER,2192,2010,0.132958568
Simplicity2,WINDPOWER,2193,2010,0.132692166
Simplicity2,WINDPOWER,2194,2010,0.132312373
Simplicity2,WINDPOWER,2195,2010,0.132157411
Simplicity2,WINDPOWER,2196,2010,0.132033146
Simplicity2,WINDPOWER,2197,2010,0.132301314
Simplicity2,WINDPOWER,2198,2010,0.131766039
Simplicity2,WINDPOWER,2199,2010,0.132409423
Simplicity2,WINDPOWER,2200,2010,0.134108056
Simplicity2,WINDPOWER,2201,2010,0.134092616
Simplicity2,WINDPOWER,2202,2010,0.134691521
Simplicity2,WINDPOWER,2203,2010,0.134132618
Simplicity2,WINDPOWER,2204,2010,0.134394337
Simplicity2,WINDPOWER,2205,2010,0.134400088
Simplicity2,WINDPOWER,2206,2010,0.13461573
Simplicity2,WINDPOWER,2207,2010,0.135139457
Simplicity2,WINDPOWER,2208,2010,0.134662035
Simplicity2,WINDPOWER,2209,2010,0.134374511
Simplicity2,WINDPOWER,2210,2010,0.134223486
Simplicity2,WINDPOWER,2211,2010,0.133068243
Simplicity2,WINDPOWER,2212,2010,0.132728662
Simplicity2,WINDPOWER,2213,2010,0.132712903
Simplicity2,WINDPOWER,2214,2010,0.132262318
Simplicity2,WINDPOWER,2215,2010,0.131621688
Simplicity2,WINDPOWER,2216,2010,0.131277466
Simplicity2,WINDPOWER,2217,2010,0.130892865
Simplicity2,WINDPOWER,2218,2010,0.130894314
Simplicity2,WINDPOWER,2219,2010,0.130268328
Simplicity2,WINDPOWER,2220,2010,0.130137427
Simplicity2,WINDPOWER,2221,2010,0.130307621
Simplicity2,WINDPOWER,2222,2010,0.131306812
Simplicity2,WINDPOWER,2223,2010,0.132344249
Simplicity2,WINDPOWER,2224,2010,0.132121565
Simplicity2,WINDPOWER,2225,2010,0.132417202
Simplicity2,WINDPOWER,2226,2010,0.133393633
Simplicity2,WINDPOWER,2227,2010,0.132574066
Simplicity2,WINDPOWER,2228,2010,0.131851413
Simplicity2,WINDPOWER,2229,2010,0.133232452
Simplicity2,WINDPOWER,2230,2010,0.13449832
Simplicity2,WINDPOWER,2231,2010,0.134865825
Simplicity2,WINDPOWER,2232,2010,0.135660252
Simplicity2,WINDPOWER,2233,2010,0.134706755
Simplicity2,WINDPOWER,2234,2010,0.134182397
Simplicity2,WINDPOWER,2235,2010,0.134007871
Simplicity2,WINDPOWER,2236,2010,0.133733924
Simplicity2,WINDPOWER,2237,2010,0.133686943
Simplicity2,WINDPOWER,2238,2010,0.133365051
Simplicity2,WINDPOWER,2239,2010,0.132550907
Simplicity2,WINDPOWER,2240,2010,0.132457891
Simplicity2,WINDPOWER,2241,2010,0.132696969
Simplicity2,WINDPOWER,2242,2010,0.132393169
Simplicity2,WINDPOWER,2243,2010,0.131579042
Simplicity2,WINDPOWER,2244,2010,0.131556971
Simplicity2,WINDPOWER,2245,2010,0.131069114
Simplicity2,WINDPOWER,2246,2010,0.131198699
Simplicity2,WINDPOWER,2247,2010,0.131106645
Simplicity2,WINDPOWER,2248,2010,0.131052435
Simplicity2,WINDPOWER,2249,2010,0.131779607
Simplicity2,WINDPOWER,2250,2010,0.131786541
Simplicity2,WINDPOWER,2251,2010,0.131757446
Simplicity2,WINDPOWER,2252,2010,0.132575729
Simplicity2,WINDPOWER,2253,2010,0.13319536
Simplicity2,WINDPOWER,2254,2010,0.132994842
Simplicity2,WINDPOWER,2255,2010,0.132830709
Simplicity2,WINDPOWER,2256,2010,0.132792487
Simplicity2,WINDPOWER,2257,2010,0.132394574
Simplicity2,WINDPOWER,2258,2010,0.132236581
Simplicity2,WINDPOWER,2259,2010,0.132214017
Simplicity2,WINDPOWER,2260,2010,0.131496541
Simplicity2,WINDPOWER,2261,2010,0.130362684
Simplicity2,WINDPOWER,2262,2010,0.12965252
Simplicity2,WINDPOWER,2263,2010,0.13015971
Simplicity2,WINDPOWER,2264,2010,0.132275501
Simplicity2,WINDPOWER,2265,2010,0.133257309
Simplicity2,WINDPOWER,2266,2010,0.131462188
Simplicity2,WINDPOWER,2267,2010,0.131120669
Simplicity2,WINDPOWER,2268,2010,0.130736723
Simplicity2,WINDPOWER,2269,2010,0.13117253
Simplicity2,WINDPOWER,2270,2010,0.132669033
Simplicity2,WINDPOWER,2271,2010,0.133706989
Simplicity2,WINDPOWER,2272,2010,0.133369911
Simplicity2,WINDPOWER,2273,2010,0.133144101
Simplicity2,WINDPOWER,2274,2010,0.132914436
Simplicity2,WINDPOWER,2275,2010,0.133252953
Simplicity2,WINDPOWER,2276,2010,0.132353904
Simplicity2,WINDPOWER,2277,2010,0.131974901
Simplicity2,WINDPOWER,2278,2010,0.132853479
Simplicity2,WINDPOWER,2279,2010,0.132744176
Simplicity2,WINDPOWER,2280,2010,0.132516085
Simplicity2,WINDPOWER,2281,2010,0.132657435
Simplicity2,WINDPOWER,2282,2010,0.13322298
Simplicity2,WINDPOWER,2283,2010,0.132681212
Simplicity2,WINDPOWER,2284,2010,0.132214718
Simplicity2,WINDPOWER,2285,2010,0.131370944
Simplicity2,WINDPOWER,2286,2010,0.131075437
Simplicity2,WINDPOWER,2287,2010,0.130732742
Simplicity2,WINDPOWER,2288,2010,0.129750284
Simplicity2,WINDPOWER,2289,2010,0.12864498
Simplicity2,WINDPOWER,2290,2010,0.127787454
Simplicity2,WINDPOWER,2291,2010,0.127974157
Simplicity2,WINDPOWER,2292,2010,0.127850826
Simplicity2,WINDPOWER,2293,2010,0.12775401
Simplicity2,WINDPOWER,2294,2010,0.128279752
Simplicity2,WINDPOWER,2295,2010,0.128468636
Simplicity2,WINDPOWER,2296,2010,0.128983604
Simplicity2,WINDPOWER,2297,2010,0.130215219
Simplicity2,WINDPOWER,2298,2010,0.130382704
Simplicity2,WINDPOWER,2299,2010,0.130993413
Simplicity2,WINDPOWER,2300,2010,0.132167219
Simplicity2,WINDPOWER,2301,2010,0.132685062
Simplicity2,WINDPOWER,2302,2010,0.133122378
Simplicity2,WINDPOWER,2303,2010,0.134514799
Simplicity2,WINDPOWER,2304,2010,0.134028851
Simplicity2,WINDPOWER,2305,2010,0.133060254
Simplicity2,WINDPOWER,2306,2010,0.132268872
Simplicity2,WINDPOWER,2307,2010,0.130844232
Simplicity2,WINDPOWER,2308,2010,0.130411576
Simplicity2,WINDPOWER,2309,2010,0.13007832
Simplicity2,WINDPOWER,2310,2010,0.129772945
Simplicity2,WINDPOWER,2311,2010,0.130051593
Simplicity2,WINDPOWER,2312,2010,0.129444994
Simplicity2,WINDPOWER,2313,2010,0.128530129
Simplicity2,WINDPOWER,2314,2010,0.128586586
Simplicity2,WINDPOWER,2315,2010,0.129830247
Simplicity2,WINDPOWER,2316,2010,0.128965956
Simplicity2,WINDPOWER,2317,2010,0.128535968
Simplicity2,WINDPOWER,2318,2010,0.128156217
Simplicity2,WINDPOWER,2319,2010,0.128494728
Simplicity2,WINDPOWER,2320,2010,0.129798327
Simplicity2,WINDPOWER,2321,2010,0.129961053
Simplicity2,WINDPOWER,2322,2010,0.130490911
Simplicity2,WINDPOWER,2323,2010,0.130604724
Simplicity2,WINDPOWER,2324,2010,0.130461683
Simplicity2,WINDPOWER,2325,2010,0.130842219
Simplicity2,WINDPOWER,2326,2010,0.130815647
Simplicity2,WINDPOWER,2327,2010,0.130323219
Simplicity2,WINDPOWER,2328,2010,0.129975169
Simplicity2,WINDPOWER,2329,2010,0.129057966
Simplicity2,WINDPOWER,2330,2010,0.128726694
Simplicity2,WINDPOWER,2331,2010,0.128691398
Simplicity2,WINDPOWER,2332,2010,0.127943458
Simplicity2,WINDPOWER,2333,2010,0.127714578
Simplicity2,WINDPOWER,2334,2010,0.126974187
Simplicity2,WINDPOWER,2335,2010,0.126791948
Simplicity2,WINDPOWER,2336,2010,0.127605318
Simplicity2,WINDPOWER,2337,2010,0.126953806
Simplicity2,WINDPOWER,2338,2010,0.126519688
Simplicity2,WINDPOWER,2339,2010,0.125693872
Simplicity2,WINDPOWER,2340,2010,0.125643075
Simplicity2,WINDPOWER,2341,2010,0.126403955
Simplicity2,WINDPOWER,2342,2010,0.12662666
Simplicity2,WINDPOWER,2343,2010,0.126816638
Simplicity2,WINDPOWER,2344,2010,0.126429845
Simplicity2,WINDPOWER,2345,2010,0.126273946
Simplicity2,WINDPOWER,2346,2010,0.126408323
Simplicity2,WINDPOWER,2347,2010,0.12616874
Simplicity2,WINDPOWER,2348,2010,0.126566652
Simplicity2,WINDPOWER,2349,2010,0.126542821
Simplicity2,WINDPOWER,2350,2010,0.126490041
Simplicity2,WINDPOWER,2351,2010,0.126250553
Simplicity2,WINDPOWER,2352,2010,0.126171035
Simplicity2,WINDPOWER,2353,2010,0.126000656
Simplicity2,WINDPOWER,2354,2010,0.125351971
Simplicity2,WINDPOWER,2355,2010,0.125348924
Simplicity2,WINDPOWER,2356,2010,0.125184544
Simplicity2,WINDPOWER,2357,2010,0.124886133
Simplicity2,WINDPOWER,2358,2010,0.124828872
Simplicity2,WINDPOWER,2359,2010,0.125463849
Simplicity2,WINDPOWER,2360,2010,0.125864581
Simplicity2,WINDPOWER,2361,2010,0.126121174
Simplicity2,WINDPOWER,2362,2010,0.126056996
Simplicity2,WINDPOWER,2363,2010,0.126062017
Simplicity2,WINDPOWER,2364,2010,0.125586634
Simplicity2,WINDPOWER,2365,2010,0.125470063
Simplicity2,WINDPOWER,2366,2010,0.126065888
Simplicity2,WINDPOWER,2367,2010,0.126730448
Simplicity2,WINDPOWER,2368,2010,0.127069246
Simplicity2,WINDPOWER,2369,2010,0.126686527
Simplicity2,WINDPOWER,2370,2010,0.126252514
Simplicity2,WINDPOWER,2371,2010,0.126578928
Simplicity2,WINDPOWER,2372,2010,0.125754168
Simplicity2,WINDPOWER,2373,2010,0.125385362
Simplicity2,WINDPOWER,2374,2010,0.125136382
Simplicity2,WINDPOWER,2375,2010,0.125638622
Simplicity2,WINDPOWER,2376,2010,0.125436408
Simplicity2,WINDPOWER,2377,2010,0.125499056
Simplicity2,WINDPOWER,2378,2010,0.125465051
Simplicity2,WINDPOWER,2379,2010,0.125015329
Simplicity2,WINDPOWER,2380,2010,0.124308594
Simplicity2,WINDPOWER,2381,2010,0.124193947
Simplicity2,WINDPOWER,2382,2010,0.124232493
Simplicity2,WINDPOWER,2383,2010,0.124475806
Simplicity2,WINDPOWER,2384,2010,0.124191586
Simplicity2,WINDPOWER,2385,2010,0.123910951
Simplicity2,WINDPOWER,2386,2010,0.124129659
Simplicity2,WINDPOWER,2387,2010,0.124058026
Simplicity2,WINDPOWER,2388,2010,0.123744366
Simplicity2,WINDPOWER,2389,2010,0.124215208
Simplicity2,WINDPOWER,2390,2010,0.124724528
Simplicity2,WINDPOWER,2391,2010,0.125021637
Simplicity2,WINDPOWER,2392,2010,0.125040269
Simplicity2,WINDPOWER,2393,2010,0.125248019
Simplicity2,WINDPOWER,2394,2010,0.12503615
Simplicity2,WINDPOWER,2395,2010,0.124470764
Simplicity2,WINDPOWER,2396,2010,0.124493305
Simplicity2,WINDPOWER,2397,2010,0.124365696
Simplicity2,WINDPOWER,2398,2010,0.124245432
Simplicity2,WINDPOWER,2399,2010,0.124427622
Simplicity2,WINDPOWER,2400,2010,0.124467483
Simplicity2,WINDPOWER,2401,2010,0.12464785
Simplicity2,WINDPOWER,2402,2010,0.124786121
Simplicity2,WINDPOWER,2403,2010,0.124531191
Simplicity2,WINDPOWER,2404,2010,0.12418066
Simplicity2,WINDPOWER,2405,2010,0.123807266
Simplicity2,WINDPOWER,2406,2010,0.123969462
Simplicity2,WINDPOWER,2407,2010,0.123913212
Simplicity2,WINDPOWER,2408,2010,0.12398786
Simplicity2,WINDPOWER,2409,2010,0.12375335
Simplicity2,WINDPOWER,2410,2010,0.123546554
Simplicity2,WINDPOWER,2411,2010,0.123305388
Simplicity2,WINDPOWER,2412,2010,0.123284598
Simplicity2,WINDPOWER,2413,2010,0.123516478
Simplicity2,WINDPOWER,2414,2010,0.123493871
Simplicity2,WINDPOWER,2415,2010,0.123635588
Simplicity2,WINDPOWER,2416,2010,0.123781122
Simplicity2,WINDPOWER,2417,2010,0.123727242
Simplicity2,WINDPOWER,2418,2010,0.123502548
Simplicity2,WINDPOWER,2419,2010,0.123324384
Simplicity2,WINDPOWER,2420,2010,0.12316592
Simplicity2,WINDPOWER,2421,2010,0.123641647
Simplicity2,WINDPOWER,2422,2010,0.123595096
Simplicity2,WINDPOWER,2423,2010,0.123668418
Simplicity2,WINDPOWER,2424,2010,0.123331628
Simplicity2,WINDPOWER,2425,2010,0.123214937
Simplicity2,WINDPOWER,2426,2010,0.123485702
Simplicity2,WINDPOWER,2427,2010,0.123508746
Simplicity2,WINDPOWER,2428,2010,0.123322527
Simplicity2,WINDPOWER,2429,2010,0.123601302
Simplicity2,WINDPOWER,2430,2010,0.123365562
Simplicity2,WINDPOWER,2431,2010,0.123162315
Simplicity2,WINDPOWER,2432,2010,0.122900604
Simplicity2,WINDPOWER,2433,2010,0.122694195
Simplicity2,WINDPOWER,2434,2010,0.122474913
Simplicity2,WINDPOWER,2435,2010,0.122456596
Simplicity2,WINDPOWER,2436,2010,0.122367623
Simplicity2,WINDPOWER,2437,2010,0.122586243
Simplicity2,WINDPOWER,2438,2010,0.122737583
Simplicity2,WINDPOWER,2439,2010,0.122657579
Simplicity2,WINDPOWER,2440,2010,0.123112782
Simplicity2,WINDPOWER,2441,2010,0.122632477
Simplicity2,WINDPOWER,2442,2010,0.122517257
Simplicity2,WINDPOWER,2443,2010,0.122678293
Simplicity2,WINDPOWER,2444,2010,0.123284622
Simplicity2,WINDPOWER,2445,2010,0.123283579
Simplicity2,WINDPOWER,2446,2010,0.123057078
Simplicity2,WINDPOWER,2447,2010,0.122473326
Simplicity2,WINDPOWER,2448,2010,0.122385395
Simplicity2,WINDPOWER,2449,2010,0.122229908
Simplicity2,WINDPOWER,2450,2010,0.121940959
Simplicity2,WINDPOWER,2451,2010,0.121913217
Simplicity2,WINDPOWER,2452,2010,0.122157318
Simplicity2,WINDPOWER,2453,2010,0.121943981
Simplicity2,WINDPOWER,2454,2010,0.121768625
Simplicity2,WINDPOWER,2455,2010,0.121854032
Simplicity2,WINDPOWER,2456,2010,0.121498324
Simplicity2,WINDPOWER,2457,2010,0.121527736
Simplicity2,WINDPOWER,2458,2010,0.121455986
Simplicity2,WINDPOWER,2459,2010,0.121553031
Simplicity2,WINDPOWER,2460,2010,0.121551173
Simplicity2,WINDPOWER,2461,2010,0.12159399
Simplicity2,WINDPOWER,2462,2010,0.121513922
Simplicity2,WINDPOWER,2463,2010,0.121469773
Simplicity2,WINDPOWER,2464,2010,0.121359972
Simplicity2,WINDPOWER,2465,2010,0.121325751
Simplicity2,WINDPOWER,2466,2010,0.121614679
Simplicity2,WINDPOWER,2467,2010,0.121593054
Simplicity2,WINDPOWER,2468,2010,0.121651335
Simplicity2,WINDPOWER,2469,2010,0.121514303
Simplicity2,WINDPOWER,2470,2010,0.121489756
Simplicity2,WINDPOWER,2471,2010,0.121329567
Simplicity2,WINDPOWER,2472,2010,0.121164351
Simplicity2,WINDPOWER,2473,2010,0.121570349
Simplicity2,WINDPOWER,2474,2010,0.121520956
Simplicity2,WINDPOWER,2475,2010,0.121735694
Simplicity2,WINDPOWER,2476,2010,0.121874862
Simplicity2,WINDPOWER,2477,2010,0.122101569
Simplicity2,WINDPOWER,2478,2010,0.122391853
Simplicity2,WINDPOWER,2479,2010,0.1227236
Simplicity2,WINDPOWER,2480,2010,0.122214577
Simplicity2,WINDPOWER,2481,2010,0.121960743
Simplicity2,WINDPOWER,2482,2010,0.122327458
Simplicity2,WINDPOWER,2483,2010,0.12327107
Simplicity2,WINDPOWER,2484,2010,0.122832205
Simplicity2,WINDPOWER,2485,2010,0.122400278
Simplicity2,WINDPOWER,2486,2010,0.121585756
Simplicity2,WINDPOWER,2487,2010,0.121207791
Simplicity2,WINDPOWER,2488,2010,0.122044354
Simplicity2,WINDPOWER,2489,2010,0.122281491
Simplicity2,WINDPOWER,2490,2010,0.122299455
Simplicity2,WINDPOWER,2491,2010,0.122101072
Simplicity2,WINDPOWER,2492,2010,0.121371511
Simplicity2,WINDPOWER,2493,2010,0.1214641
Simplicity2,WINDPOWER,2494,2010,0.122383122
Simplicity2,WINDPOWER,2495,2010,0.122331855
Simplicity2,WINDPOWER,2496,2010,0.122533604
Simplicity2,WINDPOWER,2497,2010,0.124143817
Simplicity2,WINDPOWER,2498,2010,0.124218578
Simplicity2,WINDPOWER,2499,2010,0.123138831
Simplicity2,WINDPOWER,2500,2010,0.124122328
Simplicity2,WINDPOWER,2501,2010,0.125315899
Simplicity2,WINDPOWER,2502,2010,0.124588189
Simplicity2,WINDPOWER,2503,2010,0.124103013
Simplicity2,WINDPOWER,2504,2010,0.124935608
Simplicity2,WINDPOWER,2505,2010,0.126687739
Simplicity2,WINDPOWER,2506,2010,0.125222435
Simplicity2,WINDPOWER,2507,2010,0.124060883
Simplicity2,WINDPOWER,2508,2010,0.123479008
Simplicity2,WINDPOWER,2509,2010,0.122494045
Simplicity2,WINDPOWER,2510,2010,0.123431173
Simplicity2,WINDPOWER,2511,2010,0.123024376
Simplicity2,WINDPOWER,2512,2010,0.12280662
Simplicity2,WINDPOWER,2513,2010,0.123011804
Simplicity2,WINDPOWER,2514,2010,0.122932775
Simplicity2,WINDPOWER,2515,2010,0.123346026
Simplicity2,WINDPOWER,2516,2010,0.122738667
Simplicity2,WINDPOWER,2517,2010,0.124431741
Simplicity2,WINDPOWER,2518,2010,0.126841655
Simplicity2,WINDPOWER,2519,2010,0.127424167
Simplicity2,WINDPOWER,2520,2010,0.127468733
Simplicity2,WINDPOWER,2521,2010,0.12806347
Simplicity2,WINDPOWER,2522,2010,0.128801714
Simplicity2,WINDPOWER,2523,2010,0.127359722
Simplicity2,WINDPOWER,2524,2010,0.126916722
Simplicity2,WINDPOWER,2525,2010,0.128836675
Simplicity2,WINDPOWER,2526,2010,0.129676081
Simplicity2,WINDPOWER,2527,2010,0.130013939
Simplicity2,WINDPOWER,2528,2010,0.129400179
Simplicity2,WINDPOWER,2529,2010,0.128500899
Simplicity2,WINDPOWER,2530,2010,0.126674318
Simplicity2,WINDPOWER,2531,2010,0.126727064
Simplicity2,WINDPOWER,2532,2010,0.127611024
Simplicity2,WINDPOWER,2533,2010,0.126817459
Simplicity2,WINDPOWER,2534,2010,0.125243437
Simplicity2,WINDPOWER,2535,2010,0.124423398
Simplicity2,WINDPOWER,2536,2010,0.12487605
Simplicity2,WINDPOWER,2537,2010,0.124955741
Simplicity2,WINDPOWER,2538,2010,0.125539781
Simplicity2,WINDPOWER,2539,2010,0.125583687
Simplicity2,WINDPOWER,2540,2010,0.125048174
Simplicity2,WINDPOWER,2541,2010,0.126832446
Simplicity2,WINDPOWER,2542,2010,0.128861572
Simplicity2,WINDPOWER,2543,2010,0.129758827
Simplicity2,WINDPOWER,2544,2010,0.130225866
Simplicity2,WINDPOWER,2545,2010,0.132797892
Simplicity2,WINDPOWER,2546,2010,0.132518409
Simplicity2,WINDPOWER,2547,2010,0.129521958
Simplicity2,WINDPOWER,2548,2010,0.129685796
Simplicity2,WINDPOWER,2549,2010,0.130755214
Simplicity2,WINDPOWER,2550,2010,0.132902341
Simplicity2,WINDPOWER,2551,2010,0.130915273
Simplicity2,WINDPOWER,2552,2010,0.13188449
Simplicity2,WINDPOWER,2553,2010,0.131093939
Simplicity2,WINDPOWER,2554,2010,0.12902651
Simplicity2,WINDPOWER,2555,2010,0.130414606
Simplicity2,WINDPOWER,2556,2010,0.129441
Simplicity2,WINDPOWER,2557,2010,0.131033288
Simplicity2,WINDPOWER,2558,2010,0.129986461
Simplicity2,WINDPOWER,2559,2010,0.128238463
Simplicity2,WINDPOWER,2560,2010,0.1286449
Simplicity2,WINDPOWER,2561,2010,0.129445873
Simplicity2,WINDPOWER,2562,2010,0.134405897
Simplicity2,WINDPOWER,2563,2010,0.131362877
Simplicity2,WINDPOWER,2564,2010,0.128770209
Simplicity2,WINDPOWER,2565,2010,0.13104248
Simplicity2,WINDPOWER,2566,2010,0.13320611
Simplicity2,WINDPOWER,2567,2010,0.136155953
Simplicity2,WINDPOWER,2568,2010,0.137198243
Simplicity2,WINDPOWER,2569,2010,0.138063264
Simplicity2,WINDPOWER,2570,2010,0.134890418
Simplicity2,WINDPOWER,2571,2010,0.131730173
Simplicity2,WINDPOWER,2572,2010,0.133986819
Simplicity2,WINDPOWER,2573,2010,0.136304709
Simplicity2,WINDPOWER,2574,2010,0.136266568
Simplicity2,WINDPOWER,2575,2010,0.136033406
Simplicity2,WINDPOWER,2576,2010,0.135454074
Simplicity2,WINDPOWER,2577,2010,0.133746523
Simplicity2,WINDPOWER,2578,2010,0.135094733
Simplicity2,WINDPOWER,2579,2010,0.135234249
Simplicity2,WINDPOWER,2580,2010,0.133829347
Simplicity2,WINDPOWER,2581,2010,0.135536395
Simplicity2,WINDPOWER,2582,2010,0.133897505
Simplicity2,WINDPOWER,2583,2010,0.136538274
Simplicity2,WINDPOWER,2584,2010,0.13992805
Simplicity2,WINDPOWER,2585,2010,0.140056993
Simplicity2,WINDPOWER,2586,2010,0.14106365
Simplicity2,WINDPOWER,2587,2010,0.135713489
Simplicity2,WINDPOWER,2588,2010,0.135273858
Simplicity2,WINDPOWER,2589,2010,0.139839648
Simplicity2,WINDPOWER,2590,2010,0.141315808
Simplicity2,WINDPOWER,2591,2010,0.142175846
Simplicity2,WINDPOWER,2592,2010,0.142449422
Simplicity2,WINDPOWER,2593,2010,0.143850767
Simplicity2,WINDPOWER,2594,2010,0.1417137
Simplicity2,WINDPOWER,2595,2010,0.141849354
Simplicity2,WINDPOWER,2596,2010,0.143652221
Simplicity2,WINDPOWER,2597,2010,0.145564993
Simplicity2,WINDPOWER,2598,2010,0.14421213
Simplicity2,WINDPOWER,2599,2010,0.141386437
Simplicity2,WINDPOWER,2600,2010,0.13618168
Simplicity2,WINDPOWER,2601,2010,0.135272079
Simplicity2,WINDPOWER,2602,2010,0.136596899
Simplicity2,WINDPOWER,2603,2010,0.134262312
Simplicity2,WINDPOWER,2604,2010,0.135611972
Simplicity2,WINDPOWER,2605,2010,0.135695228
Simplicity2,WINDPOWER,2606,2010,0.137553917
Simplicity2,WINDPOWER,2607,2010,0.141230844
Simplicity2,WINDPOWER,2608,2010,0.139859348
Simplicity2,WINDPOWER,2609,2010,0.140931466
Simplicity2,WINDPOWER,2610,2010,0.138147646
Simplicity2,WINDPOWER,2611,2010,0.135620202
Simplicity2,WINDPOWER,2612,2010,0.137202277
Simplicity2,WINDPOWER,2613,2010,0.140852238
Simplicity2,WINDPOWER,2614,2010,0.142701233
Simplicity2,WINDPOWER,2615,2010,0.143434968
Simplicity2,WINDPOWER,2616,2010,0.144431354
Simplicity2,WINDPOWER,2617,2010,0.145163222
Simplicity2,WINDPOWER,2618,2010,0.143525586
Simplicity2,WINDPOWER,2619,2010,0.139590459
Simplicity2,WINDPOWER,2620,2010,0.14111684
Simplicity2,WINDPOWER,2621,2010,0.141989612
Simplicity2,WINDPOWER,2622,2010,0.141411252
Simplicity2,WINDPOWER,2623,2010,0.137726083
Simplicity2,WINDPOWER,2624,2010,0.134908188
Simplicity2,WINDPOWER,2625,2010,0.13420319
Simplicity2,WINDPOWER,2626,2010,0.133566349
Simplicity2,WINDPOWER,2627,2010,0.133384057
Simplicity2,WINDPOWER,2628,2010,0.134653274
Simplicity2,WINDPOWER,2629,2010,0.13698684
Simplicity2,WINDPOWER,2630,2010,0.136917766
Simplicity2,WINDPOWER,2631,2010,0.136460175
Simplicity2,WINDPOWER,2632,2010,0.137602106
Simplicity2,WINDPOWER,2633,2010,0.13909042
Simplicity2,WINDPOWER,2634,2010,0.142588863
Simplicity2,WINDPOWER,2635,2010,0.14067318
Simplicity2,WINDPOWER,2636,2010,0.140907958
Simplicity2,WINDPOWER,2637,2010,0.143979716
Simplicity2,WINDPOWER,2638,2010,0.14540699
Simplicity2,WINDPOWER,2639,2010,0.147209445
Simplicity2,WINDPOWER,2640,2010,0.148021156
Simplicity2,WINDPOWER,2641,2010,0.149172535
Simplicity2,WINDPOWER,2642,2010,0.147355287
Simplicity2,WINDPOWER,2643,2010,0.143427073
Simplicity2,WINDPOWER,2644,2010,0.14273564
Simplicity2,WINDPOWER,2645,2010,0.145890283
Simplicity2,WINDPOWER,2646,2010,0.148252683
Simplicity2,WINDPOWER,2647,2010,0.147955559
Simplicity2,WINDPOWER,2648,2010,0.147218132
Simplicity2,WINDPOWER,2649,2010,0.148447315
Simplicity2,WINDPOWER,2650,2010,0.148720572
Simplicity2,WINDPOWER,2651,2010,0.1454108
Simplicity2,WINDPOWER,2652,2010,0.143365202
Simplicity2,WINDPOWER,2653,2010,0.14709531
Simplicity2,WINDPOWER,2654,2010,0.151853694
Simplicity2,WINDPOWER,2655,2010,0.151462018
Simplicity2,WINDPOWER,2656,2010,0.155803852
Simplicity2,WINDPOWER,2657,2010,0.154361377
Simplicity2,WINDPOWER,2658,2010,0.154664933
Simplicity2,WINDPOWER,2659,2010,0.154258236
Simplicity2,WINDPOWER,2660,2010,0.155708141
Simplicity2,WINDPOWER,2661,2010,0.15929682
Simplicity2,WINDPOWER,2662,2010,0.15927231
Simplicity2,WINDPOWER,2663,2010,0.161499352
Simplicity2,WINDPOWER,2664,2010,0.16400401
Simplicity2,WINDPOWER,2665,2010,0.162701974
Simplicity2,WINDPOWER,2666,2010,0.159064078
Simplicity2,WINDPOWER,2667,2010,0.152332521
Simplicity2,WINDPOWER,2668,2010,0.151337348
Simplicity2,WINDPOWER,2669,2010,0.155602557
Simplicity2,WINDPOWER,2670,2010,0.157792545
Simplicity2,WINDPOWER,2671,2010,0.152367451
Simplicity2,WINDPOWER,2672,2010,0.151358761
Simplicity2,WINDPOWER,2673,2010,0.154097159
Simplicity2,WINDPOWER,2674,2010,0.153586701
Simplicity2,WINDPOWER,2675,2010,0.152722427
Simplicity2,WINDPOWER,2676,2010,0.15345667
Simplicity2,WINDPOWER,2677,2010,0.15423692
Simplicity2,WINDPOWER,2678,2010,0.152867195
Simplicity2,WINDPOWER,2679,2010,0.15476302
Simplicity2,WINDPOWER,2680,2010,0.158403945
Simplicity2,WINDPOWER,2681,2010,0.163318657
Simplicity2,WINDPOWER,2682,2010,0.162266007
Simplicity2,WINDPOWER,2683,2010,0.161482524
Simplicity2,WINDPOWER,2684,2010,0.159597629
Simplicity2,WINDPOWER,2685,2010,0.161388149
Simplicity2,WINDPOWER,2686,2010,0.165639401
Simplicity2,WINDPOWER,2687,2010,0.165798173
Simplicity2,WINDPOWER,2688,2010,0.167145542
Simplicity2,WINDPOWER,2689,2010,0.162208763
Simplicity2,WINDPOWER,2690,2010,0.163383709
Simplicity2,WINDPOWER,2691,2010,0.163044795
Simplicity2,WINDPOWER,2692,2010,0.159592795
Simplicity2,WINDPOWER,2693,2010,0.158525039
Simplicity2,WINDPOWER,2694,2010,0.162631079
Simplicity2,WINDPOWER,2695,2010,0.158767554
Simplicity2,WINDPOWER,2696,2010,0.155870783
Simplicity2,WINDPOWER,2697,2010,0.159070054
Simplicity2,WINDPOWER,2698,2010,0.160408184
Simplicity2,WINDPOWER,2699,2010,0.159057539
Simplicity2,WINDPOWER,2700,2010,0.161874748
Simplicity2,WINDPOWER,2701,2010,0.160125558
Simplicity2,WINDPOWER,2702,2010,0.15888769
Simplicity2,WINDPOWER,2703,2010,0.159412173
Simplicity2,WINDPOWER,2704,2010,0.167869776
Simplicity2,WINDPOWER,2705,2010,0.172381121
Simplicity2,WINDPOWER,2706,2010,0.171414681
Simplicity2,WINDPOWER,2707,2010,0.171343471
Simplicity2,WINDPOWER,2708,2010,0.171241267
Simplicity2,WINDPOWER,2709,2010,0.172683055
Simplicity2,WINDPOWER,2710,2010,0.171551281
Simplicity2,WINDPOWER,2711,2010,0.173143048
Simplicity2,WINDPOWER,2712,2010,0.175730405
Simplicity2,WINDPOWER,2713,2010,0.179546896
Simplicity2,WINDPOWER,2714,2010,0.183387467
Simplicity2,WINDPOWER,2715,2010,0.181384798
Simplicity2,WINDPOWER,2716,2010,0.179221736
Simplicity2,WINDPOWER,2717,2010,0.18317797
Simplicity2,WINDPOWER,2718,2010,0.182914688
Simplicity2,WINDPOWER,2719,2010,0.179916939
Simplicity2,WINDPOWER,2720,2010,0.176870253
Simplicity2,WINDPOWER,2721,2010,0.177773961
Simplicity2,WINDPOWER,2722,2010,0.182349826
Simplicity2,WINDPOWER,2723,2010,0.184305696
Simplicity2,WINDPOWER,2724,2010,0.180182817
Simplicity2,WINDPOWER,2725,2010,0.180744902
Simplicity2,WINDPOWER,2726,2010,0.178910243
Simplicity2,WINDPOWER,2727,2010,0.180987031
Simplicity2,WINDPOWER,2728,2010,0.181705613
Simplicity2,WINDPOWER,2729,2010,0.180702877
Simplicity2,WINDPOWER,2730,2010,0.178725756
Simplicity2,WINDPOWER,2731,2010,0.178550588
Simplicity2,WINDPOWER,2732,2010,0.182213118
Simplicity2,WINDPOWER,2733,2010,0.182485367
Simplicity2,WINDPOWER,2734,2010,0.183630799
Simplicity2,WINDPOWER,2735,2010,0.183400302
Simplicity2,WINDPOWER,2736,2010,0.184255411
Simplicity2,WINDPOWER,2737,2010,0.190193418
Simplicity2,WINDPOWER,2738,2010,0.186895847
Simplicity2,WINDPOWER,2739,2010,0.183538915
Simplicity2,WINDPOWER,2740,2010,0.181782101
Simplicity2,WINDPOWER,2741,2010,0.179067999
Simplicity2,WINDPOWER,2742,2010,0.17697534
Simplicity2,WINDPOWER,2743,2010,0.174142794
Simplicity2,WINDPOWER,2744,2010,0.171231091
Simplicity2,WINDPOWER,2745,2010,0.171881153
Simplicity2,WINDPOWER,2746,2010,0.174280172
Simplicity2,WINDPOWER,2747,2010,0.176070448
Simplicity2,WINDPOWER,2748,2010,0.174839645
Simplicity2,WINDPOWER,2749,2010,0.173912618
Simplicity2,WINDPOWER,2750,2010,0.17825886
Simplicity2,WINDPOWER,2751,2010,0.176357744
Simplicity2,WINDPOWER,2752,2010,0.176096667
Simplicity2,WINDPOWER,2753,2010,0.172962787
Simplicity2,WINDPOWER,2754,2010,0.166519367
Simplicity2,WINDPOWER,2755,2010,0.167408419
Simplicity2,WINDPOWER,2756,2010,0.177572077
Simplicity2,WINDPOWER,2757,2010,0.182710965
Simplicity2,WINDPOWER,2758,2010,0.186014148
Simplicity2,WINDPOWER,2759,2010,0.185693219
Simplicity2,WINDPOWER,2760,2010,0.18342952
Simplicity2,WINDPOWER,2761,2010,0.184138701
Simplicity2,WINDPOWER,2762,2010,0.183060749
Simplicity2,WINDPOWER,2763,2010,0.181443006
Simplicity2,WINDPOWER,2764,2010,0.177981006
Simplicity2,WINDPOWER,2765,2010,0.180419955
Simplicity2,WINDPOWER,2766,2010,0.174453174
Simplicity2,WINDPOWER,2767,2010,0.165221938
Simplicity2,WINDPOWER,2768,2010,0.168321101
Simplicity2,WINDPOWER,2769,2010,0.17739285
Simplicity2,WINDPOWER,2770,2010,0.175176218
Simplicity2,WINDPOWER,2771,2010,0.169963879
Simplicity2,WINDPOWER,2772,2010,0.169816837
Simplicity2,WINDPOWER,2773,2010,0.172591851
Simplicity2,WINDPOWER,2774,2010,0.171199201
Simplicity2,WINDPOWER,2775,2010,0.177792494
Simplicity2,WINDPOWER,2776,2010,0.183603092
Simplicity2,WINDPOWER,2777,2010,0.181589727
Simplicity2,WINDPOWER,2778,2010,0.176057818
Simplicity2,WINDPOWER,2779,2010,0.175182847
Simplicity2,WINDPOWER,2780,2010,0.172232247
Simplicity2,WINDPOWER,2781,2010,0.181364772
Simplicity2,WINDPOWER,2782,2010,0.178941442
Simplicity2,WINDPOWER,2783,2010,0.185616654
Simplicity2,WINDPOWER,2784,2010,0.188140016
Simplicity2,WINDPOWER,2785,2010,0.180355664
Simplicity2,WINDPOWER,2786,2010,0.178085733
Simplicity2,WINDPOWER,2787,2010,0.178291072
Simplicity2,WINDPOWER,2788,2010,0.173005582
Simplicity2,WINDPOWER,2789,2010,0.166499842
Simplicity2,WINDPOWER,2790,2010,0.169235525
Simplicity2,WINDPOWER,2791,2010,0.167199255
Simplicity2,WINDPOWER,2792,2010,0.166644387
Simplicity2,WINDPOWER,2793,2010,0.171095945
Simplicity2,WINDPOWER,2794,2010,0.173470281
Simplicity2,WINDPOWER,2795,2010,0.169807295
Simplicity2,WINDPOWER,2796,2010,0.169747729
Simplicity2,WINDPOWER,2797,2010,0.173171986
Simplicity2,WINDPOWER,2798,2010,0.171511598
Simplicity2,WINDPOWER,2799,2010,0.173373093
Simplicity2,WINDPOWER,2800,2010,0.17516509
Simplicity2,WINDPOWER,2801,2010,0.176414625
Simplicity2,WINDPOWER,2802,2010,0.180095068
Simplicity2,WINDPOWER,2803,2010,0.174250052
Simplicity2,WINDPOWER,2804,2010,0.174859706
Simplicity2,WINDPOWER,2805,2010,0.17908938
Simplicity2,WINDPOWER,2806,2010,0.173267729
Simplicity2,WINDPOWER,2807,2010,0.177957247
Simplicity2,WINDPOWER,2808,2010,0.176327954
Simplicity2,WINDPOWER,2809,2010,0.172246955
Simplicity2,WINDPOWER,2810,2010,0.16807358
Simplicity2,WINDPOWER,2811,2010,0.162772089
Simplicity2,WINDPOWER,2812,2010,0.156217893
Simplicity2,WINDPOWER,2813,2010,0.152781407
Simplicity2,WINDPOWER,2814,2010,0.14769468
Simplicity2,WINDPOWER,2815,2010,0.147115205
Simplicity2,WINDPOWER,2816,2010,0.143101623
Simplicity2,WINDPOWER,2817,2010,0.148104125
Simplicity2,WINDPOWER,2818,2010,0.153014248
Simplicity2,WINDPOWER,2819,2010,0.151006386
Simplicity2,WINDPOWER,2820,2010,0.145337493
Simplicity2,WINDPOWER,2821,2010,0.137650837
Simplicity2,WINDPOWER,2822,2010,0.1397355
Simplicity2,WINDPOWER,2823,2010,0.147335453
Simplicity2,WINDPOWER,2824,2010,0.150872724
Simplicity2,WINDPOWER,2825,2010,0.152772021
Simplicity2,WINDPOWER,2826,2010,0.151744476
Simplicity2,WINDPOWER,2827,2010,0.146030975
Simplicity2,WINDPOWER,2828,2010,0.144462361
Simplicity2,WINDPOWER,2829,2010,0.149555007
Simplicity2,WINDPOWER,2830,2010,0.150686483
Simplicity2,WINDPOWER,2831,2010,0.150442663
Simplicity2,WINDPOWER,2832,2010,0.151743245
Simplicity2,WINDPOWER,2833,2010,0.151748519
Simplicity2,WINDPOWER,2834,2010,0.152337312
Simplicity2,WINDPOWER,2835,2010,0.150747371
Simplicity2,WINDPOWER,2836,2010,0.148759403
Simplicity2,WINDPOWER,2837,2010,0.150670886
Simplicity2,WINDPOWER,2838,2010,0.149245339
Simplicity2,WINDPOWER,2839,2010,0.147227806
Simplicity2,WINDPOWER,2840,2010,0.150840353
Simplicity2,WINDPOWER,2841,2010,0.150442913
Simplicity2,WINDPOWER,2842,2010,0.150751127
Simplicity2,WINDPOWER,2843,2010,0.146151313
Simplicity2,WINDPOWER,2844,2010,0.143419122
Simplicity2,WINDPOWER,2845,2010,0.143089201
Simplicity2,WINDPOWER,2846,2010,0.144380886
Simplicity2,WINDPOWER,2847,2010,0.151295402
Simplicity2,WINDPOWER,2848,2010,0.152121564
Simplicity2,WINDPOWER,2849,2010,0.15142745
Simplicity2,WINDPOWER,2850,2010,0.150485228
Simplicity2,WINDPOWER,2851,2010,0.147734674
Simplicity2,WINDPOWER,2852,2010,0.150713649
Simplicity2,WINDPOWER,2853,2010,0.151270935
Simplicity2,WINDPOWER,2854,2010,0.151869864
Simplicity2,WINDPOWER,2855,2010,0.154248549
Simplicity2,WINDPOWER,2856,2010,0.154096082
Simplicity2,WINDPOWER,2857,2010,0.157391302
Simplicity2,WINDPOWER,2858,2010,0.157779331
Simplicity2,WINDPOWER,2859,2010,0.153928225
Simplicity2,WINDPOWER,2860,2010,0.152821551
Simplicity2,WINDPOWER,2861,2010,0.154770772
Simplicity2,WINDPOWER,2862,2010,0.153458589
Simplicity2,WINDPOWER,2863,2010,0.154112581
Simplicity2,WINDPOWER,2864,2010,0.154529218
Simplicity2,WINDPOWER,2865,2010,0.15324476
Simplicity2,WINDPOWER,2866,2010,0.154300733
Simplicity2,WINDPOWER,2867,2010,0.153133583
Simplicity2,WINDPOWER,2868,2010,0.145617245
Simplicity2,WINDPOWER,2869,2010,0.150617607
Simplicity2,WINDPOWER,2870,2010,0.157047579
Simplicity2,WINDPOWER,2871,2010,0.157694571
Simplicity2,WINDPOWER,2872,2010,0.162329078
Simplicity2,WINDPOWER,2873,2010,0.161982077
Simplicity2,WINDPOWER,2874,2010,0.205640729
Simplicity2,WINDPOWER,2875,2010,0.202218988
Simplicity2,WINDPOWER,2876,2010,0.199858787
Simplicity2,WINDPOWER,2877,2010,0.202146681
Simplicity2,WINDPOWER,2878,2010,0.205701027
Simplicity2,WINDPOWER,2879,2010,0.218049968
Simplicity2,WINDPOWER,2880,2010,0.217318423
Simplicity2,WINDPOWER,2881,2010,0.216114682
Simplicity2,WINDPOWER,2882,2010,0.215296621
Simplicity2,WINDPOWER,2883,2010,0.21047918
Simplicity2,WINDPOWER,2884,2010,0.206331108
Simplicity2,WINDPOWER,2885,2010,0.205471759
Simplicity2,WINDPOWER,2886,2010,0.205609407
Simplicity2,WINDPOWER,2887,2010,0.199088978
Simplicity2,WINDPOWER,2888,2010,0.19626192
Simplicity2,WINDPOWER,2889,2010,0.193604868
Simplicity2,WINDPOWER,2890,2010,0.188893811
Simplicity2,WINDPOWER,2891,2010,0.189010307
Simplicity2,WINDPOWER,2892,2010,0.18762294
Simplicity2,WINDPOWER,2893,2010,0.192288341
Simplicity2,WINDPOWER,2894,2010,0.194570707
Simplicity2,WINDPOWER,2895,2010,0.193470638
Simplicity2,WINDPOWER,2896,2010,0.195546165
Simplicity2,WINDPOWER,2897,2010,0.195334471
Simplicity2,WINDPOWER,2898,2010,0.194825931
Simplicity2,WINDPOWER,2899,2010,0.19489482
Simplicity2,WINDPOWER,2900,2010,0.195938165
Simplicity2,WINDPOWER,2901,2010,0.201315361
Simplicity2,WINDPOWER,2902,2010,0.203982766
Simplicity2,WINDPOWER,2903,2010,0.206996233
Simplicity2,WINDPOWER,2904,2010,0.206053272
Simplicity2,WINDPOWER,2905,2010,0.206331214
Simplicity2,WINDPOWER,2906,2010,0.205817252
Simplicity2,WINDPOWER,2907,2010,0.198946728
Simplicity2,WINDPOWER,2908,2010,0.193837005
Simplicity2,WINDPOWER,2909,2010,0.195400335
Simplicity2,WINDPOWER,2910,2010,0.189798857
Simplicity2,WINDPOWER,2911,2010,0.187373659
Simplicity2,WINDPOWER,2912,2010,0.187297736
Simplicity2,WINDPOWER,2913,2010,0.187106358
Simplicity2,WINDPOWER,2914,2010,0.189190804
Simplicity2,WINDPOWER,2915,2010,0.188610368
Simplicity2,WINDPOWER,2916,2010,0.186690417
Simplicity2,WINDPOWER,2917,2010,0.182934633
Simplicity2,WINDPOWER,2918,2010,0.188306283
Simplicity2,WINDPOWER,2919,2010,0.192984584
Simplicity2,WINDPOWER,2920,2010,0.196390677
Simplicity2,WINDPOWER,2921,2010,0.196494458
Simplicity2,WINDPOWER,2922,2010,0.192441283
Simplicity2,WINDPOWER,2923,2010,0.195325866
Simplicity2,WINDPOWER,2924,2010,0.194869943
Simplicity2,WINDPOWER,2925,2010,0.197315062
Simplicity2,WINDPOWER,2926,2010,0.195430005
Simplicity2,WINDPOWER,2927,2010,0.195087257
Simplicity2,WINDPOWER,2928,2010,0.19157614
Simplicity2,WINDPOWER,2929,2010,0.190516932
Simplicity2,WINDPOWER,2930,2010,0.18658347
Simplicity2,WINDPOWER,2931,2010,0.182419244
Simplicity2,WINDPOWER,2932,2010,0.178774249
Simplicity2,WINDPOWER,2933,2010,0.182735635
Simplicity2,WINDPOWER,2934,2010,0.185507289
Simplicity2,WINDPOWER,2935,2010,0.186583576
Simplicity2,WINDPOWER,2936,2010,0.184463895
Simplicity2,WINDPOWER,2937,2010,0.180942507
Simplicity2,WINDPOWER,2938,2010,0.181175192
Simplicity2,WINDPOWER,2939,2010,0.179136329
Simplicity2,WINDPOWER,2940,2010,0.179974407
Simplicity2,WINDPOWER,2941,2010,0.180734564
Simplicity2,WINDPOWER,2942,2010,0.180984284
Simplicity2,WINDPOWER,2943,2010,0.185051407
Simplicity2,WINDPOWER,2944,2010,0.191984634
Simplicity2,WINDPOWER,2945,2010,0.189671183
Simplicity2,WINDPOWER,2946,2010,0.189441503
Simplicity2,WINDPOWER,2947,2010,0.188889077
Simplicity2,WINDPOWER,2948,2010,0.191217322
Simplicity2,WINDPOWER,2949,2010,0.192967428
Simplicity2,WINDPOWER,2950,2010,0.193440061
Simplicity2,WINDPOWER,2951,2010,0.197802474
Simplicity2,WINDPOWER,2952,2010,0.196572216
Simplicity2,WINDPOWER,2953,2010,0.199350935
Simplicity2,WINDPOWER,2954,2010,0.201396302
Simplicity2,WINDPOWER,2955,2010,0.200331037
Simplicity2,WINDPOWER,2956,2010,0.207289367
Simplicity2,WINDPOWER,2957,2010,0.209160788
Simplicity2,WINDPOWER,2958,2010,0.213102703
Simplicity2,WINDPOWER,2959,2010,0.220367876
Simplicity2,WINDPOWER,2960,2010,0.221598272
Simplicity2,WINDPOWER,2961,2010,0.224219376
Simplicity2,WINDPOWER,2962,2010,0.226781018
Simplicity2,WINDPOWER,2963,2010,0.227544356
Simplicity2,WINDPOWER,2964,2010,0.223464349
Simplicity2,WINDPOWER,2965,2010,0.223755496
Simplicity2,WINDPOWER,2966,2010,0.225180687
Simplicity2,WINDPOWER,2967,2010,0.227762743
Simplicity2,WINDPOWER,2968,2010,0.232486602
Simplicity2,WINDPOWER,2969,2010,0.228714711
Simplicity2,WINDPOWER,2970,2010,0.227815976
Simplicity2,WINDPOWER,2971,2010,0.229176865
Simplicity2,WINDPOWER,2972,2010,0.228108842
Simplicity2,WINDPOWER,2973,2010,0.235948562
Simplicity2,WINDPOWER,2974,2010,0.234731381
Simplicity2,WINDPOWER,2975,2010,0.234347525
Simplicity2,WINDPOWER,2976,2010,0.239637519
Simplicity2,WINDPOWER,2977,2010,0.239473568
Simplicity2,WINDPOWER,2978,2010,0.238474623
Simplicity2,WINDPOWER,2979,2010,0.243920891
Simplicity2,WINDPOWER,2980,2010,0.244850889
Simplicity2,WINDPOWER,2981,2010,0.25089711
Simplicity2,WINDPOWER,2982,2010,0.251908557
Simplicity2,WINDPOWER,2983,2010,0.252731865
Simplicity2,WINDPOWER,2984,2010,0.2508989
Simplicity2,WINDPOWER,2985,2010,0.248047119
Simplicity2,WINDPOWER,2986,2010,0.251298618
Simplicity2,WINDPOWER,2987,2010,0.251984121
Simplicity2,WINDPOWER,2988,2010,0.249682412
Simplicity2,WINDPOWER,2989,2010,0.248850484
Simplicity2,WINDPOWER,2990,2010,0.250154282
Simplicity2,WINDPOWER,2991,2010,0.251379883
Simplicity2,WINDPOWER,2992,2010,0.262830388
Simplicity2,WINDPOWER,2993,2010,0.26557481
Simplicity2,WINDPOWER,2994,2010,0.258326175
Simplicity2,WINDPOWER,2995,2010,0.262609415
Simplicity2,WINDPOWER,2996,2010,0.258247127
Simplicity2,WINDPOWER,2997,2010,0.259643612
Simplicity2,WINDPOWER,2998,2010,0.264924057
Simplicity2,WINDPOWER,2999,2010,0.256247642
Simplicity2,WINDPOWER,3000,2010,0.271168066
Simplicity2,WINDPOWER,3001,2010,0.256146246
Simplicity2,WINDPOWER,3002,2010,0.257181057
Simplicity2,WINDPOWER,3003,2010,0.267781711
Simplicity2,WINDPOWER,3004,2010,0.247986625
Simplicity2,WINDPOWER,3005,2010,0.24969272
Simplicity2,WINDPOWER,3006,2010,0.255015799
Simplicity2,WINDPOWER,3007,2010,0.250889747
Simplicity2,WINDPOWER,3008,2010,0.250087891
Simplicity2,WINDPOWER,3009,2010,0.262560281
Simplicity2,WINDPOWER,3010,2010,0.261409698
Simplicity2,WINDPOWER,3011,2010,0.257401243
Simplicity2,WINDPOWER,3012,2010,0.255346994
Simplicity2,WINDPOWER,3013,2010,0.255944437
Simplicity2,WINDPOWER,3014,2010,0.26467175
Simplicity2,WINDPOWER,3015,2010,0.27992832
Simplicity2,WINDPOWER,3016,2010,0.284254336
Simplicity2,WINDPOWER,3017,2010,0.293509693
Simplicity2,WINDPOWER,3018,2010,0.296498265
Simplicity2,WINDPOWER,3019,2010,0.292058923
Simplicity2,WINDPOWER,3020,2010,0.290334953
Simplicity2,WINDPOWER,3021,2010,0.291145086
Simplicity2,WINDPOWER,3022,2010,0.293152219
Simplicity2,WINDPOWER,3023,2010,0.306326356
Simplicity2,WINDPOWER,3024,2010,0.299675498
Simplicity2,WINDPOWER,3025,2010,0.282191092
Simplicity2,WINDPOWER,3026,2010,0.295104313
Simplicity2,WINDPOWER,3027,2010,0.283031734
Simplicity2,WINDPOWER,3028,2010,0.287064296
Simplicity2,WINDPOWER,3029,2010,0.28617032
Simplicity2,WINDPOWER,3030,2010,0.280497574
Simplicity2,WINDPOWER,3031,2010,0.274086368
Simplicity2,WINDPOWER,3032,2010,0.288504852
Simplicity2,WINDPOWER,3033,2010,0.289519582
Simplicity2,WINDPOWER,3034,2010,0.286352232
Simplicity2,WINDPOWER,3035,2010,0.293009334
Simplicity2,WINDPOWER,3036,2010,0.29609519
Simplicity2,WINDPOWER,3037,2010,0.303370938
Simplicity2,WINDPOWER,3038,2010,0.311738747
Simplicity2,WINDPOWER,3039,2010,0.326411493
Simplicity2,WINDPOWER,3040,2010,0.329915925
Simplicity2,WINDPOWER,3041,2010,0.328869601
Simplicity2,WINDPOWER,3042,2010,0.333141115
Simplicity2,WINDPOWER,3043,2010,0.333471873
Simplicity2,WINDPOWER,3044,2010,0.331850258
Simplicity2,WINDPOWER,3045,2010,0.335378702
Simplicity2,WINDPOWER,3046,2010,0.328135496
Simplicity2,WINDPOWER,3047,2010,0.334979152
Simplicity2,WINDPOWER,3048,2010,0.349237928
Simplicity2,WINDPOWER,3049,2010,0.362833986
Simplicity2,WINDPOWER,3050,2010,0.371863067
Simplicity2,WINDPOWER,3051,2010,0.387565062
Simplicity2,WINDPOWER,3052,2010,0.373079767
Simplicity2,WINDPOWER,3053,2010,0.368090562
Simplicity2,WINDPOWER,3054,2010,0.364909132
Simplicity2,WINDPOWER,3055,2010,0.366471695
Simplicity2,WINDPOWER,3056,2010,0.381173465
Simplicity2,WINDPOWER,3057,2010,0.376132625
Simplicity2,WINDPOWER,3058,2010,0.361620246
Simplicity2,WINDPOWER,3059,2010,0.342776659
Simplicity2,WINDPOWER,3060,2010,0.35722186
Simplicity2,WINDPOWER,3061,2010,0.367130958
Simplicity2,WINDPOWER,3062,2010,0.353591369
Simplicity2,WINDPOWER,3063,2010,0.353705351
Simplicity2,WINDPOWER,3064,2010,0.361650944
Simplicity2,WINDPOWER,3065,2010,0.347256684
Simplicity2,WINDPOWER,3066,2010,0.349894855
Simplicity2,WINDPOWER,3067,2010,0.346262359
Simplicity2,WINDPOWER,3068,2010,0.354915976
Simplicity2,WINDPOWER,3069,2010,0.350099261
Simplicity2,WINDPOWER,3070,2010,0.369379326
Simplicity2,WINDPOWER,3071,2010,0.367936132
Simplicity2,WINDPOWER,3072,2010,0.354028191
Simplicity2,WINDPOWER,3073,2010,0.379558619
Simplicity2,WINDPOWER,3074,2010,0.366859371
Simplicity2,WINDPOWER,3075,2010,0.372160402
Simplicity2,WINDPOWER,3076,2010,0.362162875
Simplicity2,WINDPOWER,3077,2010,0.366950753
Simplicity2,WINDPOWER,3078,2010,0.370634633
Simplicity2,WINDPOWER,3079,2010,0.389062823
Simplicity2,WINDPOWER,3080,2010,0.372943603
Simplicity2,WINDPOWER,3081,2010,0.369559691
Simplicity2,WINDPOWER,3082,2010,0.352397098
Simplicity2,WINDPOWER,3083,2010,0.353957955
Simplicity2,WINDPOWER,3084,2010,0.356262482
Simplicity2,WINDPOWER,3085,2010,0.354696453
Simplicity2,WINDPOWER,3086,2010,0.351920043
Simplicity2,WINDPOWER,3087,2010,0.357360701
Simplicity2,WINDPOWER,3088,2010,0.360446868
Simplicity2,WINDPOWER,3089,2010,0.363142147
Simplicity2,WINDPOWER,3090,2010,0.357251214
Simplicity2,WINDPOWER,3091,2010,0.360795093
Simplicity2,WINDPOWER,3092,2010,0.360937749
Simplicity2,WINDPOWER,3093,2010,0.383886265
Simplicity2,WINDPOWER,3094,2010,0.374336039
Simplicity2,WINDPOWER,3095,2010,0.362249605
Simplicity2,WINDPOWER,3096,2010,0.361685018
Simplicity2,WINDPOWER,3097,2010,0.352219871
Simplicity2,WINDPOWER,3098,2010,0.352097896
Simplicity2,WINDPOWER,3099,2010,0.356481669
Simplicity2,WINDPOWER,3100,2010,0.342665524
Simplicity2,WINDPOWER,3101,2010,0.344086272
Simplicity2,WINDPOWER,3102,2010,0.348499101
Simplicity2,WINDPOWER,3103,2010,0.342314509
Simplicity2,WINDPOWER,3104,2010,0.335802845
Simplicity2,WINDPOWER,3105,2010,0.340158203
Simplicity2,WINDPOWER,3106,2010,0.329788831
Simplicity2,WINDPOWER,3107,2010,0.333164729
Simplicity2,WINDPOWER,3108,2010,0.327915911
Simplicity2,WINDPOWER,3109,2010,0.336236925
Simplicity2,WINDPOWER,3110,2010,0.32964062
Simplicity2,WINDPOWER,3111,2010,0.326564355
Simplicity2,WINDPOWER,3112,2010,0.345880611
Simplicity2,WINDPOWER,3113,2010,0.342554957
Simplicity2,WINDPOWER,3114,2010,0.340919464
Simplicity2,WINDPOWER,3115,2010,0.335433411
Simplicity2,WINDPOWER,3116,2010,0.33595757
Simplicity2,WINDPOWER,3117,2010,0.335428462
Simplicity2,WINDPOWER,3118,2010,0.330471887
Simplicity2,WINDPOWER,3119,2010,0.325169052
Simplicity2,WINDPOWER,3120,2010,0.330232355
Simplicity2,WINDPOWER,3121,2010,0.327471659
Simplicity2,WINDPOWER,3122,2010,0.325968161
Simplicity2,WINDPOWER,3123,2010,0.323579142
Simplicity2,WINDPOWER,3124,2010,0.322826395
Simplicity2,WINDPOWER,3125,2010,0.324057599
Simplicity2,WINDPOWER,3126,2010,0.341264685
Simplicity2,WINDPOWER,3127,2010,0.334508214
Simplicity2,WINDPOWER,3128,2010,0.328941868
Simplicity2,WINDPOWER,3129,2010,0.331989686
Simplicity2,WINDPOWER,3130,2010,0.32841428
Simplicity2,WINDPOWER,3131,2010,0.312861914
Simplicity2,WINDPOWER,3132,2010,0.312917432
Simplicity2,WINDPOWER,3133,2010,0.298979869
Simplicity2,WINDPOWER,3134,2010,0.286128873
Simplicity2,WINDPOWER,3135,2010,0.290307097
Simplicity2,WINDPOWER,3136,2010,0.278981852
Simplicity2,WINDPOWER,3137,2010,0.280929999
Simplicity2,WINDPOWER,3138,2010,0.266079521
Simplicity2,WINDPOWER,3139,2010,0.264410393
Simplicity2,WINDPOWER,3140,2010,0.258754902
Simplicity2,WINDPOWER,3141,2010,0.252954773
Simplicity2,WINDPOWER,3142,2010,0.251945439
Simplicity2,WINDPOWER,3143,2010,0.258555421
Simplicity2,WINDPOWER,3144,2010,0.260979134
Simplicity2,WINDPOWER,3145,2010,0.26942101
Simplicity2,WINDPOWER,3146,2010,0.26461592
Simplicity2,WINDPOWER,3147,2010,0.269340303
Simplicity2,WINDPOWER,3148,2010,0.268381875
Simplicity2,WINDPOWER,3149,2010,0.273983572
Simplicity2,WINDPOWER,3150,2010,0.285476258
Simplicity2,WINDPOWER,3151,2010,0.278122062
Simplicity2,WINDPOWER,3152,2010,0.275354352
Simplicity2,WINDPOWER,3153,2010,0.267458547
Simplicity2,WINDPOWER,3154,2010,0.267716448
Simplicity2,WINDPOWER,3155,2010,0.264062169
Simplicity2,WINDPOWER,3156,2010,0.253278482
Simplicity2,WINDPOWER,3157,2010,0.263446523
Simplicity2,WINDPOWER,3158,2010,0.270837881
Simplicity2,WINDPOWER,3159,2010,0.270519849
Simplicity2,WINDPOWER,3160,2010,0.279805364
Simplicity2,WINDPOWER,3161,2010,0.273147452
Simplicity2,WINDPOWER,3162,2010,0.273609978
Simplicity2,WINDPOWER,3163,2010,0.270578464
Simplicity2,WINDPOWER,3164,2010,0.275494944
Simplicity2,WINDPOWER,3165,2010,0.264559812
Simplicity2,WINDPOWER,3166,2010,0.278484234
Simplicity2,WINDPOWER,3167,2010,0.275561236
Simplicity2,WINDPOWER,3168,2010,0.278528317
Simplicity2,WINDPOWER,3169,2010,0.286502137
Simplicity2,WINDPOWER,3170,2010,0.277632687
Simplicity2,WINDPOWER,3171,2010,0.268765122
Simplicity2,WINDPOWER,3172,2010,0.279809726
Simplicity2,WINDPOWER,3173,2010,0.279890549
Simplicity2,WINDPOWER,3174,2010,0.28355222
Simplicity2,WINDPOWER,3175,2010,0.273410364
Simplicity2,WINDPOWER,3176,2010,0.263834766
Simplicity2,WINDPOWER,3177,2010,0.262127584
Simplicity2,WINDPOWER,3178,2010,0.262014443
Simplicity2,WINDPOWER,3179,2010,0.262407563
Simplicity2,WINDPOWER,3180,2010,0.266659605
Simplicity2,WINDPOWER,3181,2010,0.262871459
Simplicity2,WINDPOWER,3182,2010,0.263965934
Simplicity2,WINDPOWER,3183,2010,0.274257107
Simplicity2,WINDPOWER,3184,2010,0.279430218
Simplicity2,WINDPOWER,3185,2010,0.280131695
Simplicity2,WINDPOWER,3186,2010,0.27995598
Simplicity2,WINDPOWER,3187,2010,0.2827861
Simplicity2,WINDPOWER,3188,2010,0.27722788
Simplicity2,WINDPOWER,3189,2010,0.277459026
Simplicity2,WINDPOWER,3190,2010,0.283990499
Simplicity2,WINDPOWER,3191,2010,0.28143943
Simplicity2,WINDPOWER,3192,2010,0.285600508
Simplicity2,WINDPOWER,3193,2010,0.287221802
Simplicity2,WINDPOWER,3194,2010,0.293875283
Simplicity2,WINDPOWER,3195,2010,0.291984807
Simplicity2,WINDPOWER,3196,2010,0.290033696
Simplicity2,WINDPOWER,3197,2010,0.287834078
Simplicity2,WINDPOWER,3198,2010,0.286677319
Simplicity2,WINDPOWER,3199,2010,0.284050787
Simplicity2,WINDPOWER,3200,2010,0.284243558
Simplicity2,WINDPOWER,3201,2010,0.28301646
Simplicity2,WINDPOWER,3202,2010,0.279258947
Simplicity2,WINDPOWER,3203,2010,0.27963657
Simplicity2,WINDPOWER,3204,2010,0.284169335
Simplicity2,WINDPOWER,3205,2010,0.279711078
Simplicity2,WINDPOWER,3206,2010,0.282258876
Simplicity2,WINDPOWER,3207,2010,0.285009491
Simplicity2,WINDPOWER,3208,2010,0.291971643
Simplicity2,WINDPOWER,3209,2010,0.292879393
Simplicity2,WINDPOWER,3210,2010,0.295334144
Simplicity2,WINDPOWER,3211,2010,0.28420223
Simplicity2,WINDPOWER,3212,2010,0.278849072
Simplicity2,WINDPOWER,3213,2010,0.274941491
Simplicity2,WINDPOWER,3214,2010,0.291076502
Simplicity2,WINDPOWER,3215,2010,0.308127063
Simplicity2,WINDPOWER,3216,2010,0.317358693
Simplicity2,WINDPOWER,3217,2010,0.313545124
Simplicity2,WINDPOWER,3218,2010,0.316459809
Simplicity2,WINDPOWER,3219,2010,0.315202914
Simplicity2,WINDPOWER,3220,2010,0.334366052
Simplicity2,WINDPOWER,3221,2010,0.331973585
Simplicity2,WINDPOWER,3222,2010,0.321839779
Simplicity2,WINDPOWER,3223,2010,0.324270326
Simplicity2,WINDPOWER,3224,2010,0.322575856
Simplicity2,WINDPOWER,3225,2010,0.315228321
Simplicity2,WINDPOWER,3226,2010,0.309242265
Simplicity2,WINDPOWER,3227,2010,0.31690321
Simplicity2,WINDPOWER,3228,2010,0.31214372
Simplicity2,WINDPOWER,3229,2010,0.326702016
Simplicity2,WINDPOWER,3230,2010,0.328071452
Simplicity2,WINDPOWER,3231,2010,0.332797784
Simplicity2,WINDPOWER,3232,2010,0.339065574
Simplicity2,WINDPOWER,3233,2010,0.330322471
Simplicity2,WINDPOWER,3234,2010,0.338069903
Simplicity2,WINDPOWER,3235,2010,0.330361922
Simplicity2,WINDPOWER,3236,2010,0.336582854
Simplicity2,WINDPOWER,3237,2010,0.343639243
Simplicity2,WINDPOWER,3238,2010,0.35257628
Simplicity2,WINDPOWER,3239,2010,0.358664054
Simplicity2,WINDPOWER,3240,2010,0.361794112
Simplicity2,WINDPOWER,3241,2010,0.357061044
Simplicity2,WINDPOWER,3242,2010,0.366405389
Simplicity2,WINDPOWER,3243,2010,0.367387136
Simplicity2,WINDPOWER,3244,2010,0.361317366
Simplicity2,WINDPOWER,3245,2010,0.353786936
Simplicity2,WINDPOWER,3246,2010,0.34236025
Simplicity2,WINDPOWER,3247,2010,0.342803782
Simplicity2,WINDPOWER,3248,2010,0.356772757
Simplicity2,WINDPOWER,3249,2010,0.339248187
Simplicity2,WINDPOWER,3250,2010,0.336519595
Simplicity2,WINDPOWER,3251,2010,0.345920181
Simplicity2,WINDPOWER,3252,2010,0.342112467
Simplicity2,WINDPOWER,3253,2010,0.355660207
Simplicity2,WINDPOWER,3254,2010,0.355337132
Simplicity2,WINDPOWER,3255,2010,0.353828115
Simplicity2,WINDPOWER,3256,2010,0.364382536
Simplicity2,WINDPOWER,3257,2010,0.368021368
Simplicity2,WINDPOWER,3258,2010,0.372696352
Simplicity2,WINDPOWER,3259,2010,0.367547558
Simplicity2,WINDPOWER,3260,2010,0.368881118
Simplicity2,WINDPOWER,3261,2010,0.363057096
Simplicity2,WINDPOWER,3262,2010,0.369531964
Simplicity2,WINDPOWER,3263,2010,0.378666897
Simplicity2,WINDPOWER,3264,2010,0.378510182
Simplicity2,WINDPOWER,3265,2010,0.38947508
Simplicity2,WINDPOWER,3266,2010,0.394453078
Simplicity2,WINDPOWER,3267,2010,0.399255568
Simplicity2,WINDPOWER,3268,2010,0.392023149
Simplicity2,WINDPOWER,3269,2010,0.398116726
Simplicity2,WINDPOWER,3270,2010,0.411518341
Simplicity2,WINDPOWER,3271,2010,0.412936701
Simplicity2,WINDPOWER,3272,2010,0.407037922
Simplicity2,WINDPOWER,3273,2010,0.391595397
Simplicity2,WINDPOWER,3274,2010,0.396854614
Simplicity2,WINDPOWER,3275,2010,0.406433005
Simplicity2,WINDPOWER,3276,2010,0.401998301
Simplicity2,WINDPOWER,3277,2010,0.418561862
Simplicity2,WINDPOWER,3278,2010,0.403997454
Simplicity2,WINDPOWER,3279,2010,0.399012162
Simplicity2,WINDPOWER,3280,2010,0.415380697
Simplicity2,WINDPOWER,3281,2010,0.402637812
Simplicity2,WINDPOWER,3282,2010,0.404501539
Simplicity2,WINDPOWER,3283,2010,0.406888694
Simplicity2,WINDPOWER,3284,2010,0.401561307
Simplicity2,WINDPOWER,3285,2010,0.39968032
Simplicity2,WINDPOWER,3286,2010,0.409733416
Simplicity2,WINDPOWER,3287,2010,0.429732379
Simplicity2,WINDPOWER,3288,2010,0.445281999
Simplicity2,WINDPOWER,3289,2010,0.440427277
Simplicity2,WINDPOWER,3290,2010,0.437598512
Simplicity2,WINDPOWER,3291,2010,0.422584871
Simplicity2,WINDPOWER,3292,2010,0.428414214
Simplicity2,WINDPOWER,3293,2010,0.434404555
Simplicity2,WINDPOWER,3294,2010,0.443249785
Simplicity2,WINDPOWER,3295,2010,0.425820375
Simplicity2,WINDPOWER,3296,2010,0.41553871
Simplicity2,WINDPOWER,3297,2010,0.409098708
Simplicity2,WINDPOWER,3298,2010,0.412581532
Simplicity2,WINDPOWER,3299,2010,0.402768113
Simplicity2,WINDPOWER,3300,2010,0.382796762
Simplicity2,WINDPOWER,3301,2010,0.385782055
Simplicity2,WINDPOWER,3302,2010,0.392579269
Simplicity2,WINDPOWER,3303,2010,0.398402991
Simplicity2,WINDPOWER,3304,2010,0.392549314
Simplicity2,WINDPOWER,3305,2010,0.393801244
Simplicity2,WINDPOWER,3306,2010,0.397256865
Simplicity2,WINDPOWER,3307,2010,0.390997944
Simplicity2,WINDPOWER,3308,2010,0.395107452
Simplicity2,WINDPOWER,3309,2010,0.400432892
Simplicity2,WINDPOWER,3310,2010,0.408733422
Simplicity2,WINDPOWER,3311,2010,0.409273323
Simplicity2,WINDPOWER,3312,2010,0.397662573
Simplicity2,WINDPOWER,3313,2010,0.405957668
Simplicity2,WINDPOWER,3314,2010,0.403598709
Simplicity2,WINDPOWER,3315,2010,0.377367788
Simplicity2,WINDPOWER,3316,2010,0.379129049
Simplicity2,WINDPOWER,3317,2010,0.37046353
Simplicity2,WINDPOWER,3318,2010,0.377657191
Simplicity2,WINDPOWER,3319,2010,0.378799209
Simplicity2,WINDPOWER,3320,2010,0.359005818
Simplicity2,WINDPOWER,3321,2010,0.348807004
Simplicity2,WINDPOWER,3322,2010,0.356023249
Simplicity2,WINDPOWER,3323,2010,0.352228398
Simplicity2,WINDPOWER,3324,2010,0.3573888
Simplicity2,WINDPOWER,3325,2010,0.357204036
Simplicity2,WINDPOWER,3326,2010,0.353812161
Simplicity2,WINDPOWER,3327,2010,0.349319424
Simplicity2,WINDPOWER,3328,2010,0.358275515
Simplicity2,WINDPOWER,3329,2010,0.359852061
Simplicity2,WINDPOWER,3330,2010,0.350728477
Simplicity2,WINDPOWER,3331,2010,0.341365915
Simplicity2,WINDPOWER,3332,2010,0.331863033
Simplicity2,WINDPOWER,3333,2010,0.339327977
Simplicity2,WINDPOWER,3334,2010,0.338597257
Simplicity2,WINDPOWER,3335,2010,0.339859831
Simplicity2,WINDPOWER,3336,2010,0.331040486
Simplicity2,WINDPOWER,3337,2010,0.336057963
Simplicity2,WINDPOWER,3338,2010,0.323631341
Simplicity2,WINDPOWER,3339,2010,0.326814644
Simplicity2,WINDPOWER,3340,2010,0.329804388
Simplicity2,WINDPOWER,3341,2010,0.334333276
Simplicity2,WINDPOWER,3342,2010,0.341979529
Simplicity2,WINDPOWER,3343,2010,0.339241984
Simplicity2,WINDPOWER,3344,2010,0.332957748
Simplicity2,WINDPOWER,3345,2010,0.343738377
Simplicity2,WINDPOWER,3346,2010,0.342023066
Simplicity2,WINDPOWER,3347,2010,0.352856538
Simplicity2,WINDPOWER,3348,2010,0.369406093
Simplicity2,WINDPOWER,3349,2010,0.359936611
Simplicity2,WINDPOWER,3350,2010,0.343961346
Simplicity2,WINDPOWER,3351,2010,0.330423347
Simplicity2,WINDPOWER,3352,2010,0.330129832
Simplicity2,WINDPOWER,3353,2010,0.343521854
Simplicity2,WINDPOWER,3354,2010,0.349066298
Simplicity2,WINDPOWER,3355,2010,0.344428925
Simplicity2,WINDPOWER,3356,2010,0.331247808
Simplicity2,WINDPOWER,3357,2010,0.328456141
Simplicity2,WINDPOWER,3358,2010,0.331666503
Simplicity2,WINDPOWER,3359,2010,0.348219752
Simplicity2,WINDPOWER,3360,2010,0.349225285
Simplicity2,WINDPOWER,3361,2010,0.345266802
Simplicity2,WINDPOWER,3362,2010,0.332255847
Simplicity2,WINDPOWER,3363,2010,0.338823851
Simplicity2,WINDPOWER,3364,2010,0.349491994
Simplicity2,WINDPOWER,3365,2010,0.357933902
Simplicity2,WINDPOWER,3366,2010,0.356920035
Simplicity2,WINDPOWER,3367,2010,0.369128045
Simplicity2,WINDPOWER,3368,2010,0.359287665
Simplicity2,WINDPOWER,3369,2010,0.356612828
Simplicity2,WINDPOWER,3370,2010,0.370154118
Simplicity2,WINDPOWER,3371,2010,0.365469905
Simplicity2,WINDPOWER,3372,2010,0.370232319
Simplicity2,WINDPOWER,3373,2010,0.361103176
Simplicity2,WINDPOWER,3374,2010,0.35654425
Simplicity2,WINDPOWER,3375,2010,0.349196781
Simplicity2,WINDPOWER,3376,2010,0.359857345
Simplicity2,WINDPOWER,3377,2010,0.358690421
Simplicity2,WINDPOWER,3378,2010,0.345017013
Simplicity2,WINDPOWER,3379,2010,0.340393987
Simplicity2,WINDPOWER,3380,2010,0.337765052
Simplicity2,WINDPOWER,3381,2010,0.342369041
Simplicity2,WINDPOWER,3382,2010,0.356051366
Simplicity2,WINDPOWER,3383,2010,0.351696591
Simplicity2,WINDPOWER,3384,2010,0.360795954
Simplicity2,WINDPOWER,3385,2010,0.364353073
Simplicity2,WINDPOWER,3386,2010,0.360296266
Simplicity2,WINDPOWER,3387,2010,0.373312844
Simplicity2,WINDPOWER,3388,2010,0.355171682
Simplicity2,WINDPOWER,3389,2010,0.363075865
Simplicity2,WINDPOWER,3390,2010,0.366923143
Simplicity2,WINDPOWER,3391,2010,0.368717042
Simplicity2,WINDPOWER,3392,2010,0.369863519
Simplicity2,WINDPOWER,3393,2010,0.403980023
Simplicity2,WINDPOWER,3394,2010,0.391169134
Simplicity2,WINDPOWER,3395,2010,0.381285812
Simplicity2,WINDPOWER,3396,2010,0.380915036
Simplicity2,WINDPOWER,3397,2010,0.390584643
Simplicity2,WINDPOWER,3398,2010,0.385305722
Simplicity2,WINDPOWER,3399,2010,0.385503758
Simplicity2,WINDPOWER,3400,2010,0.395599198
Simplicity2,WINDPOWER,3401,2010,0.403940838
Simplicity2,WINDPOWER,3402,2010,0.416561851
Simplicity2,WINDPOWER,3403,2010,0.422419503
Simplicity2,WINDPOWER,3404,2010,0.4106259
Simplicity2,WINDPOWER,3405,2010,0.399716871
Simplicity2,WINDPOWER,3406,2010,0.400166045
Simplicity2,WINDPOWER,3407,2010,0.396838727
Simplicity2,WINDPOWER,3408,2010,0.409444365
Simplicity2,WINDPOWER,3409,2010,0.388298493
Simplicity2,WINDPOWER,3410,2010,0.375365996
Simplicity2,WINDPOWER,3411,2010,0.366986106
Simplicity2,WINDPOWER,3412,2010,0.372918092
Simplicity2,WINDPOWER,3413,2010,0.392548558
Simplicity2,WINDPOWER,3414,2010,0.385565484
Simplicity2,WINDPOWER,3415,2010,0.384504336
Simplicity2,WINDPOWER,3416,2010,0.381886471
Simplicity2,WINDPOWER,3417,2010,0.387727206
Simplicity2,WINDPOWER,3418,2010,0.390619315
Simplicity2,WINDPOWER,3419,2010,0.41149932
Simplicity2,WINDPOWER,3420,2010,0.403863251
Simplicity2,WINDPOWER,3421,2010,0.416725758
Simplicity2,WINDPOWER,3422,2010,0.431741471
Simplicity2,WINDPOWER,3423,2010,0.436523137
Simplicity2,WINDPOWER,3424,2010,0.44908504
Simplicity2,WINDPOWER,3425,2010,0.457135151
Simplicity2,WINDPOWER,3426,2010,0.463220345
Simplicity2,WINDPOWER,3427,2010,0.464722416
Simplicity2,WINDPOWER,3428,2010,0.437148004
Simplicity2,WINDPOWER,3429,2010,0.41560957
Simplicity2,WINDPOWER,3430,2010,0.423884788
Simplicity2,WINDPOWER,3431,2010,0.416402725
Simplicity2,WINDPOWER,3432,2010,0.418652308
Simplicity2,WINDPOWER,3433,2010,0.41131168
Simplicity2,WINDPOWER,3434,2010,0.412851452
Simplicity2,WINDPOWER,3435,2010,0.406927994
Simplicity2,WINDPOWER,3436,2010,0.412355556
Simplicity2,WINDPOWER,3437,2010,0.406887103
Simplicity2,WINDPOWER,3438,2010,0.422959551
Simplicity2,WINDPOWER,3439,2010,0.429026289
Simplicity2,WINDPOWER,3440,2010,0.411753348
Simplicity2,WINDPOWER,3441,2010,0.414709895
Simplicity2,WINDPOWER,3442,2010,0.414683724
Simplicity2,WINDPOWER,3443,2010,0.414426584
Simplicity2,WINDPOWER,3444,2010,0.433957664
Simplicity2,WINDPOWER,3445,2010,0.434057417
Simplicity2,WINDPOWER,3446,2010,0.438268094
Simplicity2,WINDPOWER,3447,2010,0.43368384
Simplicity2,WINDPOWER,3448,2010,0.430883425
Simplicity2,WINDPOWER,3449,2010,0.457846589
Simplicity2,WINDPOWER,3450,2010,0.461285696
Simplicity2,WINDPOWER,3451,2010,0.464464702
Simplicity2,WINDPOWER,3452,2010,0.44387572
Simplicity2,WINDPOWER,3453,2010,0.437222228
Simplicity2,WINDPOWER,3454,2010,0.452473997
Simplicity2,WINDPOWER,3455,2010,0.441600379
Simplicity2,WINDPOWER,3456,2010,0.452408813
Simplicity2,WINDPOWER,3457,2010,0.449662291
Simplicity2,WINDPOWER,3458,2010,0.441398554
Simplicity2,WINDPOWER,3459,2010,0.455643387
Simplicity2,WINDPOWER,3460,2010,0.464548729
Simplicity2,WINDPOWER,3461,2010,0.458929231
Simplicity2,WINDPOWER,3462,2010,0.458644652
Simplicity2,WINDPOWER,3463,2010,0.454863581
Simplicity2,WINDPOWER,3464,2010,0.466237151
Simplicity2,WINDPOWER,3465,2010,0.455982726
Simplicity2,WINDPOWER,3466,2010,0.451121644
Simplicity2,WINDPOWER,3467,2010,0.45868691
Simplicity2,WINDPOWER,3468,2010,0.451198917
Simplicity2,WINDPOWER,3469,2010,0.454905855
Simplicity2,WINDPOWER,3470,2010,0.45375073
Simplicity2,WINDPOWER,3471,2010,0.467467764
Simplicity2,WINDPOWER,3472,2010,0.482095032
Simplicity2,WINDPOWER,3473,2010,0.464321328
Simplicity2,WINDPOWER,3474,2010,0.489856763
Simplicity2,WINDPOWER,3475,2010,0.506721821
Simplicity2,WINDPOWER,3476,2010,0.496447382
Simplicity2,WINDPOWER,3477,2010,0.493596959
Simplicity2,WINDPOWER,3478,2010,0.493338933
Simplicity2,WINDPOWER,3479,2010,0.509898606
Simplicity2,WINDPOWER,3480,2010,0.516964958
Simplicity2,WINDPOWER,3481,2010,0.524109589
Simplicity2,WINDPOWER,3482,2010,0.512771835
Simplicity2,WINDPOWER,3483,2010,0.519976678
Simplicity2,WINDPOWER,3484,2010,0.533066517
Simplicity2,WINDPOWER,3485,2010,0.538222937
Simplicity2,WINDPOWER,3486,2010,0.52582996
Simplicity2,WINDPOWER,3487,2010,0.545243086
Simplicity2,WINDPOWER,3488,2010,0.555668183
Simplicity2,WINDPOWER,3489,2010,0.542791728
Simplicity2,WINDPOWER,3490,2010,0.546156069
Simplicity2,WINDPOWER,3491,2010,0.547312462
Simplicity2,WINDPOWER,3492,2010,0.541887104
Simplicity2,WINDPOWER,3493,2010,0.548429869
Simplicity2,WINDPOWER,3494,2010,0.552291261
Simplicity2,WINDPOWER,3495,2010,0.586923302
Simplicity2,WINDPOWER,3496,2010,0.587540545
Simplicity2,WINDPOWER,3497,2010,0.603848509
Simplicity2,WINDPOWER,3498,2010,0.607762736
Simplicity2,WINDPOWER,3499,2010,0.584938843
Simplicity2,WINDPOWER,3500,2010,0.579226442
Simplicity2,WINDPOWER,3501,2010,0.575413445
Simplicity2,WINDPOWER,3502,2010,0.57353107
Simplicity2,WINDPOWER,3503,2010,0.592548076
Simplicity2,WINDPOWER,3504,2010,0.575595139
Simplicity2,WINDPOWER,3505,2010,0.586262288
Simplicity2,WINDPOWER,3506,2010,0.597439408
Simplicity2,WINDPOWER,3507,2010,0.575137677
Simplicity2,WINDPOWER,3508,2010,0.595144817
Simplicity2,WINDPOWER,3509,2010,0.605621498
Simplicity2,WINDPOWER,3510,2010,0.59529836
Simplicity2,WINDPOWER,3511,2010,0.58995009
Simplicity2,WINDPOWER,3512,2010,0.594094722
Simplicity2,WINDPOWER,3513,2010,0.581684682
Simplicity2,WINDPOWER,3514,2010,0.593840868
Simplicity2,WINDPOWER,3515,2010,0.602789312
Simplicity2,WINDPOWER,3516,2010,0.635452866
Simplicity2,WINDPOWER,3517,2010,0.606585421
Simplicity2,WINDPOWER,3518,2010,0.59299421
Simplicity2,WINDPOWER,3519,2010,0.603477572
Simplicity2,WINDPOWER,3520,2010,0.589833134
Simplicity2,WINDPOWER,3521,2010,0.571495915
Simplicity2,WINDPOWER,3522,2010,0.571276423
Simplicity2,WINDPOWER,3523,2010,0.546145559
Simplicity2,WINDPOWER,3524,2010,0.549937114
Simplicity2,WINDPOWER,3525,2010,0.542066824
Simplicity2,WINDPOWER,3526,2010,0.532505802
Simplicity2,WINDPOWER,3527,2010,0.553454701
Simplicity2,WINDPOWER,3528,2010,0.552120351
Simplicity2,WINDPOWER,3529,2010,0.55735274
Simplicity2,WINDPOWER,3530,2010,0.558106217
Simplicity2,WINDPOWER,3531,2010,0.542886501
Simplicity2,WINDPOWER,3532,2010,0.55492817
Simplicity2,WINDPOWER,3533,2010,0.556394031
Simplicity2,WINDPOWER,3534,2010,0.54974739
Simplicity2,WINDPOWER,3535,2010,0.556211551
Simplicity2,WINDPOWER,3536,2010,0.547736983
Simplicity2,WINDPOWER,3537,2010,0.544095643
Simplicity2,WINDPOWER,3538,2010,0.542149096
Simplicity2,WINDPOWER,3539,2010,0.54005754
Simplicity2,WINDPOWER,3540,2010,0.533130306
Simplicity2,WINDPOWER,3541,2010,0.518245116
Simplicity2,WINDPOWER,3542,2010,0.491935337
Simplicity2,WINDPOWER,3543,2010,0.475876765
Simplicity2,WINDPOWER,3544,2010,0.466489455
Simplicity2,WINDPOWER,3545,2010,0.465168712
Simplicity2,WINDPOWER,3546,2010,0.468989051
Simplicity2,WINDPOWER,3547,2010,0.461710919
Simplicity2,WINDPOWER,3548,2010,0.446919318
Simplicity2,WINDPOWER,3549,2010,0.434860947
Simplicity2,WINDPOWER,3550,2010,0.443520898
Simplicity2,WINDPOWER,3551,2010,0.44264893
Simplicity2,WINDPOWER,3552,2010,0.44433489
Simplicity2,WINDPOWER,3553,2010,0.450737371
Simplicity2,WINDPOWER,3554,2010,0.444039543
Simplicity2,WINDPOWER,3555,2010,0.442478604
Simplicity2,WINDPOWER,3556,2010,0.441330383
Simplicity2,WINDPOWER,3557,2010,0.445543583
Simplicity2,WINDPOWER,3558,2010,0.440503774
Simplicity2,WINDPOWER,3559,2010,0.429336521
Simplicity2,WINDPOWER,3560,2010,0.431600923
Simplicity2,WINDPOWER,3561,2010,0.426218317
Simplicity2,WINDPOWER,3562,2010,0.422400264
Simplicity2,WINDPOWER,3563,2010,0.411033231
Simplicity2,WINDPOWER,3564,2010,0.398599925
Simplicity2,WINDPOWER,3565,2010,0.41218539
Simplicity2,WINDPOWER,3566,2010,0.40972376
Simplicity2,WINDPOWER,3567,2010,0.40592888
Simplicity2,WINDPOWER,3568,2010,0.397415464
Simplicity2,WINDPOWER,3569,2010,0.398410872
Simplicity2,WINDPOWER,3570,2010,0.402727443
Simplicity2,WINDPOWER,3571,2010,0.397839241
Simplicity2,WINDPOWER,3572,2010,0.391281303
Simplicity2,WINDPOWER,3573,2010,0.391444045
Simplicity2,WINDPOWER,3574,2010,0.393621497
Simplicity2,WINDPOWER,3575,2010,0.386996162
Simplicity2,WINDPOWER,3576,2010,0.391532292
Simplicity2,WINDPOWER,3577,2010,0.399898809
Simplicity2,WINDPOWER,3578,2010,0.395441738
Simplicity2,WINDPOWER,3579,2010,0.401568057
Simplicity2,WINDPOWER,3580,2010,0.405079158
Simplicity2,WINDPOWER,3581,2010,0.423055831
Simplicity2,WINDPOWER,3582,2010,0.405351019
Simplicity2,WINDPOWER,3583,2010,0.400572653
Simplicity2,WINDPOWER,3584,2010,0.394284442
Simplicity2,WINDPOWER,3585,2010,0.40411833
Simplicity2,WINDPOWER,3586,2010,0.392645495
Simplicity2,WINDPOWER,3587,2010,0.39856492
Simplicity2,WINDPOWER,3588,2010,0.402576534
Simplicity2,WINDPOWER,3589,2010,0.394153167
Simplicity2,WINDPOWER,3590,2010,0.413259956
Simplicity2,WINDPOWER,3591,2010,0.423288744
Simplicity2,WINDPOWER,3592,2010,0.432514648
Simplicity2,WINDPOWER,3593,2010,0.418877508
Simplicity2,WINDPOWER,3594,2010,0.403919918
Simplicity2,WINDPOWER,3595,2010,0.410230204
Simplicity2,WINDPOWER,3596,2010,0.407999449
Simplicity2,WINDPOWER,3597,2010,0.39109744
Simplicity2,WINDPOWER,3598,2010,0.397881958
Simplicity2,WINDPOWER,3599,2010,0.399802072
Simplicity2,WINDPOWER,3600,2010,0.40330079
Simplicity2,WINDPOWER,3601,2010,0.399551911
Simplicity2,WINDPOWER,3602,2010,0.402011985
Simplicity2,WINDPOWER,3603,2010,0.408163236
Simplicity2,WINDPOWER,3604,2010,0.421627512
Simplicity2,WINDPOWER,3605,2010,0.424434721
Simplicity2,WINDPOWER,3606,2010,0.414185394
Simplicity2,WINDPOWER,3607,2010,0.405801894
Simplicity2,WINDPOWER,3608,2010,0.404974957
Simplicity2,WINDPOWER,3609,2010,0.399447254
Simplicity2,WINDPOWER,3610,2010,0.409726271
Simplicity2,WINDPOWER,3611,2010,0.409853917
Simplicity2,WINDPOWER,3612,2010,0.411479752
Simplicity2,WINDPOWER,3613,2010,0.42300933
Simplicity2,WINDPOWER,3614,2010,0.423722074
Simplicity2,WINDPOWER,3615,2010,0.425889576
Simplicity2,WINDPOWER,3616,2010,0.434919034
Simplicity2,WINDPOWER,3617,2010,0.436346084
Simplicity2,WINDPOWER,3618,2010,0.520746645
Simplicity2,WINDPOWER,3619,2010,0.519055393
Simplicity2,WINDPOWER,3620,2010,0.515737993
Simplicity2,WINDPOWER,3621,2010,0.501538347
Simplicity2,WINDPOWER,3622,2010,0.507092706
Simplicity2,WINDPOWER,3623,2010,0.521547074
Simplicity2,WINDPOWER,3624,2010,0.551501184
Simplicity2,WINDPOWER,3625,2010,0.550105671
Simplicity2,WINDPOWER,3626,2010,0.542310409
Simplicity2,WINDPOWER,3627,2010,0.545053264
Simplicity2,WINDPOWER,3628,2010,0.572540914
Simplicity2,WINDPOWER,3629,2010,0.564054872
Simplicity2,WINDPOWER,3630,2010,0.550663446
Simplicity2,WINDPOWER,3631,2010,0.548134405
Simplicity2,WINDPOWER,3632,2010,0.536063406
Simplicity2,WINDPOWER,3633,2010,0.552314625
Simplicity2,WINDPOWER,3634,2010,0.575764201
Simplicity2,WINDPOWER,3635,2010,0.587601702
Simplicity2,WINDPOWER,3636,2010,0.596548398
Simplicity2,WINDPOWER,3637,2010,0.592354658
Simplicity2,WINDPOWER,3638,2010,0.605355453
Simplicity2,WINDPOWER,3639,2010,0.614042239
Simplicity2,WINDPOWER,3640,2010,0.635340843
Simplicity2,WINDPOWER,3641,2010,0.664676738
Simplicity2,WINDPOWER,3642,2010,0.667021968
Simplicity2,WINDPOWER,3643,2010,0.699202249
Simplicity2,WINDPOWER,3644,2010,0.684516217
Simplicity2,WINDPOWER,3645,2010,0.699840408
Simplicity2,WINDPOWER,3646,2010,0.722190594
Simplicity2,WINDPOWER,3647,2010,0.760458842
Simplicity2,WINDPOWER,3648,2010,0.744676378
Simplicity2,WINDPOWER,3649,2010,0.729710865
Simplicity2,WINDPOWER,3650,2010,0.711234562
Simplicity2,WINDPOWER,3651,2010,0.720223253
Simplicity2,WINDPOWER,3652,2010,0.712752517
Simplicity2,WINDPOWER,3653,2010,0.710674884
Simplicity2,WINDPOWER,3654,2010,0.712399151
Simplicity2,WINDPOWER,3655,2010,0.706971383
Simplicity2,WINDPOWER,3656,2010,0.727946431
Simplicity2,WINDPOWER,3657,2010,0.740214881
Simplicity2,WINDPOWER,3658,2010,0.757467973
Simplicity2,WINDPOWER,3659,2010,0.757044023
Simplicity2,WINDPOWER,3660,2010,0.738173108
Simplicity2,WINDPOWER,3661,2010,0.785486601
Simplicity2,WINDPOWER,3662,2010,0.783255235
Simplicity2,WINDPOWER,3663,2010,0.802705511
Simplicity2,WINDPOWER,3664,2010,0.813283666
Simplicity2,WINDPOWER,3665,2010,0.827409348
Simplicity2,WINDPOWER,3666,2010,0.870018261
Simplicity2,WINDPOWER,3667,2010,0.866979905
Simplicity2,WINDPOWER,3668,2010,0.853614641
Simplicity2,WINDPOWER,3669,2010,0.843371982
Simplicity2,WINDPOWER,3670,2010,0.874566429
Simplicity2,WINDPOWER,3671,2010,0.864443465
Simplicity2,WINDPOWER,3672,2010,0.870351526
Simplicity2,WINDPOWER,3673,2010,0.852269431
Simplicity2,WINDPOWER,3674,2010,0.844505484
Simplicity2,WINDPOWER,3675,2010,0.832472539
Simplicity2,WINDPOWER,3676,2010,0.85231594
Simplicity2,WINDPOWER,3677,2010,0.841504002
Simplicity2,WINDPOWER,3678,2010,0.850191121
Simplicity2,WINDPOWER,3679,2010,0.827405637
Simplicity2,WINDPOWER,3680,2010,0.819050663
Simplicity2,WINDPOWER,3681,2010,0.833985225
Simplicity2,WINDPOWER,3682,2010,0.823773514
Simplicity2,WINDPOWER,3683,2010,0.834530779
Simplicity2,WINDPOWER,3684,2010,0.854243039
Simplicity2,WINDPOWER,3685,2010,0.857096248
Simplicity2,WINDPOWER,3686,2010,0.848282251
Simplicity2,WINDPOWER,3687,2010,0.86991469
Simplicity2,WINDPOWER,3688,2010,0.882448146
Simplicity2,WINDPOWER,3689,2010,0.872575667
Simplicity2,WINDPOWER,3690,2010,0.843685358
Simplicity2,WINDPOWER,3691,2010,0.859567627
Simplicity2,WINDPOWER,3692,2010,0.844519311
Simplicity2,WINDPOWER,3693,2010,0.825722729
Simplicity2,WINDPOWER,3694,2010,0.844667542
Simplicity2,WINDPOWER,3695,2010,0.876096165
Simplicity2,WINDPOWER,3696,2010,0.900988034
Simplicity2,WINDPOWER,3697,2010,0.880628723
Simplicity2,WINDPOWER,3698,2010,0.908787646
Simplicity2,WINDPOWER,3699,2010,0.918692367
Simplicity2,WINDPOWER,3700,2010,0.90143986
Simplicity2,WINDPOWER,3701,2010,0.922123704
Simplicity2,WINDPOWER,3702,2010,0.904803047
Simplicity2,WINDPOWER,3703,2010,0.881563062
Simplicity2,WINDPOWER,3704,2010,0.898901603
Simplicity2,WINDPOWER,3705,2010,0.905194667
Simplicity2,WINDPOWER,3706,2010,0.893343755
Simplicity2,WINDPOWER,3707,2010,0.893348577
Simplicity2,WINDPOWER,3708,2010,0.881397013
Simplicity2,WINDPOWER,3709,2010,0.908763656
Simplicity2,WINDPOWER,3710,2010,0.889315866
Simplicity2,WINDPOWER,3711,2010,0.882604876
Simplicity2,WINDPOWER,3712,2010,0.879552012
Simplicity2,WINDPOWER,3713,2010,0.896738435
Simplicity2,WINDPOWER,3714,2010,0.908449119
Simplicity2,WINDPOWER,3715,2010,0.882178912
Simplicity2,WINDPOWER,3716,2010,0.870742202
Simplicity2,WINDPOWER,3717,2010,0.883410744
Simplicity2,WINDPOWER,3718,2010,0.902670101
Simplicity2,WINDPOWER,3719,2010,0.91712871
Simplicity2,WINDPOWER,3720,2010,0.944704069
Simplicity2,WINDPOWER,3721,2010,0.937263274
Simplicity2,WINDPOWER,3722,2010,0.927609263
Simplicity2,WINDPOWER,3723,2010,0.924934085
Simplicity2,WINDPOWER,3724,2010,0.95687022
Simplicity2,WINDPOWER,3725,2010,0.966585709
Simplicity2,WINDPOWER,3726,2010,0.963025775
Simplicity2,WINDPOWER,3727,2010,0.950588726
Simplicity2,WINDPOWER,3728,2010,0.911115569
Simplicity2,WINDPOWER,3729,2010,0.916636735
Simplicity2,WINDPOWER,3730,2010,0.919869392
Simplicity2,WINDPOWER,3731,2010,0.920005209
Simplicity2,WINDPOWER,3732,2010,0.933394913
Simplicity2,WINDPOWER,3733,2010,0.901318425
Simplicity2,WINDPOWER,3734,2010,0.882714602
Simplicity2,WINDPOWER,3735,2010,0.884605637
Simplicity2,WINDPOWER,3736,2010,0.874524199
Simplicity2,WINDPOWER,3737,2010,0.880406978
Simplicity2,WINDPOWER,3738,2010,0.888727916
Simplicity2,WINDPOWER,3739,2010,0.90654412
Simplicity2,WINDPOWER,3740,2010,0.876926104
Simplicity2,WINDPOWER,3741,2010,0.87698563
Simplicity2,WINDPOWER,3742,2010,0.8923982
Simplicity2,WINDPOWER,3743,2010,0.902367455
Simplicity2,WINDPOWER,3744,2010,0.889229271
Simplicity2,WINDPOWER,3745,2010,0.929604163
Simplicity2,WINDPOWER,3746,2010,0.929185873
Simplicity2,WINDPOWER,3747,2010,0.93916536
Simplicity2,WINDPOWER,3748,2010,0.959381851
Simplicity2,WINDPOWER,3749,2010,0.969578703
Simplicity2,WINDPOWER,3750,2010,0.966436829
Simplicity2,WINDPOWER,3751,2010,0.967555382
Simplicity2,WINDPOWER,3752,2010,0.946068619
Simplicity2,WINDPOWER,3753,2010,0.976872408
Simplicity2,WINDPOWER,3754,2010,0.985339447
Simplicity2,WINDPOWER,3755,2010,0.968531928
Simplicity2,WINDPOWER,3756,2010,0.973048922
Simplicity2,WINDPOWER,3757,2010,0.971706167
Simplicity2,WINDPOWER,3758,2010,0.936597609
Simplicity2,WINDPOWER,3759,2010,0.919601368
Simplicity2,WINDPOWER,3760,2010,0.913231883
Simplicity2,WINDPOWER,3761,2010,0.919068524
Simplicity2,WINDPOWER,3762,2010,0.911383941
Simplicity2,WINDPOWER,3763,2010,0.880580291
Simplicity2,WINDPOWER,3764,2010,0.849285574
Simplicity2,WINDPOWER,3765,2010,0.859649871
Simplicity2,WINDPOWER,3766,2010,0.861861953
Simplicity2,WINDPOWER,3767,2010,0.860675406
Simplicity2,WINDPOWER,3768,2010,0.878316695
Simplicity2,WINDPOWER,3769,2010,0.864877128
Simplicity2,WINDPOWER,3770,2010,0.867438602
Simplicity2,WINDPOWER,3771,2010,0.869943555
Simplicity2,WINDPOWER,3772,2010,0.913563268
Simplicity2,WINDPOWER,3773,2010,0.870164079
Simplicity2,WINDPOWER,3774,2010,0.87307954
Simplicity2,WINDPOWER,3775,2010,0.888782653
Simplicity2,WINDPOWER,3776,2010,0.856781543
Simplicity2,WINDPOWER,3777,2010,0.880340984
Simplicity2,WINDPOWER,3778,2010,0.911191569
Simplicity2,WINDPOWER,3779,2010,0.9003615
Simplicity2,WINDPOWER,3780,2010,0.912733193
Simplicity2,WINDPOWER,3781,2010,0.880684615
Simplicity2,WINDPOWER,3782,2010,0.837199017
Simplicity2,WINDPOWER,3783,2010,0.814412089
Simplicity2,WINDPOWER,3784,2010,0.786935592
Simplicity2,WINDPOWER,3785,2010,0.800801455
Simplicity2,WINDPOWER,3786,2010,0.791822338
Simplicity2,WINDPOWER,3787,2010,0.757493954
Simplicity2,WINDPOWER,3788,2010,0.74042961
Simplicity2,WINDPOWER,3789,2010,0.761657839
Simplicity2,WINDPOWER,3790,2010,0.766589759
Simplicity2,WINDPOWER,3791,2010,0.760231501
Simplicity2,WINDPOWER,3792,2010,0.751946585
Simplicity2,WINDPOWER,3793,2010,0.767766375
Simplicity2,WINDPOWER,3794,2010,0.771351032
Simplicity2,WINDPOWER,3795,2010,0.785133323
Simplicity2,WINDPOWER,3796,2010,0.791044238
Simplicity2,WINDPOWER,3797,2010,0.798785569
Simplicity2,WINDPOWER,3798,2010,0.82786364
Simplicity2,WINDPOWER,3799,2010,0.83652828
Simplicity2,WINDPOWER,3800,2010,0.844012181
Simplicity2,WINDPOWER,3801,2010,0.860231599
Simplicity2,WINDPOWER,3802,2010,0.871424319
Simplicity2,WINDPOWER,3803,2010,0.88155259
Simplicity2,WINDPOWER,3804,2010,0.869993846
Simplicity2,WINDPOWER,3805,2010,0.864479935
Simplicity2,WINDPOWER,3806,2010,0.855821989
Simplicity2,WINDPOWER,3807,2010,0.846225859
Simplicity2,WINDPOWER,3808,2010,0.829771597
Simplicity2,WINDPOWER,3809,2010,0.847084914
Simplicity2,WINDPOWER,3810,2010,0.849046756
Simplicity2,WINDPOWER,3811,2010,0.82136831
Simplicity2,WINDPOWER,3812,2010,0.813516444
Simplicity2,WINDPOWER,3813,2010,0.814209053
Simplicity2,WINDPOWER,3814,2010,0.812847288
Simplicity2,WINDPOWER,3815,2010,0.808400699
Simplicity2,WINDPOWER,3816,2010,0.797911777
Simplicity2,WINDPOWER,3817,2010,0.800075133
Simplicity2,WINDPOWER,3818,2010,0.815881302
Simplicity2,WINDPOWER,3819,2010,0.823989659
Simplicity2,WINDPOWER,3820,2010,0.832632415
Simplicity2,WINDPOWER,3821,2010,0.834928436
Simplicity2,WINDPOWER,3822,2010,0.862478003
Simplicity2,WINDPOWER,3823,2010,0.859708068
Simplicity2,WINDPOWER,3824,2010,0.848276116
Simplicity2,WINDPOWER,3825,2010,0.849890045
Simplicity2,WINDPOWER,3826,2010,0.854877714
Simplicity2,WINDPOWER,3827,2010,0.863136477
Simplicity2,WINDPOWER,3828,2010,0.857349155
Simplicity2,WINDPOWER,3829,2010,0.85299283
Simplicity2,WINDPOWER,3830,2010,0.840179298
Simplicity2,WINDPOWER,3831,2010,0.822563528
Simplicity2,WINDPOWER,3832,2010,0.819945455
Simplicity2,WINDPOWER,3833,2010,0.831107832
Simplicity2,WINDPOWER,3834,2010,0.844092218
Simplicity2,WINDPOWER,3835,2010,0.83541647
Simplicity2,WINDPOWER,3836,2010,0.813079554
Simplicity2,WINDPOWER,3837,2010,0.808713702
Simplicity2,WINDPOWER,3838,2010,0.810188737
Simplicity2,WINDPOWER,3839,2010,0.809059885
Simplicity2,WINDPOWER,3840,2010,0.830239777
Simplicity2,WINDPOWER,3841,2010,0.827970138
Simplicity2,WINDPOWER,3842,2010,0.817284695
Simplicity2,WINDPOWER,3843,2010,0.832070396
Simplicity2,WINDPOWER,3844,2010,0.845674694
Simplicity2,WINDPOWER,3845,2010,0.870594894
Simplicity2,WINDPOWER,3846,2010,0.901727638
Simplicity2,WINDPOWER,3847,2010,0.901180356
Simplicity2,WINDPOWER,3848,2010,0.891088861
Simplicity2,WINDPOWER,3849,2010,0.883928842
Simplicity2,WINDPOWER,3850,2010,0.903925851
Simplicity2,WINDPOWER,3851,2010,0.909574521
Simplicity2,WINDPOWER,3852,2010,0.90137369
Simplicity2,WINDPOWER,3853,2010,0.898850048
Simplicity2,WINDPOWER,3854,2010,0.896214326
Simplicity2,WINDPOWER,3855,2010,0.900416412
Simplicity2,WINDPOWER,3856,2010,0.891838915
Simplicity2,WINDPOWER,3857,2010,0.89399548
Simplicity2,WINDPOWER,3858,2010,0.901054209
Simplicity2,WINDPOWER,3859,2010,0.8958448
Simplicity2,WINDPOWER,3860,2010,0.897538308
Simplicity2,WINDPOWER,3861,2010,0.882288337
Simplicity2,WINDPOWER,3862,2010,0.894314893
Simplicity2,WINDPOWER,3863,2010,0.903230222
Simplicity2,WINDPOWER,3864,2010,0.907172275
Simplicity2,WINDPOWER,3865,2010,0.909759109
Simplicity2,WINDPOWER,3866,2010,0.907002183
Simplicity2,WINDPOWER,3867,2010,0.932697728
Simplicity2,WINDPOWER,3868,2010,0.943171473
Simplicity2,WINDPOWER,3869,2010,0.951557061
Simplicity2,WINDPOWER,3870,2010,0.951929101
Simplicity2,WINDPOWER,3871,2010,0.950544718
Simplicity2,WINDPOWER,3872,2010,0.941051974
Simplicity2,WINDPOWER,3873,2010,0.952351725
Simplicity2,WINDPOWER,3874,2010,0.960522655
Simplicity2,WINDPOWER,3875,2010,0.954543074
Simplicity2,WINDPOWER,3876,2010,0.954051743
Simplicity2,WINDPOWER,3877,2010,0.928198308
Simplicity2,WINDPOWER,3878,2010,0.92314448
Simplicity2,WINDPOWER,3879,2010,0.937213835
Simplicity2,WINDPOWER,3880,2010,0.927196404
Simplicity2,WINDPOWER,3881,2010,0.943725799
Simplicity2,WINDPOWER,3882,2010,0.939366612
Simplicity2,WINDPOWER,3883,2010,0.938771175
Simplicity2,WINDPOWER,3884,2010,0.947109422
Simplicity2,WINDPOWER,3885,2010,0.937831431
Simplicity2,WINDPOWER,3886,2010,0.943343767
Simplicity2,WINDPOWER,3887,2010,0.940117318
Simplicity2,WINDPOWER,3888,2010,0.925342916
Simplicity2,WINDPOWER,3889,2010,0.950862476
Simplicity2,WINDPOWER,3890,2010,0.952881751
Simplicity2,WINDPOWER,3891,2010,0.97738604
Simplicity2,WINDPOWER,3892,2010,0.972492085
Simplicity2,WINDPOWER,3893,2010,0.983436592
Simplicity2,WINDPOWER,3894,2010,0.991400659
Simplicity2,WINDPOWER,3895,2010,0.974027465
Simplicity2,WINDPOWER,3896,2010,0.95578247
Simplicity2,WINDPOWER,3897,2010,0.970623404
Simplicity2,WINDPOWER,3898,2010,0.94426009
Simplicity2,WINDPOWER,3899,2010,0.93465044
Simplicity2,WINDPOWER,3900,2010,0.925773685
Simplicity2,WINDPOWER,3901,2010,0.901113414
Simplicity2,WINDPOWER,3902,2010,0.888379534
Simplicity2,WINDPOWER,3903,2010,0.917012081
Simplicity2,WINDPOWER,3904,2010,0.901633031
Simplicity2,WINDPOWER,3905,2010,0.900658989
Simplicity2,WINDPOWER,3906,2010,0.90585161
Simplicity2,WINDPOWER,3907,2010,0.915646217
Simplicity2,WINDPOWER,3908,2010,0.925152279
Simplicity2,WINDPOWER,3909,2010,0.934412167
Simplicity2,WINDPOWER,3910,2010,0.920064515
Simplicity2,WINDPOWER,3911,2010,0.923504374
Simplicity2,WINDPOWER,3912,2010,0.94221137
Simplicity2,WINDPOWER,3913,2010,0.931513999
Simplicity2,WINDPOWER,3914,2010,0.93537448
Simplicity2,WINDPOWER,3915,2010,0.95096834
Simplicity2,WINDPOWER,3916,2010,0.968014389
Simplicity2,WINDPOWER,3917,2010,0.96241005
Simplicity2,WINDPOWER,3918,2010,0.945373038
Simplicity2,WINDPOWER,3919,2010,0.938493052
Simplicity2,WINDPOWER,3920,2010,0.916674705
Simplicity2,WINDPOWER,3921,2010,0.906027656
Simplicity2,WINDPOWER,3922,2010,0.903464932
Simplicity2,WINDPOWER,3923,2010,0.889126301
Simplicity2,WINDPOWER,3924,2010,0.889963043
Simplicity2,WINDPOWER,3925,2010,0.865533985
Simplicity2,WINDPOWER,3926,2010,0.843422531
Simplicity2,WINDPOWER,3927,2010,0.856365242
Simplicity2,WINDPOWER,3928,2010,0.838162352
Simplicity2,WINDPOWER,3929,2010,0.855608428
Simplicity2,WINDPOWER,3930,2010,0.844208501
Simplicity2,WINDPOWER,3931,2010,0.865776105
Simplicity2,WINDPOWER,3932,2010,0.887496309
Simplicity2,WINDPOWER,3933,2010,0.853135414
Simplicity2,WINDPOWER,3934,2010,0.879416604
Simplicity2,WINDPOWER,3935,2010,0.878743361
Simplicity2,WINDPOWER,3936,2010,0.891200351
Simplicity2,WINDPOWER,3937,2010,0.918677739
Simplicity2,WINDPOWER,3938,2010,0.913604459
Simplicity2,WINDPOWER,3939,2010,0.906154651
Simplicity2,WINDPOWER,3940,2010,0.916548795
Simplicity2,WINDPOWER,3941,2010,0.908158941
Simplicity2,WINDPOWER,3942,2010,0.913760259
Simplicity2,WINDPOWER,3943,2010,0.897601222
Simplicity2,WINDPOWER,3944,2010,0.873918526
Simplicity2,WINDPOWER,3945,2010,0.863718507
Simplicity2,WINDPOWER,3946,2010,0.864926183
Simplicity2,WINDPOWER,3947,2010,0.862614922
Simplicity2,WINDPOWER,3948,2010,0.833833765
Simplicity2,WINDPOWER,3949,2010,0.826175442
Simplicity2,WINDPOWER,3950,2010,0.819513781
Simplicity2,WINDPOWER,3951,2010,0.80407171
Simplicity2,WINDPOWER,3952,2010,0.801179112
Simplicity2,WINDPOWER,3953,2010,0.802081469
Simplicity2,WINDPOWER,3954,2010,0.80831668
Simplicity2,WINDPOWER,3955,2010,0.818751536
Simplicity2,WINDPOWER,3956,2010,0.839534769
Simplicity2,WINDPOWER,3957,2010,0.827205129
Simplicity2,WINDPOWER,3958,2010,0.831831352
Simplicity2,WINDPOWER,3959,2010,0.838815357
Simplicity2,WINDPOWER,3960,2010,0.856200436
Simplicity2,WINDPOWER,3961,2010,0.875361851
Simplicity2,WINDPOWER,3962,2010,0.897470761
Simplicity2,WINDPOWER,3963,2010,0.876459859
Simplicity2,WINDPOWER,3964,2010,0.873122777
Simplicity2,WINDPOWER,3965,2010,0.88481901
Simplicity2,WINDPOWER,3966,2010,0.869574769
Simplicity2,WINDPOWER,3967,2010,0.874049585
Simplicity2,WINDPOWER,3968,2010,0.862311562
Simplicity2,WINDPOWER,3969,2010,0.861586688
Simplicity2,WINDPOWER,3970,2010,0.849341552
Simplicity2,WINDPOWER,3971,2010,0.843806031
Simplicity2,WINDPOWER,3972,2010,0.842504888
Simplicity2,WINDPOWER,3973,2010,0.818877694
Simplicity2,WINDPOWER,3974,2010,0.825436337
Simplicity2,WINDPOWER,3975,2010,0.836611553
Simplicity2,WINDPOWER,3976,2010,0.833158446
Simplicity2,WINDPOWER,3977,2010,0.820153226
Simplicity2,WINDPOWER,3978,2010,0.827606558
Simplicity2,WINDPOWER,3979,2010,0.839878967
Simplicity2,WINDPOWER,3980,2010,0.865826252
Simplicity2,WINDPOWER,3981,2010,0.86888015
Simplicity2,WINDPOWER,3982,2010,0.877396292
Simplicity2,WINDPOWER,3983,2010,0.882924168
Simplicity2,WINDPOWER,3984,2010,0.888582682
Simplicity2,WINDPOWER,3985,2010,0.891355599
Simplicity2,WINDPOWER,3986,2010,0.913196671
Simplicity2,WINDPOWER,3987,2010,0.908261336
Simplicity2,WINDPOWER,3988,2010,0.905683028
Simplicity2,WINDPOWER,3989,2010,0.907749905
Simplicity2,WINDPOWER,3990,2010,0.888129663
Simplicity2,WINDPOWER,3991,2010,0.877514465
Simplicity2,WINDPOWER,3992,2010,0.873472724
Simplicity2,WINDPOWER,3993,2010,0.871103767
Simplicity2,WINDPOWER,3994,2010,0.86130183
Simplicity2,WINDPOWER,3995,2010,0.854657921
Simplicity2,WINDPOWER,3996,2010,0.836818389
Simplicity2,WINDPOWER,3997,2010,0.830512677
Simplicity2,WINDPOWER,3998,2010,0.810189588
Simplicity2,WINDPOWER,3999,2010,0.799957235
Simplicity2,WINDPOWER,4000,2010,0.800799402
Simplicity2,WINDPOWER,4001,2010,0.809506308
Simplicity2,WINDPOWER,4002,2010,0.811974648
Simplicity2,WINDPOWER,4003,2010,0.800616897
Simplicity2,WINDPOWER,4004,2010,0.806548997
Simplicity2,WINDPOWER,4005,2010,0.811708771
Simplicity2,WINDPOWER,4006,2010,0.823597588
Simplicity2,WINDPOWER,4007,2010,0.842030469
Simplicity2,WINDPOWER,4008,2010,0.853979017
Simplicity2,WINDPOWER,4009,2010,0.866479661
Simplicity2,WINDPOWER,4010,2010,0.854883475
Simplicity2,WINDPOWER,4011,2010,0.849534002
Simplicity2,WINDPOWER,4012,2010,0.869492657
Simplicity2,WINDPOWER,4013,2010,0.882130852
Simplicity2,WINDPOWER,4014,2010,0.881703681
Simplicity2,WINDPOWER,4015,2010,0.878679843
Simplicity2,WINDPOWER,4016,2010,0.869787648
Simplicity2,WINDPOWER,4017,2010,0.85354313
Simplicity2,WINDPOWER,4018,2010,0.863437476
Simplicity2,WINDPOWER,4019,2010,0.859385182
Simplicity2,WINDPOWER,4020,2010,0.859257645
Simplicity2,WINDPOWER,4021,2010,0.846271148
Simplicity2,WINDPOWER,4022,2010,0.825393748
Simplicity2,WINDPOWER,4023,2010,0.819386566
Simplicity2,WINDPOWER,4024,2010,0.81545256
Simplicity2,WINDPOWER,4025,2010,0.82010446
Simplicity2,WINDPOWER,4026,2010,0.823884725
Simplicity2,WINDPOWER,4027,2010,0.819604716
Simplicity2,WINDPOWER,4028,2010,0.826724133
Simplicity2,WINDPOWER,4029,2010,0.836376546
Simplicity2,WINDPOWER,4030,2010,0.844331573
Simplicity2,WINDPOWER,4031,2010,0.847793467
Simplicity2,WINDPOWER,4032,2010,0.859979191
Simplicity2,WINDPOWER,4033,2010,0.886503564
Simplicity2,WINDPOWER,4034,2010,0.894761867
Simplicity2,WINDPOWER,4035,2010,0.905358788
Simplicity2,WINDPOWER,4036,2010,0.920701775
Simplicity2,WINDPOWER,4037,2010,0.927508965
Simplicity2,WINDPOWER,4038,2010,0.935330624
Simplicity2,WINDPOWER,4039,2010,0.933677405
Simplicity2,WINDPOWER,4040,2010,0.919222397
Simplicity2,WINDPOWER,4041,2010,0.914693405
Simplicity2,WINDPOWER,4042,2010,0.922187345
Simplicity2,WINDPOWER,4043,2010,0.917914525
Simplicity2,WINDPOWER,4044,2010,0.900465595
Simplicity2,WINDPOWER,4045,2010,0.882910921
Simplicity2,WINDPOWER,4046,2010,0.882124917
Simplicity2,WINDPOWER,4047,2010,0.866558485
Simplicity2,WINDPOWER,4048,2010,0.868415993
Simplicity2,WINDPOWER,4049,2010,0.869772723
Simplicity2,WINDPOWER,4050,2010,0.863457763
Simplicity2,WINDPOWER,4051,2010,0.876515587
Simplicity2,WINDPOWER,4052,2010,0.871256635
Simplicity2,WINDPOWER,4053,2010,0.87981723
Simplicity2,WINDPOWER,4054,2010,0.901229557
Simplicity2,WINDPOWER,4055,2010,0.899936574
Simplicity2,WINDPOWER,4056,2010,0.912253339
Simplicity2,WINDPOWER,4057,2010,0.921708653
Simplicity2,WINDPOWER,4058,2010,0.92958711
Simplicity2,WINDPOWER,4059,2010,0.945137703
Simplicity2,WINDPOWER,4060,2010,0.97094188
Simplicity2,WINDPOWER,4061,2010,0.974492383
Simplicity2,WINDPOWER,4062,2010,0.956817452
Simplicity2,WINDPOWER,4063,2010,0.954518889
Simplicity2,WINDPOWER,4064,2010,0.952669306
Simplicity2,WINDPOWER,4065,2010,0.916170301
Simplicity2,WINDPOWER,4066,2010,0.935558493
Simplicity2,WINDPOWER,4067,2010,0.918818665
Simplicity2,WINDPOWER,4068,2010,0.903299559
Simplicity2,WINDPOWER,4069,2010,0.888484268
Simplicity2,WINDPOWER,4070,2010,0.862220581
Simplicity2,WINDPOWER,4071,2010,0.849352804
Simplicity2,WINDPOWER,4072,2010,0.841378769
Simplicity2,WINDPOWER,4073,2010,0.854175375
Simplicity2,WINDPOWER,4074,2010,0.848669215
Simplicity2,WINDPOWER,4075,2010,0.843120526
Simplicity2,WINDPOWER,4076,2010,0.843772937
Simplicity2,WINDPOWER,4077,2010,0.850564848
Simplicity2,WINDPOWER,4078,2010,0.875875471
Simplicity2,WINDPOWER,4079,2010,0.876996079
Simplicity2,WINDPOWER,4080,2010,0.886334771
Simplicity2,WINDPOWER,4081,2010,0.881989419
Simplicity2,WINDPOWER,4082,2010,0.88813601
Simplicity2,WINDPOWER,4083,2010,0.893936771
Simplicity2,WINDPOWER,4084,2010,0.897141157
Simplicity2,WINDPOWER,4085,2010,0.896482392
Simplicity2,WINDPOWER,4086,2010,0.901472954
Simplicity2,WINDPOWER,4087,2010,0.888059712
Simplicity2,WINDPOWER,4088,2010,0.873752207
Simplicity2,WINDPOWER,4089,2010,0.862973617
Simplicity2,WINDPOWER,4090,2010,0.863977718
Simplicity2,WINDPOWER,4091,2010,0.855394763
Simplicity2,WINDPOWER,4092,2010,0.844757371
Simplicity2,WINDPOWER,4093,2010,0.826742679
Simplicity2,WINDPOWER,4094,2010,0.810851051
Simplicity2,WINDPOWER,4095,2010,0.805090953
Simplicity2,WINDPOWER,4096,2010,0.803200669
Simplicity2,WINDPOWER,4097,2010,0.796960139
Simplicity2,WINDPOWER,4098,2010,0.81768263
Simplicity2,WINDPOWER,4099,2010,0.805060662
Simplicity2,WINDPOWER,4100,2010,0.797706074
Simplicity2,WINDPOWER,4101,2010,0.794637771
Simplicity2,WINDPOWER,4102,2010,0.801075212
Simplicity2,WINDPOWER,4103,2010,0.812712954
Simplicity2,WINDPOWER,4104,2010,0.825336639
Simplicity2,WINDPOWER,4105,2010,0.829471839
Simplicity2,WINDPOWER,4106,2010,0.828070815
Simplicity2,WINDPOWER,4107,2010,0.82696581
Simplicity2,WINDPOWER,4108,2010,0.840807013
Simplicity2,WINDPOWER,4109,2010,0.852805789
Simplicity2,WINDPOWER,4110,2010,0.862013733
Simplicity2,WINDPOWER,4111,2010,0.852545657
Simplicity2,WINDPOWER,4112,2010,0.843440621
Simplicity2,WINDPOWER,4113,2010,0.846347591
Simplicity2,WINDPOWER,4114,2010,0.846345846
Simplicity2,WINDPOWER,4115,2010,0.839313882
Simplicity2,WINDPOWER,4116,2010,0.83593058
Simplicity2,WINDPOWER,4117,2010,0.822405553
Simplicity2,WINDPOWER,4118,2010,0.806754584
Simplicity2,WINDPOWER,4119,2010,0.798856424
Simplicity2,WINDPOWER,4120,2010,0.801484594
Simplicity2,WINDPOWER,4121,2010,0.799260673
Simplicity2,WINDPOWER,4122,2010,0.794528401
Simplicity2,WINDPOWER,4123,2010,0.792028483
Simplicity2,WINDPOWER,4124,2010,0.793696135
Simplicity2,WINDPOWER,4125,2010,0.795033117
Simplicity2,WINDPOWER,4126,2010,0.800614145
Simplicity2,WINDPOWER,4127,2010,0.815755727
Simplicity2,WINDPOWER,4128,2010,0.817223666
Simplicity2,WINDPOWER,4129,2010,0.824666098
Simplicity2,WINDPOWER,4130,2010,0.823482436
Simplicity2,WINDPOWER,4131,2010,0.829527133
Simplicity2,WINDPOWER,4132,2010,0.847446524
Simplicity2,WINDPOWER,4133,2010,0.850552033
Simplicity2,WINDPOWER,4134,2010,0.846661796
Simplicity2,WINDPOWER,4135,2010,0.848082048
Simplicity2,WINDPOWER,4136,2010,0.848973824
Simplicity2,WINDPOWER,4137,2010,0.846171603
Simplicity2,WINDPOWER,4138,2010,0.843146412
Simplicity2,WINDPOWER,4139,2010,0.837973421
Simplicity2,WINDPOWER,4140,2010,0.831101287
Simplicity2,WINDPOWER,4141,2010,0.817917423
Simplicity2,WINDPOWER,4142,2010,0.803516111
Simplicity2,WINDPOWER,4143,2010,0.788157825
Simplicity2,WINDPOWER,4144,2010,0.792243654
Simplicity2,WINDPOWER,4145,2010,0.784235393
Simplicity2,WINDPOWER,4146,2010,0.79217515
Simplicity2,WINDPOWER,4147,2010,0.776777659
Simplicity2,WINDPOWER,4148,2010,0.771864401
Simplicity2,WINDPOWER,4149,2010,0.798906377
Simplicity2,WINDPOWER,4150,2010,0.795851761
Simplicity2,WINDPOWER,4151,2010,0.798287669
Simplicity2,WINDPOWER,4152,2010,0.813195211
Simplicity2,WINDPOWER,4153,2010,0.803123328
Simplicity2,WINDPOWER,4154,2010,0.808720251
Simplicity2,WINDPOWER,4155,2010,0.823910234
Simplicity2,WINDPOWER,4156,2010,0.82224521
Simplicity2,WINDPOWER,4157,2010,0.842878509
Simplicity2,WINDPOWER,4158,2010,0.839665861
Simplicity2,WINDPOWER,4159,2010,0.837970043
Simplicity2,WINDPOWER,4160,2010,0.830239362
Simplicity2,WINDPOWER,4161,2010,0.823480976
Simplicity2,WINDPOWER,4162,2010,0.820201508
Simplicity2,WINDPOWER,4163,2010,0.822744708
Simplicity2,WINDPOWER,4164,2010,0.818312805
Simplicity2,WINDPOWER,4165,2010,0.814192529
Simplicity2,WINDPOWER,4166,2010,0.792982749
Simplicity2,WINDPOWER,4167,2010,0.793403328
Simplicity2,WINDPOWER,4168,2010,0.781428668
Simplicity2,WINDPOWER,4169,2010,0.789929441
Simplicity2,WINDPOWER,4170,2010,0.789051216
Simplicity2,WINDPOWER,4171,2010,0.785335305
Simplicity2,WINDPOWER,4172,2010,0.784286836
Simplicity2,WINDPOWER,4173,2010,0.794241388
Simplicity2,WINDPOWER,4174,2010,0.7922178
Simplicity2,WINDPOWER,4175,2010,0.795808661
Simplicity2,WINDPOWER,4176,2010,0.797730114
Simplicity2,WINDPOWER,4177,2010,0.813059448
Simplicity2,WINDPOWER,4178,2010,0.802277827
Simplicity2,WINDPOWER,4179,2010,0.802502039
Simplicity2,WINDPOWER,4180,2010,0.806866985
Simplicity2,WINDPOWER,4181,2010,0.80722696
Simplicity2,WINDPOWER,4182,2010,0.811875046
Simplicity2,WINDPOWER,4183,2010,0.818335156
Simplicity2,WINDPOWER,4184,2010,0.811404267
Simplicity2,WINDPOWER,4185,2010,0.820415258
Simplicity2,WINDPOWER,4186,2010,0.816903306
Simplicity2,WINDPOWER,4187,2010,0.801807913
Simplicity2,WINDPOWER,4188,2010,0.808486378
Simplicity2,WINDPOWER,4189,2010,0.80355601
Simplicity2,WINDPOWER,4190,2010,0.789259191
Simplicity2,WINDPOWER,4191,2010,0.783110983
Simplicity2,WINDPOWER,4192,2010,0.794582761
Simplicity2,WINDPOWER,4193,2010,0.781101542
Simplicity2,WINDPOWER,4194,2010,0.811118557
Simplicity2,WINDPOWER,4195,2010,0.791670371
Simplicity2,WINDPOWER,4196,2010,0.780177586
Simplicity2,WINDPOWER,4197,2010,0.783303458
Simplicity2,WINDPOWER,4198,2010,0.7856138
Simplicity2,WINDPOWER,4199,2010,0.805001138
Simplicity2,WINDPOWER,4200,2010,0.812815193
Simplicity2,WINDPOWER,4201,2010,0.79839589
Simplicity2,WINDPOWER,4202,2010,0.80819635
Simplicity2,WINDPOWER,4203,2010,0.81992852
Simplicity2,WINDPOWER,4204,2010,0.842671841
Simplicity2,WINDPOWER,4205,2010,0.841753291
Simplicity2,WINDPOWER,4206,2010,0.845595542
Simplicity2,WINDPOWER,4207,2010,0.861030907
Simplicity2,WINDPOWER,4208,2010,0.854114846
Simplicity2,WINDPOWER,4209,2010,0.84787604
Simplicity2,WINDPOWER,4210,2010,0.840481245
Simplicity2,WINDPOWER,4211,2010,0.836291623
Simplicity2,WINDPOWER,4212,2010,0.832121189
Simplicity2,WINDPOWER,4213,2010,0.819789694
Simplicity2,WINDPOWER,4214,2010,0.810972995
Simplicity2,WINDPOWER,4215,2010,0.810514253
Simplicity2,WINDPOWER,4216,2010,0.81215266
Simplicity2,WINDPOWER,4217,2010,0.821241735
Simplicity2,WINDPOWER,4218,2010,0.808860689
Simplicity2,WINDPOWER,4219,2010,0.796958129
Simplicity2,WINDPOWER,4220,2010,0.814128519
Simplicity2,WINDPOWER,4221,2010,0.797047826
Simplicity2,WINDPOWER,4222,2010,0.813615166
Simplicity2,WINDPOWER,4223,2010,0.781680452
Simplicity2,WINDPOWER,4224,2010,0.803535928
Simplicity2,WINDPOWER,4225,2010,0.803351862
Simplicity2,WINDPOWER,4226,2010,0.780350387
Simplicity2,WINDPOWER,4227,2010,0.797650947
Simplicity2,WINDPOWER,4228,2010,0.783082534
Simplicity2,WINDPOWER,4229,2010,0.784351206
Simplicity2,WINDPOWER,4230,2010,0.781178268
Simplicity2,WINDPOWER,4231,2010,0.774264326
Simplicity2,WINDPOWER,4232,2010,0.776954381
Simplicity2,WINDPOWER,4233,2010,0.772534592
Simplicity2,WINDPOWER,4234,2010,0.760398409
Simplicity2,WINDPOWER,4235,2010,0.764117011
Simplicity2,WINDPOWER,4236,2010,0.755463915
Simplicity2,WINDPOWER,4237,2010,0.748129751
Simplicity2,WINDPOWER,4238,2010,0.737573998
Simplicity2,WINDPOWER,4239,2010,0.747583241
Simplicity2,WINDPOWER,4240,2010,0.730700536
Simplicity2,WINDPOWER,4241,2010,0.735043051
Simplicity2,WINDPOWER,4242,2010,0.733280401
Simplicity2,WINDPOWER,4243,2010,0.730041998
Simplicity2,WINDPOWER,4244,2010,0.726052057
Simplicity2,WINDPOWER,4245,2010,0.717013786
Simplicity2,WINDPOWER,4246,2010,0.741583666
Simplicity2,WINDPOWER,4247,2010,0.73619389
Simplicity2,WINDPOWER,4248,2010,0.720708458
Simplicity2,WINDPOWER,4249,2010,0.717935173
Simplicity2,WINDPOWER,4250,2010,0.722223074
Simplicity2,WINDPOWER,4251,2010,0.726139443
Simplicity2,WINDPOWER,4252,2010,0.729092117
Simplicity2,WINDPOWER,4253,2010,0.72474812
Simplicity2,WINDPOWER,4254,2010,0.720044204
Simplicity2,WINDPOWER,4255,2010,0.719964603
Simplicity2,WINDPOWER,4256,2010,0.729914072
Simplicity2,WINDPOWER,4257,2010,0.726129615
Simplicity2,WINDPOWER,4258,2010,0.717304409
Simplicity2,WINDPOWER,4259,2010,0.716071453
Simplicity2,WINDPOWER,4260,2010,0.708471315
Simplicity2,WINDPOWER,4261,2010,0.706603935
Simplicity2,WINDPOWER,4262,2010,0.706962541
Simplicity2,WINDPOWER,4263,2010,0.702621377
Simplicity2,WINDPOWER,4264,2010,0.703759692
Simplicity2,WINDPOWER,4265,2010,0.706838397
Simplicity2,WINDPOWER,4266,2010,0.705304323
Simplicity2,WINDPOWER,4267,2010,0.701241644
Simplicity2,WINDPOWER,4268,2010,0.703300138
Simplicity2,WINDPOWER,4269,2010,0.701121389
Simplicity2,WINDPOWER,4270,2010,0.704215574
Simplicity2,WINDPOWER,4271,2010,0.707674239
Simplicity2,WINDPOWER,4272,2010,0.712210727
Simplicity2,WINDPOWER,4273,2010,0.707463514
Simplicity2,WINDPOWER,4274,2010,0.709916316
Simplicity2,WINDPOWER,4275,2010,0.717910835
Simplicity2,WINDPOWER,4276,2010,0.724150618
Simplicity2,WINDPOWER,4277,2010,0.74226429
Simplicity2,WINDPOWER,4278,2010,0.729083252
Simplicity2,WINDPOWER,4279,2010,0.726588084
Simplicity2,WINDPOWER,4280,2010,0.725017146
Simplicity2,WINDPOWER,4281,2010,0.738040147
Simplicity2,WINDPOWER,4282,2010,0.729132879
Simplicity2,WINDPOWER,4283,2010,0.729728608
Simplicity2,WINDPOWER,4284,2010,0.727312611
Simplicity2,WINDPOWER,4285,2010,0.722799236
Simplicity2,WINDPOWER,4286,2010,0.724496989
Simplicity2,WINDPOWER,4287,2010,0.71270777
Simplicity2,WINDPOWER,4288,2010,0.722860353
Simplicity2,WINDPOWER,4289,2010,0.725899356
Simplicity2,WINDPOWER,4290,2010,0.714278982
Simplicity2,WINDPOWER,4291,2010,0.719179731
Simplicity2,WINDPOWER,4292,2010,0.713439921
Simplicity2,WINDPOWER,4293,2010,0.714748142
Simplicity2,WINDPOWER,4294,2010,0.718099214
Simplicity2,WINDPOWER,4295,2010,0.72492815
Simplicity2,WINDPOWER,4296,2010,0.722335975
Simplicity2,WINDPOWER,4297,2010,0.715706775
Simplicity2,WINDPOWER,4298,2010,0.710228219
Simplicity2,WINDPOWER,4299,2010,0.714640613
Simplicity2,WINDPOWER,4300,2010,0.715025098
Simplicity2,WINDPOWER,4301,2010,0.718041021
Simplicity2,WINDPOWER,4302,2010,0.708635454
Simplicity2,WINDPOWER,4303,2010,0.710939519
Simplicity2,WINDPOWER,4304,2010,0.711976538
Simplicity2,WINDPOWER,4305,2010,0.709598553
Simplicity2,WINDPOWER,4306,2010,0.715423083
Simplicity2,WINDPOWER,4307,2010,0.719515127
Simplicity2,WINDPOWER,4308,2010,0.718817951
Simplicity2,WINDPOWER,4309,2010,0.716617567
Simplicity2,WINDPOWER,4310,2010,0.721870201
Simplicity2,WINDPOWER,4311,2010,0.716416271
Simplicity2,WINDPOWER,4312,2010,0.714525491
Simplicity2,WINDPOWER,4313,2010,0.719026923
Simplicity2,WINDPOWER,4314,2010,0.709458556
Simplicity2,WINDPOWER,4315,2010,0.708119425
Simplicity2,WINDPOWER,4316,2010,0.713561151
Simplicity2,WINDPOWER,4317,2010,0.706814741
Simplicity2,WINDPOWER,4318,2010,0.710736155
Simplicity2,WINDPOWER,4319,2010,0.705483952
Simplicity2,WINDPOWER,4320,2010,0.703450176
Simplicity2,WINDPOWER,4321,2010,0.702416661
Simplicity2,WINDPOWER,4322,2010,0.699436755
Simplicity2,WINDPOWER,4323,2010,0.695992861
Simplicity2,WINDPOWER,4324,2010,0.698400707
Simplicity2,WINDPOWER,4325,2010,0.69550234
Simplicity2,WINDPOWER,4326,2010,0.690097317
Simplicity2,WINDPOWER,4327,2010,0.68880889
Simplicity2,WINDPOWER,4328,2010,0.685107617
Simplicity2,WINDPOWER,4329,2010,0.682928487
Simplicity2,WINDPOWER,4330,2010,0.68597492
Simplicity2,WINDPOWER,4331,2010,0.685853937
Simplicity2,WINDPOWER,4332,2010,0.686938819
Simplicity2,WINDPOWER,4333,2010,0.682711493
Simplicity2,WINDPOWER,4334,2010,0.678267353
Simplicity2,WINDPOWER,4335,2010,0.671554897
Simplicity2,WINDPOWER,4336,2010,0.668742538
Simplicity2,WINDPOWER,4337,2010,0.666551575
Simplicity2,WINDPOWER,4338,2010,0.99838987
Simplicity2,WINDPOWER,4339,2010,1
Simplicity2,WINDPOWER,4340,2010,0.993341566
Simplicity2,WINDPOWER,4341,2010,0.983410698
Simplicity2,WINDPOWER,4342,2010,0.977102065
Simplicity2,WINDPOWER,4343,2010,0.976378465
Simplicity2,WINDPOWER,4344,2010,0.977030138
Simplicity2,WINDPOWER,4345,2010,0.9754777
Simplicity2,WINDPOWER,4346,2010,0.972237223
Simplicity2,WINDPOWER,4347,2010,0.970619145
Simplicity2,WINDPOWER,4348,2010,0.972928534
Simplicity2,WINDPOWER,4349,2010,0.973221063
Simplicity2,WINDPOWER,4350,2010,0.973810325
Simplicity2,WINDPOWER,4351,2010,0.97413396
Simplicity2,WINDPOWER,4352,2010,0.971744482
Simplicity2,WINDPOWER,4353,2010,0.970780291
Simplicity2,WINDPOWER,4354,2010,0.968118925
Simplicity2,WINDPOWER,4355,2010,0.963081186
Simplicity2,WINDPOWER,4356,2010,0.960676449
Simplicity2,WINDPOWER,4357,2010,0.959068389
Simplicity2,WINDPOWER,4358,2010,0.959032822
Simplicity2,WINDPOWER,4359,2010,0.955727864
Simplicity2,WINDPOWER,4360,2010,0.953024354
Simplicity2,WINDPOWER,4361,2010,0.950527154
Simplicity2,WINDPOWER,4362,2010,0.950350039
Simplicity2,WINDPOWER,4363,2010,0.951286082
Simplicity2,WINDPOWER,4364,2010,0.950020636
Simplicity2,WINDPOWER,4365,2010,0.947400423
Simplicity2,WINDPOWER,4366,2010,0.943801122
Simplicity2,WINDPOWER,4367,2010,0.942334009
Simplicity2,WINDPOWER,4368,2010,0.941525945
Simplicity2,WINDPOWER,4369,2010,0.942392608
Simplicity2,WINDPOWER,4370,2010,0.94273607
Simplicity2,WINDPOWER,4371,2010,0.941284575
Simplicity2,WINDPOWER,4372,2010,0.94164702
Simplicity2,WINDPOWER,4373,2010,0.943153871
Simplicity2,WINDPOWER,4374,2010,0.943103798
Simplicity2,WINDPOWER,4375,2010,0.942849576
Simplicity2,WINDPOWER,4376,2010,0.951262776
Simplicity2,WINDPOWER,4377,2010,0.94453326
Simplicity2,WINDPOWER,4378,2010,0.941974673
Simplicity2,WINDPOWER,4379,2010,0.946554231
Simplicity2,WINDPOWER,4380,2010,0.942097618
Simplicity2,WINDPOWER,4381,2010,0.948339505
Simplicity2,WINDPOWER,4382,2010,0.94356874
Simplicity2,WINDPOWER,4383,2010,0.944732039
Simplicity2,WINDPOWER,4384,2010,0.942230988
Simplicity2,WINDPOWER,4385,2010,0.944244624
Simplicity2,WINDPOWER,4386,2010,0.945697046
Simplicity2,WINDPOWER,4387,2010,0.93823535
Simplicity2,WINDPOWER,4388,2010,0.941967439
Simplicity2,WINDPOWER,4389,2010,0.938926955
Simplicity2,WINDPOWER,4390,2010,0.945369223
Simplicity2,WINDPOWER,4391,2010,0.945151006
Simplicity2,WINDPOWER,4392,2010,0.937278959
Simplicity2,WINDPOWER,4393,2010,0.93825366
Simplicity2,WINDPOWER,4394,2010,0.93170398
Simplicity2,WINDPOWER,4395,2010,0.936182628
Simplicity2,WINDPOWER,4396,2010,0.935787617
Simplicity2,WINDPOWER,4397,2010,0.931297565
Simplicity2,WINDPOWER,4398,2010,0.931504525
Simplicity2,WINDPOWER,4399,2010,0.930819288
Simplicity2,WINDPOWER,4400,2010,0.930958425
Simplicity2,WINDPOWER,4401,2010,0.929506792
Simplicity2,WINDPOWER,4402,2010,0.925000465
Simplicity2,WINDPOWER,4403,2010,0.926271348
Simplicity2,WINDPOWER,4404,2010,0.92212872
Simplicity2,WINDPOWER,4405,2010,0.921404908
Simplicity2,WINDPOWER,4406,2010,0.92317458
Simplicity2,WINDPOWER,4407,2010,0.921384468
Simplicity2,WINDPOWER,4408,2010,0.921863214
Simplicity2,WINDPOWER,4409,2010,0.922742948
Simplicity2,WINDPOWER,4410,2010,0.919118408
Simplicity2,WINDPOWER,4411,2010,0.921037307
Simplicity2,WINDPOWER,4412,2010,0.920242983
Simplicity2,WINDPOWER,4413,2010,0.917876867
Simplicity2,WINDPOWER,4414,2010,0.919335756
Simplicity2,WINDPOWER,4415,2010,0.917151519
Simplicity2,WINDPOWER,4416,2010,0.918576295
Simplicity2,WINDPOWER,4417,2010,0.917859141
Simplicity2,WINDPOWER,4418,2010,0.914914446
Simplicity2,WINDPOWER,4419,2010,0.912105801
Simplicity2,WINDPOWER,4420,2010,0.912153507
Simplicity2,WINDPOWER,4421,2010,0.911216604
Simplicity2,WINDPOWER,4422,2010,0.910895376
Simplicity2,WINDPOWER,4423,2010,0.907442795
Simplicity2,WINDPOWER,4424,2010,0.908114418
Simplicity2,WINDPOWER,4425,2010,0.912329998
Simplicity2,WINDPOWER,4426,2010,0.910486074
Simplicity2,WINDPOWER,4427,2010,0.910355279
Simplicity2,WINDPOWER,4428,2010,0.914759428
Simplicity2,WINDPOWER,4429,2010,0.92029964
Simplicity2,WINDPOWER,4430,2010,0.912944275
Simplicity2,WINDPOWER,4431,2010,0.911759784
Simplicity2,WINDPOWER,4432,2010,0.908052186
Simplicity2,WINDPOWER,4433,2010,0.908400513
Simplicity2,WINDPOWER,4434,2010,0.921277332
Simplicity2,WINDPOWER,4435,2010,0.903080205
Simplicity2,WINDPOWER,4436,2010,0.906851249
Simplicity2,WINDPOWER,4437,2010,0.904740144
Simplicity2,WINDPOWER,4438,2010,0.897484407
Simplicity2,WINDPOWER,4439,2010,0.906475054
Simplicity2,WINDPOWER,4440,2010,0.897152023
Simplicity2,WINDPOWER,4441,2010,0.897540829
Simplicity2,WINDPOWER,4442,2010,0.89390994
Simplicity2,WINDPOWER,4443,2010,0.898445625
Simplicity2,WINDPOWER,4444,2010,0.898752038
Simplicity2,WINDPOWER,4445,2010,0.892825434
Simplicity2,WINDPOWER,4446,2010,0.899874991
Simplicity2,WINDPOWER,4447,2010,0.901106592
Simplicity2,WINDPOWER,4448,2010,0.897177073
Simplicity2,WINDPOWER,4449,2010,0.908462979
Simplicity2,WINDPOWER,4450,2010,0.914853993
Simplicity2,WINDPOWER,4451,2010,0.90181439
Simplicity2,WINDPOWER,4452,2010,0.8931036
Simplicity2,WINDPOWER,4453,2010,0.890828888
Simplicity2,WINDPOWER,4454,2010,0.91212683
Simplicity2,WINDPOWER,4455,2010,0.920333446
Simplicity2,WINDPOWER,4456,2010,0.895351148
Simplicity2,WINDPOWER,4457,2010,0.891534258
Simplicity2,WINDPOWER,4458,2010,0.879863622
Simplicity2,WINDPOWER,4459,2010,0.885037765
Simplicity2,WINDPOWER,4460,2010,0.897100921
Simplicity2,WINDPOWER,4461,2010,0.887637355
Simplicity2,WINDPOWER,4462,2010,0.897807136
Simplicity2,WINDPOWER,4463,2010,0.877748749
Simplicity2,WINDPOWER,4464,2010,0.886172499
Simplicity2,WINDPOWER,4465,2010,0.888230528
Simplicity2,WINDPOWER,4466,2010,0.896478624
Simplicity2,WINDPOWER,4467,2010,0.894211755
Simplicity2,WINDPOWER,4468,2010,0.888693558
Simplicity2,WINDPOWER,4469,2010,0.910367771
Simplicity2,WINDPOWER,4470,2010,0.894630536
Simplicity2,WINDPOWER,4471,2010,0.868857103
Simplicity2,WINDPOWER,4472,2010,0.872318153
Simplicity2,WINDPOWER,4473,2010,0.867008997
Simplicity2,WINDPOWER,4474,2010,0.870149397
Simplicity2,WINDPOWER,4475,2010,0.877097556
Simplicity2,WINDPOWER,4476,2010,0.873088291
Simplicity2,WINDPOWER,4477,2010,0.878690244
Simplicity2,WINDPOWER,4478,2010,0.863687485
Simplicity2,WINDPOWER,4479,2010,0.863512274
Simplicity2,WINDPOWER,4480,2010,0.883943472
Simplicity2,WINDPOWER,4481,2010,0.886829375
Simplicity2,WINDPOWER,4482,2010,0.895345036
Simplicity2,WINDPOWER,4483,2010,0.859762808
Simplicity2,WINDPOWER,4484,2010,0.852315814
Simplicity2,WINDPOWER,4485,2010,0.87081419
Simplicity2,WINDPOWER,4486,2010,0.860312497
Simplicity2,WINDPOWER,4487,2010,0.860517347
Simplicity2,WINDPOWER,4488,2010,0.856339775
Simplicity2,WINDPOWER,4489,2010,0.874175536
Simplicity2,WINDPOWER,4490,2010,0.871150004
Simplicity2,WINDPOWER,4491,2010,0.86867101
Simplicity2,WINDPOWER,4492,2010,0.899420504
Simplicity2,WINDPOWER,4493,2010,0.882169697
Simplicity2,WINDPOWER,4494,2010,0.85098959
Simplicity2,WINDPOWER,4495,2010,0.847724729
Simplicity2,WINDPOWER,4496,2010,0.840575582
Simplicity2,WINDPOWER,4497,2010,0.83688783
Simplicity2,WINDPOWER,4498,2010,0.856627173
Simplicity2,WINDPOWER,4499,2010,0.838164156
Simplicity2,WINDPOWER,4500,2010,0.833354402
Simplicity2,WINDPOWER,4501,2010,0.840586519
Simplicity2,WINDPOWER,4502,2010,0.841034458
Simplicity2,WINDPOWER,4503,2010,0.845146611
Simplicity2,WINDPOWER,4504,2010,0.843661606
Simplicity2,WINDPOWER,4505,2010,0.841657202
Simplicity2,WINDPOWER,4506,2010,0.829915598
Simplicity2,WINDPOWER,4507,2010,0.834809934
Simplicity2,WINDPOWER,4508,2010,0.863920389
Simplicity2,WINDPOWER,4509,2010,0.84548563
Simplicity2,WINDPOWER,4510,2010,0.849261609
Simplicity2,WINDPOWER,4511,2010,0.845997904
Simplicity2,WINDPOWER,4512,2010,0.84101721
Simplicity2,WINDPOWER,4513,2010,0.845895864
Simplicity2,WINDPOWER,4514,2010,0.840563983
Simplicity2,WINDPOWER,4515,2010,0.824711573
Simplicity2,WINDPOWER,4516,2010,0.830892024
Simplicity2,WINDPOWER,4517,2010,0.823576429
Simplicity2,WINDPOWER,4518,2010,0.838802778
Simplicity2,WINDPOWER,4519,2010,0.833962409
Simplicity2,WINDPOWER,4520,2010,0.822887172
Simplicity2,WINDPOWER,4521,2010,0.822673028
Simplicity2,WINDPOWER,4522,2010,0.823643266
Simplicity2,WINDPOWER,4523,2010,0.830435208
Simplicity2,WINDPOWER,4524,2010,0.834004959
Simplicity2,WINDPOWER,4525,2010,0.813030751
Simplicity2,WINDPOWER,4526,2010,0.814382003
Simplicity2,WINDPOWER,4527,2010,0.831093342
Simplicity2,WINDPOWER,4528,2010,0.843642225
Simplicity2,WINDPOWER,4529,2010,0.846071418
Simplicity2,WINDPOWER,4530,2010,0.821621596
Simplicity2,WINDPOWER,4531,2010,0.815195673
Simplicity2,WINDPOWER,4532,2010,0.813027196
Simplicity2,WINDPOWER,4533,2010,0.841556541
Simplicity2,WINDPOWER,4534,2010,0.828088091
Simplicity2,WINDPOWER,4535,2010,0.818130482
Simplicity2,WINDPOWER,4536,2010,0.816221607
Simplicity2,WINDPOWER,4537,2010,0.818556009
Simplicity2,WINDPOWER,4538,2010,0.823501403
Simplicity2,WINDPOWER,4539,2010,0.851165216
Simplicity2,WINDPOWER,4540,2010,0.826302376
Simplicity2,WINDPOWER,4541,2010,0.830122971
Simplicity2,WINDPOWER,4542,2010,0.82811494
Simplicity2,WINDPOWER,4543,2010,0.827555817
Simplicity2,WINDPOWER,4544,2010,0.822056313
Simplicity2,WINDPOWER,4545,2010,0.825932542
Simplicity2,WINDPOWER,4546,2010,0.830168623
Simplicity2,WINDPOWER,4547,2010,0.832170012
Simplicity2,WINDPOWER,4548,2010,0.832226779
Simplicity2,WINDPOWER,4549,2010,0.826986136
Simplicity2,WINDPOWER,4550,2010,0.839084907
Simplicity2,WINDPOWER,4551,2010,0.848616627
Simplicity2,WINDPOWER,4552,2010,0.825268657
Simplicity2,WINDPOWER,4553,2010,0.824528535
Simplicity2,WINDPOWER,4554,2010,0.8191987
Simplicity2,WINDPOWER,4555,2010,0.823923741
Simplicity2,WINDPOWER,4556,2010,0.827632017
Simplicity2,WINDPOWER,4557,2010,0.795108207
Simplicity2,WINDPOWER,4558,2010,0.805706209
Simplicity2,WINDPOWER,4559,2010,0.840840354
Simplicity2,WINDPOWER,4560,2010,0.834295137
Simplicity2,WINDPOWER,4561,2010,0.823608389
Simplicity2,WINDPOWER,4562,2010,0.828434526
Simplicity2,WINDPOWER,4563,2010,0.841391391
Simplicity2,WINDPOWER,4564,2010,0.829521735
Simplicity2,WINDPOWER,4565,2010,0.836186166
Simplicity2,WINDPOWER,4566,2010,0.823824655
Simplicity2,WINDPOWER,4567,2010,0.818504445
Simplicity2,WINDPOWER,4568,2010,0.81237812
Simplicity2,WINDPOWER,4569,2010,0.84851128
Simplicity2,WINDPOWER,4570,2010,0.824686618
Simplicity2,WINDPOWER,4571,2010,0.818043969
Simplicity2,WINDPOWER,4572,2010,0.819941643
Simplicity2,WINDPOWER,4573,2010,0.82792351
Simplicity2,WINDPOWER,4574,2010,0.825348031
Simplicity2,WINDPOWER,4575,2010,0.827528221
Simplicity2,WINDPOWER,4576,2010,0.835419654
Simplicity2,WINDPOWER,4577,2010,0.811717938
Simplicity2,WINDPOWER,4578,2010,0.807257554
Simplicity2,WINDPOWER,4579,2010,0.797070297
Simplicity2,WINDPOWER,4580,2010,0.803495623
Simplicity2,WINDPOWER,4581,2010,0.820254057
Simplicity2,WINDPOWER,4582,2010,0.825808869
Simplicity2,WINDPOWER,4583,2010,0.794537907
Simplicity2,WINDPOWER,4584,2010,0.791422455
Simplicity2,WINDPOWER,4585,2010,0.807526411
Simplicity2,WINDPOWER,4586,2010,0.804938183
Simplicity2,WINDPOWER,4587,2010,0.806357959
Simplicity2,WINDPOWER,4588,2010,0.804992456
Simplicity2,WINDPOWER,4589,2010,0.788599706
Simplicity2,WINDPOWER,4590,2010,0.81477125
Simplicity2,WINDPOWER,4591,2010,0.821033172
Simplicity2,WINDPOWER,4592,2010,0.784983696
Simplicity2,WINDPOWER,4593,2010,0.783327521
Simplicity2,WINDPOWER,4594,2010,0.782853023
Simplicity2,WINDPOWER,4595,2010,0.808883042
Simplicity2,WINDPOWER,4596,2010,0.789557991
Simplicity2,WINDPOWER,4597,2010,0.791315624
Simplicity2,WINDPOWER,4598,2010,0.816477527
Simplicity2,WINDPOWER,4599,2010,0.783387709
Simplicity2,WINDPOWER,4600,2010,0.808633553
Simplicity2,WINDPOWER,4601,2010,0.810326598
Simplicity2,WINDPOWER,4602,2010,0.800367969
Simplicity2,WINDPOWER,4603,2010,0.79604649
Simplicity2,WINDPOWER,4604,2010,0.8052882
Simplicity2,WINDPOWER,4605,2010,0.822269984
Simplicity2,WINDPOWER,4606,2010,0.807744977
Simplicity2,WINDPOWER,4607,2010,0.776652046
Simplicity2,WINDPOWER,4608,2010,0.780093137
Simplicity2,WINDPOWER,4609,2010,0.773558791
Simplicity2,WINDPOWER,4610,2010,0.775849743
Simplicity2,WINDPOWER,4611,2010,0.76870744
Simplicity2,WINDPOWER,4612,2010,0.774982168
Simplicity2,WINDPOWER,4613,2010,0.760008041
Simplicity2,WINDPOWER,4614,2010,0.76941429
Simplicity2,WINDPOWER,4615,2010,0.765040927
Simplicity2,WINDPOWER,4616,2010,0.75838269
Simplicity2,WINDPOWER,4617,2010,0.75822137
Simplicity2,WINDPOWER,4618,2010,0.754723477
Simplicity2,WINDPOWER,4619,2010,0.741466546
Simplicity2,WINDPOWER,4620,2010,0.748132627
Simplicity2,WINDPOWER,4621,2010,0.73798399
Simplicity2,WINDPOWER,4622,2010,0.75245878
Simplicity2,WINDPOWER,4623,2010,0.738760289
Simplicity2,WINDPOWER,4624,2010,0.7356095
Simplicity2,WINDPOWER,4625,2010,0.736354484
Simplicity2,WINDPOWER,4626,2010,0.730975072
Simplicity2,WINDPOWER,4627,2010,0.728655011
Simplicity2,WINDPOWER,4628,2010,0.731732268
Simplicity2,WINDPOWER,4629,2010,0.72486306
Simplicity2,WINDPOWER,4630,2010,0.732017703
Simplicity2,WINDPOWER,4631,2010,0.724603471
Simplicity2,WINDPOWER,4632,2010,0.719715512
Simplicity2,WINDPOWER,4633,2010,0.726370069
Simplicity2,WINDPOWER,4634,2010,0.730738554
Simplicity2,WINDPOWER,4635,2010,0.783612254
Simplicity2,WINDPOWER,4636,2010,0.739708146
Simplicity2,WINDPOWER,4637,2010,0.729912438
Simplicity2,WINDPOWER,4638,2010,0.729101024
Simplicity2,WINDPOWER,4639,2010,0.731829565
Simplicity2,WINDPOWER,4640,2010,0.744337306
Simplicity2,WINDPOWER,4641,2010,0.783593017
Simplicity2,WINDPOWER,4642,2010,0.738570416
Simplicity2,WINDPOWER,4643,2010,0.74606848
Simplicity2,WINDPOWER,4644,2010,0.741017887
Simplicity2,WINDPOWER,4645,2010,0.732173161
Simplicity2,WINDPOWER,4646,2010,0.734969216
Simplicity2,WINDPOWER,4647,2010,0.725312164
Simplicity2,WINDPOWER,4648,2010,0.717653932
Simplicity2,WINDPOWER,4649,2010,0.721570847
Simplicity2,WINDPOWER,4650,2010,0.712487072
Simplicity2,WINDPOWER,4651,2010,0.70354536
Simplicity2,WINDPOWER,4652,2010,0.710997522
Simplicity2,WINDPOWER,4653,2010,0.711179867
Simplicity2,WINDPOWER,4654,2010,0.711644821
Simplicity2,WINDPOWER,4655,2010,0.710942226
Simplicity2,WINDPOWER,4656,2010,0.707434913
Simplicity2,WINDPOWER,4657,2010,0.708355788
Simplicity2,WINDPOWER,4658,2010,0.715877705
Simplicity2,WINDPOWER,4659,2010,0.725523414
Simplicity2,WINDPOWER,4660,2010,0.719696291
Simplicity2,WINDPOWER,4661,2010,0.715417329
Simplicity2,WINDPOWER,4662,2010,0.709553272
Simplicity2,WINDPOWER,4663,2010,0.711048978
Simplicity2,WINDPOWER,4664,2010,0.721412086
Simplicity2,WINDPOWER,4665,2010,0.708262494
Simplicity2,WINDPOWER,4666,2010,0.71241803
Simplicity2,WINDPOWER,4667,2010,0.706255576
Simplicity2,WINDPOWER,4668,2010,0.743206601
Simplicity2,WINDPOWER,4669,2010,0.703046115
Simplicity2,WINDPOWER,4670,2010,0.705335773
Simplicity2,WINDPOWER,4671,2010,0.739557188
Simplicity2,WINDPOWER,4672,2010,0.703919442
Simplicity2,WINDPOWER,4673,2010,0.713766073
Simplicity2,WINDPOWER,4674,2010,0.721434273
Simplicity2,WINDPOWER,4675,2010,0.724391343
Simplicity2,WINDPOWER,4676,2010,0.732713958
Simplicity2,WINDPOWER,4677,2010,0.703448461
Simplicity2,WINDPOWER,4678,2010,0.722919209
Simplicity2,WINDPOWER,4679,2010,0.731904209
Simplicity2,WINDPOWER,4680,2010,0.723077788
Simplicity2,WINDPOWER,4681,2010,0.700892517
Simplicity2,WINDPOWER,4682,2010,0.701247432
Simplicity2,WINDPOWER,4683,2010,0.7122405
Simplicity2,WINDPOWER,4684,2010,0.703201848
Simplicity2,WINDPOWER,4685,2010,0.70043363
Simplicity2,WINDPOWER,4686,2010,0.706448105
Simplicity2,WINDPOWER,4687,2010,0.695293084
Simplicity2,WINDPOWER,4688,2010,0.706218407
Simplicity2,WINDPOWER,4689,2010,0.70818334
Simplicity2,WINDPOWER,4690,2010,0.711544894
Simplicity2,WINDPOWER,4691,2010,0.70147322
Simplicity2,WINDPOWER,4692,2010,0.712065993
Simplicity2,WINDPOWER,4693,2010,0.702060104
Simplicity2,WINDPOWER,4694,2010,0.687883582
Simplicity2,WINDPOWER,4695,2010,0.69016974
Simplicity2,WINDPOWER,4696,2010,0.710096131
Simplicity2,WINDPOWER,4697,2010,0.681775614
Simplicity2,WINDPOWER,4698,2010,0.690957809
Simplicity2,WINDPOWER,4699,2010,0.682762891
Simplicity2,WINDPOWER,4700,2010,0.674761849
Simplicity2,WINDPOWER,4701,2010,0.684689652
Simplicity2,WINDPOWER,4702,2010,0.679495071
Simplicity2,WINDPOWER,4703,2010,0.686858115
Simplicity2,WINDPOWER,4704,2010,0.690520053
Simplicity2,WINDPOWER,4705,2010,0.680576699
Simplicity2,WINDPOWER,4706,2010,0.693078204
Simplicity2,WINDPOWER,4707,2010,0.683867895
Simplicity2,WINDPOWER,4708,2010,0.703181117
Simplicity2,WINDPOWER,4709,2010,0.680353079
Simplicity2,WINDPOWER,4710,2010,0.677872852
Simplicity2,WINDPOWER,4711,2010,0.688376334
Simplicity2,WINDPOWER,4712,2010,0.679110957
Simplicity2,WINDPOWER,4713,2010,0.681824285
Simplicity2,WINDPOWER,4714,2010,0.691901981
Simplicity2,WINDPOWER,4715,2010,0.690817839
Simplicity2,WINDPOWER,4716,2010,0.688660007
Simplicity2,WINDPOWER,4717,2010,0.677500462
Simplicity2,WINDPOWER,4718,2010,0.665668305
Simplicity2,WINDPOWER,4719,2010,0.670683597
Simplicity2,WINDPOWER,4720,2010,0.677246375
Simplicity2,WINDPOWER,4721,2010,0.667479665
Simplicity2,WINDPOWER,4722,2010,0.667230989
Simplicity2,WINDPOWER,4723,2010,0.668253757
Simplicity2,WINDPOWER,4724,2010,0.657404074
Simplicity2,WINDPOWER,4725,2010,0.658789692
Simplicity2,WINDPOWER,4726,2010,0.663679641
Simplicity2,WINDPOWER,4727,2010,0.658725599
Simplicity2,WINDPOWER,4728,2010,0.669671719
Simplicity2,WINDPOWER,4729,2010,0.664973048
Simplicity2,WINDPOWER,4730,2010,0.661259635
Simplicity2,WINDPOWER,4731,2010,0.660032871
Simplicity2,WINDPOWER,4732,2010,0.659392563
Simplicity2,WINDPOWER,4733,2010,0.654506579
Simplicity2,WINDPOWER,4734,2010,0.664473191
Simplicity2,WINDPOWER,4735,2010,0.663857386
Simplicity2,WINDPOWER,4736,2010,0.653066155
Simplicity2,WINDPOWER,4737,2010,0.653945121
Simplicity2,WINDPOWER,4738,2010,0.648122521
Simplicity2,WINDPOWER,4739,2010,0.648794853
Simplicity2,WINDPOWER,4740,2010,0.645703792
Simplicity2,WINDPOWER,4741,2010,0.64817298
Simplicity2,WINDPOWER,4742,2010,0.642614749
Simplicity2,WINDPOWER,4743,2010,0.644236085
Simplicity2,WINDPOWER,4744,2010,0.643654835
Simplicity2,WINDPOWER,4745,2010,0.652203818
Simplicity2,WINDPOWER,4746,2010,0.644136903
Simplicity2,WINDPOWER,4747,2010,0.64138909
Simplicity2,WINDPOWER,4748,2010,0.64034676
Simplicity2,WINDPOWER,4749,2010,0.639722538
Simplicity2,WINDPOWER,4750,2010,0.641988041
Simplicity2,WINDPOWER,4751,2010,0.642202825
Simplicity2,WINDPOWER,4752,2010,0.640033621
Simplicity2,WINDPOWER,4753,2010,0.64276578
Simplicity2,WINDPOWER,4754,2010,0.638492934
Simplicity2,WINDPOWER,4755,2010,0.635782719
Simplicity2,WINDPOWER,4756,2010,0.63825074
Simplicity2,WINDPOWER,4757,2010,0.639141669
Simplicity2,WINDPOWER,4758,2010,0.641725113
Simplicity2,WINDPOWER,4759,2010,0.646179432
Simplicity2,WINDPOWER,4760,2010,0.646050326
Simplicity2,WINDPOWER,4761,2010,0.63990272
Simplicity2,WINDPOWER,4762,2010,0.633317456
Simplicity2,WINDPOWER,4763,2010,0.631487561
Simplicity2,WINDPOWER,4764,2010,0.642885382
Simplicity2,WINDPOWER,4765,2010,0.6482565
Simplicity2,WINDPOWER,4766,2010,0.6336007
Simplicity2,WINDPOWER,4767,2010,0.637032842
Simplicity2,WINDPOWER,4768,2010,0.652540616
Simplicity2,WINDPOWER,4769,2010,0.639705498
Simplicity2,WINDPOWER,4770,2010,0.643131259
Simplicity2,WINDPOWER,4771,2010,0.633060668
Simplicity2,WINDPOWER,4772,2010,0.646319306
Simplicity2,WINDPOWER,4773,2010,0.642899944
Simplicity2,WINDPOWER,4774,2010,0.653249313
Simplicity2,WINDPOWER,4775,2010,0.64798841
Simplicity2,WINDPOWER,4776,2010,0.639628087
Simplicity2,WINDPOWER,4777,2010,0.628161476
Simplicity2,WINDPOWER,4778,2010,0.629909135
Simplicity2,WINDPOWER,4779,2010,0.638168767
Simplicity2,WINDPOWER,4780,2010,0.651502147
Simplicity2,WINDPOWER,4781,2010,0.656136183
Simplicity2,WINDPOWER,4782,2010,0.648147404
Simplicity2,WINDPOWER,4783,2010,0.650411394
Simplicity2,WINDPOWER,4784,2010,0.633727451
Simplicity2,WINDPOWER,4785,2010,0.630236173
Simplicity2,WINDPOWER,4786,2010,0.649408595
Simplicity2,WINDPOWER,4787,2010,0.646038853
Simplicity2,WINDPOWER,4788,2010,0.679681979
Simplicity2,WINDPOWER,4789,2010,0.671302166
Simplicity2,WINDPOWER,4790,2010,0.630511004
Simplicity2,WINDPOWER,4791,2010,0.627882719
Simplicity2,WINDPOWER,4792,2010,0.642044473
Simplicity2,WINDPOWER,4793,2010,0.644153944
Simplicity2,WINDPOWER,4794,2010,0.675708898
Simplicity2,WINDPOWER,4795,2010,0.667641719
Simplicity2,WINDPOWER,4796,2010,0.651939129
Simplicity2,WINDPOWER,4797,2010,0.639737347
Simplicity2,WINDPOWER,4798,2010,0.634404136
Simplicity2,WINDPOWER,4799,2010,0.651237313
Simplicity2,WINDPOWER,4800,2010,0.644203348
Simplicity2,WINDPOWER,4801,2010,0.65331719
Simplicity2,WINDPOWER,4802,2010,0.666511658
Simplicity2,WINDPOWER,4803,2010,0.641698056
Simplicity2,WINDPOWER,4804,2010,0.628551341
Simplicity2,WINDPOWER,4805,2010,0.64841513
Simplicity2,WINDPOWER,4806,2010,0.650290723
Simplicity2,WINDPOWER,4807,2010,0.636299652
Simplicity2,WINDPOWER,4808,2010,0.643914701
Simplicity2,WINDPOWER,4809,2010,0.636087121
Simplicity2,WINDPOWER,4810,2010,0.67968548
Simplicity2,WINDPOWER,4811,2010,0.64036784
Simplicity2,WINDPOWER,4812,2010,0.648289606
Simplicity2,WINDPOWER,4813,2010,0.668816693
Simplicity2,WINDPOWER,4814,2010,0.644904384
Simplicity2,WINDPOWER,4815,2010,0.639496408
Simplicity2,WINDPOWER,4816,2010,0.641513018
Simplicity2,WINDPOWER,4817,2010,0.646255934
Simplicity2,WINDPOWER,4818,2010,0.635809126
Simplicity2,WINDPOWER,4819,2010,0.628443361
Simplicity2,WINDPOWER,4820,2010,0.63494708
Simplicity2,WINDPOWER,4821,2010,0.634907945
Simplicity2,WINDPOWER,4822,2010,0.620139951
Simplicity2,WINDPOWER,4823,2010,0.615023017
Simplicity2,WINDPOWER,4824,2010,0.625089346
Simplicity2,WINDPOWER,4825,2010,0.637130651
Simplicity2,WINDPOWER,4826,2010,0.610098138
Simplicity2,WINDPOWER,4827,2010,0.626281269
Simplicity2,WINDPOWER,4828,2010,0.620453718
Simplicity2,WINDPOWER,4829,2010,0.599305952
Simplicity2,WINDPOWER,4830,2010,0.596019663
Simplicity2,WINDPOWER,4831,2010,0.606522283
Simplicity2,WINDPOWER,4832,2010,0.601443166
Simplicity2,WINDPOWER,4833,2010,0.605076168
Simplicity2,WINDPOWER,4834,2010,0.597960202
Simplicity2,WINDPOWER,4835,2010,0.592390384
Simplicity2,WINDPOWER,4836,2010,0.59285377
Simplicity2,WINDPOWER,4837,2010,0.592489789
Simplicity2,WINDPOWER,4838,2010,0.596286601
Simplicity2,WINDPOWER,4839,2010,0.599698699
Simplicity2,WINDPOWER,4840,2010,0.596271674
Simplicity2,WINDPOWER,4841,2010,0.594060863
Simplicity2,WINDPOWER,4842,2010,0.591598698
Simplicity2,WINDPOWER,4843,2010,0.580955122
Simplicity2,WINDPOWER,4844,2010,0.583949198
Simplicity2,WINDPOWER,4845,2010,0.590590001
Simplicity2,WINDPOWER,4846,2010,0.587163018
Simplicity2,WINDPOWER,4847,2010,0.59564248
Simplicity2,WINDPOWER,4848,2010,0.57993369
Simplicity2,WINDPOWER,4849,2010,0.5787461
Simplicity2,WINDPOWER,4850,2010,0.594956416
Simplicity2,WINDPOWER,4851,2010,0.584334565
Simplicity2,WINDPOWER,4852,2010,0.613931026
Simplicity2,WINDPOWER,4853,2010,0.602267979
Simplicity2,WINDPOWER,4854,2010,0.589786073
Simplicity2,WINDPOWER,4855,2010,0.595296559
Simplicity2,WINDPOWER,4856,2010,0.59212263
Simplicity2,WINDPOWER,4857,2010,0.600450833
Simplicity2,WINDPOWER,4858,2010,0.60575352
Simplicity2,WINDPOWER,4859,2010,0.607278587
Simplicity2,WINDPOWER,4860,2010,0.600180974
Simplicity2,WINDPOWER,4861,2010,0.611703911
Simplicity2,WINDPOWER,4862,2010,0.605327163
Simplicity2,WINDPOWER,4863,2010,0.620468372
Simplicity2,WINDPOWER,4864,2010,0.614859263
Simplicity2,WINDPOWER,4865,2010,0.597383266
Simplicity2,WINDPOWER,4866,2010,0.592706846
Simplicity2,WINDPOWER,4867,2010,0.607346439
Simplicity2,WINDPOWER,4868,2010,0.604324355
Simplicity2,WINDPOWER,4869,2010,0.621984918
Simplicity2,WINDPOWER,4870,2010,0.611149406
Simplicity2,WINDPOWER,4871,2010,0.611126734
Simplicity2,WINDPOWER,4872,2010,0.601403658
Simplicity2,WINDPOWER,4873,2010,0.60065561
Simplicity2,WINDPOWER,4874,2010,0.608397329
Simplicity2,WINDPOWER,4875,2010,0.617483046
Simplicity2,WINDPOWER,4876,2010,0.608107251
Simplicity2,WINDPOWER,4877,2010,0.583899428
Simplicity2,WINDPOWER,4878,2010,0.579687773
Simplicity2,WINDPOWER,4879,2010,0.601634444
Simplicity2,WINDPOWER,4880,2010,0.593628827
Simplicity2,WINDPOWER,4881,2010,0.579811097
Simplicity2,WINDPOWER,4882,2010,0.587146891
Simplicity2,WINDPOWER,4883,2010,0.577224488
Simplicity2,WINDPOWER,4884,2010,0.579659339
Simplicity2,WINDPOWER,4885,2010,0.573653243
Simplicity2,WINDPOWER,4886,2010,0.57974179
Simplicity2,WINDPOWER,4887,2010,0.578738339
Simplicity2,WINDPOWER,4888,2010,0.579304933
Simplicity2,WINDPOWER,4889,2010,0.57003195
Simplicity2,WINDPOWER,4890,2010,0.573799064
Simplicity2,WINDPOWER,4891,2010,0.571364816
Simplicity2,WINDPOWER,4892,2010,0.576189842
Simplicity2,WINDPOWER,4893,2010,0.566449169
Simplicity2,WINDPOWER,4894,2010,0.572952452
Simplicity2,WINDPOWER,4895,2010,0.57644553
Simplicity2,WINDPOWER,4896,2010,0.559882623
Simplicity2,WINDPOWER,4897,2010,0.575471402
Simplicity2,WINDPOWER,4898,2010,0.570154143
Simplicity2,WINDPOWER,4899,2010,0.568485245
Simplicity2,WINDPOWER,4900,2010,0.570252323
Simplicity2,WINDPOWER,4901,2010,0.56282617
Simplicity2,WINDPOWER,4902,2010,0.561112918
Simplicity2,WINDPOWER,4903,2010,0.569962429
Simplicity2,WINDPOWER,4904,2010,0.56295696
Simplicity2,WINDPOWER,4905,2010,0.562651902
Simplicity2,WINDPOWER,4906,2010,0.565091941
Simplicity2,WINDPOWER,4907,2010,0.555693057
Simplicity2,WINDPOWER,4908,2010,0.559998862
Simplicity2,WINDPOWER,4909,2010,0.563677754
Simplicity2,WINDPOWER,4910,2010,0.563455426
Simplicity2,WINDPOWER,4911,2010,0.556137752
Simplicity2,WINDPOWER,4912,2010,0.561372343
Simplicity2,WINDPOWER,4913,2010,0.559263714
Simplicity2,WINDPOWER,4914,2010,0.55677202
Simplicity2,WINDPOWER,4915,2010,0.556424182
Simplicity2,WINDPOWER,4916,2010,0.576424316
Simplicity2,WINDPOWER,4917,2010,0.564942292
Simplicity2,WINDPOWER,4918,2010,0.566374292
Simplicity2,WINDPOWER,4919,2010,0.566989348
Simplicity2,WINDPOWER,4920,2010,0.571429524
Simplicity2,WINDPOWER,4921,2010,0.567167296
Simplicity2,WINDPOWER,4922,2010,0.578119158
Simplicity2,WINDPOWER,4923,2010,0.57072961
Simplicity2,WINDPOWER,4924,2010,0.569003491
Simplicity2,WINDPOWER,4925,2010,0.579925173
Simplicity2,WINDPOWER,4926,2010,0.578428789
Simplicity2,WINDPOWER,4927,2010,0.592193348
Simplicity2,WINDPOWER,4928,2010,0.5832772
Simplicity2,WINDPOWER,4929,2010,0.589795082
Simplicity2,WINDPOWER,4930,2010,0.576830996
Simplicity2,WINDPOWER,4931,2010,0.573431795
Simplicity2,WINDPOWER,4932,2010,0.579493855
Simplicity2,WINDPOWER,4933,2010,0.586268272
Simplicity2,WINDPOWER,4934,2010,0.596363179
Simplicity2,WINDPOWER,4935,2010,0.612985243
Simplicity2,WINDPOWER,4936,2010,0.617050038
Simplicity2,WINDPOWER,4937,2010,0.604802306
Simplicity2,WINDPOWER,4938,2010,0.593280471
Simplicity2,WINDPOWER,4939,2010,0.603515088
Simplicity2,WINDPOWER,4940,2010,0.616215933
Simplicity2,WINDPOWER,4941,2010,0.626680292
Simplicity2,WINDPOWER,4942,2010,0.640201955
Simplicity2,WINDPOWER,4943,2010,0.638759897
Simplicity2,WINDPOWER,4944,2010,0.603188359
Simplicity2,WINDPOWER,4945,2010,0.606210049
Simplicity2,WINDPOWER,4946,2010,0.633537159
Simplicity2,WINDPOWER,4947,2010,0.639621486
Simplicity2,WINDPOWER,4948,2010,0.674975601
Simplicity2,WINDPOWER,4949,2010,0.67602056
Simplicity2,WINDPOWER,4950,2010,0.639566424
Simplicity2,WINDPOWER,4951,2010,0.630357921
Simplicity2,WINDPOWER,4952,2010,0.624803678
Simplicity2,WINDPOWER,4953,2010,0.636009785
Simplicity2,WINDPOWER,4954,2010,0.65233168
Simplicity2,WINDPOWER,4955,2010,0.700191447
Simplicity2,WINDPOWER,4956,2010,0.667038816
Simplicity2,WINDPOWER,4957,2010,0.643356664
Simplicity2,WINDPOWER,4958,2010,0.662235486
Simplicity2,WINDPOWER,4959,2010,0.644397585
Simplicity2,WINDPOWER,4960,2010,0.645461783
Simplicity2,WINDPOWER,4961,2010,0.688009125
Simplicity2,WINDPOWER,4962,2010,0.672167978
Simplicity2,WINDPOWER,4963,2010,0.638809754
Simplicity2,WINDPOWER,4964,2010,0.682773147
Simplicity2,WINDPOWER,4965,2010,0.652322455
Simplicity2,WINDPOWER,4966,2010,0.666816344
Simplicity2,WINDPOWER,4967,2010,0.678853253
Simplicity2,WINDPOWER,4968,2010,0.667830503
Simplicity2,WINDPOWER,4969,2010,0.667053452
Simplicity2,WINDPOWER,4970,2010,0.655034373
Simplicity2,WINDPOWER,4971,2010,0.713542084
Simplicity2,WINDPOWER,4972,2010,0.681332794
Simplicity2,WINDPOWER,4973,2010,0.67039604
Simplicity2,WINDPOWER,4974,2010,0.652487284
Simplicity2,WINDPOWER,4975,2010,0.655056721
Simplicity2,WINDPOWER,4976,2010,0.66225463
Simplicity2,WINDPOWER,4977,2010,0.700256096
Simplicity2,WINDPOWER,4978,2010,0.655921971
Simplicity2,WINDPOWER,4979,2010,0.682430356
Simplicity2,WINDPOWER,4980,2010,0.651572689
Simplicity2,WINDPOWER,4981,2010,0.676035321
Simplicity2,WINDPOWER,4982,2010,0.624393365
Simplicity2,WINDPOWER,4983,2010,0.617885503
Simplicity2,WINDPOWER,4984,2010,0.663021511
Simplicity2,WINDPOWER,4985,2010,0.632807637
Simplicity2,WINDPOWER,4986,2010,0.664698455
Simplicity2,WINDPOWER,4987,2010,0.645905503
Simplicity2,WINDPOWER,4988,2010,0.629231162
Simplicity2,WINDPOWER,4989,2010,0.642129859
Simplicity2,WINDPOWER,4990,2010,0.630594019
Simplicity2,WINDPOWER,4991,2010,0.648437868
Simplicity2,WINDPOWER,4992,2010,0.643008649
Simplicity2,WINDPOWER,4993,2010,0.607694299
Simplicity2,WINDPOWER,4994,2010,0.616337025
Simplicity2,WINDPOWER,4995,2010,0.591239317
Simplicity2,WINDPOWER,4996,2010,0.572749187
Simplicity2,WINDPOWER,4997,2010,0.59241002
Simplicity2,WINDPOWER,4998,2010,0.596746193
Simplicity2,WINDPOWER,4999,2010,0.585694415
Simplicity2,WINDPOWER,5000,2010,0.581141805
Simplicity2,WINDPOWER,5001,2010,0.578103239
Simplicity2,WINDPOWER,5002,2010,0.576186316
Simplicity2,WINDPOWER,5003,2010,0.563531594
Simplicity2,WINDPOWER,5004,2010,0.551896538
Simplicity2,WINDPOWER,5005,2010,0.550683976
Simplicity2,WINDPOWER,5006,2010,0.53972707
Simplicity2,WINDPOWER,5007,2010,0.542375761
Simplicity2,WINDPOWER,5008,2010,0.534817315
Simplicity2,WINDPOWER,5009,2010,0.539898241
Simplicity2,WINDPOWER,5010,2010,0.538836544
Simplicity2,WINDPOWER,5011,2010,0.542678541
Simplicity2,WINDPOWER,5012,2010,0.540104733
Simplicity2,WINDPOWER,5013,2010,0.529577342
Simplicity2,WINDPOWER,5014,2010,0.53267101
Simplicity2,WINDPOWER,5015,2010,0.528705859
Simplicity2,WINDPOWER,5016,2010,0.53406531
Simplicity2,WINDPOWER,5017,2010,0.538675649
Simplicity2,WINDPOWER,5018,2010,0.52684531
Simplicity2,WINDPOWER,5019,2010,0.523258688
Simplicity2,WINDPOWER,5020,2010,0.52632106
Simplicity2,WINDPOWER,5021,2010,0.525083845
Simplicity2,WINDPOWER,5022,2010,0.528305136
Simplicity2,WINDPOWER,5023,2010,0.532439164
Simplicity2,WINDPOWER,5024,2010,0.525199083
Simplicity2,WINDPOWER,5025,2010,0.528808139
Simplicity2,WINDPOWER,5026,2010,0.527592343
Simplicity2,WINDPOWER,5027,2010,0.535943536
Simplicity2,WINDPOWER,5028,2010,0.529191062
Simplicity2,WINDPOWER,5029,2010,0.538669506
Simplicity2,WINDPOWER,5030,2010,0.521978001
Simplicity2,WINDPOWER,5031,2010,0.534997376
Simplicity2,WINDPOWER,5032,2010,0.522240713
Simplicity2,WINDPOWER,5033,2010,0.54948204
Simplicity2,WINDPOWER,5034,2010,0.531489267
Simplicity2,WINDPOWER,5035,2010,0.541246219
Simplicity2,WINDPOWER,5036,2010,0.526280739
Simplicity2,WINDPOWER,5037,2010,0.534668554
Simplicity2,WINDPOWER,5038,2010,0.530475356
Simplicity2,WINDPOWER,5039,2010,0.555115072
Simplicity2,WINDPOWER,5040,2010,0.538701975
Simplicity2,WINDPOWER,5041,2010,0.542967096
Simplicity2,WINDPOWER,5042,2010,0.540090694
Simplicity2,WINDPOWER,5043,2010,0.543475771
Simplicity2,WINDPOWER,5044,2010,0.565651987
Simplicity2,WINDPOWER,5045,2010,0.561453438
Simplicity2,WINDPOWER,5046,2010,0.560182357
Simplicity2,WINDPOWER,5047,2010,0.557728208
Simplicity2,WINDPOWER,5048,2010,0.55525387
Simplicity2,WINDPOWER,5049,2010,0.569837414
Simplicity2,WINDPOWER,5050,2010,0.560540479
Simplicity2,WINDPOWER,5051,2010,0.584199281
Simplicity2,WINDPOWER,5052,2010,0.565111722
Simplicity2,WINDPOWER,5053,2010,0.539304336
Simplicity2,WINDPOWER,5054,2010,0.538754977
Simplicity2,WINDPOWER,5055,2010,0.543043846
Simplicity2,WINDPOWER,5056,2010,0.554216316
Simplicity2,WINDPOWER,5057,2010,0.582381725
Simplicity2,WINDPOWER,5058,2010,0.545108377
Simplicity2,WINDPOWER,5059,2010,0.552556202
Simplicity2,WINDPOWER,5060,2010,0.555734489
Simplicity2,WINDPOWER,5061,2010,0.542716379
Simplicity2,WINDPOWER,5062,2010,0.549441639
Simplicity2,WINDPOWER,5063,2010,0.55880561
Simplicity2,WINDPOWER,5064,2010,0.547154176
Simplicity2,WINDPOWER,5065,2010,0.560326365
Simplicity2,WINDPOWER,5066,2010,0.544460817
Simplicity2,WINDPOWER,5067,2010,0.541337776
Simplicity2,WINDPOWER,5068,2010,0.545351962
Simplicity2,WINDPOWER,5069,2010,0.54779093
Simplicity2,WINDPOWER,5070,2010,0.541280632
Simplicity2,WINDPOWER,5071,2010,0.553858955
Simplicity2,WINDPOWER,5072,2010,0.54655566
Simplicity2,WINDPOWER,5073,2010,0.537724875
Simplicity2,WINDPOWER,5074,2010,0.548427197
Simplicity2,WINDPOWER,5075,2010,0.530129486
Simplicity2,WINDPOWER,5076,2010,0.533406908
Simplicity2,WINDPOWER,5077,2010,0.538585658
Simplicity2,WINDPOWER,5078,2010,0.548712387
Simplicity2,WINDPOWER,5079,2010,0.547578786
Simplicity2,WINDPOWER,5080,2010,0.538140089
Simplicity2,WINDPOWER,5081,2010,0.54236586
Simplicity2,WINDPOWER,5082,2010,0.538448536
Simplicity2,WINDPOWER,5083,2010,0.529040268
Simplicity2,WINDPOWER,5084,2010,0.530101814
Simplicity2,WINDPOWER,5085,2010,0.529396893
Simplicity2,WINDPOWER,5086,2010,0.529444189
Simplicity2,WINDPOWER,5087,2010,0.519561421
Simplicity2,WINDPOWER,5088,2010,0.535376429
Simplicity2,WINDPOWER,5089,2010,0.534370677
Simplicity2,WINDPOWER,5090,2010,0.511643785
Simplicity2,WINDPOWER,5091,2010,0.509230046
Simplicity2,WINDPOWER,5092,2010,0.514160274
Simplicity2,WINDPOWER,5093,2010,0.514736896
Simplicity2,WINDPOWER,5094,2010,0.501557575
Simplicity2,WINDPOWER,5095,2010,0.493848067
Simplicity2,WINDPOWER,5096,2010,0.501880374
Simplicity2,WINDPOWER,5097,2010,0.495879712
Simplicity2,WINDPOWER,5098,2010,0.495335114
Simplicity2,WINDPOWER,5099,2010,0.499185277
Simplicity2,WINDPOWER,5100,2010,0.502885362
Simplicity2,WINDPOWER,5101,2010,0.493549151
Simplicity2,WINDPOWER,5102,2010,0.49325311
Simplicity2,WINDPOWER,5103,2010,0.494311175
Simplicity2,WINDPOWER,5104,2010,0.491834795
Simplicity2,WINDPOWER,5105,2010,0.483720066
Simplicity2,WINDPOWER,5106,2010,0.482912548
Simplicity2,WINDPOWER,5107,2010,0.477341545
Simplicity2,WINDPOWER,5108,2010,0.481659849
Simplicity2,WINDPOWER,5109,2010,0.479650069
Simplicity2,WINDPOWER,5110,2010,0.477123513
Simplicity2,WINDPOWER,5111,2010,0.473783959
Simplicity2,WINDPOWER,5112,2010,0.474151962
Simplicity2,WINDPOWER,5113,2010,0.471933973
Simplicity2,WINDPOWER,5114,2010,0.471975713
Simplicity2,WINDPOWER,5115,2010,0.479815131
Simplicity2,WINDPOWER,5116,2010,0.480619028
Simplicity2,WINDPOWER,5117,2010,0.473843582
Simplicity2,WINDPOWER,5118,2010,0.474474826
Simplicity2,WINDPOWER,5119,2010,0.476748567
Simplicity2,WINDPOWER,5120,2010,0.480640236
Simplicity2,WINDPOWER,5121,2010,0.471504505
Simplicity2,WINDPOWER,5122,2010,0.473896978
Simplicity2,WINDPOWER,5123,2010,0.474989916
Simplicity2,WINDPOWER,5124,2010,0.47495048
Simplicity2,WINDPOWER,5125,2010,0.478600038
Simplicity2,WINDPOWER,5126,2010,0.474274003
Simplicity2,WINDPOWER,5127,2010,0.470083606
Simplicity2,WINDPOWER,5128,2010,0.471753216
Simplicity2,WINDPOWER,5129,2010,0.475202825
Simplicity2,WINDPOWER,5130,2010,0.480823553
Simplicity2,WINDPOWER,5131,2010,0.475387467
Simplicity2,WINDPOWER,5132,2010,0.48094132
Simplicity2,WINDPOWER,5133,2010,0.477331413
Simplicity2,WINDPOWER,5134,2010,0.472430862
Simplicity2,WINDPOWER,5135,2010,0.466059204
Simplicity2,WINDPOWER,5136,2010,0.4676304
Simplicity2,WINDPOWER,5137,2010,0.480923504
Simplicity2,WINDPOWER,5138,2010,0.477093353
Simplicity2,WINDPOWER,5139,2010,0.471637218
Simplicity2,WINDPOWER,5140,2010,0.476150007
Simplicity2,WINDPOWER,5141,2010,0.481559001
Simplicity2,WINDPOWER,5142,2010,0.491668901
Simplicity2,WINDPOWER,5143,2010,0.495730451
Simplicity2,WINDPOWER,5144,2010,0.475846854
Simplicity2,WINDPOWER,5145,2010,0.474801281
Simplicity2,WINDPOWER,5146,2010,0.488296018
Simplicity2,WINDPOWER,5147,2010,0.481037826
Simplicity2,WINDPOWER,5148,2010,0.479236278
Simplicity2,WINDPOWER,5149,2010,0.486950612
Simplicity2,WINDPOWER,5150,2010,0.490367951
Simplicity2,WINDPOWER,5151,2010,0.48045107
Simplicity2,WINDPOWER,5152,2010,0.477740582
Simplicity2,WINDPOWER,5153,2010,0.478175111
Simplicity2,WINDPOWER,5154,2010,0.475255523
Simplicity2,WINDPOWER,5155,2010,0.482858883
Simplicity2,WINDPOWER,5156,2010,0.482166729
Simplicity2,WINDPOWER,5157,2010,0.476240723
Simplicity2,WINDPOWER,5158,2010,0.46852418
Simplicity2,WINDPOWER,5159,2010,0.484882495
Simplicity2,WINDPOWER,5160,2010,0.475930172
Simplicity2,WINDPOWER,5161,2010,0.478702283
Simplicity2,WINDPOWER,5162,2010,0.478807025
Simplicity2,WINDPOWER,5163,2010,0.474966394
Simplicity2,WINDPOWER,5164,2010,0.482785581
Simplicity2,WINDPOWER,5165,2010,0.484443257
Simplicity2,WINDPOWER,5166,2010,0.484315671
Simplicity2,WINDPOWER,5167,2010,0.47593017
Simplicity2,WINDPOWER,5168,2010,0.493336197
Simplicity2,WINDPOWER,5169,2010,0.478203707
Simplicity2,WINDPOWER,5170,2010,0.506486393
Simplicity2,WINDPOWER,5171,2010,0.487091737
Simplicity2,WINDPOWER,5172,2010,0.487086882
Simplicity2,WINDPOWER,5173,2010,0.497291452
Simplicity2,WINDPOWER,5174,2010,0.482342729
Simplicity2,WINDPOWER,5175,2010,0.478699869
Simplicity2,WINDPOWER,5176,2010,0.495085514
Simplicity2,WINDPOWER,5177,2010,0.499449509
Simplicity2,WINDPOWER,5178,2010,0.503821535
Simplicity2,WINDPOWER,5179,2010,0.502370221
Simplicity2,WINDPOWER,5180,2010,0.513605271
Simplicity2,WINDPOWER,5181,2010,0.488310768
Simplicity2,WINDPOWER,5182,2010,0.474858118
Simplicity2,WINDPOWER,5183,2010,0.476103729
Simplicity2,WINDPOWER,5184,2010,0.478886268
Simplicity2,WINDPOWER,5185,2010,0.4960327
Simplicity2,WINDPOWER,5186,2010,0.488904005
Simplicity2,WINDPOWER,5187,2010,0.47614878
Simplicity2,WINDPOWER,5188,2010,0.463664787
Simplicity2,WINDPOWER,5189,2010,0.469467337
Simplicity2,WINDPOWER,5190,2010,0.500294517
Simplicity2,WINDPOWER,5191,2010,0.489830775
Simplicity2,WINDPOWER,5192,2010,0.492087408
Simplicity2,WINDPOWER,5193,2010,0.477930179
Simplicity2,WINDPOWER,5194,2010,0.478352087
Simplicity2,WINDPOWER,5195,2010,0.467184693
Simplicity2,WINDPOWER,5196,2010,0.450544304
Simplicity2,WINDPOWER,5197,2010,0.454573551
Simplicity2,WINDPOWER,5198,2010,0.458593082
Simplicity2,WINDPOWER,5199,2010,0.4737273
Simplicity2,WINDPOWER,5200,2010,0.462858206
Simplicity2,WINDPOWER,5201,2010,0.443695044
Simplicity2,WINDPOWER,5202,2010,0.44327316
Simplicity2,WINDPOWER,5203,2010,0.435757992
Simplicity2,WINDPOWER,5204,2010,0.441845551
Simplicity2,WINDPOWER,5205,2010,0.443126309
Simplicity2,WINDPOWER,5206,2010,0.445118957
Simplicity2,WINDPOWER,5207,2010,0.440655364
Simplicity2,WINDPOWER,5208,2010,0.433756126
Simplicity2,WINDPOWER,5209,2010,0.444128971
Simplicity2,WINDPOWER,5210,2010,0.438164187
Simplicity2,WINDPOWER,5211,2010,0.445018482
Simplicity2,WINDPOWER,5212,2010,0.441438827
Simplicity2,WINDPOWER,5213,2010,0.434592129
Simplicity2,WINDPOWER,5214,2010,0.434884288
Simplicity2,WINDPOWER,5215,2010,0.44639468
Simplicity2,WINDPOWER,5216,2010,0.445089613
Simplicity2,WINDPOWER,5217,2010,0.436438215
Simplicity2,WINDPOWER,5218,2010,0.433491682
Simplicity2,WINDPOWER,5219,2010,0.434683277
Simplicity2,WINDPOWER,5220,2010,0.437209015
Simplicity2,WINDPOWER,5221,2010,0.434075114
Simplicity2,WINDPOWER,5222,2010,0.429041802
Simplicity2,WINDPOWER,5223,2010,0.429753097
Simplicity2,WINDPOWER,5224,2010,0.427979729
Simplicity2,WINDPOWER,5225,2010,0.438918458
Simplicity2,WINDPOWER,5226,2010,0.433686122
Simplicity2,WINDPOWER,5227,2010,0.422932145
Simplicity2,WINDPOWER,5228,2010,0.423368098
Simplicity2,WINDPOWER,5229,2010,0.424647003
Simplicity2,WINDPOWER,5230,2010,0.424809808
Simplicity2,WINDPOWER,5231,2010,0.422482007
Simplicity2,WINDPOWER,5232,2010,0.428110846
Simplicity2,WINDPOWER,5233,2010,0.426859087
Simplicity2,WINDPOWER,5234,2010,0.428296739
Simplicity2,WINDPOWER,5235,2010,0.426388125
Simplicity2,WINDPOWER,5236,2010,0.424130079
Simplicity2,WINDPOWER,5237,2010,0.421243096
Simplicity2,WINDPOWER,5238,2010,0.417935218
Simplicity2,WINDPOWER,5239,2010,0.41875365
Simplicity2,WINDPOWER,5240,2010,0.421201614
Simplicity2,WINDPOWER,5241,2010,0.421360742
Simplicity2,WINDPOWER,5242,2010,0.421434626
Simplicity2,WINDPOWER,5243,2010,0.418516009
Simplicity2,WINDPOWER,5244,2010,0.417856214
Simplicity2,WINDPOWER,5245,2010,0.418645517
Simplicity2,WINDPOWER,5246,2010,0.419338701
Simplicity2,WINDPOWER,5247,2010,0.422884883
Simplicity2,WINDPOWER,5248,2010,0.422326917
Simplicity2,WINDPOWER,5249,2010,0.421943712
Simplicity2,WINDPOWER,5250,2010,0.421681909
Simplicity2,WINDPOWER,5251,2010,0.420991349
Simplicity2,WINDPOWER,5252,2010,0.417160093
Simplicity2,WINDPOWER,5253,2010,0.41834326
Simplicity2,WINDPOWER,5254,2010,0.418373551
Simplicity2,WINDPOWER,5255,2010,0.41608603
Simplicity2,WINDPOWER,5256,2010,0.417278933
Simplicity2,WINDPOWER,5257,2010,0.421327215
Simplicity2,WINDPOWER,5258,2010,0.420666394
Simplicity2,WINDPOWER,5259,2010,0.421671321
Simplicity2,WINDPOWER,5260,2010,0.4230329
Simplicity2,WINDPOWER,5261,2010,0.424272941
Simplicity2,WINDPOWER,5262,2010,0.427584781
Simplicity2,WINDPOWER,5263,2010,0.427959647
Simplicity2,WINDPOWER,5264,2010,0.430948871
Simplicity2,WINDPOWER,5265,2010,0.431915385
Simplicity2,WINDPOWER,5266,2010,0.432354976
Simplicity2,WINDPOWER,5267,2010,0.429991083
Simplicity2,WINDPOWER,5268,2010,0.433408495
Simplicity2,WINDPOWER,5269,2010,0.434568888
Simplicity2,WINDPOWER,5270,2010,0.435428592
Simplicity2,WINDPOWER,5271,2010,0.430977561
Simplicity2,WINDPOWER,5272,2010,0.435629307
Simplicity2,WINDPOWER,5273,2010,0.43809151
Simplicity2,WINDPOWER,5274,2010,0.433654854
Simplicity2,WINDPOWER,5275,2010,0.436241391
Simplicity2,WINDPOWER,5276,2010,0.429544534
Simplicity2,WINDPOWER,5277,2010,0.430285645
Simplicity2,WINDPOWER,5278,2010,0.431320132
Simplicity2,WINDPOWER,5279,2010,0.435483228
Simplicity2,WINDPOWER,5280,2010,0.437767648
Simplicity2,WINDPOWER,5281,2010,0.446035502
Simplicity2,WINDPOWER,5282,2010,0.447658539
Simplicity2,WINDPOWER,5283,2010,0.442190865
Simplicity2,WINDPOWER,5284,2010,0.451047429
Simplicity2,WINDPOWER,5285,2010,0.444019126
Simplicity2,WINDPOWER,5286,2010,0.439253828
Simplicity2,WINDPOWER,5287,2010,0.445021989
Simplicity2,WINDPOWER,5288,2010,0.431285967
Simplicity2,WINDPOWER,5289,2010,0.442041105
Simplicity2,WINDPOWER,5290,2010,0.450435878
Simplicity2,WINDPOWER,5291,2010,0.436109941
Simplicity2,WINDPOWER,5292,2010,0.4365279
Simplicity2,WINDPOWER,5293,2010,0.447014631
Simplicity2,WINDPOWER,5294,2010,0.436331995
Simplicity2,WINDPOWER,5295,2010,0.436243337
Simplicity2,WINDPOWER,5296,2010,0.442829836
Simplicity2,WINDPOWER,5297,2010,0.42844303
Simplicity2,WINDPOWER,5298,2010,0.436468599
Simplicity2,WINDPOWER,5299,2010,0.440594981
Simplicity2,WINDPOWER,5300,2010,0.437194254
Simplicity2,WINDPOWER,5301,2010,0.434857947
Simplicity2,WINDPOWER,5302,2010,0.429654426
Simplicity2,WINDPOWER,5303,2010,0.430106414
Simplicity2,WINDPOWER,5304,2010,0.43543954
Simplicity2,WINDPOWER,5305,2010,0.431898243
Simplicity2,WINDPOWER,5306,2010,0.434299687
Simplicity2,WINDPOWER,5307,2010,0.416419381
Simplicity2,WINDPOWER,5308,2010,0.42018558
Simplicity2,WINDPOWER,5309,2010,0.418409479
Simplicity2,WINDPOWER,5310,2010,0.415449569
Simplicity2,WINDPOWER,5311,2010,0.425114225
Simplicity2,WINDPOWER,5312,2010,0.418630416
Simplicity2,WINDPOWER,5313,2010,0.429559041
Simplicity2,WINDPOWER,5314,2010,0.423249441
Simplicity2,WINDPOWER,5315,2010,0.419659206
Simplicity2,WINDPOWER,5316,2010,0.418334666
Simplicity2,WINDPOWER,5317,2010,0.41960349
Simplicity2,WINDPOWER,5318,2010,0.420291468
Simplicity2,WINDPOWER,5319,2010,0.425464903
Simplicity2,WINDPOWER,5320,2010,0.438630082
Simplicity2,WINDPOWER,5321,2010,0.446940286
Simplicity2,WINDPOWER,5322,2010,0.42835027
Simplicity2,WINDPOWER,5323,2010,0.425494437
Simplicity2,WINDPOWER,5324,2010,0.431475004
Simplicity2,WINDPOWER,5325,2010,0.445695043
Simplicity2,WINDPOWER,5326,2010,0.45968594
Simplicity2,WINDPOWER,5327,2010,0.460020465
Simplicity2,WINDPOWER,5328,2010,0.449032346
Simplicity2,WINDPOWER,5329,2010,0.439311074
Simplicity2,WINDPOWER,5330,2010,0.447521374
Simplicity2,WINDPOWER,5331,2010,0.444681979
Simplicity2,WINDPOWER,5332,2010,0.460576772
Simplicity2,WINDPOWER,5333,2010,0.459660219
Simplicity2,WINDPOWER,5334,2010,0.462040107
Simplicity2,WINDPOWER,5335,2010,0.456176373
Simplicity2,WINDPOWER,5336,2010,0.443740146
Simplicity2,WINDPOWER,5337,2010,0.447703457
Simplicity2,WINDPOWER,5338,2010,0.45421054
Simplicity2,WINDPOWER,5339,2010,0.434171234
Simplicity2,WINDPOWER,5340,2010,0.435010019
Simplicity2,WINDPOWER,5341,2010,0.468235906
Simplicity2,WINDPOWER,5342,2010,0.447588426
Simplicity2,WINDPOWER,5343,2010,0.456545019
Simplicity2,WINDPOWER,5344,2010,0.455771923
Simplicity2,WINDPOWER,5345,2010,0.460599634
Simplicity2,WINDPOWER,5346,2010,0.447306225
Simplicity2,WINDPOWER,5347,2010,0.462298841
Simplicity2,WINDPOWER,5348,2010,0.45368003
Simplicity2,WINDPOWER,5349,2010,0.449220045
Simplicity2,WINDPOWER,5350,2010,0.45884211
Simplicity2,WINDPOWER,5351,2010,0.453717172
Simplicity2,WINDPOWER,5352,2010,0.448345758
Simplicity2,WINDPOWER,5353,2010,0.455566066
Simplicity2,WINDPOWER,5354,2010,0.451903503
Simplicity2,WINDPOWER,5355,2010,0.454298903
Simplicity2,WINDPOWER,5356,2010,0.462587115
Simplicity2,WINDPOWER,5357,2010,0.459488819
Simplicity2,WINDPOWER,5358,2010,0.479179451
Simplicity2,WINDPOWER,5359,2010,0.462710888
Simplicity2,WINDPOWER,5360,2010,0.474360128
Simplicity2,WINDPOWER,5361,2010,0.473314837
Simplicity2,WINDPOWER,5362,2010,0.473800345
Simplicity2,WINDPOWER,5363,2010,0.473848215
Simplicity2,WINDPOWER,5364,2010,0.486016775
Simplicity2,WINDPOWER,5365,2010,0.475406711
Simplicity2,WINDPOWER,5366,2010,0.471878812
Simplicity2,WINDPOWER,5367,2010,0.451344492
Simplicity2,WINDPOWER,5368,2010,0.464503406
Simplicity2,WINDPOWER,5369,2010,0.44864591
Simplicity2,WINDPOWER,5370,2010,0.462064296
Simplicity2,WINDPOWER,5371,2010,0.454553872
Simplicity2,WINDPOWER,5372,2010,0.442172562
Simplicity2,WINDPOWER,5373,2010,0.445902808
Simplicity2,WINDPOWER,5374,2010,0.436659679
Simplicity2,WINDPOWER,5375,2010,0.436345572
Simplicity2,WINDPOWER,5376,2010,0.432673866
Simplicity2,WINDPOWER,5377,2010,0.418677925
Simplicity2,WINDPOWER,5378,2010,0.421386792
Simplicity2,WINDPOWER,5379,2010,0.416322886
Simplicity2,WINDPOWER,5380,2010,0.412429885
Simplicity2,WINDPOWER,5381,2010,0.408252738
Simplicity2,WINDPOWER,5382,2010,0.408837117
Simplicity2,WINDPOWER,5383,2010,0.405918506
Simplicity2,WINDPOWER,5384,2010,0.406889021
Simplicity2,WINDPOWER,5385,2010,0.42125156
Simplicity2,WINDPOWER,5386,2010,0.414876307
Simplicity2,WINDPOWER,5387,2010,0.411846607
Simplicity2,WINDPOWER,5388,2010,0.412234974
Simplicity2,WINDPOWER,5389,2010,0.412699041
Simplicity2,WINDPOWER,5390,2010,0.433271563
Simplicity2,WINDPOWER,5391,2010,0.428567502
Simplicity2,WINDPOWER,5392,2010,0.417970505
Simplicity2,WINDPOWER,5393,2010,0.406305583
Simplicity2,WINDPOWER,5394,2010,0.414465462
Simplicity2,WINDPOWER,5395,2010,0.41920139
Simplicity2,WINDPOWER,5396,2010,0.419658292
Simplicity2,WINDPOWER,5397,2010,0.39948464
Simplicity2,WINDPOWER,5398,2010,0.403441185
Simplicity2,WINDPOWER,5399,2010,0.396163705
Simplicity2,WINDPOWER,5400,2010,0.398675286
Simplicity2,WINDPOWER,5401,2010,0.398277354
Simplicity2,WINDPOWER,5402,2010,0.397768183
Simplicity2,WINDPOWER,5403,2010,0.404134621
Simplicity2,WINDPOWER,5404,2010,0.402261255
Simplicity2,WINDPOWER,5405,2010,0.395907298
Simplicity2,WINDPOWER,5406,2010,0.394639098
Simplicity2,WINDPOWER,5407,2010,0.400245331
Simplicity2,WINDPOWER,5408,2010,0.39900962
Simplicity2,WINDPOWER,5409,2010,0.401215641
Simplicity2,WINDPOWER,5410,2010,0.403764892
Simplicity2,WINDPOWER,5411,2010,0.403644914
Simplicity2,WINDPOWER,5412,2010,0.397538616
Simplicity2,WINDPOWER,5413,2010,0.405024229
Simplicity2,WINDPOWER,5414,2010,0.406167598
Simplicity2,WINDPOWER,5415,2010,0.40405826
Simplicity2,WINDPOWER,5416,2010,0.402344776
Simplicity2,WINDPOWER,5417,2010,0.404737304
Simplicity2,WINDPOWER,5418,2010,0.408154705
Simplicity2,WINDPOWER,5419,2010,0.416702449
Simplicity2,WINDPOWER,5420,2010,0.422256072
Simplicity2,WINDPOWER,5421,2010,0.409928421
Simplicity2,WINDPOWER,5422,2010,0.398444329
Simplicity2,WINDPOWER,5423,2010,0.42090727
Simplicity2,WINDPOWER,5424,2010,0.415558834
Simplicity2,WINDPOWER,5425,2010,0.41499154
Simplicity2,WINDPOWER,5426,2010,0.424621944
Simplicity2,WINDPOWER,5427,2010,0.410196388
Simplicity2,WINDPOWER,5428,2010,0.417405399
Simplicity2,WINDPOWER,5429,2010,0.406036538
Simplicity2,WINDPOWER,5430,2010,0.409223796
Simplicity2,WINDPOWER,5431,2010,0.415198687
Simplicity2,WINDPOWER,5432,2010,0.422681807
Simplicity2,WINDPOWER,5433,2010,0.41786127
Simplicity2,WINDPOWER,5434,2010,0.437082411
Simplicity2,WINDPOWER,5435,2010,0.412056667
Simplicity2,WINDPOWER,5436,2010,0.419424258
Simplicity2,WINDPOWER,5437,2010,0.43366355
Simplicity2,WINDPOWER,5438,2010,0.430589616
Simplicity2,WINDPOWER,5439,2010,0.42760377
Simplicity2,WINDPOWER,5440,2010,0.432443812
Simplicity2,WINDPOWER,5441,2010,0.429608618
Simplicity2,WINDPOWER,5442,2010,0.425550276
Simplicity2,WINDPOWER,5443,2010,0.423258351
Simplicity2,WINDPOWER,5444,2010,0.425396853
Simplicity2,WINDPOWER,5445,2010,0.413211782
Simplicity2,WINDPOWER,5446,2010,0.412445679
Simplicity2,WINDPOWER,5447,2010,0.42017198
Simplicity2,WINDPOWER,5448,2010,0.444089522
Simplicity2,WINDPOWER,5449,2010,0.428909494
Simplicity2,WINDPOWER,5450,2010,0.416259048
Simplicity2,WINDPOWER,5451,2010,0.433078886
Simplicity2,WINDPOWER,5452,2010,0.422870716
Simplicity2,WINDPOWER,5453,2010,0.426702053
Simplicity2,WINDPOWER,5454,2010,0.437530522
Simplicity2,WINDPOWER,5455,2010,0.425011494
Simplicity2,WINDPOWER,5456,2010,0.435550035
Simplicity2,WINDPOWER,5457,2010,0.449118118
Simplicity2,WINDPOWER,5458,2010,0.432336992
Simplicity2,WINDPOWER,5459,2010,0.425637751
Simplicity2,WINDPOWER,5460,2010,0.43384026
Simplicity2,WINDPOWER,5461,2010,0.419335797
Simplicity2,WINDPOWER,5462,2010,0.418516483
Simplicity2,WINDPOWER,5463,2010,0.424539698
Simplicity2,WINDPOWER,5464,2010,0.435443993
Simplicity2,WINDPOWER,5465,2010,0.421372233
Simplicity2,WINDPOWER,5466,2010,0.416324934
Simplicity2,WINDPOWER,5467,2010,0.426608205
Simplicity2,WINDPOWER,5468,2010,0.416630382
Simplicity2,WINDPOWER,5469,2010,0.411261199
Simplicity2,WINDPOWER,5470,2010,0.425282395
Simplicity2,WINDPOWER,5471,2010,0.41757332
Simplicity2,WINDPOWER,5472,2010,0.416019512
Simplicity2,WINDPOWER,5473,2010,0.41191592
Simplicity2,WINDPOWER,5474,2010,0.419224618
Simplicity2,WINDPOWER,5475,2010,0.421155104
Simplicity2,WINDPOWER,5476,2010,0.42265066
Simplicity2,WINDPOWER,5477,2010,0.409480119
Simplicity2,WINDPOWER,5478,2010,0.41318276
Simplicity2,WINDPOWER,5479,2010,0.408850367
Simplicity2,WINDPOWER,5480,2010,0.415014789
Simplicity2,WINDPOWER,5481,2010,0.416007941
Simplicity2,WINDPOWER,5482,2010,0.407988517
Simplicity2,WINDPOWER,5483,2010,0.409709104
Simplicity2,WINDPOWER,5484,2010,0.412262413
Simplicity2,WINDPOWER,5485,2010,0.413414043
Simplicity2,WINDPOWER,5486,2010,0.40739539
Simplicity2,WINDPOWER,5487,2010,0.40746809
Simplicity2,WINDPOWER,5488,2010,0.411551354
Simplicity2,WINDPOWER,5489,2010,0.407605683
Simplicity2,WINDPOWER,5490,2010,0.408325674
Simplicity2,WINDPOWER,5491,2010,0.398141736
Simplicity2,WINDPOWER,5492,2010,0.402589775
Simplicity2,WINDPOWER,5493,2010,0.407012913
Simplicity2,WINDPOWER,5494,2010,0.395867461
Simplicity2,WINDPOWER,5495,2010,0.401774592
Simplicity2,WINDPOWER,5496,2010,0.403815164
Simplicity2,WINDPOWER,5497,2010,0.393071926
Simplicity2,WINDPOWER,5498,2010,0.393642333
Simplicity2,WINDPOWER,5499,2010,0.392692971
Simplicity2,WINDPOWER,5500,2010,0.3954756
Simplicity2,WINDPOWER,5501,2010,0.391922958
Simplicity2,WINDPOWER,5502,2010,0.407552511
Simplicity2,WINDPOWER,5503,2010,0.40053213
Simplicity2,WINDPOWER,5504,2010,0.401267922
Simplicity2,WINDPOWER,5505,2010,0.396791148
Simplicity2,WINDPOWER,5506,2010,0.396027922
Simplicity2,WINDPOWER,5507,2010,0.391009712
Simplicity2,WINDPOWER,5508,2010,0.395374788
Simplicity2,WINDPOWER,5509,2010,0.379635934
Simplicity2,WINDPOWER,5510,2010,0.380151078
Simplicity2,WINDPOWER,5511,2010,0.377096883
Simplicity2,WINDPOWER,5512,2010,0.370651039
Simplicity2,WINDPOWER,5513,2010,0.370359229
Simplicity2,WINDPOWER,5514,2010,0.367146593
Simplicity2,WINDPOWER,5515,2010,0.36861943
Simplicity2,WINDPOWER,5516,2010,0.367607281
Simplicity2,WINDPOWER,5517,2010,0.365962743
Simplicity2,WINDPOWER,5518,2010,0.367980077
Simplicity2,WINDPOWER,5519,2010,0.361722615
Simplicity2,WINDPOWER,5520,2010,0.35956508
Simplicity2,WINDPOWER,5521,2010,0.358380746
Simplicity2,WINDPOWER,5522,2010,0.355171146
Simplicity2,WINDPOWER,5523,2010,0.355460368
Simplicity2,WINDPOWER,5524,2010,0.354977373
Simplicity2,WINDPOWER,5525,2010,0.355085004
Simplicity2,WINDPOWER,5526,2010,0.357482325
Simplicity2,WINDPOWER,5527,2010,0.353144147
Simplicity2,WINDPOWER,5528,2010,0.34718238
Simplicity2,WINDPOWER,5529,2010,0.346034898
Simplicity2,WINDPOWER,5530,2010,0.347884138
Simplicity2,WINDPOWER,5531,2010,0.346895255
Simplicity2,WINDPOWER,5532,2010,0.352346387
Simplicity2,WINDPOWER,5533,2010,0.346381176
Simplicity2,WINDPOWER,5534,2010,0.350733376
Simplicity2,WINDPOWER,5535,2010,0.348513648
Simplicity2,WINDPOWER,5536,2010,0.350697158
Simplicity2,WINDPOWER,5537,2010,0.350992
Simplicity2,WINDPOWER,5538,2010,0.354467185
Simplicity2,WINDPOWER,5539,2010,0.355853506
Simplicity2,WINDPOWER,5540,2010,0.351205026
Simplicity2,WINDPOWER,5541,2010,0.350609881
Simplicity2,WINDPOWER,5542,2010,0.35478964
Simplicity2,WINDPOWER,5543,2010,0.352038766
Simplicity2,WINDPOWER,5544,2010,0.352952439
Simplicity2,WINDPOWER,5545,2010,0.355133298
Simplicity2,WINDPOWER,5546,2010,0.358598347
Simplicity2,WINDPOWER,5547,2010,0.352759986
Simplicity2,WINDPOWER,5548,2010,0.352641892
Simplicity2,WINDPOWER,5549,2010,0.357719447
Simplicity2,WINDPOWER,5550,2010,0.362993258
Simplicity2,WINDPOWER,5551,2010,0.363142321
Simplicity2,WINDPOWER,5552,2010,0.359445789
Simplicity2,WINDPOWER,5553,2010,0.361385293
Simplicity2,WINDPOWER,5554,2010,0.361443243
Simplicity2,WINDPOWER,5555,2010,0.36719219
Simplicity2,WINDPOWER,5556,2010,0.364890083
Simplicity2,WINDPOWER,5557,2010,0.363379988
Simplicity2,WINDPOWER,5558,2010,0.365845429
Simplicity2,WINDPOWER,5559,2010,0.369354846
Simplicity2,WINDPOWER,5560,2010,0.368442255
Simplicity2,WINDPOWER,5561,2010,0.370365966
Simplicity2,WINDPOWER,5562,2010,0.375307789
Simplicity2,WINDPOWER,5563,2010,0.374676991
Simplicity2,WINDPOWER,5564,2010,0.371221863
Simplicity2,WINDPOWER,5565,2010,0.369278898
Simplicity2,WINDPOWER,5566,2010,0.373643373
Simplicity2,WINDPOWER,5567,2010,0.376975527
Simplicity2,WINDPOWER,5568,2010,0.372899245
Simplicity2,WINDPOWER,5569,2010,0.373376631
Simplicity2,WINDPOWER,5570,2010,0.380676399
Simplicity2,WINDPOWER,5571,2010,0.381158779
Simplicity2,WINDPOWER,5572,2010,0.382592583
Simplicity2,WINDPOWER,5573,2010,0.376548144
Simplicity2,WINDPOWER,5574,2010,0.37574693
Simplicity2,WINDPOWER,5575,2010,0.383301643
Simplicity2,WINDPOWER,5576,2010,0.386145101
Simplicity2,WINDPOWER,5577,2010,0.395042929
Simplicity2,WINDPOWER,5578,2010,0.394425863
Simplicity2,WINDPOWER,5579,2010,0.394023701
Simplicity2,WINDPOWER,5580,2010,0.400492447
Simplicity2,WINDPOWER,5581,2010,0.409827194
Simplicity2,WINDPOWER,5582,2010,0.409015883
Simplicity2,WINDPOWER,5583,2010,0.407482191
Simplicity2,WINDPOWER,5584,2010,0.408309093
Simplicity2,WINDPOWER,5585,2010,0.405159602
Simplicity2,WINDPOWER,5586,2010,0.397730811
Simplicity2,WINDPOWER,5587,2010,0.399331642
Simplicity2,WINDPOWER,5588,2010,0.391838453
Simplicity2,WINDPOWER,5589,2010,0.392256998
Simplicity2,WINDPOWER,5590,2010,0.399087216
Simplicity2,WINDPOWER,5591,2010,0.390653681
Simplicity2,WINDPOWER,5592,2010,0.394027999
Simplicity2,WINDPOWER,5593,2010,0.396141269
Simplicity2,WINDPOWER,5594,2010,0.394285187
Simplicity2,WINDPOWER,5595,2010,0.39362261
Simplicity2,WINDPOWER,5596,2010,0.394710911
Simplicity2,WINDPOWER,5597,2010,0.394736997
Simplicity2,WINDPOWER,5598,2010,0.393082006
Simplicity2,WINDPOWER,5599,2010,0.392501603
Simplicity2,WINDPOWER,5600,2010,0.396228085
Simplicity2,WINDPOWER,5601,2010,0.393987047
Simplicity2,WINDPOWER,5602,2010,0.378346715
Simplicity2,WINDPOWER,5603,2010,0.382572344
Simplicity2,WINDPOWER,5604,2010,0.379976878
Simplicity2,WINDPOWER,5605,2010,0.385668162
Simplicity2,WINDPOWER,5606,2010,0.378592863
Simplicity2,WINDPOWER,5607,2010,0.392222875
Simplicity2,WINDPOWER,5608,2010,0.408164077
Simplicity2,WINDPOWER,5609,2010,0.402308083
Simplicity2,WINDPOWER,5610,2010,0.385591149
Simplicity2,WINDPOWER,5611,2010,0.398920339
Simplicity2,WINDPOWER,5612,2010,0.410862168
Simplicity2,WINDPOWER,5613,2010,0.410555016
Simplicity2,WINDPOWER,5614,2010,0.398995517
Simplicity2,WINDPOWER,5615,2010,0.401590904
Simplicity2,WINDPOWER,5616,2010,0.410802688
Simplicity2,WINDPOWER,5617,2010,0.405172544
Simplicity2,WINDPOWER,5618,2010,0.410789984
Simplicity2,WINDPOWER,5619,2010,0.417936403
Simplicity2,WINDPOWER,5620,2010,0.412486347
Simplicity2,WINDPOWER,5621,2010,0.4241111
Simplicity2,WINDPOWER,5622,2010,0.431044092
Simplicity2,WINDPOWER,5623,2010,0.425049556
Simplicity2,WINDPOWER,5624,2010,0.41754634
Simplicity2,WINDPOWER,5625,2010,0.418816625
Simplicity2,WINDPOWER,5626,2010,0.42463369
Simplicity2,WINDPOWER,5627,2010,0.435681162
Simplicity2,WINDPOWER,5628,2010,0.45116338
Simplicity2,WINDPOWER,5629,2010,0.440059579
Simplicity2,WINDPOWER,5630,2010,0.437730422
Simplicity2,WINDPOWER,5631,2010,0.415179029
Simplicity2,WINDPOWER,5632,2010,0.429991741
Simplicity2,WINDPOWER,5633,2010,0.443303275
Simplicity2,WINDPOWER,5634,2010,0.44723085
Simplicity2,WINDPOWER,5635,2010,0.463829764
Simplicity2,WINDPOWER,5636,2010,0.456188081
Simplicity2,WINDPOWER,5637,2010,0.437189463
Simplicity2,WINDPOWER,5638,2010,0.450030616
Simplicity2,WINDPOWER,5639,2010,0.445398065
Simplicity2,WINDPOWER,5640,2010,0.468122336
Simplicity2,WINDPOWER,5641,2010,0.453378254
Simplicity2,WINDPOWER,5642,2010,0.461129661
Simplicity2,WINDPOWER,5643,2010,0.451603207
Simplicity2,WINDPOWER,5644,2010,0.442603089
Simplicity2,WINDPOWER,5645,2010,0.478948671
Simplicity2,WINDPOWER,5646,2010,0.468220242
Simplicity2,WINDPOWER,5647,2010,0.489843367
Simplicity2,WINDPOWER,5648,2010,0.500556272
Simplicity2,WINDPOWER,5649,2010,0.463587027
Simplicity2,WINDPOWER,5650,2010,0.470994624
Simplicity2,WINDPOWER,5651,2010,0.474187747
Simplicity2,WINDPOWER,5652,2010,0.450250491
Simplicity2,WINDPOWER,5653,2010,0.485162248
Simplicity2,WINDPOWER,5654,2010,0.471844989
Simplicity2,WINDPOWER,5655,2010,0.445828732
Simplicity2,WINDPOWER,5656,2010,0.435456144
Simplicity2,WINDPOWER,5657,2010,0.458957478
Simplicity2,WINDPOWER,5658,2010,0.442123326
Simplicity2,WINDPOWER,5659,2010,0.461406494
Simplicity2,WINDPOWER,5660,2010,0.435098348
Simplicity2,WINDPOWER,5661,2010,0.452601441
Simplicity2,WINDPOWER,5662,2010,0.414865912
Simplicity2,WINDPOWER,5663,2010,0.433881398
Simplicity2,WINDPOWER,5664,2010,0.444042468
Simplicity2,WINDPOWER,5665,2010,0.443119268
Simplicity2,WINDPOWER,5666,2010,0.432637413
Simplicity2,WINDPOWER,5667,2010,0.460704744
Simplicity2,WINDPOWER,5668,2010,0.435552701
Simplicity2,WINDPOWER,5669,2010,0.430118746
Simplicity2,WINDPOWER,5670,2010,0.448202135
Simplicity2,WINDPOWER,5671,2010,0.447616705
Simplicity2,WINDPOWER,5672,2010,0.460522831
Simplicity2,WINDPOWER,5673,2010,0.457314641
Simplicity2,WINDPOWER,5674,2010,0.42584363
Simplicity2,WINDPOWER,5675,2010,0.433295942
Simplicity2,WINDPOWER,5676,2010,0.463125962
Simplicity2,WINDPOWER,5677,2010,0.439950142
Simplicity2,WINDPOWER,5678,2010,0.436984731
Simplicity2,WINDPOWER,5679,2010,0.436892748
Simplicity2,WINDPOWER,5680,2010,0.464140742
Simplicity2,WINDPOWER,5681,2010,0.46381421
Simplicity2,WINDPOWER,5682,2010,0.428300187
Simplicity2,WINDPOWER,5683,2010,0.466149623
Simplicity2,WINDPOWER,5684,2010,0.44901172
Simplicity2,WINDPOWER,5685,2010,0.432447047
Simplicity2,WINDPOWER,5686,2010,0.463661094
Simplicity2,WINDPOWER,5687,2010,0.443363326
Simplicity2,WINDPOWER,5688,2010,0.458217488
Simplicity2,WINDPOWER,5689,2010,0.433095406
Simplicity2,WINDPOWER,5690,2010,0.435926759
Simplicity2,WINDPOWER,5691,2010,0.447136368
Simplicity2,WINDPOWER,5692,2010,0.429435906
Simplicity2,WINDPOWER,5693,2010,0.433075777
Simplicity2,WINDPOWER,5694,2010,0.424046772
Simplicity2,WINDPOWER,5695,2010,0.419098875
Simplicity2,WINDPOWER,5696,2010,0.423147707
Simplicity2,WINDPOWER,5697,2010,0.416441798
Simplicity2,WINDPOWER,5698,2010,0.419078488
Simplicity2,WINDPOWER,5699,2010,0.4109444
Simplicity2,WINDPOWER,5700,2010,0.410747278
Simplicity2,WINDPOWER,5701,2010,0.393126618
Simplicity2,WINDPOWER,5702,2010,0.400755176
Simplicity2,WINDPOWER,5703,2010,0.418302223
Simplicity2,WINDPOWER,5704,2010,0.427820406
Simplicity2,WINDPOWER,5705,2010,0.414226086
Simplicity2,WINDPOWER,5706,2010,0.413672435
Simplicity2,WINDPOWER,5707,2010,0.412200966
Simplicity2,WINDPOWER,5708,2010,0.404374001
Simplicity2,WINDPOWER,5709,2010,0.383131197
Simplicity2,WINDPOWER,5710,2010,0.38418469
Simplicity2,WINDPOWER,5711,2010,0.373477426
Simplicity2,WINDPOWER,5712,2010,0.400485392
Simplicity2,WINDPOWER,5713,2010,0.387600406
Simplicity2,WINDPOWER,5714,2010,0.358691569
Simplicity2,WINDPOWER,5715,2010,0.359689167
Simplicity2,WINDPOWER,5716,2010,0.35674958
Simplicity2,WINDPOWER,5717,2010,0.360947413
Simplicity2,WINDPOWER,5718,2010,0.367636687
Simplicity2,WINDPOWER,5719,2010,0.35823895
Simplicity2,WINDPOWER,5720,2010,0.353118634
Simplicity2,WINDPOWER,5721,2010,0.352128475
Simplicity2,WINDPOWER,5722,2010,0.354677456
Simplicity2,WINDPOWER,5723,2010,0.359786688
Simplicity2,WINDPOWER,5724,2010,0.376129683
Simplicity2,WINDPOWER,5725,2010,0.371686215
Simplicity2,WINDPOWER,5726,2010,0.365066306
Simplicity2,WINDPOWER,5727,2010,0.376502219
Simplicity2,WINDPOWER,5728,2010,0.37175813
Simplicity2,WINDPOWER,5729,2010,0.374582809
Simplicity2,WINDPOWER,5730,2010,0.370000626
Simplicity2,WINDPOWER,5731,2010,0.368411031
Simplicity2,WINDPOWER,5732,2010,0.367206635
Simplicity2,WINDPOWER,5733,2010,0.374410327
Simplicity2,WINDPOWER,5734,2010,0.368731136
Simplicity2,WINDPOWER,5735,2010,0.368079506
Simplicity2,WINDPOWER,5736,2010,0.375350043
Simplicity2,WINDPOWER,5737,2010,0.376600961
Simplicity2,WINDPOWER,5738,2010,0.376229344
Simplicity2,WINDPOWER,5739,2010,0.387850001
Simplicity2,WINDPOWER,5740,2010,0.382563696
Simplicity2,WINDPOWER,5741,2010,0.381745029
Simplicity2,WINDPOWER,5742,2010,0.38420331
Simplicity2,WINDPOWER,5743,2010,0.375534877
Simplicity2,WINDPOWER,5744,2010,0.388443554
Simplicity2,WINDPOWER,5745,2010,0.382090665
Simplicity2,WINDPOWER,5746,2010,0.391116227
Simplicity2,WINDPOWER,5747,2010,0.38269965
Simplicity2,WINDPOWER,5748,2010,0.382950894
Simplicity2,WINDPOWER,5749,2010,0.371817147
Simplicity2,WINDPOWER,5750,2010,0.379107782
Simplicity2,WINDPOWER,5751,2010,0.368039833
Simplicity2,WINDPOWER,5752,2010,0.384669721
Simplicity2,WINDPOWER,5753,2010,0.386822188
Simplicity2,WINDPOWER,5754,2010,0.374665708
Simplicity2,WINDPOWER,5755,2010,0.373880137
Simplicity2,WINDPOWER,5756,2010,0.370344551
Simplicity2,WINDPOWER,5757,2010,0.361435497
Simplicity2,WINDPOWER,5758,2010,0.371438244
Simplicity2,WINDPOWER,5759,2010,0.372209372
Simplicity2,WINDPOWER,5760,2010,0.371759427
Simplicity2,WINDPOWER,5761,2010,0.365072321
Simplicity2,WINDPOWER,5762,2010,0.371715823
Simplicity2,WINDPOWER,5763,2010,0.376581711
Simplicity2,WINDPOWER,5764,2010,0.375769726
Simplicity2,WINDPOWER,5765,2010,0.376479145
Simplicity2,WINDPOWER,5766,2010,0.370982438
Simplicity2,WINDPOWER,5767,2010,0.363619339
Simplicity2,WINDPOWER,5768,2010,0.359954887
Simplicity2,WINDPOWER,5769,2010,0.364070703
Simplicity2,WINDPOWER,5770,2010,0.362383515
Simplicity2,WINDPOWER,5771,2010,0.371517303
Simplicity2,WINDPOWER,5772,2010,0.357114132
Simplicity2,WINDPOWER,5773,2010,0.353451412
Simplicity2,WINDPOWER,5774,2010,0.355156901
Simplicity2,WINDPOWER,5775,2010,0.354768576
Simplicity2,WINDPOWER,5776,2010,0.364575672
Simplicity2,WINDPOWER,5777,2010,0.359344428
Simplicity2,WINDPOWER,5778,2010,0.351437916
Simplicity2,WINDPOWER,5779,2010,0.351008985
Simplicity2,WINDPOWER,5780,2010,0.351350247
Simplicity2,WINDPOWER,5781,2010,0.345688221
Simplicity2,WINDPOWER,5782,2010,0.350137484
Simplicity2,WINDPOWER,5783,2010,0.355334132
Simplicity2,WINDPOWER,5784,2010,0.350468942
Simplicity2,WINDPOWER,5785,2010,0.359035523
Simplicity2,WINDPOWER,5786,2010,0.356486619
Simplicity2,WINDPOWER,5787,2010,0.34295052
Simplicity2,WINDPOWER,5788,2010,0.339416526
Simplicity2,WINDPOWER,5789,2010,0.338921819
Simplicity2,WINDPOWER,5790,2010,0.339184859
Simplicity2,WINDPOWER,5791,2010,0.342486787
Simplicity2,WINDPOWER,5792,2010,0.345684025
Simplicity2,WINDPOWER,5793,2010,0.350769536
Simplicity2,WINDPOWER,5794,2010,0.350935571
Simplicity2,WINDPOWER,5795,2010,0.356419364
Simplicity2,WINDPOWER,5796,2010,0.346365334
Simplicity2,WINDPOWER,5797,2010,0.353771218
Simplicity2,WINDPOWER,5798,2010,0.35911229
Simplicity2,WINDPOWER,5799,2010,0.359684343
Simplicity2,WINDPOWER,5800,2010,0.349244438
Simplicity2,WINDPOWER,5801,2010,0.355007165
Simplicity2,WINDPOWER,5802,2010,0.358393984
Simplicity2,WINDPOWER,5803,2010,0.355740096
Simplicity2,WINDPOWER,5804,2010,0.369768418
Simplicity2,WINDPOWER,5805,2010,0.368985813
Simplicity2,WINDPOWER,5806,2010,0.378621847
Simplicity2,WINDPOWER,5807,2010,0.385933415
Simplicity2,WINDPOWER,5808,2010,0.378575518
Simplicity2,WINDPOWER,5809,2010,0.370029547
Simplicity2,WINDPOWER,5810,2010,0.372201626
Simplicity2,WINDPOWER,5811,2010,0.390800394
Simplicity2,WINDPOWER,5812,2010,0.382094121
Simplicity2,WINDPOWER,5813,2010,0.40426953
Simplicity2,WINDPOWER,5814,2010,0.39757155
Simplicity2,WINDPOWER,5815,2010,0.392682062
Simplicity2,WINDPOWER,5816,2010,0.401742921
Simplicity2,WINDPOWER,5817,2010,0.42925278
Simplicity2,WINDPOWER,5818,2010,0.435936041
Simplicity2,WINDPOWER,5819,2010,0.443004725
Simplicity2,WINDPOWER,5820,2010,0.433311997
Simplicity2,WINDPOWER,5821,2010,0.42192783
Simplicity2,WINDPOWER,5822,2010,0.42924873
Simplicity2,WINDPOWER,5823,2010,0.463751978
Simplicity2,WINDPOWER,5824,2010,0.452680675
Simplicity2,WINDPOWER,5825,2010,0.425265229
Simplicity2,WINDPOWER,5826,2010,0.271650022
Simplicity2,WINDPOWER,5827,2010,0.283477559
Simplicity2,WINDPOWER,5828,2010,0.269066432
Simplicity2,WINDPOWER,5829,2010,0.273074705
Simplicity2,WINDPOWER,5830,2010,0.268480178
Simplicity2,WINDPOWER,5831,2010,0.275515096
Simplicity2,WINDPOWER,5832,2010,0.277547396
Simplicity2,WINDPOWER,5833,2010,0.283278285
Simplicity2,WINDPOWER,5834,2010,0.28909403
Simplicity2,WINDPOWER,5835,2010,0.298223756
Simplicity2,WINDPOWER,5836,2010,0.304131466
Simplicity2,WINDPOWER,5837,2010,0.306739032
Simplicity2,WINDPOWER,5838,2010,0.295176706
Simplicity2,WINDPOWER,5839,2010,0.289887891
Simplicity2,WINDPOWER,5840,2010,0.291127817
Simplicity2,WINDPOWER,5841,2010,0.290211754
Simplicity2,WINDPOWER,5842,2010,0.302937903
Simplicity2,WINDPOWER,5843,2010,0.290702041
Simplicity2,WINDPOWER,5844,2010,0.294058451
Simplicity2,WINDPOWER,5845,2010,0.28819013
Simplicity2,WINDPOWER,5846,2010,0.286909052
Simplicity2,WINDPOWER,5847,2010,0.283070064
Simplicity2,WINDPOWER,5848,2010,0.291029214
Simplicity2,WINDPOWER,5849,2010,0.286508738
Simplicity2,WINDPOWER,5850,2010,0.290898271
Simplicity2,WINDPOWER,5851,2010,0.298992595
Simplicity2,WINDPOWER,5852,2010,0.299850755
Simplicity2,WINDPOWER,5853,2010,0.29231188
Simplicity2,WINDPOWER,5854,2010,0.300860328
Simplicity2,WINDPOWER,5855,2010,0.295578035
Simplicity2,WINDPOWER,5856,2010,0.297447133
Simplicity2,WINDPOWER,5857,2010,0.297552483
Simplicity2,WINDPOWER,5858,2010,0.311783369
Simplicity2,WINDPOWER,5859,2010,0.297904655
Simplicity2,WINDPOWER,5860,2010,0.293367898
Simplicity2,WINDPOWER,5861,2010,0.2873583
Simplicity2,WINDPOWER,5862,2010,0.283999355
Simplicity2,WINDPOWER,5863,2010,0.28179806
Simplicity2,WINDPOWER,5864,2010,0.277596385
Simplicity2,WINDPOWER,5865,2010,0.269913878
Simplicity2,WINDPOWER,5866,2010,0.277098783
Simplicity2,WINDPOWER,5867,2010,0.268126256
Simplicity2,WINDPOWER,5868,2010,0.268361812
Simplicity2,WINDPOWER,5869,2010,0.269912877
Simplicity2,WINDPOWER,5870,2010,0.270095683
Simplicity2,WINDPOWER,5871,2010,0.259623506
Simplicity2,WINDPOWER,5872,2010,0.262800637
Simplicity2,WINDPOWER,5873,2010,0.260455488
Simplicity2,WINDPOWER,5874,2010,0.266230139
Simplicity2,WINDPOWER,5875,2010,0.270479524
Simplicity2,WINDPOWER,5876,2010,0.260990451
Simplicity2,WINDPOWER,5877,2010,0.252949737
Simplicity2,WINDPOWER,5878,2010,0.250361721
Simplicity2,WINDPOWER,5879,2010,0.258657385
Simplicity2,WINDPOWER,5880,2010,0.249503456
Simplicity2,WINDPOWER,5881,2010,0.244132398
Simplicity2,WINDPOWER,5882,2010,0.246216596
Simplicity2,WINDPOWER,5883,2010,0.24181283
Simplicity2,WINDPOWER,5884,2010,0.24019544
Simplicity2,WINDPOWER,5885,2010,0.247885677
Simplicity2,WINDPOWER,5886,2010,0.239878893
Simplicity2,WINDPOWER,5887,2010,0.231361382
Simplicity2,WINDPOWER,5888,2010,0.228400314
Simplicity2,WINDPOWER,5889,2010,0.229028321
Simplicity2,WINDPOWER,5890,2010,0.230701174
Simplicity2,WINDPOWER,5891,2010,0.22598511
Simplicity2,WINDPOWER,5892,2010,0.223416387
Simplicity2,WINDPOWER,5893,2010,0.217374068
Simplicity2,WINDPOWER,5894,2010,0.215941234
Simplicity2,WINDPOWER,5895,2010,0.217582733
Simplicity2,WINDPOWER,5896,2010,0.218243875
Simplicity2,WINDPOWER,5897,2010,0.217310478
Simplicity2,WINDPOWER,5898,2010,0.215604874
Simplicity2,WINDPOWER,5899,2010,0.2200269
Simplicity2,WINDPOWER,5900,2010,0.215663584
Simplicity2,WINDPOWER,5901,2010,0.216842119
Simplicity2,WINDPOWER,5902,2010,0.217080243
Simplicity2,WINDPOWER,5903,2010,0.219526852
Simplicity2,WINDPOWER,5904,2010,0.22175604
Simplicity2,WINDPOWER,5905,2010,0.217575744
Simplicity2,WINDPOWER,5906,2010,0.220267602
Simplicity2,WINDPOWER,5907,2010,0.231913081
Simplicity2,WINDPOWER,5908,2010,0.232761088
Simplicity2,WINDPOWER,5909,2010,0.229945206
Simplicity2,WINDPOWER,5910,2010,0.226395786
Simplicity2,WINDPOWER,5911,2010,0.226556367
Simplicity2,WINDPOWER,5912,2010,0.22388843
Simplicity2,WINDPOWER,5913,2010,0.230278111
Simplicity2,WINDPOWER,5914,2010,0.232453826
Simplicity2,WINDPOWER,5915,2010,0.228284854
Simplicity2,WINDPOWER,5916,2010,0.226252375
Simplicity2,WINDPOWER,5917,2010,0.226742134
Simplicity2,WINDPOWER,5918,2010,0.222303392
Simplicity2,WINDPOWER,5919,2010,0.230629267
Simplicity2,WINDPOWER,5920,2010,0.232432031
Simplicity2,WINDPOWER,5921,2010,0.236935518
Simplicity2,WINDPOWER,5922,2010,0.227618945
Simplicity2,WINDPOWER,5923,2010,0.220549522
Simplicity2,WINDPOWER,5924,2010,0.219290906
Simplicity2,WINDPOWER,5925,2010,0.225263532
Simplicity2,WINDPOWER,5926,2010,0.231699854
Simplicity2,WINDPOWER,5927,2010,0.245643453
Simplicity2,WINDPOWER,5928,2010,0.231446906
Simplicity2,WINDPOWER,5929,2010,0.22107591
Simplicity2,WINDPOWER,5930,2010,0.228631408
Simplicity2,WINDPOWER,5931,2010,0.232917331
Simplicity2,WINDPOWER,5932,2010,0.239282679
Simplicity2,WINDPOWER,5933,2010,0.241279861
Simplicity2,WINDPOWER,5934,2010,0.235993438
Simplicity2,WINDPOWER,5935,2010,0.237986108
Simplicity2,WINDPOWER,5936,2010,0.248163582
Simplicity2,WINDPOWER,5937,2010,0.247117871
Simplicity2,WINDPOWER,5938,2010,0.251530113
Simplicity2,WINDPOWER,5939,2010,0.244700368
Simplicity2,WINDPOWER,5940,2010,0.246214455
Simplicity2,WINDPOWER,5941,2010,0.245232207
Simplicity2,WINDPOWER,5942,2010,0.248171162
Simplicity2,WINDPOWER,5943,2010,0.262381314
Simplicity2,WINDPOWER,5944,2010,0.249323138
Simplicity2,WINDPOWER,5945,2010,0.253050933
Simplicity2,WINDPOWER,5946,2010,0.260745901
Simplicity2,WINDPOWER,5947,2010,0.251963541
Simplicity2,WINDPOWER,5948,2010,0.280013406
Simplicity2,WINDPOWER,5949,2010,0.262019398
Simplicity2,WINDPOWER,5950,2010,0.252595974
Simplicity2,WINDPOWER,5951,2010,0.271873085
Simplicity2,WINDPOWER,5952,2010,0.273766512
Simplicity2,WINDPOWER,5953,2010,0.284974338
Simplicity2,WINDPOWER,5954,2010,0.285592008
Simplicity2,WINDPOWER,5955,2010,0.28933489
Simplicity2,WINDPOWER,5956,2010,0.280695635
Simplicity2,WINDPOWER,5957,2010,0.275513944
Simplicity2,WINDPOWER,5958,2010,0.287602587
Simplicity2,WINDPOWER,5959,2010,0.280258291
Simplicity2,WINDPOWER,5960,2010,0.279274896
Simplicity2,WINDPOWER,5961,2010,0.283160931
Simplicity2,WINDPOWER,5962,2010,0.283763093
Simplicity2,WINDPOWER,5963,2010,0.278081041
Simplicity2,WINDPOWER,5964,2010,0.278131223
Simplicity2,WINDPOWER,5965,2010,0.278716525
Simplicity2,WINDPOWER,5966,2010,0.272297947
Simplicity2,WINDPOWER,5967,2010,0.267514061
Simplicity2,WINDPOWER,5968,2010,0.262250026
Simplicity2,WINDPOWER,5969,2010,0.256407394
Simplicity2,WINDPOWER,5970,2010,0.251535303
Simplicity2,WINDPOWER,5971,2010,0.249700095
Simplicity2,WINDPOWER,5972,2010,0.242633012
Simplicity2,WINDPOWER,5973,2010,0.241902766
Simplicity2,WINDPOWER,5974,2010,0.236921276
Simplicity2,WINDPOWER,5975,2010,0.226152089
Simplicity2,WINDPOWER,5976,2010,0.218860182
Simplicity2,WINDPOWER,5977,2010,0.217100089
Simplicity2,WINDPOWER,5978,2010,0.21446427
Simplicity2,WINDPOWER,5979,2010,0.21287675
Simplicity2,WINDPOWER,5980,2010,0.211364014
Simplicity2,WINDPOWER,5981,2010,0.210969945
Simplicity2,WINDPOWER,5982,2010,0.2071394
Simplicity2,WINDPOWER,5983,2010,0.211062493
Simplicity2,WINDPOWER,5984,2010,0.205789655
Simplicity2,WINDPOWER,5985,2010,0.208058663
Simplicity2,WINDPOWER,5986,2010,0.205312751
Simplicity2,WINDPOWER,5987,2010,0.200950935
Simplicity2,WINDPOWER,5988,2010,0.199942395
Simplicity2,WINDPOWER,5989,2010,0.200260852
Simplicity2,WINDPOWER,5990,2010,0.202181071
Simplicity2,WINDPOWER,5991,2010,0.200610969
Simplicity2,WINDPOWER,5992,2010,0.195439862
Simplicity2,WINDPOWER,5993,2010,0.19358019
Simplicity2,WINDPOWER,5994,2010,0.194958594
Simplicity2,WINDPOWER,5995,2010,0.203238752
Simplicity2,WINDPOWER,5996,2010,0.194629279
Simplicity2,WINDPOWER,5997,2010,0.194247286
Simplicity2,WINDPOWER,5998,2010,0.202277866
Simplicity2,WINDPOWER,5999,2010,0.200297027
Simplicity2,WINDPOWER,6000,2010,0.203143742
Simplicity2,WINDPOWER,6001,2010,0.194319445
Simplicity2,WINDPOWER,6002,2010,0.198980715
Simplicity2,WINDPOWER,6003,2010,0.19962681
Simplicity2,WINDPOWER,6004,2010,0.204383655
Simplicity2,WINDPOWER,6005,2010,0.206783144
Simplicity2,WINDPOWER,6006,2010,0.206949385
Simplicity2,WINDPOWER,6007,2010,0.20591903
Simplicity2,WINDPOWER,6008,2010,0.212776045
Simplicity2,WINDPOWER,6009,2010,0.199743928
Simplicity2,WINDPOWER,6010,2010,0.206660607
Simplicity2,WINDPOWER,6011,2010,0.201416282
Simplicity2,WINDPOWER,6012,2010,0.215697693
Simplicity2,WINDPOWER,6013,2010,0.203287558
Simplicity2,WINDPOWER,6014,2010,0.204225499
Simplicity2,WINDPOWER,6015,2010,0.225266456
Simplicity2,WINDPOWER,6016,2010,0.204905182
Simplicity2,WINDPOWER,6017,2010,0.210184613
Simplicity2,WINDPOWER,6018,2010,0.209454231
Simplicity2,WINDPOWER,6019,2010,0.211740244
Simplicity2,WINDPOWER,6020,2010,0.218669697
Simplicity2,WINDPOWER,6021,2010,0.208988346
Simplicity2,WINDPOWER,6022,2010,0.212955
Simplicity2,WINDPOWER,6023,2010,0.218204956
Simplicity2,WINDPOWER,6024,2010,0.210899385
Simplicity2,WINDPOWER,6025,2010,0.213321872
Simplicity2,WINDPOWER,6026,2010,0.219354646
Simplicity2,WINDPOWER,6027,2010,0.228267827
Simplicity2,WINDPOWER,6028,2010,0.212833046
Simplicity2,WINDPOWER,6029,2010,0.210935809
Simplicity2,WINDPOWER,6030,2010,0.222405672
Simplicity2,WINDPOWER,6031,2010,0.220722294
Simplicity2,WINDPOWER,6032,2010,0.224118343
Simplicity2,WINDPOWER,6033,2010,0.2231793
Simplicity2,WINDPOWER,6034,2010,0.230493293
Simplicity2,WINDPOWER,6035,2010,0.225130118
Simplicity2,WINDPOWER,6036,2010,0.213588828
Simplicity2,WINDPOWER,6037,2010,0.230213332
Simplicity2,WINDPOWER,6038,2010,0.21569635
Simplicity2,WINDPOWER,6039,2010,0.215953741
Simplicity2,WINDPOWER,6040,2010,0.225274314
Simplicity2,WINDPOWER,6041,2010,0.229845349
Simplicity2,WINDPOWER,6042,2010,0.236012355
Simplicity2,WINDPOWER,6043,2010,0.234187357
Simplicity2,WINDPOWER,6044,2010,0.244733835
Simplicity2,WINDPOWER,6045,2010,0.244307741
Simplicity2,WINDPOWER,6046,2010,0.239060692
Simplicity2,WINDPOWER,6047,2010,0.230100593
Simplicity2,WINDPOWER,6048,2010,0.230970415
Simplicity2,WINDPOWER,6049,2010,0.232636529
Simplicity2,WINDPOWER,6050,2010,0.236025335
Simplicity2,WINDPOWER,6051,2010,0.235553549
Simplicity2,WINDPOWER,6052,2010,0.233962436
Simplicity2,WINDPOWER,6053,2010,0.236530267
Simplicity2,WINDPOWER,6054,2010,0.2341154
Simplicity2,WINDPOWER,6055,2010,0.230667458
Simplicity2,WINDPOWER,6056,2010,0.240816376
Simplicity2,WINDPOWER,6057,2010,0.238789191
Simplicity2,WINDPOWER,6058,2010,0.236045281
Simplicity2,WINDPOWER,6059,2010,0.235744763
Simplicity2,WINDPOWER,6060,2010,0.232024244
Simplicity2,WINDPOWER,6061,2010,0.234686327
Simplicity2,WINDPOWER,6062,2010,0.234458794
Simplicity2,WINDPOWER,6063,2010,0.229002817
Simplicity2,WINDPOWER,6064,2010,0.232246712
Simplicity2,WINDPOWER,6065,2010,0.240050559
Simplicity2,WINDPOWER,6066,2010,0.227688535
Simplicity2,WINDPOWER,6067,2010,0.233368769
Simplicity2,WINDPOWER,6068,2010,0.233045202
Simplicity2,WINDPOWER,6069,2010,0.231314607
Simplicity2,WINDPOWER,6070,2010,0.232927554
Simplicity2,WINDPOWER,6071,2010,0.236246942
Simplicity2,WINDPOWER,6072,2010,0.235131367
Simplicity2,WINDPOWER,6073,2010,0.234692463
Simplicity2,WINDPOWER,6074,2010,0.234579075
Simplicity2,WINDPOWER,6075,2010,0.237466443
Simplicity2,WINDPOWER,6076,2010,0.235458944
Simplicity2,WINDPOWER,6077,2010,0.235235198
Simplicity2,WINDPOWER,6078,2010,0.231913069
Simplicity2,WINDPOWER,6079,2010,0.22596515
Simplicity2,WINDPOWER,6080,2010,0.231292132
Simplicity2,WINDPOWER,6081,2010,0.233150092
Simplicity2,WINDPOWER,6082,2010,0.233522557
Simplicity2,WINDPOWER,6083,2010,0.233688271
Simplicity2,WINDPOWER,6084,2010,0.230009835
Simplicity2,WINDPOWER,6085,2010,0.222064482
Simplicity2,WINDPOWER,6086,2010,0.223314968
Simplicity2,WINDPOWER,6087,2010,0.219386713
Simplicity2,WINDPOWER,6088,2010,0.219956238
Simplicity2,WINDPOWER,6089,2010,0.220719549
Simplicity2,WINDPOWER,6090,2010,0.215063607
Simplicity2,WINDPOWER,6091,2010,0.212168496
Simplicity2,WINDPOWER,6092,2010,0.210221241
Simplicity2,WINDPOWER,6093,2010,0.211016096
Simplicity2,WINDPOWER,6094,2010,0.207613179
Simplicity2,WINDPOWER,6095,2010,0.212499901
Simplicity2,WINDPOWER,6096,2010,0.206008296
Simplicity2,WINDPOWER,6097,2010,0.205865141
Simplicity2,WINDPOWER,6098,2010,0.206064053
Simplicity2,WINDPOWER,6099,2010,0.20358715
Simplicity2,WINDPOWER,6100,2010,0.204040592
Simplicity2,WINDPOWER,6101,2010,0.203031181
Simplicity2,WINDPOWER,6102,2010,0.199979982
Simplicity2,WINDPOWER,6103,2010,0.202454391
Simplicity2,WINDPOWER,6104,2010,0.203103922
Simplicity2,WINDPOWER,6105,2010,0.203504342
Simplicity2,WINDPOWER,6106,2010,0.201422027
Simplicity2,WINDPOWER,6107,2010,0.197244167
Simplicity2,WINDPOWER,6108,2010,0.195030566
Simplicity2,WINDPOWER,6109,2010,0.19459141
Simplicity2,WINDPOWER,6110,2010,0.197945197
Simplicity2,WINDPOWER,6111,2010,0.206560492
Simplicity2,WINDPOWER,6112,2010,0.211494422
Simplicity2,WINDPOWER,6113,2010,0.204289474
Simplicity2,WINDPOWER,6114,2010,0.20037787
Simplicity2,WINDPOWER,6115,2010,0.206433633
Simplicity2,WINDPOWER,6116,2010,0.211572658
Simplicity2,WINDPOWER,6117,2010,0.216327887
Simplicity2,WINDPOWER,6118,2010,0.214980991
Simplicity2,WINDPOWER,6119,2010,0.221628495
Simplicity2,WINDPOWER,6120,2010,0.221343031
Simplicity2,WINDPOWER,6121,2010,0.233793248
Simplicity2,WINDPOWER,6122,2010,0.236247195
Simplicity2,WINDPOWER,6123,2010,0.237466792
Simplicity2,WINDPOWER,6124,2010,0.238914499
Simplicity2,WINDPOWER,6125,2010,0.235973807
Simplicity2,WINDPOWER,6126,2010,0.232576974
Simplicity2,WINDPOWER,6127,2010,0.229505789
Simplicity2,WINDPOWER,6128,2010,0.234903476
Simplicity2,WINDPOWER,6129,2010,0.23656638
Simplicity2,WINDPOWER,6130,2010,0.230026899
Simplicity2,WINDPOWER,6131,2010,0.225737357
Simplicity2,WINDPOWER,6132,2010,0.22356183
Simplicity2,WINDPOWER,6133,2010,0.210780064
Simplicity2,WINDPOWER,6134,2010,0.209214047
Simplicity2,WINDPOWER,6135,2010,0.219027519
Simplicity2,WINDPOWER,6136,2010,0.229747316
Simplicity2,WINDPOWER,6137,2010,0.230529052
Simplicity2,WINDPOWER,6138,2010,0.224074206
Simplicity2,WINDPOWER,6139,2010,0.217702549
Simplicity2,WINDPOWER,6140,2010,0.221079513
Simplicity2,WINDPOWER,6141,2010,0.220136923
Simplicity2,WINDPOWER,6142,2010,0.225548915
Simplicity2,WINDPOWER,6143,2010,0.22651708
Simplicity2,WINDPOWER,6144,2010,0.219553493
Simplicity2,WINDPOWER,6145,2010,0.223229175
Simplicity2,WINDPOWER,6146,2010,0.229607868
Simplicity2,WINDPOWER,6147,2010,0.224401617
Simplicity2,WINDPOWER,6148,2010,0.225362064
Simplicity2,WINDPOWER,6149,2010,0.225101029
Simplicity2,WINDPOWER,6150,2010,0.221647879
Simplicity2,WINDPOWER,6151,2010,0.220392578
Simplicity2,WINDPOWER,6152,2010,0.216970205
Simplicity2,WINDPOWER,6153,2010,0.227959556
Simplicity2,WINDPOWER,6154,2010,0.228564716
Simplicity2,WINDPOWER,6155,2010,0.224233371
Simplicity2,WINDPOWER,6156,2010,0.226767742
Simplicity2,WINDPOWER,6157,2010,0.226601723
Simplicity2,WINDPOWER,6158,2010,0.229084473
Simplicity2,WINDPOWER,6159,2010,0.230835292
Simplicity2,WINDPOWER,6160,2010,0.231896341
Simplicity2,WINDPOWER,6161,2010,0.233644293
Simplicity2,WINDPOWER,6162,2010,0.223241832
Simplicity2,WINDPOWER,6163,2010,0.225355091
Simplicity2,WINDPOWER,6164,2010,0.232165414
Simplicity2,WINDPOWER,6165,2010,0.222058329
Simplicity2,WINDPOWER,6166,2010,0.231160553
Simplicity2,WINDPOWER,6167,2010,0.235308099
Simplicity2,WINDPOWER,6168,2010,0.232576818
Simplicity2,WINDPOWER,6169,2010,0.222931485
Simplicity2,WINDPOWER,6170,2010,0.224403662
Simplicity2,WINDPOWER,6171,2010,0.23456014
Simplicity2,WINDPOWER,6172,2010,0.240287102
Simplicity2,WINDPOWER,6173,2010,0.249424708
Simplicity2,WINDPOWER,6174,2010,0.245996342
Simplicity2,WINDPOWER,6175,2010,0.243652842
Simplicity2,WINDPOWER,6176,2010,0.256625275
Simplicity2,WINDPOWER,6177,2010,0.26458071
Simplicity2,WINDPOWER,6178,2010,0.259865607
Simplicity2,WINDPOWER,6179,2010,0.273963754
Simplicity2,WINDPOWER,6180,2010,0.276652027
Simplicity2,WINDPOWER,6181,2010,0.272272927
Simplicity2,WINDPOWER,6182,2010,0.270707027
Simplicity2,WINDPOWER,6183,2010,0.279863827
Simplicity2,WINDPOWER,6184,2010,0.281062415
Simplicity2,WINDPOWER,6185,2010,0.26851376
Simplicity2,WINDPOWER,6186,2010,0.268414656
Simplicity2,WINDPOWER,6187,2010,0.266558499
Simplicity2,WINDPOWER,6188,2010,0.261925167
Simplicity2,WINDPOWER,6189,2010,0.276876954
Simplicity2,WINDPOWER,6190,2010,0.260274518
Simplicity2,WINDPOWER,6191,2010,0.288227549
Simplicity2,WINDPOWER,6192,2010,0.278770337
Simplicity2,WINDPOWER,6193,2010,0.273405382
Simplicity2,WINDPOWER,6194,2010,0.269527939
Simplicity2,WINDPOWER,6195,2010,0.259722953
Simplicity2,WINDPOWER,6196,2010,0.258781088
Simplicity2,WINDPOWER,6197,2010,0.264914907
Simplicity2,WINDPOWER,6198,2010,0.255480083
Simplicity2,WINDPOWER,6199,2010,0.254234765
Simplicity2,WINDPOWER,6200,2010,0.244037699
Simplicity2,WINDPOWER,6201,2010,0.248968299
Simplicity2,WINDPOWER,6202,2010,0.250321422
Simplicity2,WINDPOWER,6203,2010,0.24897843
Simplicity2,WINDPOWER,6204,2010,0.254055608
Simplicity2,WINDPOWER,6205,2010,0.245292766
Simplicity2,WINDPOWER,6206,2010,0.241587945
Simplicity2,WINDPOWER,6207,2010,0.24358703
Simplicity2,WINDPOWER,6208,2010,0.245721127
Simplicity2,WINDPOWER,6209,2010,0.252772881
Simplicity2,WINDPOWER,6210,2010,0.248891419
Simplicity2,WINDPOWER,6211,2010,0.243807817
Simplicity2,WINDPOWER,6212,2010,0.238012043
Simplicity2,WINDPOWER,6213,2010,0.244272855
Simplicity2,WINDPOWER,6214,2010,0.245244469
Simplicity2,WINDPOWER,6215,2010,0.241695913
Simplicity2,WINDPOWER,6216,2010,0.237146127
Simplicity2,WINDPOWER,6217,2010,0.23079461
Simplicity2,WINDPOWER,6218,2010,0.229617849
Simplicity2,WINDPOWER,6219,2010,0.231966088
Simplicity2,WINDPOWER,6220,2010,0.234984866
Simplicity2,WINDPOWER,6221,2010,0.228703831
Simplicity2,WINDPOWER,6222,2010,0.224132911
Simplicity2,WINDPOWER,6223,2010,0.221353795
Simplicity2,WINDPOWER,6224,2010,0.224257872
Simplicity2,WINDPOWER,6225,2010,0.226754045
Simplicity2,WINDPOWER,6226,2010,0.227221427
Simplicity2,WINDPOWER,6227,2010,0.230348416
Simplicity2,WINDPOWER,6228,2010,0.230500711
Simplicity2,WINDPOWER,6229,2010,0.231916343
Simplicity2,WINDPOWER,6230,2010,0.236146494
Simplicity2,WINDPOWER,6231,2010,0.236564264
Simplicity2,WINDPOWER,6232,2010,0.248445502
Simplicity2,WINDPOWER,6233,2010,0.248197695
Simplicity2,WINDPOWER,6234,2010,0.251519839
Simplicity2,WINDPOWER,6235,2010,0.251179884
Simplicity2,WINDPOWER,6236,2010,0.252733907
Simplicity2,WINDPOWER,6237,2010,0.254267264
Simplicity2,WINDPOWER,6238,2010,0.261283827
Simplicity2,WINDPOWER,6239,2010,0.25773622
Simplicity2,WINDPOWER,6240,2010,0.26483035
Simplicity2,WINDPOWER,6241,2010,0.265132986
Simplicity2,WINDPOWER,6242,2010,0.267056617
Simplicity2,WINDPOWER,6243,2010,0.274478396
Simplicity2,WINDPOWER,6244,2010,0.279650555
Simplicity2,WINDPOWER,6245,2010,0.277715338
Simplicity2,WINDPOWER,6246,2010,0.275986535
Simplicity2,WINDPOWER,6247,2010,0.279562787
Simplicity2,WINDPOWER,6248,2010,0.279718992
Simplicity2,WINDPOWER,6249,2010,0.277611231
Simplicity2,WINDPOWER,6250,2010,0.281589076
Simplicity2,WINDPOWER,6251,2010,0.275824028
Simplicity2,WINDPOWER,6252,2010,0.275589355
Simplicity2,WINDPOWER,6253,2010,0.272448359
Simplicity2,WINDPOWER,6254,2010,0.264145353
Simplicity2,WINDPOWER,6255,2010,0.25982168
Simplicity2,WINDPOWER,6256,2010,0.261613597
Simplicity2,WINDPOWER,6257,2010,0.266735624
Simplicity2,WINDPOWER,6258,2010,0.257504174
Simplicity2,WINDPOWER,6259,2010,0.253953683
Simplicity2,WINDPOWER,6260,2010,0.252409752
Simplicity2,WINDPOWER,6261,2010,0.249184877
Simplicity2,WINDPOWER,6262,2010,0.247387174
Simplicity2,WINDPOWER,6263,2010,0.253865799
Simplicity2,WINDPOWER,6264,2010,0.245801874
Simplicity2,WINDPOWER,6265,2010,0.24831522
Simplicity2,WINDPOWER,6266,2010,0.262121333
Simplicity2,WINDPOWER,6267,2010,0.271857589
Simplicity2,WINDPOWER,6268,2010,0.257588652
Simplicity2,WINDPOWER,6269,2010,0.262809197
Simplicity2,WINDPOWER,6270,2010,0.2634505
Simplicity2,WINDPOWER,6271,2010,0.250532446
Simplicity2,WINDPOWER,6272,2010,0.25274829
Simplicity2,WINDPOWER,6273,2010,0.256161222
Simplicity2,WINDPOWER,6274,2010,0.264228317
Simplicity2,WINDPOWER,6275,2010,0.255907086
Simplicity2,WINDPOWER,6276,2010,0.260150398
Simplicity2,WINDPOWER,6277,2010,0.252649183
Simplicity2,WINDPOWER,6278,2010,0.244666675
Simplicity2,WINDPOWER,6279,2010,0.247195783
Simplicity2,WINDPOWER,6280,2010,0.245419991
Simplicity2,WINDPOWER,6281,2010,0.25829063
Simplicity2,WINDPOWER,6282,2010,0.25331239
Simplicity2,WINDPOWER,6283,2010,0.239013344
Simplicity2,WINDPOWER,6284,2010,0.242626129
Simplicity2,WINDPOWER,6285,2010,0.235647626
Simplicity2,WINDPOWER,6286,2010,0.233367486
Simplicity2,WINDPOWER,6287,2010,0.249438022
Simplicity2,WINDPOWER,6288,2010,0.235746375
Simplicity2,WINDPOWER,6289,2010,0.243372535
Simplicity2,WINDPOWER,6290,2010,0.236825722
Simplicity2,WINDPOWER,6291,2010,0.228094871
Simplicity2,WINDPOWER,6292,2010,0.230551843
Simplicity2,WINDPOWER,6293,2010,0.228580579
Simplicity2,WINDPOWER,6294,2010,0.226138655
Simplicity2,WINDPOWER,6295,2010,0.23622311
Simplicity2,WINDPOWER,6296,2010,0.228572174
Simplicity2,WINDPOWER,6297,2010,0.233000836
Simplicity2,WINDPOWER,6298,2010,0.219799247
Simplicity2,WINDPOWER,6299,2010,0.225884741
Simplicity2,WINDPOWER,6300,2010,0.227812062
Simplicity2,WINDPOWER,6301,2010,0.227403859
Simplicity2,WINDPOWER,6302,2010,0.230094003
Simplicity2,WINDPOWER,6303,2010,0.23173723
Simplicity2,WINDPOWER,6304,2010,0.250058592
Simplicity2,WINDPOWER,6305,2010,0.230414276
Simplicity2,WINDPOWER,6306,2010,0.2321156
Simplicity2,WINDPOWER,6307,2010,0.224121099
Simplicity2,WINDPOWER,6308,2010,0.235777364
Simplicity2,WINDPOWER,6309,2010,0.228565519
Simplicity2,WINDPOWER,6310,2010,0.243083981
Simplicity2,WINDPOWER,6311,2010,0.244259614
Simplicity2,WINDPOWER,6312,2010,0.235974858
Simplicity2,WINDPOWER,6313,2010,0.241878561
Simplicity2,WINDPOWER,6314,2010,0.24535342
Simplicity2,WINDPOWER,6315,2010,0.257016911
Simplicity2,WINDPOWER,6316,2010,0.252959701
Simplicity2,WINDPOWER,6317,2010,0.240564744
Simplicity2,WINDPOWER,6318,2010,0.233563878
Simplicity2,WINDPOWER,6319,2010,0.240082283
Simplicity2,WINDPOWER,6320,2010,0.229092868
Simplicity2,WINDPOWER,6321,2010,0.238146529
Simplicity2,WINDPOWER,6322,2010,0.228846898
Simplicity2,WINDPOWER,6323,2010,0.239882132
Simplicity2,WINDPOWER,6324,2010,0.228630039
Simplicity2,WINDPOWER,6325,2010,0.228694671
Simplicity2,WINDPOWER,6326,2010,0.248061788
Simplicity2,WINDPOWER,6327,2010,0.225886508
Simplicity2,WINDPOWER,6328,2010,0.23481046
Simplicity2,WINDPOWER,6329,2010,0.23156038
Simplicity2,WINDPOWER,6330,2010,0.233332231
Simplicity2,WINDPOWER,6331,2010,0.238441592
Simplicity2,WINDPOWER,6332,2010,0.227016548
Simplicity2,WINDPOWER,6333,2010,0.242733464
Simplicity2,WINDPOWER,6334,2010,0.259618348
Simplicity2,WINDPOWER,6335,2010,0.241531048
Simplicity2,WINDPOWER,6336,2010,0.251737186
Simplicity2,WINDPOWER,6337,2010,0.259278994
Simplicity2,WINDPOWER,6338,2010,0.257141062
Simplicity2,WINDPOWER,6339,2010,0.247524467
Simplicity2,WINDPOWER,6340,2010,0.253657075
Simplicity2,WINDPOWER,6341,2010,0.25844642
Simplicity2,WINDPOWER,6342,2010,0.263925549
Simplicity2,WINDPOWER,6343,2010,0.267426918
Simplicity2,WINDPOWER,6344,2010,0.2814938
Simplicity2,WINDPOWER,6345,2010,0.271640347
Simplicity2,WINDPOWER,6346,2010,0.269445253
Simplicity2,WINDPOWER,6347,2010,0.260298957
Simplicity2,WINDPOWER,6348,2010,0.258911477
Simplicity2,WINDPOWER,6349,2010,0.262320832
Simplicity2,WINDPOWER,6350,2010,0.266614518
Simplicity2,WINDPOWER,6351,2010,0.27049943
Simplicity2,WINDPOWER,6352,2010,0.262268339
Simplicity2,WINDPOWER,6353,2010,0.259582365
Simplicity2,WINDPOWER,6354,2010,0.248698085
Simplicity2,WINDPOWER,6355,2010,0.245047195
Simplicity2,WINDPOWER,6356,2010,0.258843638
Simplicity2,WINDPOWER,6357,2010,0.268976617
Simplicity2,WINDPOWER,6358,2010,0.263678266
Simplicity2,WINDPOWER,6359,2010,0.259699561
Simplicity2,WINDPOWER,6360,2010,0.269185969
Simplicity2,WINDPOWER,6361,2010,0.27579191
Simplicity2,WINDPOWER,6362,2010,0.265027643
Simplicity2,WINDPOWER,6363,2010,0.274324519
Simplicity2,WINDPOWER,6364,2010,0.271868404
Simplicity2,WINDPOWER,6365,2010,0.279414235
Simplicity2,WINDPOWER,6366,2010,0.29086795
Simplicity2,WINDPOWER,6367,2010,0.295027277
Simplicity2,WINDPOWER,6368,2010,0.284401497
Simplicity2,WINDPOWER,6369,2010,0.27859535
Simplicity2,WINDPOWER,6370,2010,0.291488219
Simplicity2,WINDPOWER,6371,2010,0.300670674
Simplicity2,WINDPOWER,6372,2010,0.297537844
Simplicity2,WINDPOWER,6373,2010,0.298201437
Simplicity2,WINDPOWER,6374,2010,0.294777533
Simplicity2,WINDPOWER,6375,2010,0.297279071
Simplicity2,WINDPOWER,6376,2010,0.299107332
Simplicity2,WINDPOWER,6377,2010,0.301326728
Simplicity2,WINDPOWER,6378,2010,0.299876043
Simplicity2,WINDPOWER,6379,2010,0.302347328
Simplicity2,WINDPOWER,6380,2010,0.30608174
Simplicity2,WINDPOWER,6381,2010,0.311555748
Simplicity2,WINDPOWER,6382,2010,0.303120776
Simplicity2,WINDPOWER,6383,2010,0.305169988
Simplicity2,WINDPOWER,6384,2010,0.304059793
Simplicity2,WINDPOWER,6385,2010,0.317928895
Simplicity2,WINDPOWER,6386,2010,0.32953649
Simplicity2,WINDPOWER,6387,2010,0.325023132
Simplicity2,WINDPOWER,6388,2010,0.320045572
Simplicity2,WINDPOWER,6389,2010,0.302114757
Simplicity2,WINDPOWER,6390,2010,0.303854933
Simplicity2,WINDPOWER,6391,2010,0.31139421
Simplicity2,WINDPOWER,6392,2010,0.299401818
Simplicity2,WINDPOWER,6393,2010,0.308798957
Simplicity2,WINDPOWER,6394,2010,0.302442576
Simplicity2,WINDPOWER,6395,2010,0.289117428
Simplicity2,WINDPOWER,6396,2010,0.289101903
Simplicity2,WINDPOWER,6397,2010,0.291152134
Simplicity2,WINDPOWER,6398,2010,0.287279893
Simplicity2,WINDPOWER,6399,2010,0.297024646
Simplicity2,WINDPOWER,6400,2010,0.292995054
Simplicity2,WINDPOWER,6401,2010,0.28054086
Simplicity2,WINDPOWER,6402,2010,0.282845963
Simplicity2,WINDPOWER,6403,2010,0.280456863
Simplicity2,WINDPOWER,6404,2010,0.28680134
Simplicity2,WINDPOWER,6405,2010,0.28066634
Simplicity2,WINDPOWER,6406,2010,0.282594266
Simplicity2,WINDPOWER,6407,2010,0.285335083
Simplicity2,WINDPOWER,6408,2010,0.288919182
Simplicity2,WINDPOWER,6409,2010,0.280784842
Simplicity2,WINDPOWER,6410,2010,0.271598424
Simplicity2,WINDPOWER,6411,2010,0.284104535
Simplicity2,WINDPOWER,6412,2010,0.285798037
Simplicity2,WINDPOWER,6413,2010,0.276432306
Simplicity2,WINDPOWER,6414,2010,0.267374401
Simplicity2,WINDPOWER,6415,2010,0.264850939
Simplicity2,WINDPOWER,6416,2010,0.266150792
Simplicity2,WINDPOWER,6417,2010,0.269801036
Simplicity2,WINDPOWER,6418,2010,0.269837917
Simplicity2,WINDPOWER,6419,2010,0.270310481
Simplicity2,WINDPOWER,6420,2010,0.272951216
Simplicity2,WINDPOWER,6421,2010,0.270485183
Simplicity2,WINDPOWER,6422,2010,0.275749186
Simplicity2,WINDPOWER,6423,2010,0.280608013
Simplicity2,WINDPOWER,6424,2010,0.279338195
Simplicity2,WINDPOWER,6425,2010,0.285933115
Simplicity2,WINDPOWER,6426,2010,0.289766867
Simplicity2,WINDPOWER,6427,2010,0.280599386
Simplicity2,WINDPOWER,6428,2010,0.277034303
Simplicity2,WINDPOWER,6429,2010,0.294165199
Simplicity2,WINDPOWER,6430,2010,0.297582121
Simplicity2,WINDPOWER,6431,2010,0.293665265
Simplicity2,WINDPOWER,6432,2010,0.296212042
Simplicity2,WINDPOWER,6433,2010,0.302373435
Simplicity2,WINDPOWER,6434,2010,0.289890832
Simplicity2,WINDPOWER,6435,2010,0.304124485
Simplicity2,WINDPOWER,6436,2010,0.313900487
Simplicity2,WINDPOWER,6437,2010,0.318236871
Simplicity2,WINDPOWER,6438,2010,0.308429963
Simplicity2,WINDPOWER,6439,2010,0.304349197
Simplicity2,WINDPOWER,6440,2010,0.310993628
Simplicity2,WINDPOWER,6441,2010,0.329416256
Simplicity2,WINDPOWER,6442,2010,0.321586064
Simplicity2,WINDPOWER,6443,2010,0.328803601
Simplicity2,WINDPOWER,6444,2010,0.316885922
Simplicity2,WINDPOWER,6445,2010,0.319960967
Simplicity2,WINDPOWER,6446,2010,0.312700583
Simplicity2,WINDPOWER,6447,2010,0.304279952
Simplicity2,WINDPOWER,6448,2010,0.312264735
Simplicity2,WINDPOWER,6449,2010,0.320108427
Simplicity2,WINDPOWER,6450,2010,0.323539552
Simplicity2,WINDPOWER,6451,2010,0.3250498
Simplicity2,WINDPOWER,6452,2010,0.313318764
Simplicity2,WINDPOWER,6453,2010,0.324443121
Simplicity2,WINDPOWER,6454,2010,0.323338699
Simplicity2,WINDPOWER,6455,2010,0.332922024
Simplicity2,WINDPOWER,6456,2010,0.328398106
Simplicity2,WINDPOWER,6457,2010,0.330172512
Simplicity2,WINDPOWER,6458,2010,0.326544135
Simplicity2,WINDPOWER,6459,2010,0.326801242
Simplicity2,WINDPOWER,6460,2010,0.34116674
Simplicity2,WINDPOWER,6461,2010,0.344419796
Simplicity2,WINDPOWER,6462,2010,0.344732454
Simplicity2,WINDPOWER,6463,2010,0.34585269
Simplicity2,WINDPOWER,6464,2010,0.349692452
Simplicity2,WINDPOWER,6465,2010,0.348542636
Simplicity2,WINDPOWER,6466,2010,0.367040821
Simplicity2,WINDPOWER,6467,2010,0.363407544
Simplicity2,WINDPOWER,6468,2010,0.361478252
Simplicity2,WINDPOWER,6469,2010,0.369977899
Simplicity2,WINDPOWER,6470,2010,0.355345126
Simplicity2,WINDPOWER,6471,2010,0.377544012
Simplicity2,WINDPOWER,6472,2010,0.370287217
Simplicity2,WINDPOWER,6473,2010,0.362605932
Simplicity2,WINDPOWER,6474,2010,0.358642869
Simplicity2,WINDPOWER,6475,2010,0.365384407
Simplicity2,WINDPOWER,6476,2010,0.38696242
Simplicity2,WINDPOWER,6477,2010,0.380655943
Simplicity2,WINDPOWER,6478,2010,0.386472194
Simplicity2,WINDPOWER,6479,2010,0.37712739
Simplicity2,WINDPOWER,6480,2010,0.377238404
Simplicity2,WINDPOWER,6481,2010,0.366507564
Simplicity2,WINDPOWER,6482,2010,0.381422448
Simplicity2,WINDPOWER,6483,2010,0.371782943
Simplicity2,WINDPOWER,6484,2010,0.387127543
Simplicity2,WINDPOWER,6485,2010,0.395194408
Simplicity2,WINDPOWER,6486,2010,0.410413915
Simplicity2,WINDPOWER,6487,2010,0.409905935
Simplicity2,WINDPOWER,6488,2010,0.4150925
Simplicity2,WINDPOWER,6489,2010,0.414916712
Simplicity2,WINDPOWER,6490,2010,0.425935011
Simplicity2,WINDPOWER,6491,2010,0.407420428
Simplicity2,WINDPOWER,6492,2010,0.416996401
Simplicity2,WINDPOWER,6493,2010,0.415430623
Simplicity2,WINDPOWER,6494,2010,0.397452857
Simplicity2,WINDPOWER,6495,2010,0.393841099
Simplicity2,WINDPOWER,6496,2010,0.374501671
Simplicity2,WINDPOWER,6497,2010,0.358985841
Simplicity2,WINDPOWER,6498,2010,0.352747242
Simplicity2,WINDPOWER,6499,2010,0.34954714
Simplicity2,WINDPOWER,6500,2010,0.345711433
Simplicity2,WINDPOWER,6501,2010,0.333852071
Simplicity2,WINDPOWER,6502,2010,0.34127524
Simplicity2,WINDPOWER,6503,2010,0.335596213
Simplicity2,WINDPOWER,6504,2010,0.33019478
Simplicity2,WINDPOWER,6505,2010,0.330232099
Simplicity2,WINDPOWER,6506,2010,0.331743296
Simplicity2,WINDPOWER,6507,2010,0.341723265
Simplicity2,WINDPOWER,6508,2010,0.343104756
Simplicity2,WINDPOWER,6509,2010,0.334004923
Simplicity2,WINDPOWER,6510,2010,0.330933635
Simplicity2,WINDPOWER,6511,2010,0.343883045
Simplicity2,WINDPOWER,6512,2010,0.352866098
Simplicity2,WINDPOWER,6513,2010,0.355518208
Simplicity2,WINDPOWER,6514,2010,0.363052307
Simplicity2,WINDPOWER,6515,2010,0.359923288
Simplicity2,WINDPOWER,6516,2010,0.352044724
Simplicity2,WINDPOWER,6517,2010,0.346021749
Simplicity2,WINDPOWER,6518,2010,0.347428984
Simplicity2,WINDPOWER,6519,2010,0.34238173
Simplicity2,WINDPOWER,6520,2010,0.342176112
Simplicity2,WINDPOWER,6521,2010,0.332748227
Simplicity2,WINDPOWER,6522,2010,0.324085282
Simplicity2,WINDPOWER,6523,2010,0.330396421
Simplicity2,WINDPOWER,6524,2010,0.336253132
Simplicity2,WINDPOWER,6525,2010,0.339229145
Simplicity2,WINDPOWER,6526,2010,0.337952324
Simplicity2,WINDPOWER,6527,2010,0.34662295
Simplicity2,WINDPOWER,6528,2010,0.348836401
Simplicity2,WINDPOWER,6529,2010,0.351659615
Simplicity2,WINDPOWER,6530,2010,0.364470251
Simplicity2,WINDPOWER,6531,2010,0.36793983
Simplicity2,WINDPOWER,6532,2010,0.366869409
Simplicity2,WINDPOWER,6533,2010,0.371341838
Simplicity2,WINDPOWER,6534,2010,0.361106225
Simplicity2,WINDPOWER,6535,2010,0.377377271
Simplicity2,WINDPOWER,6536,2010,0.387925418
Simplicity2,WINDPOWER,6537,2010,0.383456206
Simplicity2,WINDPOWER,6538,2010,0.397349076
Simplicity2,WINDPOWER,6539,2010,0.400920055
Simplicity2,WINDPOWER,6540,2010,0.419608327
Simplicity2,WINDPOWER,6541,2010,0.419055831
Simplicity2,WINDPOWER,6542,2010,0.408388542
Simplicity2,WINDPOWER,6543,2010,0.415196294
Simplicity2,WINDPOWER,6544,2010,0.409181538
Simplicity2,WINDPOWER,6545,2010,0.432806275
Simplicity2,WINDPOWER,6546,2010,0.275993304
Simplicity2,WINDPOWER,6547,2010,0.278053998
Simplicity2,WINDPOWER,6548,2010,0.281117782
Simplicity2,WINDPOWER,6549,2010,0.274650457
Simplicity2,WINDPOWER,6550,2010,0.288255382
Simplicity2,WINDPOWER,6551,2010,0.290001687
Simplicity2,WINDPOWER,6552,2010,0.290984405
Simplicity2,WINDPOWER,6553,2010,0.299769388
Simplicity2,WINDPOWER,6554,2010,0.290918758
Simplicity2,WINDPOWER,6555,2010,0.302273689
Simplicity2,WINDPOWER,6556,2010,0.305632486
Simplicity2,WINDPOWER,6557,2010,0.285487825
Simplicity2,WINDPOWER,6558,2010,0.286911848
Simplicity2,WINDPOWER,6559,2010,0.299506832
Simplicity2,WINDPOWER,6560,2010,0.298857042
Simplicity2,WINDPOWER,6561,2010,0.291092712
Simplicity2,WINDPOWER,6562,2010,0.290859625
Simplicity2,WINDPOWER,6563,2010,0.283736997
Simplicity2,WINDPOWER,6564,2010,0.288259414
Simplicity2,WINDPOWER,6565,2010,0.306956234
Simplicity2,WINDPOWER,6566,2010,0.308692265
Simplicity2,WINDPOWER,6567,2010,0.299542537
Simplicity2,WINDPOWER,6568,2010,0.296041568
Simplicity2,WINDPOWER,6569,2010,0.297905159
Simplicity2,WINDPOWER,6570,2010,0.301142086
Simplicity2,WINDPOWER,6571,2010,0.294352599
Simplicity2,WINDPOWER,6572,2010,0.292901646
Simplicity2,WINDPOWER,6573,2010,0.280056698
Simplicity2,WINDPOWER,6574,2010,0.290804894
Simplicity2,WINDPOWER,6575,2010,0.293751781
Simplicity2,WINDPOWER,6576,2010,0.302029523
Simplicity2,WINDPOWER,6577,2010,0.288803205
Simplicity2,WINDPOWER,6578,2010,0.30921801
Simplicity2,WINDPOWER,6579,2010,0.309907835
Simplicity2,WINDPOWER,6580,2010,0.306232154
Simplicity2,WINDPOWER,6581,2010,0.320022817
Simplicity2,WINDPOWER,6582,2010,0.333426313
Simplicity2,WINDPOWER,6583,2010,0.330176499
Simplicity2,WINDPOWER,6584,2010,0.336653134
Simplicity2,WINDPOWER,6585,2010,0.329135234
Simplicity2,WINDPOWER,6586,2010,0.353150104
Simplicity2,WINDPOWER,6587,2010,0.328070819
Simplicity2,WINDPOWER,6588,2010,0.318940105
Simplicity2,WINDPOWER,6589,2010,0.312731862
Simplicity2,WINDPOWER,6590,2010,0.315838927
Simplicity2,WINDPOWER,6591,2010,0.313608611
Simplicity2,WINDPOWER,6592,2010,0.314704071
Simplicity2,WINDPOWER,6593,2010,0.317806707
Simplicity2,WINDPOWER,6594,2010,0.29680513
Simplicity2,WINDPOWER,6595,2010,0.2954842
Simplicity2,WINDPOWER,6596,2010,0.295759406
Simplicity2,WINDPOWER,6597,2010,0.300722123
Simplicity2,WINDPOWER,6598,2010,0.292709958
Simplicity2,WINDPOWER,6599,2010,0.29026494
Simplicity2,WINDPOWER,6600,2010,0.285201897
Simplicity2,WINDPOWER,6601,2010,0.26495279
Simplicity2,WINDPOWER,6602,2010,0.255267245
Simplicity2,WINDPOWER,6603,2010,0.243967934
Simplicity2,WINDPOWER,6604,2010,0.248121669
Simplicity2,WINDPOWER,6605,2010,0.24589395
Simplicity2,WINDPOWER,6606,2010,0.246512604
Simplicity2,WINDPOWER,6607,2010,0.268469218
Simplicity2,WINDPOWER,6608,2010,0.236518727
Simplicity2,WINDPOWER,6609,2010,0.21122813
Simplicity2,WINDPOWER,6610,2010,0.197649274
Simplicity2,WINDPOWER,6611,2010,0.197471461
Simplicity2,WINDPOWER,6612,2010,0.196300204
Simplicity2,WINDPOWER,6613,2010,0.181693698
Simplicity2,WINDPOWER,6614,2010,0.176836717
Simplicity2,WINDPOWER,6615,2010,0.177279898
Simplicity2,WINDPOWER,6616,2010,0.178293945
Simplicity2,WINDPOWER,6617,2010,0.177381542
Simplicity2,WINDPOWER,6618,2010,0.181133048
Simplicity2,WINDPOWER,6619,2010,0.180455244
Simplicity2,WINDPOWER,6620,2010,0.18015329
Simplicity2,WINDPOWER,6621,2010,0.180828165
Simplicity2,WINDPOWER,6622,2010,0.180701365
Simplicity2,WINDPOWER,6623,2010,0.180208934
Simplicity2,WINDPOWER,6624,2010,0.190278562
Simplicity2,WINDPOWER,6625,2010,0.192376404
Simplicity2,WINDPOWER,6626,2010,0.195236795
Simplicity2,WINDPOWER,6627,2010,0.196979013
Simplicity2,WINDPOWER,6628,2010,0.198761384
Simplicity2,WINDPOWER,6629,2010,0.203950908
Simplicity2,WINDPOWER,6630,2010,0.196675976
Simplicity2,WINDPOWER,6631,2010,0.193364436
Simplicity2,WINDPOWER,6632,2010,0.197092186
Simplicity2,WINDPOWER,6633,2010,0.204674953
Simplicity2,WINDPOWER,6634,2010,0.206336017
Simplicity2,WINDPOWER,6635,2010,0.200584695
Simplicity2,WINDPOWER,6636,2010,0.198489281
Simplicity2,WINDPOWER,6637,2010,0.193693361
Simplicity2,WINDPOWER,6638,2010,0.196626569
Simplicity2,WINDPOWER,6639,2010,0.201847247
Simplicity2,WINDPOWER,6640,2010,0.209379711
Simplicity2,WINDPOWER,6641,2010,0.205798038
Simplicity2,WINDPOWER,6642,2010,0.208466164
Simplicity2,WINDPOWER,6643,2010,0.205289062
Simplicity2,WINDPOWER,6644,2010,0.20417863
Simplicity2,WINDPOWER,6645,2010,0.20569997
Simplicity2,WINDPOWER,6646,2010,0.212547567
Simplicity2,WINDPOWER,6647,2010,0.2115732
Simplicity2,WINDPOWER,6648,2010,0.201711761
Simplicity2,WINDPOWER,6649,2010,0.204619896
Simplicity2,WINDPOWER,6650,2010,0.210687926
Simplicity2,WINDPOWER,6651,2010,0.214180959
Simplicity2,WINDPOWER,6652,2010,0.223993278
Simplicity2,WINDPOWER,6653,2010,0.22001795
Simplicity2,WINDPOWER,6654,2010,0.215176307
Simplicity2,WINDPOWER,6655,2010,0.216909348
Simplicity2,WINDPOWER,6656,2010,0.209140776
Simplicity2,WINDPOWER,6657,2010,0.213935962
Simplicity2,WINDPOWER,6658,2010,0.204884209
Simplicity2,WINDPOWER,6659,2010,0.203021638
Simplicity2,WINDPOWER,6660,2010,0.199972688
Simplicity2,WINDPOWER,6661,2010,0.214661896
Simplicity2,WINDPOWER,6662,2010,0.215101613
Simplicity2,WINDPOWER,6663,2010,0.210961876
Simplicity2,WINDPOWER,6664,2010,0.206078939
Simplicity2,WINDPOWER,6665,2010,0.212822827
Simplicity2,WINDPOWER,6666,2010,0.207212621
Simplicity2,WINDPOWER,6667,2010,0.227100965
Simplicity2,WINDPOWER,6668,2010,0.219068072
Simplicity2,WINDPOWER,6669,2010,0.224500808
Simplicity2,WINDPOWER,6670,2010,0.224179558
Simplicity2,WINDPOWER,6671,2010,0.244241899
Simplicity2,WINDPOWER,6672,2010,0.23931578
Simplicity2,WINDPOWER,6673,2010,0.233894571
Simplicity2,WINDPOWER,6674,2010,0.241504484
Simplicity2,WINDPOWER,6675,2010,0.24045847
Simplicity2,WINDPOWER,6676,2010,0.246526178
Simplicity2,WINDPOWER,6677,2010,0.253175375
Simplicity2,WINDPOWER,6678,2010,0.255670664
Simplicity2,WINDPOWER,6679,2010,0.264830106
Simplicity2,WINDPOWER,6680,2010,0.2617373
Simplicity2,WINDPOWER,6681,2010,0.257824106
Simplicity2,WINDPOWER,6682,2010,0.287264495
Simplicity2,WINDPOWER,6683,2010,0.273782087
Simplicity2,WINDPOWER,6684,2010,0.262276455
Simplicity2,WINDPOWER,6685,2010,0.251895655
Simplicity2,WINDPOWER,6686,2010,0.267244936
Simplicity2,WINDPOWER,6687,2010,0.263672075
Simplicity2,WINDPOWER,6688,2010,0.264992142
Simplicity2,WINDPOWER,6689,2010,0.251270446
Simplicity2,WINDPOWER,6690,2010,0.25494215
Simplicity2,WINDPOWER,6691,2010,0.245217758
Simplicity2,WINDPOWER,6692,2010,0.252694924
Simplicity2,WINDPOWER,6693,2010,0.269356614
Simplicity2,WINDPOWER,6694,2010,0.261040535
Simplicity2,WINDPOWER,6695,2010,0.262774799
Simplicity2,WINDPOWER,6696,2010,0.258575206
Simplicity2,WINDPOWER,6697,2010,0.259455713
Simplicity2,WINDPOWER,6698,2010,0.254845876
Simplicity2,WINDPOWER,6699,2010,0.261071934
Simplicity2,WINDPOWER,6700,2010,0.282366161
Simplicity2,WINDPOWER,6701,2010,0.266156683
Simplicity2,WINDPOWER,6702,2010,0.264118815
Simplicity2,WINDPOWER,6703,2010,0.255568605
Simplicity2,WINDPOWER,6704,2010,0.235903509
Simplicity2,WINDPOWER,6705,2010,0.246066299
Simplicity2,WINDPOWER,6706,2010,0.243048273
Simplicity2,WINDPOWER,6707,2010,0.241740605
Simplicity2,WINDPOWER,6708,2010,0.243654453
Simplicity2,WINDPOWER,6709,2010,0.239706079
Simplicity2,WINDPOWER,6710,2010,0.236739328
Simplicity2,WINDPOWER,6711,2010,0.239179031
Simplicity2,WINDPOWER,6712,2010,0.239353938
Simplicity2,WINDPOWER,6713,2010,0.232075244
Simplicity2,WINDPOWER,6714,2010,0.239384995
Simplicity2,WINDPOWER,6715,2010,0.240867342
Simplicity2,WINDPOWER,6716,2010,0.23321274
Simplicity2,WINDPOWER,6717,2010,0.224502253
Simplicity2,WINDPOWER,6718,2010,0.230334079
Simplicity2,WINDPOWER,6719,2010,0.233881497
Simplicity2,WINDPOWER,6720,2010,0.239818453
Simplicity2,WINDPOWER,6721,2010,0.245991302
Simplicity2,WINDPOWER,6722,2010,0.226057983
Simplicity2,WINDPOWER,6723,2010,0.222068842
Simplicity2,WINDPOWER,6724,2010,0.219552132
Simplicity2,WINDPOWER,6725,2010,0.213495307
Simplicity2,WINDPOWER,6726,2010,0.209155095
Simplicity2,WINDPOWER,6727,2010,0.210963014
Simplicity2,WINDPOWER,6728,2010,0.225129478
Simplicity2,WINDPOWER,6729,2010,0.231501376
Simplicity2,WINDPOWER,6730,2010,0.229713927
Simplicity2,WINDPOWER,6731,2010,0.227305639
Simplicity2,WINDPOWER,6732,2010,0.227369939
Simplicity2,WINDPOWER,6733,2010,0.215944063
Simplicity2,WINDPOWER,6734,2010,0.218112298
Simplicity2,WINDPOWER,6735,2010,0.233169323
Simplicity2,WINDPOWER,6736,2010,0.233834238
Simplicity2,WINDPOWER,6737,2010,0.238496662
Simplicity2,WINDPOWER,6738,2010,0.230540166
Simplicity2,WINDPOWER,6739,2010,0.223623111
Simplicity2,WINDPOWER,6740,2010,0.22837531
Simplicity2,WINDPOWER,6741,2010,0.224734518
Simplicity2,WINDPOWER,6742,2010,0.223584544
Simplicity2,WINDPOWER,6743,2010,0.221666955
Simplicity2,WINDPOWER,6744,2010,0.235669883
Simplicity2,WINDPOWER,6745,2010,0.221736053
Simplicity2,WINDPOWER,6746,2010,0.218433165
Simplicity2,WINDPOWER,6747,2010,0.236686823
Simplicity2,WINDPOWER,6748,2010,0.211846376
Simplicity2,WINDPOWER,6749,2010,0.21820554
Simplicity2,WINDPOWER,6750,2010,0.228343168
Simplicity2,WINDPOWER,6751,2010,0.216576436
Simplicity2,WINDPOWER,6752,2010,0.231908886
Simplicity2,WINDPOWER,6753,2010,0.219968435
Simplicity2,WINDPOWER,6754,2010,0.224570238
Simplicity2,WINDPOWER,6755,2010,0.220440694
Simplicity2,WINDPOWER,6756,2010,0.217584989
Simplicity2,WINDPOWER,6757,2010,0.211747563
Simplicity2,WINDPOWER,6758,2010,0.20886855
Simplicity2,WINDPOWER,6759,2010,0.223391291
Simplicity2,WINDPOWER,6760,2010,0.216312052
Simplicity2,WINDPOWER,6761,2010,0.211852837
Simplicity2,WINDPOWER,6762,2010,0.203571324
Simplicity2,WINDPOWER,6763,2010,0.194587222
Simplicity2,WINDPOWER,6764,2010,0.19493795
Simplicity2,WINDPOWER,6765,2010,0.200164452
Simplicity2,WINDPOWER,6766,2010,0.209967804
Simplicity2,WINDPOWER,6767,2010,0.219567316
Simplicity2,WINDPOWER,6768,2010,0.215703904
Simplicity2,WINDPOWER,6769,2010,0.22085868
Simplicity2,WINDPOWER,6770,2010,0.21446061
Simplicity2,WINDPOWER,6771,2010,0.217876895
Simplicity2,WINDPOWER,6772,2010,0.226003141
Simplicity2,WINDPOWER,6773,2010,0.216514604
Simplicity2,WINDPOWER,6774,2010,0.219776982
Simplicity2,WINDPOWER,6775,2010,0.226962016
Simplicity2,WINDPOWER,6776,2010,0.227472283
Simplicity2,WINDPOWER,6777,2010,0.226751103
Simplicity2,WINDPOWER,6778,2010,0.234947377
Simplicity2,WINDPOWER,6779,2010,0.231693449
Simplicity2,WINDPOWER,6780,2010,0.219407133
Simplicity2,WINDPOWER,6781,2010,0.221377729
Simplicity2,WINDPOWER,6782,2010,0.220255191
Simplicity2,WINDPOWER,6783,2010,0.22930653
Simplicity2,WINDPOWER,6784,2010,0.226434854
Simplicity2,WINDPOWER,6785,2010,0.227127833
Simplicity2,WINDPOWER,6786,2010,0.22951507
Simplicity2,WINDPOWER,6787,2010,0.230698496
Simplicity2,WINDPOWER,6788,2010,0.231717918
Simplicity2,WINDPOWER,6789,2010,0.231593794
Simplicity2,WINDPOWER,6790,2010,0.239568749
Simplicity2,WINDPOWER,6791,2010,0.237723556
Simplicity2,WINDPOWER,6792,2010,0.238335233
Simplicity2,WINDPOWER,6793,2010,0.234412143
Simplicity2,WINDPOWER,6794,2010,0.235639837
Simplicity2,WINDPOWER,6795,2010,0.239281684
Simplicity2,WINDPOWER,6796,2010,0.242041283
Simplicity2,WINDPOWER,6797,2010,0.245420826
Simplicity2,WINDPOWER,6798,2010,0.247777792
Simplicity2,WINDPOWER,6799,2010,0.243212969
Simplicity2,WINDPOWER,6800,2010,0.241812098
Simplicity2,WINDPOWER,6801,2010,0.240341698
Simplicity2,WINDPOWER,6802,2010,0.238018445
Simplicity2,WINDPOWER,6803,2010,0.239956655
Simplicity2,WINDPOWER,6804,2010,0.238014004
Simplicity2,WINDPOWER,6805,2010,0.238823119
Simplicity2,WINDPOWER,6806,2010,0.238921499
Simplicity2,WINDPOWER,6807,2010,0.237793383
Simplicity2,WINDPOWER,6808,2010,0.228683667
Simplicity2,WINDPOWER,6809,2010,0.227572051
Simplicity2,WINDPOWER,6810,2010,0.224334729
Simplicity2,WINDPOWER,6811,2010,0.222786225
Simplicity2,WINDPOWER,6812,2010,0.221236622
Simplicity2,WINDPOWER,6813,2010,0.221607918
Simplicity2,WINDPOWER,6814,2010,0.218528748
Simplicity2,WINDPOWER,6815,2010,0.216049424
Simplicity2,WINDPOWER,6816,2010,0.209017533
Simplicity2,WINDPOWER,6817,2010,0.206772961
Simplicity2,WINDPOWER,6818,2010,0.200975831
Simplicity2,WINDPOWER,6819,2010,0.199003062
Simplicity2,WINDPOWER,6820,2010,0.194967254
Simplicity2,WINDPOWER,6821,2010,0.195734784
Simplicity2,WINDPOWER,6822,2010,0.194490589
Simplicity2,WINDPOWER,6823,2010,0.189293681
Simplicity2,WINDPOWER,6824,2010,0.187402488
Simplicity2,WINDPOWER,6825,2010,0.18510579
Simplicity2,WINDPOWER,6826,2010,0.180116606
Simplicity2,WINDPOWER,6827,2010,0.177811008
Simplicity2,WINDPOWER,6828,2010,0.180359146
Simplicity2,WINDPOWER,6829,2010,0.179313131
Simplicity2,WINDPOWER,6830,2010,0.176278733
Simplicity2,WINDPOWER,6831,2010,0.175721831
Simplicity2,WINDPOWER,6832,2010,0.175840998
Simplicity2,WINDPOWER,6833,2010,0.173892647
Simplicity2,WINDPOWER,6834,2010,0.172678008
Simplicity2,WINDPOWER,6835,2010,0.172052194
Simplicity2,WINDPOWER,6836,2010,0.172984985
Simplicity2,WINDPOWER,6837,2010,0.172797726
Simplicity2,WINDPOWER,6838,2010,0.172561399
Simplicity2,WINDPOWER,6839,2010,0.172100092
Simplicity2,WINDPOWER,6840,2010,0.172648519
Simplicity2,WINDPOWER,6841,2010,0.171471106
Simplicity2,WINDPOWER,6842,2010,0.169051526
Simplicity2,WINDPOWER,6843,2010,0.170004736
Simplicity2,WINDPOWER,6844,2010,0.172233979
Simplicity2,WINDPOWER,6845,2010,0.170566346
Simplicity2,WINDPOWER,6846,2010,0.170139392
Simplicity2,WINDPOWER,6847,2010,0.171060547
Simplicity2,WINDPOWER,6848,2010,0.171178606
Simplicity2,WINDPOWER,6849,2010,0.170105454
Simplicity2,WINDPOWER,6850,2010,0.169155237
Simplicity2,WINDPOWER,6851,2010,0.168872507
Simplicity2,WINDPOWER,6852,2010,0.170740144
Simplicity2,WINDPOWER,6853,2010,0.171311575
Simplicity2,WINDPOWER,6854,2010,0.172113604
Simplicity2,WINDPOWER,6855,2010,0.174037473
Simplicity2,WINDPOWER,6856,2010,0.172504726
Simplicity2,WINDPOWER,6857,2010,0.17174337
Simplicity2,WINDPOWER,6858,2010,0.17072382
Simplicity2,WINDPOWER,6859,2010,0.171240504
Simplicity2,WINDPOWER,6860,2010,0.171008761
Simplicity2,WINDPOWER,6861,2010,0.171798361
Simplicity2,WINDPOWER,6862,2010,0.170940185
Simplicity2,WINDPOWER,6863,2010,0.17123032
Simplicity2,WINDPOWER,6864,2010,0.171532533
Simplicity2,WINDPOWER,6865,2010,0.1717944
Simplicity2,WINDPOWER,6866,2010,0.173682877
Simplicity2,WINDPOWER,6867,2010,0.17478067
Simplicity2,WINDPOWER,6868,2010,0.175167792
Simplicity2,WINDPOWER,6869,2010,0.174428066
Simplicity2,WINDPOWER,6870,2010,0.174508903
Simplicity2,WINDPOWER,6871,2010,0.175039438
Simplicity2,WINDPOWER,6872,2010,0.177105694
Simplicity2,WINDPOWER,6873,2010,0.175728039
Simplicity2,WINDPOWER,6874,2010,0.174786225
Simplicity2,WINDPOWER,6875,2010,0.174212671
Simplicity2,WINDPOWER,6876,2010,0.175379234
Simplicity2,WINDPOWER,6877,2010,0.174969193
Simplicity2,WINDPOWER,6878,2010,0.176401016
Simplicity2,WINDPOWER,6879,2010,0.176689769
Simplicity2,WINDPOWER,6880,2010,0.174879593
Simplicity2,WINDPOWER,6881,2010,0.176703968
Simplicity2,WINDPOWER,6882,2010,0.174811014
Simplicity2,WINDPOWER,6883,2010,0.174535959
Simplicity2,WINDPOWER,6884,2010,0.177030867
Simplicity2,WINDPOWER,6885,2010,0.177208521
Simplicity2,WINDPOWER,6886,2010,0.1797536
Simplicity2,WINDPOWER,6887,2010,0.182239744
Simplicity2,WINDPOWER,6888,2010,0.180084795
Simplicity2,WINDPOWER,6889,2010,0.181909856
Simplicity2,WINDPOWER,6890,2010,0.181565587
Simplicity2,WINDPOWER,6891,2010,0.180670236
Simplicity2,WINDPOWER,6892,2010,0.180268509
Simplicity2,WINDPOWER,6893,2010,0.182563791
Simplicity2,WINDPOWER,6894,2010,0.183667328
Simplicity2,WINDPOWER,6895,2010,0.184754224
Simplicity2,WINDPOWER,6896,2010,0.191185697
Simplicity2,WINDPOWER,6897,2010,0.189508952
Simplicity2,WINDPOWER,6898,2010,0.186083012
Simplicity2,WINDPOWER,6899,2010,0.189146041
Simplicity2,WINDPOWER,6900,2010,0.187590004
Simplicity2,WINDPOWER,6901,2010,0.189722016
Simplicity2,WINDPOWER,6902,2010,0.193179414
Simplicity2,WINDPOWER,6903,2010,0.192313326
Simplicity2,WINDPOWER,6904,2010,0.196558413
Simplicity2,WINDPOWER,6905,2010,0.195668753
Simplicity2,WINDPOWER,6906,2010,0.193662941
Simplicity2,WINDPOWER,6907,2010,0.197636616
Simplicity2,WINDPOWER,6908,2010,0.198489478
Simplicity2,WINDPOWER,6909,2010,0.196856918
Simplicity2,WINDPOWER,6910,2010,0.196042125
Simplicity2,WINDPOWER,6911,2010,0.196593578
Simplicity2,WINDPOWER,6912,2010,0.194344014
Simplicity2,WINDPOWER,6913,2010,0.192805896
Simplicity2,WINDPOWER,6914,2010,0.192731062
Simplicity2,WINDPOWER,6915,2010,0.192054743
Simplicity2,WINDPOWER,6916,2010,0.192935046
Simplicity2,WINDPOWER,6917,2010,0.194952088
Simplicity2,WINDPOWER,6918,2010,0.194048456
Simplicity2,WINDPOWER,6919,2010,0.191677578
Simplicity2,WINDPOWER,6920,2010,0.191578908
Simplicity2,WINDPOWER,6921,2010,0.189121204
Simplicity2,WINDPOWER,6922,2010,0.188241882
Simplicity2,WINDPOWER,6923,2010,0.188211604
Simplicity2,WINDPOWER,6924,2010,0.187466215
Simplicity2,WINDPOWER,6925,2010,0.189249657
Simplicity2,WINDPOWER,6926,2010,0.191649966
Simplicity2,WINDPOWER,6927,2010,0.189252938
Simplicity2,WINDPOWER,6928,2010,0.1872638
Simplicity2,WINDPOWER,6929,2010,0.185786561
Simplicity2,WINDPOWER,6930,2010,0.18837171
Simplicity2,WINDPOWER,6931,2010,0.189129451
Simplicity2,WINDPOWER,6932,2010,0.187946093
Simplicity2,WINDPOWER,6933,2010,0.188672253
Simplicity2,WINDPOWER,6934,2010,0.186585285
Simplicity2,WINDPOWER,6935,2010,0.185489392
Simplicity2,WINDPOWER,6936,2010,0.187096303
Simplicity2,WINDPOWER,6937,2010,0.189721319
Simplicity2,WINDPOWER,6938,2010,0.190764536
Simplicity2,WINDPOWER,6939,2010,0.19283944
Simplicity2,WINDPOWER,6940,2010,0.194335037
Simplicity2,WINDPOWER,6941,2010,0.194104148
Simplicity2,WINDPOWER,6942,2010,0.192950367
Simplicity2,WINDPOWER,6943,2010,0.194814013
Simplicity2,WINDPOWER,6944,2010,0.194855115
Simplicity2,WINDPOWER,6945,2010,0.195886324
Simplicity2,WINDPOWER,6946,2010,0.193412532
Simplicity2,WINDPOWER,6947,2010,0.192950786
Simplicity2,WINDPOWER,6948,2010,0.193971892
Simplicity2,WINDPOWER,6949,2010,0.193544381
Simplicity2,WINDPOWER,6950,2010,0.194746204
Simplicity2,WINDPOWER,6951,2010,0.191920773
Simplicity2,WINDPOWER,6952,2010,0.190095665
Simplicity2,WINDPOWER,6953,2010,0.190896682
Simplicity2,WINDPOWER,6954,2010,0.189313083
Simplicity2,WINDPOWER,6955,2010,0.188257057
Simplicity2,WINDPOWER,6956,2010,0.187145346
Simplicity2,WINDPOWER,6957,2010,0.187683062
Simplicity2,WINDPOWER,6958,2010,0.188339847
Simplicity2,WINDPOWER,6959,2010,0.187116183
Simplicity2,WINDPOWER,6960,2010,0.18694437
Simplicity2,WINDPOWER,6961,2010,0.187319695
Simplicity2,WINDPOWER,6962,2010,0.186995325
Simplicity2,WINDPOWER,6963,2010,0.188051893
Simplicity2,WINDPOWER,6964,2010,0.188681042
Simplicity2,WINDPOWER,6965,2010,0.188064079
Simplicity2,WINDPOWER,6966,2010,0.187262464
Simplicity2,WINDPOWER,6967,2010,0.190018796
Simplicity2,WINDPOWER,6968,2010,0.187500531
Simplicity2,WINDPOWER,6969,2010,0.188271535
Simplicity2,WINDPOWER,6970,2010,0.189363437
Simplicity2,WINDPOWER,6971,2010,0.189367398
Simplicity2,WINDPOWER,6972,2010,0.189318668
Simplicity2,WINDPOWER,6973,2010,0.187809088
Simplicity2,WINDPOWER,6974,2010,0.188068364
Simplicity2,WINDPOWER,6975,2010,0.187224343
Simplicity2,WINDPOWER,6976,2010,0.185502951
Simplicity2,WINDPOWER,6977,2010,0.18510389
Simplicity2,WINDPOWER,6978,2010,0.184613564
Simplicity2,WINDPOWER,6979,2010,0.18372249
Simplicity2,WINDPOWER,6980,2010,0.184043458
Simplicity2,WINDPOWER,6981,2010,0.184177531
Simplicity2,WINDPOWER,6982,2010,0.187947161
Simplicity2,WINDPOWER,6983,2010,0.187011974
Simplicity2,WINDPOWER,6984,2010,0.186299005
Simplicity2,WINDPOWER,6985,2010,0.187687192
Simplicity2,WINDPOWER,6986,2010,0.188782579
Simplicity2,WINDPOWER,6987,2010,0.189238637
Simplicity2,WINDPOWER,6988,2010,0.187819355
Simplicity2,WINDPOWER,6989,2010,0.185292442
Simplicity2,WINDPOWER,6990,2010,0.181831799
Simplicity2,WINDPOWER,6991,2010,0.181800567
Simplicity2,WINDPOWER,6992,2010,0.182236371
Simplicity2,WINDPOWER,6993,2010,0.17915512
Simplicity2,WINDPOWER,6994,2010,0.179273772
Simplicity2,WINDPOWER,6995,2010,0.178539812
Simplicity2,WINDPOWER,6996,2010,0.178496843
Simplicity2,WINDPOWER,6997,2010,0.179384119
Simplicity2,WINDPOWER,6998,2010,0.179260356
Simplicity2,WINDPOWER,6999,2010,0.180520685
Simplicity2,WINDPOWER,7000,2010,0.179883248
Simplicity2,WINDPOWER,7001,2010,0.179925124
Simplicity2,WINDPOWER,7002,2010,0.179030999
Simplicity2,WINDPOWER,7003,2010,0.178831718
Simplicity2,WINDPOWER,7004,2010,0.180262027
Simplicity2,WINDPOWER,7005,2010,0.179452766
Simplicity2,WINDPOWER,7006,2010,0.179685834
Simplicity2,WINDPOWER,7007,2010,0.178883308
Simplicity2,WINDPOWER,7008,2010,0.178705345
Simplicity2,WINDPOWER,7009,2010,0.177677377
Simplicity2,WINDPOWER,7010,2010,0.177947608
Simplicity2,WINDPOWER,7011,2010,0.177945315
Simplicity2,WINDPOWER,7012,2010,0.179966383
Simplicity2,WINDPOWER,7013,2010,0.179135045
Simplicity2,WINDPOWER,7014,2010,0.179711693
Simplicity2,WINDPOWER,7015,2010,0.180309873
Simplicity2,WINDPOWER,7016,2010,0.182059407
Simplicity2,WINDPOWER,7017,2010,0.182333473
Simplicity2,WINDPOWER,7018,2010,0.182819354
Simplicity2,WINDPOWER,7019,2010,0.18222682
Simplicity2,WINDPOWER,7020,2010,0.181263004
Simplicity2,WINDPOWER,7021,2010,0.182641664
Simplicity2,WINDPOWER,7022,2010,0.183676602
Simplicity2,WINDPOWER,7023,2010,0.184235686
Simplicity2,WINDPOWER,7024,2010,0.185697298
Simplicity2,WINDPOWER,7025,2010,0.183925956
Simplicity2,WINDPOWER,7026,2010,0.182981297
Simplicity2,WINDPOWER,7027,2010,0.184040918
Simplicity2,WINDPOWER,7028,2010,0.185212935
Simplicity2,WINDPOWER,7029,2010,0.187530645
Simplicity2,WINDPOWER,7030,2010,0.187005019
Simplicity2,WINDPOWER,7031,2010,0.186368273
Simplicity2,WINDPOWER,7032,2010,0.185721762
Simplicity2,WINDPOWER,7033,2010,0.184164787
Simplicity2,WINDPOWER,7034,2010,0.184268899
Simplicity2,WINDPOWER,7035,2010,0.183995637
Simplicity2,WINDPOWER,7036,2010,0.184781438
Simplicity2,WINDPOWER,7037,2010,0.186282281
Simplicity2,WINDPOWER,7038,2010,0.185835955
Simplicity2,WINDPOWER,7039,2010,0.185295724
Simplicity2,WINDPOWER,7040,2010,0.183269624
Simplicity2,WINDPOWER,7041,2010,0.182931742
Simplicity2,WINDPOWER,7042,2010,0.180013929
Simplicity2,WINDPOWER,7043,2010,0.180439218
Simplicity2,WINDPOWER,7044,2010,0.179535609
Simplicity2,WINDPOWER,7045,2010,0.179974961
Simplicity2,WINDPOWER,7046,2010,0.183188235
Simplicity2,WINDPOWER,7047,2010,0.183961697
Simplicity2,WINDPOWER,7048,2010,0.18542039
Simplicity2,WINDPOWER,7049,2010,0.184575342
Simplicity2,WINDPOWER,7050,2010,0.183993676
Simplicity2,WINDPOWER,7051,2010,0.184492989
Simplicity2,WINDPOWER,7052,2010,0.18492523
Simplicity2,WINDPOWER,7053,2010,0.186976234
Simplicity2,WINDPOWER,7054,2010,0.188164448
Simplicity2,WINDPOWER,7055,2010,0.188833825
Simplicity2,WINDPOWER,7056,2010,0.188680474
Simplicity2,WINDPOWER,7057,2010,0.189023359
Simplicity2,WINDPOWER,7058,2010,0.189006231
Simplicity2,WINDPOWER,7059,2010,0.192243547
Simplicity2,WINDPOWER,7060,2010,0.195947647
Simplicity2,WINDPOWER,7061,2010,0.198437275
Simplicity2,WINDPOWER,7062,2010,0.204365953
Simplicity2,WINDPOWER,7063,2010,0.204345809
Simplicity2,WINDPOWER,7064,2010,0.206755226
Simplicity2,WINDPOWER,7065,2010,0.211006356
Simplicity2,WINDPOWER,7066,2010,0.212996722
Simplicity2,WINDPOWER,7067,2010,0.213776026
Simplicity2,WINDPOWER,7068,2010,0.215747396
Simplicity2,WINDPOWER,7069,2010,0.217198294
Simplicity2,WINDPOWER,7070,2010,0.220886121
Simplicity2,WINDPOWER,7071,2010,0.226985189
Simplicity2,WINDPOWER,7072,2010,0.229075898
Simplicity2,WINDPOWER,7073,2010,0.230460847
Simplicity2,WINDPOWER,7074,2010,0.233765914
Simplicity2,WINDPOWER,7075,2010,0.235651161
Simplicity2,WINDPOWER,7076,2010,0.236487155
Simplicity2,WINDPOWER,7077,2010,0.239163647
Simplicity2,WINDPOWER,7078,2010,0.244020225
Simplicity2,WINDPOWER,7079,2010,0.244267405
Simplicity2,WINDPOWER,7080,2010,0.244534243
Simplicity2,WINDPOWER,7081,2010,0.246331926
Simplicity2,WINDPOWER,7082,2010,0.246950517
Simplicity2,WINDPOWER,7083,2010,0.247019201
Simplicity2,WINDPOWER,7084,2010,0.246824065
Simplicity2,WINDPOWER,7085,2010,0.245561505
Simplicity2,WINDPOWER,7086,2010,0.249563747
Simplicity2,WINDPOWER,7087,2010,0.249869307
Simplicity2,WINDPOWER,7088,2010,0.248056237
Simplicity2,WINDPOWER,7089,2010,0.245537808
Simplicity2,WINDPOWER,7090,2010,0.239785884
Simplicity2,WINDPOWER,7091,2010,0.244445087
Simplicity2,WINDPOWER,7092,2010,0.246659422
Simplicity2,WINDPOWER,7093,2010,0.242367967
Simplicity2,WINDPOWER,7094,2010,0.240944736
Simplicity2,WINDPOWER,7095,2010,0.239960999
Simplicity2,WINDPOWER,7096,2010,0.235697712
Simplicity2,WINDPOWER,7097,2010,0.236737299
Simplicity2,WINDPOWER,7098,2010,0.235961847
Simplicity2,WINDPOWER,7099,2010,0.234020804
Simplicity2,WINDPOWER,7100,2010,0.233013664
Simplicity2,WINDPOWER,7101,2010,0.231532024
Simplicity2,WINDPOWER,7102,2010,0.225431662
Simplicity2,WINDPOWER,7103,2010,0.230885941
Simplicity2,WINDPOWER,7104,2010,0.233127672
Simplicity2,WINDPOWER,7105,2010,0.227312786
Simplicity2,WINDPOWER,7106,2010,0.225239712
Simplicity2,WINDPOWER,7107,2010,0.224951014
Simplicity2,WINDPOWER,7108,2010,0.223861378
Simplicity2,WINDPOWER,7109,2010,0.223702666
Simplicity2,WINDPOWER,7110,2010,0.220964793
Simplicity2,WINDPOWER,7111,2010,0.219355965
Simplicity2,WINDPOWER,7112,2010,0.215184671
Simplicity2,WINDPOWER,7113,2010,0.216405212
Simplicity2,WINDPOWER,7114,2010,0.218656553
Simplicity2,WINDPOWER,7115,2010,0.218033655
Simplicity2,WINDPOWER,7116,2010,0.21910465
Simplicity2,WINDPOWER,7117,2010,0.214663391
Simplicity2,WINDPOWER,7118,2010,0.216904385
Simplicity2,WINDPOWER,7119,2010,0.219189835
Simplicity2,WINDPOWER,7120,2010,0.219793003
Simplicity2,WINDPOWER,7121,2010,0.221101892
Simplicity2,WINDPOWER,7122,2010,0.212070872
Simplicity2,WINDPOWER,7123,2010,0.211204027
Simplicity2,WINDPOWER,7124,2010,0.210490929
Simplicity2,WINDPOWER,7125,2010,0.210630247
Simplicity2,WINDPOWER,7126,2010,0.215132906
Simplicity2,WINDPOWER,7127,2010,0.213214401
Simplicity2,WINDPOWER,7128,2010,0.210852913
Simplicity2,WINDPOWER,7129,2010,0.21494812
Simplicity2,WINDPOWER,7130,2010,0.213340474
Simplicity2,WINDPOWER,7131,2010,0.21461287
Simplicity2,WINDPOWER,7132,2010,0.215108586
Simplicity2,WINDPOWER,7133,2010,0.213001981
Simplicity2,WINDPOWER,7134,2010,0.213417944
Simplicity2,WINDPOWER,7135,2010,0.213532237
Simplicity2,WINDPOWER,7136,2010,0.213455833
Simplicity2,WINDPOWER,7137,2010,0.211943616
Simplicity2,WINDPOWER,7138,2010,0.214770762
Simplicity2,WINDPOWER,7139,2010,0.217014562
Simplicity2,WINDPOWER,7140,2010,0.217110017
Simplicity2,WINDPOWER,7141,2010,0.218539279
Simplicity2,WINDPOWER,7142,2010,0.216460258
Simplicity2,WINDPOWER,7143,2010,0.218389254
Simplicity2,WINDPOWER,7144,2010,0.221024202
Simplicity2,WINDPOWER,7145,2010,0.220540587
Simplicity2,WINDPOWER,7146,2010,0.211563473
Simplicity2,WINDPOWER,7147,2010,0.207110405
Simplicity2,WINDPOWER,7148,2010,0.211289262
Simplicity2,WINDPOWER,7149,2010,0.210905497
Simplicity2,WINDPOWER,7150,2010,0.212855065
Simplicity2,WINDPOWER,7151,2010,0.212229298
Simplicity2,WINDPOWER,7152,2010,0.210625973
Simplicity2,WINDPOWER,7153,2010,0.208369726
Simplicity2,WINDPOWER,7154,2010,0.211449999
Simplicity2,WINDPOWER,7155,2010,0.211980548
Simplicity2,WINDPOWER,7156,2010,0.212390821
Simplicity2,WINDPOWER,7157,2010,0.21206384
Simplicity2,WINDPOWER,7158,2010,0.213958933
Simplicity2,WINDPOWER,7159,2010,0.211602378
Simplicity2,WINDPOWER,7160,2010,0.208317681
Simplicity2,WINDPOWER,7161,2010,0.207987301
Simplicity2,WINDPOWER,7162,2010,0.208966536
Simplicity2,WINDPOWER,7163,2010,0.206021253
Simplicity2,WINDPOWER,7164,2010,0.20566969
Simplicity2,WINDPOWER,7165,2010,0.206990436
Simplicity2,WINDPOWER,7166,2010,0.205079538
Simplicity2,WINDPOWER,7167,2010,0.212132914
Simplicity2,WINDPOWER,7168,2010,0.215283931
Simplicity2,WINDPOWER,7169,2010,0.203885757
Simplicity2,WINDPOWER,7170,2010,0.199686911
Simplicity2,WINDPOWER,7171,2010,0.20562506
Simplicity2,WINDPOWER,7172,2010,0.200785233
Simplicity2,WINDPOWER,7173,2010,0.199702084
Simplicity2,WINDPOWER,7174,2010,0.206524309
Simplicity2,WINDPOWER,7175,2010,0.196273395
Simplicity2,WINDPOWER,7176,2010,0.199882168
Simplicity2,WINDPOWER,7177,2010,0.203222554
Simplicity2,WINDPOWER,7178,2010,0.203151679
Simplicity2,WINDPOWER,7179,2010,0.196379261
Simplicity2,WINDPOWER,7180,2010,0.194026034
Simplicity2,WINDPOWER,7181,2010,0.194662855
Simplicity2,WINDPOWER,7182,2010,0.20437762
Simplicity2,WINDPOWER,7183,2010,0.197167611
Simplicity2,WINDPOWER,7184,2010,0.203547369
Simplicity2,WINDPOWER,7185,2010,0.195683792
Simplicity2,WINDPOWER,7186,2010,0.194098424
Simplicity2,WINDPOWER,7187,2010,0.193628352
Simplicity2,WINDPOWER,7188,2010,0.19179412
Simplicity2,WINDPOWER,7189,2010,0.193597306
Simplicity2,WINDPOWER,7190,2010,0.196419666
Simplicity2,WINDPOWER,7191,2010,0.197311134
Simplicity2,WINDPOWER,7192,2010,0.197134932
Simplicity2,WINDPOWER,7193,2010,0.195213457
Simplicity2,WINDPOWER,7194,2010,0.193362191
Simplicity2,WINDPOWER,7195,2010,0.194460156
Simplicity2,WINDPOWER,7196,2010,0.194816994
Simplicity2,WINDPOWER,7197,2010,0.196093838
Simplicity2,WINDPOWER,7198,2010,0.195132001
Simplicity2,WINDPOWER,7199,2010,0.192269077
Simplicity2,WINDPOWER,7200,2010,0.192803256
Simplicity2,WINDPOWER,7201,2010,0.194079805
Simplicity2,WINDPOWER,7202,2010,0.195060177
Simplicity2,WINDPOWER,7203,2010,0.194064421
Simplicity2,WINDPOWER,7204,2010,0.195008743
Simplicity2,WINDPOWER,7205,2010,0.194604824
Simplicity2,WINDPOWER,7206,2010,0.196421486
Simplicity2,WINDPOWER,7207,2010,0.196200834
Simplicity2,WINDPOWER,7208,2010,0.196755708
Simplicity2,WINDPOWER,7209,2010,0.195605275
Simplicity2,WINDPOWER,7210,2010,0.196047619
Simplicity2,WINDPOWER,7211,2010,0.19604283
Simplicity2,WINDPOWER,7212,2010,0.204229186
Simplicity2,WINDPOWER,7213,2010,0.19770851
Simplicity2,WINDPOWER,7214,2010,0.200637929
Simplicity2,WINDPOWER,7215,2010,0.198946882
Simplicity2,WINDPOWER,7216,2010,0.195926465
Simplicity2,WINDPOWER,7217,2010,0.194315126
Simplicity2,WINDPOWER,7218,2010,0.194508093
Simplicity2,WINDPOWER,7219,2010,0.212063818
Simplicity2,WINDPOWER,7220,2010,0.199512511
Simplicity2,WINDPOWER,7221,2010,0.198725229
Simplicity2,WINDPOWER,7222,2010,0.196596931
Simplicity2,WINDPOWER,7223,2010,0.192660922
Simplicity2,WINDPOWER,7224,2010,0.194733699
Simplicity2,WINDPOWER,7225,2010,0.195214546
Simplicity2,WINDPOWER,7226,2010,0.193317025
Simplicity2,WINDPOWER,7227,2010,0.190733834
Simplicity2,WINDPOWER,7228,2010,0.190070286
Simplicity2,WINDPOWER,7229,2010,0.186615297
Simplicity2,WINDPOWER,7230,2010,0.185008052
Simplicity2,WINDPOWER,7231,2010,0.184266675
Simplicity2,WINDPOWER,7232,2010,0.184658586
Simplicity2,WINDPOWER,7233,2010,0.183514128
Simplicity2,WINDPOWER,7234,2010,0.183861945
Simplicity2,WINDPOWER,7235,2010,0.182046352
Simplicity2,WINDPOWER,7236,2010,0.178425657
Simplicity2,WINDPOWER,7237,2010,0.180160113
Simplicity2,WINDPOWER,7238,2010,0.181127653
Simplicity2,WINDPOWER,7239,2010,0.182287645
Simplicity2,WINDPOWER,7240,2010,0.181183948
Simplicity2,WINDPOWER,7241,2010,0.179325747
Simplicity2,WINDPOWER,7242,2010,0.177237758
Simplicity2,WINDPOWER,7243,2010,0.177373947
Simplicity2,WINDPOWER,7244,2010,0.179239198
Simplicity2,WINDPOWER,7245,2010,0.179816146
Simplicity2,WINDPOWER,7246,2010,0.179312104
Simplicity2,WINDPOWER,7247,2010,0.178460844
Simplicity2,WINDPOWER,7248,2010,0.17816931
Simplicity2,WINDPOWER,7249,2010,0.178930457
Simplicity2,WINDPOWER,7250,2010,0.17908731
Simplicity2,WINDPOWER,7251,2010,0.179022663
Simplicity2,WINDPOWER,7252,2010,0.17857461
Simplicity2,WINDPOWER,7253,2010,0.177928986
Simplicity2,WINDPOWER,7254,2010,0.178953289
Simplicity2,WINDPOWER,7255,2010,0.179690438
Simplicity2,WINDPOWER,7256,2010,0.178348187
Simplicity2,WINDPOWER,7257,2010,0.179361167
Simplicity2,WINDPOWER,7258,2010,0.181524163
Simplicity2,WINDPOWER,7259,2010,0.180857892
Simplicity2,WINDPOWER,7260,2010,0.181090636
Simplicity2,WINDPOWER,7261,2010,0.180536544
Simplicity2,WINDPOWER,7262,2010,0.182394127
Simplicity2,WINDPOWER,7263,2010,0.187909154
Simplicity2,WINDPOWER,7264,2010,0.188925101
Simplicity2,WINDPOWER,7265,2010,0.184835549
Simplicity2,WINDPOWER,7266,2010,0.182711787
Simplicity2,WINDPOWER,7267,2010,0.182658282
Simplicity2,WINDPOWER,7268,2010,0.183123012
Simplicity2,WINDPOWER,7269,2010,0.183577684
Simplicity2,WINDPOWER,7270,2010,0.184636736
Simplicity2,WINDPOWER,7271,2010,0.18377495
Simplicity2,WINDPOWER,7272,2010,0.184977555
Simplicity2,WINDPOWER,7273,2010,0.185048899
Simplicity2,WINDPOWER,7274,2010,0.184684739
Simplicity2,WINDPOWER,7275,2010,0.185247774
Simplicity2,WINDPOWER,7276,2010,0.185829195
Simplicity2,WINDPOWER,7277,2010,0.185400746
Simplicity2,WINDPOWER,7278,2010,0.187917298
Simplicity2,WINDPOWER,7279,2010,0.189856606
Simplicity2,WINDPOWER,7280,2010,0.189559816
Simplicity2,WINDPOWER,7281,2010,0.188264471
Simplicity2,WINDPOWER,7282,2010,0.190499402
Simplicity2,WINDPOWER,7283,2010,0.190253509
Simplicity2,WINDPOWER,7284,2010,0.189018327
Simplicity2,WINDPOWER,7285,2010,0.191866289
Simplicity2,WINDPOWER,7286,2010,0.195312792
Simplicity2,WINDPOWER,7287,2010,0.199743745
Simplicity2,WINDPOWER,7288,2010,0.196255491
Simplicity2,WINDPOWER,7289,2010,0.192294719
Simplicity2,WINDPOWER,7290,2010,0.211871504
Simplicity2,WINDPOWER,7291,2010,0.21481533
Simplicity2,WINDPOWER,7292,2010,0.218136285
Simplicity2,WINDPOWER,7293,2010,0.225003804
Simplicity2,WINDPOWER,7294,2010,0.217340116
Simplicity2,WINDPOWER,7295,2010,0.214444821
Simplicity2,WINDPOWER,7296,2010,0.215372923
Simplicity2,WINDPOWER,7297,2010,0.217612948
Simplicity2,WINDPOWER,7298,2010,0.221988522
Simplicity2,WINDPOWER,7299,2010,0.223559526
Simplicity2,WINDPOWER,7300,2010,0.218840512
Simplicity2,WINDPOWER,7301,2010,0.21684395
Simplicity2,WINDPOWER,7302,2010,0.217449143
Simplicity2,WINDPOWER,7303,2010,0.217647078
Simplicity2,WINDPOWER,7304,2010,0.221337776
Simplicity2,WINDPOWER,7305,2010,0.222664368
Simplicity2,WINDPOWER,7306,2010,0.221413955
Simplicity2,WINDPOWER,7307,2010,0.219467833
Simplicity2,WINDPOWER,7308,2010,0.216305813
Simplicity2,WINDPOWER,7309,2010,0.220665245
Simplicity2,WINDPOWER,7310,2010,0.222787821
Simplicity2,WINDPOWER,7311,2010,0.218236539
Simplicity2,WINDPOWER,7312,2010,0.215854106
Simplicity2,WINDPOWER,7313,2010,0.212334239
Simplicity2,WINDPOWER,7314,2010,0.211895714
Simplicity2,WINDPOWER,7315,2010,0.214527181
Simplicity2,WINDPOWER,7316,2010,0.215486206
Simplicity2,WINDPOWER,7317,2010,0.215008503
Simplicity2,WINDPOWER,7318,2010,0.211255048
Simplicity2,WINDPOWER,7319,2010,0.206838671
Simplicity2,WINDPOWER,7320,2010,0.209966821
Simplicity2,WINDPOWER,7321,2010,0.21202093
Simplicity2,WINDPOWER,7322,2010,0.212214984
Simplicity2,WINDPOWER,7323,2010,0.211060842
Simplicity2,WINDPOWER,7324,2010,0.208494066
Simplicity2,WINDPOWER,7325,2010,0.206625876
Simplicity2,WINDPOWER,7326,2010,0.210061191
Simplicity2,WINDPOWER,7327,2010,0.210473288
Simplicity2,WINDPOWER,7328,2010,0.212145107
Simplicity2,WINDPOWER,7329,2010,0.212158788
Simplicity2,WINDPOWER,7330,2010,0.215038704
Simplicity2,WINDPOWER,7331,2010,0.213246825
Simplicity2,WINDPOWER,7332,2010,0.211466823
Simplicity2,WINDPOWER,7333,2010,0.211630849
Simplicity2,WINDPOWER,7334,2010,0.213040677
Simplicity2,WINDPOWER,7335,2010,0.214167182
Simplicity2,WINDPOWER,7336,2010,0.21515249
Simplicity2,WINDPOWER,7337,2010,0.211412197
Simplicity2,WINDPOWER,7338,2010,0.208544047
Simplicity2,WINDPOWER,7339,2010,0.20705516
Simplicity2,WINDPOWER,7340,2010,0.209456518
Simplicity2,WINDPOWER,7341,2010,0.210871831
Simplicity2,WINDPOWER,7342,2010,0.211394839
Simplicity2,WINDPOWER,7343,2010,0.209497623
Simplicity2,WINDPOWER,7344,2010,0.207354848
Simplicity2,WINDPOWER,7345,2010,0.205537808
Simplicity2,WINDPOWER,7346,2010,0.205963276
Simplicity2,WINDPOWER,7347,2010,0.204236262
Simplicity2,WINDPOWER,7348,2010,0.205190286
Simplicity2,WINDPOWER,7349,2010,0.207846272
Simplicity2,WINDPOWER,7350,2010,0.208052887
Simplicity2,WINDPOWER,7351,2010,0.209400793
Simplicity2,WINDPOWER,7352,2010,0.209592515
Simplicity2,WINDPOWER,7353,2010,0.207700472
Simplicity2,WINDPOWER,7354,2010,0.208891142
Simplicity2,WINDPOWER,7355,2010,0.20776817
Simplicity2,WINDPOWER,7356,2010,0.209735042
Simplicity2,WINDPOWER,7357,2010,0.207710596
Simplicity2,WINDPOWER,7358,2010,0.205787106
Simplicity2,WINDPOWER,7359,2010,0.206009219
Simplicity2,WINDPOWER,7360,2010,0.206508584
Simplicity2,WINDPOWER,7361,2010,0.205233081
Simplicity2,WINDPOWER,7362,2010,0.206537497
Simplicity2,WINDPOWER,7363,2010,0.206299282
Simplicity2,WINDPOWER,7364,2010,0.205841402
Simplicity2,WINDPOWER,7365,2010,0.205885697
Simplicity2,WINDPOWER,7366,2010,0.206192265
Simplicity2,WINDPOWER,7367,2010,0.204752947
Simplicity2,WINDPOWER,7368,2010,0.204291243
Simplicity2,WINDPOWER,7369,2010,0.206686766
Simplicity2,WINDPOWER,7370,2010,0.206583965
Simplicity2,WINDPOWER,7371,2010,0.208950479
Simplicity2,WINDPOWER,7372,2010,0.209750765
Simplicity2,WINDPOWER,7373,2010,0.210380838
Simplicity2,WINDPOWER,7374,2010,0.20907075
Simplicity2,WINDPOWER,7375,2010,0.207760609
Simplicity2,WINDPOWER,7376,2010,0.210850598
Simplicity2,WINDPOWER,7377,2010,0.210891199
Simplicity2,WINDPOWER,7378,2010,0.212651489
Simplicity2,WINDPOWER,7379,2010,0.214978129
Simplicity2,WINDPOWER,7380,2010,0.214569791
Simplicity2,WINDPOWER,7381,2010,0.216282753
Simplicity2,WINDPOWER,7382,2010,0.219888866
Simplicity2,WINDPOWER,7383,2010,0.222283271
Simplicity2,WINDPOWER,7384,2010,0.217887312
Simplicity2,WINDPOWER,7385,2010,0.213983899
Simplicity2,WINDPOWER,7386,2010,0.214750319
Simplicity2,WINDPOWER,7387,2010,0.216148142
Simplicity2,WINDPOWER,7388,2010,0.217026575
Simplicity2,WINDPOWER,7389,2010,0.214841382
Simplicity2,WINDPOWER,7390,2010,0.215151725
Simplicity2,WINDPOWER,7391,2010,0.21422913
Simplicity2,WINDPOWER,7392,2010,0.21742748
Simplicity2,WINDPOWER,7393,2010,0.216857137
Simplicity2,WINDPOWER,7394,2010,0.218491013
Simplicity2,WINDPOWER,7395,2010,0.218310384
Simplicity2,WINDPOWER,7396,2010,0.22070468
Simplicity2,WINDPOWER,7397,2010,0.223215175
Simplicity2,WINDPOWER,7398,2010,0.219583768
Simplicity2,WINDPOWER,7399,2010,0.219764453
Simplicity2,WINDPOWER,7400,2010,0.21939084
Simplicity2,WINDPOWER,7401,2010,0.219761513
Simplicity2,WINDPOWER,7402,2010,0.217392514
Simplicity2,WINDPOWER,7403,2010,0.217298264
Simplicity2,WINDPOWER,7404,2010,0.21890404
Simplicity2,WINDPOWER,7405,2010,0.219419707
Simplicity2,WINDPOWER,7406,2010,0.221758893
Simplicity2,WINDPOWER,7407,2010,0.22250932
Simplicity2,WINDPOWER,7408,2010,0.217735672
Simplicity2,WINDPOWER,7409,2010,0.213838634
Simplicity2,WINDPOWER,7410,2010,0.213138256
Simplicity2,WINDPOWER,7411,2010,0.214569082
Simplicity2,WINDPOWER,7412,2010,0.213576436
Simplicity2,WINDPOWER,7413,2010,0.213108388
Simplicity2,WINDPOWER,7414,2010,0.212886245
Simplicity2,WINDPOWER,7415,2010,0.211664095
Simplicity2,WINDPOWER,7416,2010,0.21018393
Simplicity2,WINDPOWER,7417,2010,0.211076148
Simplicity2,WINDPOWER,7418,2010,0.209719136
Simplicity2,WINDPOWER,7419,2010,0.209340347
Simplicity2,WINDPOWER,7420,2010,0.206794754
Simplicity2,WINDPOWER,7421,2010,0.205807067
Simplicity2,WINDPOWER,7422,2010,0.20464054
Simplicity2,WINDPOWER,7423,2010,0.205024359
Simplicity2,WINDPOWER,7424,2010,0.2039768
Simplicity2,WINDPOWER,7425,2010,0.200322208
Simplicity2,WINDPOWER,7426,2010,0.19918006
Simplicity2,WINDPOWER,7427,2010,0.197186692
Simplicity2,WINDPOWER,7428,2010,0.197847153
Simplicity2,WINDPOWER,7429,2010,0.199214255
Simplicity2,WINDPOWER,7430,2010,0.197863913
Simplicity2,WINDPOWER,7431,2010,0.197604065
Simplicity2,WINDPOWER,7432,2010,0.195797007
Simplicity2,WINDPOWER,7433,2010,0.195209562
Simplicity2,WINDPOWER,7434,2010,0.195071278
Simplicity2,WINDPOWER,7435,2010,0.194841961
Simplicity2,WINDPOWER,7436,2010,0.194379187
Simplicity2,WINDPOWER,7437,2010,0.193782565
Simplicity2,WINDPOWER,7438,2010,0.193271853
Simplicity2,WINDPOWER,7439,2010,0.19250872
Simplicity2,WINDPOWER,7440,2010,0.191661999
Simplicity2,WINDPOWER,7441,2010,0.191665919
Simplicity2,WINDPOWER,7442,2010,0.19108983
Simplicity2,WINDPOWER,7443,2010,0.190214249
Simplicity2,WINDPOWER,7444,2010,0.191257425
Simplicity2,WINDPOWER,7445,2010,0.191901166
Simplicity2,WINDPOWER,7446,2010,0.191766596
Simplicity2,WINDPOWER,7447,2010,0.191391183
Simplicity2,WINDPOWER,7448,2010,0.190880436
Simplicity2,WINDPOWER,7449,2010,0.191176194
Simplicity2,WINDPOWER,7450,2010,0.191096002
Simplicity2,WINDPOWER,7451,2010,0.191024677
Simplicity2,WINDPOWER,7452,2010,0.191711357
Simplicity2,WINDPOWER,7453,2010,0.191484457
Simplicity2,WINDPOWER,7454,2010,0.191904506
Simplicity2,WINDPOWER,7455,2010,0.19195224
Simplicity2,WINDPOWER,7456,2010,0.192444095
Simplicity2,WINDPOWER,7457,2010,0.193220826
Simplicity2,WINDPOWER,7458,2010,0.192930512
Simplicity2,WINDPOWER,7459,2010,0.193401449
Simplicity2,WINDPOWER,7460,2010,0.194103183
Simplicity2,WINDPOWER,7461,2010,0.194169564
Simplicity2,WINDPOWER,7462,2010,0.193879586
Simplicity2,WINDPOWER,7463,2010,0.194190476
Simplicity2,WINDPOWER,7464,2010,0.193976564
Simplicity2,WINDPOWER,7465,2010,0.194443911
Simplicity2,WINDPOWER,7466,2010,0.194796923
Simplicity2,WINDPOWER,7467,2010,0.194553306
Simplicity2,WINDPOWER,7468,2010,0.195430476
Simplicity2,WINDPOWER,7469,2010,0.19625139
Simplicity2,WINDPOWER,7470,2010,0.197049031
Simplicity2,WINDPOWER,7471,2010,0.195860076
Simplicity2,WINDPOWER,7472,2010,0.196191732
Simplicity2,WINDPOWER,7473,2010,0.194935041
Simplicity2,WINDPOWER,7474,2010,0.195946876
Simplicity2,WINDPOWER,7475,2010,0.197522891
Simplicity2,WINDPOWER,7476,2010,0.198304193
Simplicity2,WINDPOWER,7477,2010,0.199252032
Simplicity2,WINDPOWER,7478,2010,0.197866146
Simplicity2,WINDPOWER,7479,2010,0.197507808
Simplicity2,WINDPOWER,7480,2010,0.198151602
Simplicity2,WINDPOWER,7481,2010,0.198889049
Simplicity2,WINDPOWER,7482,2010,0.198746886
Simplicity2,WINDPOWER,7483,2010,0.199166006
Simplicity2,WINDPOWER,7484,2010,0.20013793
Simplicity2,WINDPOWER,7485,2010,0.20174119
Simplicity2,WINDPOWER,7486,2010,0.203264055
Simplicity2,WINDPOWER,7487,2010,0.202532272
Simplicity2,WINDPOWER,7488,2010,0.202598261
Simplicity2,WINDPOWER,7489,2010,0.200886265
Simplicity2,WINDPOWER,7490,2010,0.199894654
Simplicity2,WINDPOWER,7491,2010,0.200415402
Simplicity2,WINDPOWER,7492,2010,0.202026823
Simplicity2,WINDPOWER,7493,2010,0.202519756
Simplicity2,WINDPOWER,7494,2010,0.206418795
Simplicity2,WINDPOWER,7495,2010,0.204929064
Simplicity2,WINDPOWER,7496,2010,0.20475173
Simplicity2,WINDPOWER,7497,2010,0.20210191
Simplicity2,WINDPOWER,7498,2010,0.201946171
Simplicity2,WINDPOWER,7499,2010,0.202150398
Simplicity2,WINDPOWER,7500,2010,0.201698503
Simplicity2,WINDPOWER,7501,2010,0.203017921
Simplicity2,WINDPOWER,7502,2010,0.203552736
Simplicity2,WINDPOWER,7503,2010,0.201907232
Simplicity2,WINDPOWER,7504,2010,0.200673011
Simplicity2,WINDPOWER,7505,2010,0.201579066
Simplicity2,WINDPOWER,7506,2010,0.200225534
Simplicity2,WINDPOWER,7507,2010,0.200647498
Simplicity2,WINDPOWER,7508,2010,0.199893583
Simplicity2,WINDPOWER,7509,2010,0.20295831
Simplicity2,WINDPOWER,7510,2010,0.20358292
Simplicity2,WINDPOWER,7511,2010,0.204265008
Simplicity2,WINDPOWER,7512,2010,0.204989367
Simplicity2,WINDPOWER,7513,2010,0.207811523
Simplicity2,WINDPOWER,7514,2010,0.208730005
Simplicity2,WINDPOWER,7515,2010,0.207935976
Simplicity2,WINDPOWER,7516,2010,0.205321482
Simplicity2,WINDPOWER,7517,2010,0.206725772
Simplicity2,WINDPOWER,7518,2010,0.205758186
Simplicity2,WINDPOWER,7519,2010,0.20636171
Simplicity2,WINDPOWER,7520,2010,0.207692034
Simplicity2,WINDPOWER,7521,2010,0.209829764
Simplicity2,WINDPOWER,7522,2010,0.208872163
Simplicity2,WINDPOWER,7523,2010,0.208293792
Simplicity2,WINDPOWER,7524,2010,0.211337477
Simplicity2,WINDPOWER,7525,2010,0.212396021
Simplicity2,WINDPOWER,7526,2010,0.213090306
Simplicity2,WINDPOWER,7527,2010,0.213356755
Simplicity2,WINDPOWER,7528,2010,0.213413814
Simplicity2,WINDPOWER,7529,2010,0.211918968
Simplicity2,WINDPOWER,7530,2010,0.210039326
Simplicity2,WINDPOWER,7531,2010,0.209443608
Simplicity2,WINDPOWER,7532,2010,0.210771573
Simplicity2,WINDPOWER,7533,2010,0.209053426
Simplicity2,WINDPOWER,7534,2010,0.210647298
Simplicity2,WINDPOWER,7535,2010,0.21200178
Simplicity2,WINDPOWER,7536,2010,0.212724201
Simplicity2,WINDPOWER,7537,2010,0.210095879
Simplicity2,WINDPOWER,7538,2010,0.20744547
Simplicity2,WINDPOWER,7539,2010,0.204993213
Simplicity2,WINDPOWER,7540,2010,0.205237174
Simplicity2,WINDPOWER,7541,2010,0.20507553
Simplicity2,WINDPOWER,7542,2010,0.207426597
Simplicity2,WINDPOWER,7543,2010,0.206752386
Simplicity2,WINDPOWER,7544,2010,0.205746224
Simplicity2,WINDPOWER,7545,2010,0.20848951
Simplicity2,WINDPOWER,7546,2010,0.206821557
Simplicity2,WINDPOWER,7547,2010,0.206225702
Simplicity2,WINDPOWER,7548,2010,0.205893029
Simplicity2,WINDPOWER,7549,2010,0.203746072
Simplicity2,WINDPOWER,7550,2010,0.200370425
Simplicity2,WINDPOWER,7551,2010,0.200805522
Simplicity2,WINDPOWER,7552,2010,0.202698603
Simplicity2,WINDPOWER,7553,2010,0.205747834
Simplicity2,WINDPOWER,7554,2010,0.205788526
Simplicity2,WINDPOWER,7555,2010,0.204045542
Simplicity2,WINDPOWER,7556,2010,0.204403818
Simplicity2,WINDPOWER,7557,2010,0.207737729
Simplicity2,WINDPOWER,7558,2010,0.209930548
Simplicity2,WINDPOWER,7559,2010,0.207947645
Simplicity2,WINDPOWER,7560,2010,0.206518168
Simplicity2,WINDPOWER,7561,2010,0.207223436
Simplicity2,WINDPOWER,7562,2010,0.209749174
Simplicity2,WINDPOWER,7563,2010,0.212489691
Simplicity2,WINDPOWER,7564,2010,0.210894548
Simplicity2,WINDPOWER,7565,2010,0.210257304
Simplicity2,WINDPOWER,7566,2010,0.209017186
Simplicity2,WINDPOWER,7567,2010,0.21138425
Simplicity2,WINDPOWER,7568,2010,0.211186917
Simplicity2,WINDPOWER,7569,2010,0.211077142
Simplicity2,WINDPOWER,7570,2010,0.211631201
Simplicity2,WINDPOWER,7571,2010,0.2116233
Simplicity2,WINDPOWER,7572,2010,0.21119477
Simplicity2,WINDPOWER,7573,2010,0.21177908
Simplicity2,WINDPOWER,7574,2010,0.210967868
Simplicity2,WINDPOWER,7575,2010,0.210460847
Simplicity2,WINDPOWER,7576,2010,0.210815971
Simplicity2,WINDPOWER,7577,2010,0.209775347
Simplicity2,WINDPOWER,7578,2010,0.21070049
Simplicity2,WINDPOWER,7579,2010,0.211459255
Simplicity2,WINDPOWER,7580,2010,0.215484385
Simplicity2,WINDPOWER,7581,2010,0.216038177
Simplicity2,WINDPOWER,7582,2010,0.214301781
Simplicity2,WINDPOWER,7583,2010,0.215586507
Simplicity2,WINDPOWER,7584,2010,0.218650293
Simplicity2,WINDPOWER,7585,2010,0.217799727
Simplicity2,WINDPOWER,7586,2010,0.218007743
Simplicity2,WINDPOWER,7587,2010,0.216529691
Simplicity2,WINDPOWER,7588,2010,0.217415628
Simplicity2,WINDPOWER,7589,2010,0.21967755
Simplicity2,WINDPOWER,7590,2010,0.219492884
Simplicity2,WINDPOWER,7591,2010,0.215755374
Simplicity2,WINDPOWER,7592,2010,0.218024938
Simplicity2,WINDPOWER,7593,2010,0.218528466
Simplicity2,WINDPOWER,7594,2010,0.220863694
Simplicity2,WINDPOWER,7595,2010,0.222345122
Simplicity2,WINDPOWER,7596,2010,0.22270316
Simplicity2,WINDPOWER,7597,2010,0.223053147
Simplicity2,WINDPOWER,7598,2010,0.220388159
Simplicity2,WINDPOWER,7599,2010,0.220295457
Simplicity2,WINDPOWER,7600,2010,0.221176702
Simplicity2,WINDPOWER,7601,2010,0.22119116
Simplicity2,WINDPOWER,7602,2010,0.222223744
Simplicity2,WINDPOWER,7603,2010,0.222972148
Simplicity2,WINDPOWER,7604,2010,0.223748247
Simplicity2,WINDPOWER,7605,2010,0.22726067
Simplicity2,WINDPOWER,7606,2010,0.228291816
Simplicity2,WINDPOWER,7607,2010,0.225205549
Simplicity2,WINDPOWER,7608,2010,0.226086832
Simplicity2,WINDPOWER,7609,2010,0.220119697
Simplicity2,WINDPOWER,7610,2010,0.216268605
Simplicity2,WINDPOWER,7611,2010,0.217660647
Simplicity2,WINDPOWER,7612,2010,0.220508827
Simplicity2,WINDPOWER,7613,2010,0.222450342
Simplicity2,WINDPOWER,7614,2010,0.225176611
Simplicity2,WINDPOWER,7615,2010,0.223479938
Simplicity2,WINDPOWER,7616,2010,0.222145793
Simplicity2,WINDPOWER,7617,2010,0.220760539
Simplicity2,WINDPOWER,7618,2010,0.220279614
Simplicity2,WINDPOWER,7619,2010,0.222098075
Simplicity2,WINDPOWER,7620,2010,0.218208295
Simplicity2,WINDPOWER,7621,2010,0.218931602
Simplicity2,WINDPOWER,7622,2010,0.217600969
Simplicity2,WINDPOWER,7623,2010,0.220380717
Simplicity2,WINDPOWER,7624,2010,0.220124636
Simplicity2,WINDPOWER,7625,2010,0.220834456
Simplicity2,WINDPOWER,7626,2010,0.218305481
Simplicity2,WINDPOWER,7627,2010,0.218010646
Simplicity2,WINDPOWER,7628,2010,0.219787241
Simplicity2,WINDPOWER,7629,2010,0.21836399
Simplicity2,WINDPOWER,7630,2010,0.217799763
Simplicity2,WINDPOWER,7631,2010,0.218731455
Simplicity2,WINDPOWER,7632,2010,0.217392412
Simplicity2,WINDPOWER,7633,2010,0.215857723
Simplicity2,WINDPOWER,7634,2010,0.214145965
Simplicity2,WINDPOWER,7635,2010,0.214408648
Simplicity2,WINDPOWER,7636,2010,0.214477165
Simplicity2,WINDPOWER,7637,2010,0.21227858
Simplicity2,WINDPOWER,7638,2010,0.21048132
Simplicity2,WINDPOWER,7639,2010,0.209483585
Simplicity2,WINDPOWER,7640,2010,0.207712462
Simplicity2,WINDPOWER,7641,2010,0.205635798
Simplicity2,WINDPOWER,7642,2010,0.205939364
Simplicity2,WINDPOWER,7643,2010,0.206518352
Simplicity2,WINDPOWER,7644,2010,0.207492029
Simplicity2,WINDPOWER,7645,2010,0.208507089
Simplicity2,WINDPOWER,7646,2010,0.206954859
Simplicity2,WINDPOWER,7647,2010,0.205351542
Simplicity2,WINDPOWER,7648,2010,0.203767876
Simplicity2,WINDPOWER,7649,2010,0.20083221
Simplicity2,WINDPOWER,7650,2010,0.200127725
Simplicity2,WINDPOWER,7651,2010,0.200001377
Simplicity2,WINDPOWER,7652,2010,0.201534864
Simplicity2,WINDPOWER,7653,2010,0.201077954
Simplicity2,WINDPOWER,7654,2010,0.199839892
Simplicity2,WINDPOWER,7655,2010,0.199763516
Simplicity2,WINDPOWER,7656,2010,0.198674756
Simplicity2,WINDPOWER,7657,2010,0.198073321
Simplicity2,WINDPOWER,7658,2010,0.197967527
Simplicity2,WINDPOWER,7659,2010,0.196539415
Simplicity2,WINDPOWER,7660,2010,0.194495261
Simplicity2,WINDPOWER,7661,2010,0.192347444
Simplicity2,WINDPOWER,7662,2010,0.192152404
Simplicity2,WINDPOWER,7663,2010,0.192209478
Simplicity2,WINDPOWER,7664,2010,0.192008944
Simplicity2,WINDPOWER,7665,2010,0.190548671
Simplicity2,WINDPOWER,7666,2010,0.190022716
Simplicity2,WINDPOWER,7667,2010,0.189553213
Simplicity2,WINDPOWER,7668,2010,0.188890549
Simplicity2,WINDPOWER,7669,2010,0.187968197
Simplicity2,WINDPOWER,7670,2010,0.18658974
Simplicity2,WINDPOWER,7671,2010,0.185855156
Simplicity2,WINDPOWER,7672,2010,0.185039309
Simplicity2,WINDPOWER,7673,2010,0.184295745
Simplicity2,WINDPOWER,7674,2010,0.185066487
Simplicity2,WINDPOWER,7675,2010,0.184993863
Simplicity2,WINDPOWER,7676,2010,0.185336305
Simplicity2,WINDPOWER,7677,2010,0.18547298
Simplicity2,WINDPOWER,7678,2010,0.185055485
Simplicity2,WINDPOWER,7679,2010,0.18445141
Simplicity2,WINDPOWER,7680,2010,0.184022913
Simplicity2,WINDPOWER,7681,2010,0.183916821
Simplicity2,WINDPOWER,7682,2010,0.183776866
Simplicity2,WINDPOWER,7683,2010,0.183532004
Simplicity2,WINDPOWER,7684,2010,0.183409476
Simplicity2,WINDPOWER,7685,2010,0.183151382
Simplicity2,WINDPOWER,7686,2010,0.182634726
Simplicity2,WINDPOWER,7687,2010,0.182572682
Simplicity2,WINDPOWER,7688,2010,0.182731852
Simplicity2,WINDPOWER,7689,2010,0.182795853
Simplicity2,WINDPOWER,7690,2010,0.182951979
Simplicity2,WINDPOWER,7691,2010,0.183052281
Simplicity2,WINDPOWER,7692,2010,0.183490414
Simplicity2,WINDPOWER,7693,2010,0.183424841
Simplicity2,WINDPOWER,7694,2010,0.183255459
Simplicity2,WINDPOWER,7695,2010,0.182747504
Simplicity2,WINDPOWER,7696,2010,0.18232717
Simplicity2,WINDPOWER,7697,2010,0.18245611
Simplicity2,WINDPOWER,7698,2010,0.181969282
Simplicity2,WINDPOWER,7699,2010,0.1821975
Simplicity2,WINDPOWER,7700,2010,0.182646369
Simplicity2,WINDPOWER,7701,2010,0.182174934
Simplicity2,WINDPOWER,7702,2010,0.182393785
Simplicity2,WINDPOWER,7703,2010,0.182158213
Simplicity2,WINDPOWER,7704,2010,0.181510854
Simplicity2,WINDPOWER,7705,2010,0.181923264
Simplicity2,WINDPOWER,7706,2010,0.182067235
Simplicity2,WINDPOWER,7707,2010,0.182198835
Simplicity2,WINDPOWER,7708,2010,0.182636718
Simplicity2,WINDPOWER,7709,2010,0.183422798
Simplicity2,WINDPOWER,7710,2010,0.183645527
Simplicity2,WINDPOWER,7711,2010,0.183827348
Simplicity2,WINDPOWER,7712,2010,0.183518903
Simplicity2,WINDPOWER,7713,2010,0.183768201
Simplicity2,WINDPOWER,7714,2010,0.183504913
Simplicity2,WINDPOWER,7715,2010,0.18351374
Simplicity2,WINDPOWER,7716,2010,0.183789636
Simplicity2,WINDPOWER,7717,2010,0.184138076
Simplicity2,WINDPOWER,7718,2010,0.18397857
Simplicity2,WINDPOWER,7719,2010,0.183601502
Simplicity2,WINDPOWER,7720,2010,0.18442245
Simplicity2,WINDPOWER,7721,2010,0.18440911
Simplicity2,WINDPOWER,7722,2010,0.184389316
Simplicity2,WINDPOWER,7723,2010,0.183613825
Simplicity2,WINDPOWER,7724,2010,0.183742047
Simplicity2,WINDPOWER,7725,2010,0.183765222
Simplicity2,WINDPOWER,7726,2010,0.18364369
Simplicity2,WINDPOWER,7727,2010,0.183286568
Simplicity2,WINDPOWER,7728,2010,0.183185665
Simplicity2,WINDPOWER,7729,2010,0.182570653
Simplicity2,WINDPOWER,7730,2010,0.182365258
Simplicity2,WINDPOWER,7731,2010,0.181710887
Simplicity2,WINDPOWER,7732,2010,0.181506744
Simplicity2,WINDPOWER,7733,2010,0.181477541
Simplicity2,WINDPOWER,7734,2010,0.181122122
Simplicity2,WINDPOWER,7735,2010,0.180647394
Simplicity2,WINDPOWER,7736,2010,0.180522766
Simplicity2,WINDPOWER,7737,2010,0.180835408
Simplicity2,WINDPOWER,7738,2010,0.181043472
Simplicity2,WINDPOWER,7739,2010,0.180800586
Simplicity2,WINDPOWER,7740,2010,0.180887236
Simplicity2,WINDPOWER,7741,2010,0.181062104
Simplicity2,WINDPOWER,7742,2010,0.180929378
Simplicity2,WINDPOWER,7743,2010,0.181088617
Simplicity2,WINDPOWER,7744,2010,0.180693208
Simplicity2,WINDPOWER,7745,2010,0.180908445
Simplicity2,WINDPOWER,7746,2010,0.180898903
Simplicity2,WINDPOWER,7747,2010,0.180406103
Simplicity2,WINDPOWER,7748,2010,0.180333363
Simplicity2,WINDPOWER,7749,2010,0.18097198
Simplicity2,WINDPOWER,7750,2010,0.180534032
Simplicity2,WINDPOWER,7751,2010,0.180323184
Simplicity2,WINDPOWER,7752,2010,0.180099454
Simplicity2,WINDPOWER,7753,2010,0.180397153
Simplicity2,WINDPOWER,7754,2010,0.180393463
Simplicity2,WINDPOWER,7755,2010,0.180763008
Simplicity2,WINDPOWER,7756,2010,0.180517488
Simplicity2,WINDPOWER,7757,2010,0.180383705
Simplicity2,WINDPOWER,7758,2010,0.180060827
Simplicity2,WINDPOWER,7759,2010,0.181021936
Simplicity2,WINDPOWER,7760,2010,0.180473513
Simplicity2,WINDPOWER,7761,2010,0.180537287
Simplicity2,WINDPOWER,7762,2010,0.180534892
Simplicity2,WINDPOWER,7763,2010,0.180345978
Simplicity2,WINDPOWER,7764,2010,0.179942202
Simplicity2,WINDPOWER,7765,2010,0.180483092
Simplicity2,WINDPOWER,7766,2010,0.18125422
Simplicity2,WINDPOWER,7767,2010,0.181276881
Simplicity2,WINDPOWER,7768,2010,0.181246943
Simplicity2,WINDPOWER,7769,2010,0.180790276
Simplicity2,WINDPOWER,7770,2010,0.18066302
Simplicity2,WINDPOWER,7771,2010,0.181491989
Simplicity2,WINDPOWER,7772,2010,0.181769086
Simplicity2,WINDPOWER,7773,2010,0.180703558
Simplicity2,WINDPOWER,7774,2010,0.179299953
Simplicity2,WINDPOWER,7775,2010,0.179496538
Simplicity2,WINDPOWER,7776,2010,0.179766139
Simplicity2,WINDPOWER,7777,2010,0.181209587
Simplicity2,WINDPOWER,7778,2010,0.181639956
Simplicity2,WINDPOWER,7779,2010,0.181437584
Simplicity2,WINDPOWER,7780,2010,0.180662366
Simplicity2,WINDPOWER,7781,2010,0.18014994
Simplicity2,WINDPOWER,7782,2010,0.180517481
Simplicity2,WINDPOWER,7783,2010,0.180607047
Simplicity2,WINDPOWER,7784,2010,0.180256858
Simplicity2,WINDPOWER,7785,2010,0.180982699
Simplicity2,WINDPOWER,7786,2010,0.180562688
Simplicity2,WINDPOWER,7787,2010,0.179301193
Simplicity2,WINDPOWER,7788,2010,0.179204366
Simplicity2,WINDPOWER,7789,2010,0.179453467
Simplicity2,WINDPOWER,7790,2010,0.17991612
Simplicity2,WINDPOWER,7791,2010,0.180290663
Simplicity2,WINDPOWER,7792,2010,0.179770511
Simplicity2,WINDPOWER,7793,2010,0.179408596
Simplicity2,WINDPOWER,7794,2010,0.178891371
Simplicity2,WINDPOWER,7795,2010,0.178468115
Simplicity2,WINDPOWER,7796,2010,0.178760246
Simplicity2,WINDPOWER,7797,2010,0.179320224
Simplicity2,WINDPOWER,7798,2010,0.178875656
Simplicity2,WINDPOWER,7799,2010,0.178496297
Simplicity2,WINDPOWER,7800,2010,0.178515643
Simplicity2,WINDPOWER,7801,2010,0.178180025
Simplicity2,WINDPOWER,7802,2010,0.177681781
Simplicity2,WINDPOWER,7803,2010,0.177950246
Simplicity2,WINDPOWER,7804,2010,0.177941035
Simplicity2,WINDPOWER,7805,2010,0.177872275
Simplicity2,WINDPOWER,7806,2010,0.177686307
Simplicity2,WINDPOWER,7807,2010,0.177098787
Simplicity2,WINDPOWER,7808,2010,0.177023832
Simplicity2,WINDPOWER,7809,2010,0.176891874
Simplicity2,WINDPOWER,7810,2010,0.176687341
Simplicity2,WINDPOWER,7811,2010,0.176540537
Simplicity2,WINDPOWER,7812,2010,0.176690086
Simplicity2,WINDPOWER,7813,2010,0.176881718
Simplicity2,WINDPOWER,7814,2010,0.176912411
Simplicity2,WINDPOWER,7815,2010,0.176621765
Simplicity2,WINDPOWER,7816,2010,0.17657268
Simplicity2,WINDPOWER,7817,2010,0.17673292
Simplicity2,WINDPOWER,7818,2010,0.176595588
Simplicity2,WINDPOWER,7819,2010,0.176437721
Simplicity2,WINDPOWER,7820,2010,0.176368381
Simplicity2,WINDPOWER,7821,2010,0.176364363
Simplicity2,WINDPOWER,7822,2010,0.176424873
Simplicity2,WINDPOWER,7823,2010,0.176483636
Simplicity2,WINDPOWER,7824,2010,0.176430272
Simplicity2,WINDPOWER,7825,2010,0.17643353
Simplicity2,WINDPOWER,7826,2010,0.176567948
Simplicity2,WINDPOWER,7827,2010,0.176384512
Simplicity2,WINDPOWER,7828,2010,0.176065821
Simplicity2,WINDPOWER,7829,2010,0.175969471
Simplicity2,WINDPOWER,7830,2010,0.175734199
Simplicity2,WINDPOWER,7831,2010,0.175876206
Simplicity2,WINDPOWER,7832,2010,0.175708686
Simplicity2,WINDPOWER,7833,2010,0.175620279
Simplicity2,WINDPOWER,7834,2010,0.175679208
Simplicity2,WINDPOWER,7835,2010,0.175538601
Simplicity2,WINDPOWER,7836,2010,0.1754359
Simplicity2,WINDPOWER,7837,2010,0.175226067
Simplicity2,WINDPOWER,7838,2010,0.175172834
Simplicity2,WINDPOWER,7839,2010,0.175184785
Simplicity2,WINDPOWER,7840,2010,0.174966224
Simplicity2,WINDPOWER,7841,2010,0.175044273
Simplicity2,WINDPOWER,7842,2010,0.174924474
Simplicity2,WINDPOWER,7843,2010,0.17470819
Simplicity2,WINDPOWER,7844,2010,0.174765927
Simplicity2,WINDPOWER,7845,2010,0.174696677
Simplicity2,WINDPOWER,7846,2010,0.174606324
Simplicity2,WINDPOWER,7847,2010,0.174544239
Simplicity2,WINDPOWER,7848,2010,0.174513281
Simplicity2,WINDPOWER,7849,2010,0.174496397
Simplicity2,WINDPOWER,7850,2010,0.174352804
Simplicity2,WINDPOWER,7851,2010,0.174338779
Simplicity2,WINDPOWER,7852,2010,0.174340238
Simplicity2,WINDPOWER,7853,2010,0.174238181
Simplicity2,WINDPOWER,7854,2010,0.174246324
Simplicity2,WINDPOWER,7855,2010,0.174263908
Simplicity2,WINDPOWER,7856,2010,0.174270094
Simplicity2,WINDPOWER,7857,2010,0.174183011
Simplicity2,WINDPOWER,7858,2010,0.174079508
Simplicity2,WINDPOWER,7859,2010,0.173995025
Simplicity2,WINDPOWER,7860,2010,0.174078942
Simplicity2,WINDPOWER,7861,2010,0.174056638
Simplicity2,WINDPOWER,7862,2010,0.17398231
Simplicity2,WINDPOWER,7863,2010,0.173993592
Simplicity2,WINDPOWER,7864,2010,0.173901658
Simplicity2,WINDPOWER,7865,2010,0.17389554
Simplicity2,WINDPOWER,7866,2010,0.173857338
Simplicity2,WINDPOWER,7867,2010,0.173788041
Simplicity2,WINDPOWER,7868,2010,0.17374404
Simplicity2,WINDPOWER,7869,2010,0.17370538
Simplicity2,WINDPOWER,7870,2010,0.173598572
Simplicity2,WINDPOWER,7871,2010,0.173585958
Simplicity2,WINDPOWER,7872,2010,0.173513399
Simplicity2,WINDPOWER,7873,2010,0.173531833
Simplicity2,WINDPOWER,7874,2010,0.173451319
Simplicity2,WINDPOWER,7875,2010,0.173388035
Simplicity2,WINDPOWER,7876,2010,0.173351802
Simplicity2,WINDPOWER,7877,2010,0.173337824
Simplicity2,WINDPOWER,7878,2010,0.173282103
Simplicity2,WINDPOWER,7879,2010,0.173110289
Simplicity2,WINDPOWER,7880,2010,0.17314004
Simplicity2,WINDPOWER,7881,2010,0.173127295
Simplicity2,WINDPOWER,7882,2010,0.173068773
Simplicity2,WINDPOWER,7883,2010,0.173051846
Simplicity2,WINDPOWER,7884,2010,0.17309389
Simplicity2,WINDPOWER,7885,2010,0.173132772
Simplicity2,WINDPOWER,7886,2010,0.173156694
Simplicity2,WINDPOWER,7887,2010,0.173000123
Simplicity2,WINDPOWER,7888,2010,0.172950828
Simplicity2,WINDPOWER,7889,2010,0.17298085
Simplicity2,WINDPOWER,7890,2010,0.172872414
Simplicity2,WINDPOWER,7891,2010,0.172877781
Simplicity2,WINDPOWER,7892,2010,0.172850739
Simplicity2,WINDPOWER,7893,2010,0.172812261
Simplicity2,WINDPOWER,7894,2010,0.172785424
Simplicity2,WINDPOWER,7895,2010,0.172742895
Simplicity2,WINDPOWER,7896,2010,0.172895016
Simplicity2,WINDPOWER,7897,2010,0.172616809
Simplicity2,WINDPOWER,7898,2010,0.172541657
Simplicity2,WINDPOWER,7899,2010,0.172660416
Simplicity2,WINDPOWER,7900,2010,0.172484127
Simplicity2,WINDPOWER,7901,2010,0.172483708
Simplicity2,WINDPOWER,7902,2010,0.172522601
Simplicity2,WINDPOWER,7903,2010,0.172319179
Simplicity2,WINDPOWER,7904,2010,0.172279496
Simplicity2,WINDPOWER,7905,2010,0.172208384
Simplicity2,WINDPOWER,7906,2010,0.172241078
Simplicity2,WINDPOWER,7907,2010,0.172129494
Simplicity2,WINDPOWER,7908,2010,0.172092763
Simplicity2,WINDPOWER,7909,2010,0.172089443
Simplicity2,WINDPOWER,7910,2010,0.172023146
Simplicity2,WINDPOWER,7911,2010,0.172025998
Simplicity2,WINDPOWER,7912,2010,0.171908107
Simplicity2,WINDPOWER,7913,2010,0.171824562
Simplicity2,WINDPOWER,7914,2010,0.171905754
Simplicity2,WINDPOWER,7915,2010,0.171925069
Simplicity2,WINDPOWER,7916,2010,0.17187088
Simplicity2,WINDPOWER,7917,2010,0.171832405
Simplicity2,WINDPOWER,7918,2010,0.171771205
Simplicity2,WINDPOWER,7919,2010,0.17184691
Simplicity2,WINDPOWER,7920,2010,0.171842507
Simplicity2,WINDPOWER,7921,2010,0.171756698
Simplicity2,WINDPOWER,7922,2010,0.171654266
Simplicity2,WINDPOWER,7923,2010,0.171727007
Simplicity2,WINDPOWER,7924,2010,0.171726698
Simplicity2,WINDPOWER,7925,2010,0.171578007
Simplicity2,WINDPOWER,7926,2010,0.1714709
Simplicity2,WINDPOWER,7927,2010,0.171545211
Simplicity2,WINDPOWER,7928,2010,0.171654259
Simplicity2,WINDPOWER,7929,2010,0.171796773
Simplicity2,WINDPOWER,7930,2010,0.171702633
Simplicity2,WINDPOWER,7931,2010,0.17155556
Simplicity2,WINDPOWER,7932,2010,0.171417055
Simplicity2,WINDPOWER,7933,2010,0.17148138
Simplicity2,WINDPOWER,7934,2010,0.171474476
Simplicity2,WINDPOWER,7935,2010,0.171519197
Simplicity2,WINDPOWER,7936,2010,0.171661046
Simplicity2,WINDPOWER,7937,2010,0.171451709
Simplicity2,WINDPOWER,7938,2010,0.17143746
Simplicity2,WINDPOWER,7939,2010,0.171457566
Simplicity2,WINDPOWER,7940,2010,0.171512489
Simplicity2,WINDPOWER,7941,2010,0.171451575
Simplicity2,WINDPOWER,7942,2010,0.171439478
Simplicity2,WINDPOWER,7943,2010,0.171356437
Simplicity2,WINDPOWER,7944,2010,0.171580802
Simplicity2,WINDPOWER,7945,2010,0.171731563
Simplicity2,WINDPOWER,7946,2010,0.171942552
Simplicity2,WINDPOWER,7947,2010,0.172178207
Simplicity2,WINDPOWER,7948,2010,0.172408394
Simplicity2,WINDPOWER,7949,2010,0.172396345
Simplicity2,WINDPOWER,7950,2010,0.172392231
Simplicity2,WINDPOWER,7951,2010,0.172989731
Simplicity2,WINDPOWER,7952,2010,0.173100295
Simplicity2,WINDPOWER,7953,2010,0.173517415
Simplicity2,WINDPOWER,7954,2010,0.174498025
Simplicity2,WINDPOWER,7955,2010,0.174838686
Simplicity2,WINDPOWER,7956,2010,0.175016003
Simplicity2,WINDPOWER,7957,2010,0.175848181
Simplicity2,WINDPOWER,7958,2010,0.175573086
Simplicity2,WINDPOWER,7959,2010,0.175564713
Simplicity2,WINDPOWER,7960,2010,0.175989353
Simplicity2,WINDPOWER,7961,2010,0.175793878
Simplicity2,WINDPOWER,7962,2010,0.175511491
Simplicity2,WINDPOWER,7963,2010,0.176641562
Simplicity2,WINDPOWER,7964,2010,0.177479941
Simplicity2,WINDPOWER,7965,2010,0.176991111
Simplicity2,WINDPOWER,7966,2010,0.176725134
Simplicity2,WINDPOWER,7967,2010,0.177079632
Simplicity2,WINDPOWER,7968,2010,0.176292074
Simplicity2,WINDPOWER,7969,2010,0.175491651
Simplicity2,WINDPOWER,7970,2010,0.175972842
Simplicity2,WINDPOWER,7971,2010,0.17585236
Simplicity2,WINDPOWER,7972,2010,0.175693628
Simplicity2,WINDPOWER,7973,2010,0.176165585
Simplicity2,WINDPOWER,7974,2010,0.175793064
Simplicity2,WINDPOWER,7975,2010,0.175371026
Simplicity2,WINDPOWER,7976,2010,0.17507732
Simplicity2,WINDPOWER,7977,2010,0.175226666
Simplicity2,WINDPOWER,7978,2010,0.174546095
Simplicity2,WINDPOWER,7979,2010,0.173581705
Simplicity2,WINDPOWER,7980,2010,0.173521653
Simplicity2,WINDPOWER,7981,2010,0.17379265
Simplicity2,WINDPOWER,7982,2010,0.174259504
Simplicity2,WINDPOWER,7983,2010,0.174061442
Simplicity2,WINDPOWER,7984,2010,0.172915093
Simplicity2,WINDPOWER,7985,2010,0.172194772
Simplicity2,WINDPOWER,7986,2010,0.172473094
Simplicity2,WINDPOWER,7987,2010,0.173086227
Simplicity2,WINDPOWER,7988,2010,0.173780402
Simplicity2,WINDPOWER,7989,2010,0.174803858
Simplicity2,WINDPOWER,7990,2010,0.174971071
Simplicity2,WINDPOWER,7991,2010,0.174527424
Simplicity2,WINDPOWER,7992,2010,0.173747244
Simplicity2,WINDPOWER,7993,2010,0.173208148
Simplicity2,WINDPOWER,7994,2010,0.172900641
Simplicity2,WINDPOWER,7995,2010,0.172821035
Simplicity2,WINDPOWER,7996,2010,0.172614968
Simplicity2,WINDPOWER,7997,2010,0.172614692
Simplicity2,WINDPOWER,7998,2010,0.172664425
Simplicity2,WINDPOWER,7999,2010,0.172325441
Simplicity2,WINDPOWER,8000,2010,0.172255008
Simplicity2,WINDPOWER,8001,2010,0.172618744
Simplicity2,WINDPOWER,8002,2010,0.172420896
Simplicity2,WINDPOWER,8003,2010,0.172062812
Simplicity2,WINDPOWER,8004,2010,0.172078295
Simplicity2,WINDPOWER,8005,2010,0.172126458
Simplicity2,WINDPOWER,8006,2010,0.172446228
Simplicity2,WINDPOWER,8007,2010,0.17299239
Simplicity2,WINDPOWER,8008,2010,0.172635491
Simplicity2,WINDPOWER,8009,2010,0.172021299
Simplicity2,WINDPOWER,8010,2010,0.174404444
Simplicity2,WINDPOWER,8011,2010,0.174719791
Simplicity2,WINDPOWER,8012,2010,0.174796208
Simplicity2,WINDPOWER,8013,2010,0.174834712
Simplicity2,WINDPOWER,8014,2010,0.1749285
Simplicity2,WINDPOWER,8015,2010,0.174658558
Simplicity2,WINDPOWER,8016,2010,0.174408196
Simplicity2,WINDPOWER,8017,2010,0.174793553
Simplicity2,WINDPOWER,8018,2010,0.175394534
Simplicity2,WINDPOWER,8019,2010,0.175731559
Simplicity2,WINDPOWER,8020,2010,0.175681307
Simplicity2,WINDPOWER,8021,2010,0.17545135
Simplicity2,WINDPOWER,8022,2010,0.175943186
Simplicity2,WINDPOWER,8023,2010,0.175546216
Simplicity2,WINDPOWER,8024,2010,0.175814043
Simplicity2,WINDPOWER,8025,2010,0.177440146
Simplicity2,WINDPOWER,8026,2010,0.178646108
Simplicity2,WINDPOWER,8027,2010,0.17853441
Simplicity2,WINDPOWER,8028,2010,0.178286539
Simplicity2,WINDPOWER,8029,2010,0.180245488
Simplicity2,WINDPOWER,8030,2010,0.18151783
Simplicity2,WINDPOWER,8031,2010,0.181667206
Simplicity2,WINDPOWER,8032,2010,0.182403295
Simplicity2,WINDPOWER,8033,2010,0.183250485
Simplicity2,WINDPOWER,8034,2010,0.184148057
Simplicity2,WINDPOWER,8035,2010,0.18640704
Simplicity2,WINDPOWER,8036,2010,0.187306114
Simplicity2,WINDPOWER,8037,2010,0.187242335
Simplicity2,WINDPOWER,8038,2010,0.186806686
Simplicity2,WINDPOWER,8039,2010,0.187505781
Simplicity2,WINDPOWER,8040,2010,0.187583098
Simplicity2,WINDPOWER,8041,2010,0.186732654
Simplicity2,WINDPOWER,8042,2010,0.186866404
Simplicity2,WINDPOWER,8043,2010,0.187119388
Simplicity2,WINDPOWER,8044,2010,0.185338298
Simplicity2,WINDPOWER,8045,2010,0.185547404
Simplicity2,WINDPOWER,8046,2010,0.186314039
Simplicity2,WINDPOWER,8047,2010,0.185585048
Simplicity2,WINDPOWER,8048,2010,0.184645703
Simplicity2,WINDPOWER,8049,2010,0.184302568
Simplicity2,WINDPOWER,8050,2010,0.182773937
Simplicity2,WINDPOWER,8051,2010,0.183039191
Simplicity2,WINDPOWER,8052,2010,0.181591568
Simplicity2,WINDPOWER,8053,2010,0.180844685
Simplicity2,WINDPOWER,8054,2010,0.182394831
Simplicity2,WINDPOWER,8055,2010,0.179327477
Simplicity2,WINDPOWER,8056,2010,0.178811678
Simplicity2,WINDPOWER,8057,2010,0.178896068
Simplicity2,WINDPOWER,8058,2010,0.178871559
Simplicity2,WINDPOWER,8059,2010,0.17961056
Simplicity2,WINDPOWER,8060,2010,0.180267551
Simplicity2,WINDPOWER,8061,2010,0.179701783
Simplicity2,WINDPOWER,8062,2010,0.181024549
Simplicity2,WINDPOWER,8063,2010,0.182633437
Simplicity2,WINDPOWER,8064,2010,0.182044097
Simplicity2,WINDPOWER,8065,2010,0.178947641
Simplicity2,WINDPOWER,8066,2010,0.178586006
Simplicity2,WINDPOWER,8067,2010,0.178727732
Simplicity2,WINDPOWER,8068,2010,0.179303351
Simplicity2,WINDPOWER,8069,2010,0.178585601
Simplicity2,WINDPOWER,8070,2010,0.178200651
Simplicity2,WINDPOWER,8071,2010,0.178353459
Simplicity2,WINDPOWER,8072,2010,0.178854238
Simplicity2,WINDPOWER,8073,2010,0.178127355
Simplicity2,WINDPOWER,8074,2010,0.177385482
Simplicity2,WINDPOWER,8075,2010,0.176688447
Simplicity2,WINDPOWER,8076,2010,0.176910428
Simplicity2,WINDPOWER,8077,2010,0.176729266
Simplicity2,WINDPOWER,8078,2010,0.177122225
Simplicity2,WINDPOWER,8079,2010,0.177693166
Simplicity2,WINDPOWER,8080,2010,0.177483475
Simplicity2,WINDPOWER,8081,2010,0.176804496
Simplicity2,WINDPOWER,8082,2010,0.177231023
Simplicity2,WINDPOWER,8083,2010,0.178228344
Simplicity2,WINDPOWER,8084,2010,0.178391951
Simplicity2,WINDPOWER,8085,2010,0.17772017
Simplicity2,WINDPOWER,8086,2010,0.176818624
Simplicity2,WINDPOWER,8087,2010,0.177193748
Simplicity2,WINDPOWER,8088,2010,0.176594278
Simplicity2,WINDPOWER,8089,2010,0.176500186
Simplicity2,WINDPOWER,8090,2010,0.177855205
Simplicity2,WINDPOWER,8091,2010,0.179358025
Simplicity2,WINDPOWER,8092,2010,0.178901628
Simplicity2,WINDPOWER,8093,2010,0.178857178
Simplicity2,WINDPOWER,8094,2010,0.178597658
Simplicity2,WINDPOWER,8095,2010,0.178428663
Simplicity2,WINDPOWER,8096,2010,0.178815145
Simplicity2,WINDPOWER,8097,2010,0.178828368
Simplicity2,WINDPOWER,8098,2010,0.178689373
Simplicity2,WINDPOWER,8099,2010,0.178441075
Simplicity2,WINDPOWER,8100,2010,0.180098547
Simplicity2,WINDPOWER,8101,2010,0.18015765
Simplicity2,WINDPOWER,8102,2010,0.181423234
Simplicity2,WINDPOWER,8103,2010,0.182254127
Simplicity2,WINDPOWER,8104,2010,0.181639202
Simplicity2,WINDPOWER,8105,2010,0.181389987
Simplicity2,WINDPOWER,8106,2010,0.183223093
Simplicity2,WINDPOWER,8107,2010,0.184198374
Simplicity2,WINDPOWER,8108,2010,0.184364971
Simplicity2,WINDPOWER,8109,2010,0.183236919
Simplicity2,WINDPOWER,8110,2010,0.182696046
Simplicity2,WINDPOWER,8111,2010,0.182447709
Simplicity2,WINDPOWER,8112,2010,0.181912571
Simplicity2,WINDPOWER,8113,2010,0.182650425
Simplicity2,WINDPOWER,8114,2010,0.181262461
Simplicity2,WINDPOWER,8115,2010,0.180128717
Simplicity2,WINDPOWER,8116,2010,0.178585145
Simplicity2,WINDPOWER,8117,2010,0.178653859
Simplicity2,WINDPOWER,8118,2010,0.178236841
Simplicity2,WINDPOWER,8119,2010,0.177704708
Simplicity2,WINDPOWER,8120,2010,0.177078772
Simplicity2,WINDPOWER,8121,2010,0.176171764
Simplicity2,WINDPOWER,8122,2010,0.176432945
Simplicity2,WINDPOWER,8123,2010,0.17832096
Simplicity2,WINDPOWER,8124,2010,0.17867855
Simplicity2,WINDPOWER,8125,2010,0.179038008
Simplicity2,WINDPOWER,8126,2010,0.178990653
Simplicity2,WINDPOWER,8127,2010,0.179214216
Simplicity2,WINDPOWER,8128,2010,0.178422531
Simplicity2,WINDPOWER,8129,2010,0.178436696
Simplicity2,WINDPOWER,8130,2010,0.178541211
Simplicity2,WINDPOWER,8131,2010,0.177999354
Simplicity2,WINDPOWER,8132,2010,0.176868824
Simplicity2,WINDPOWER,8133,2010,0.178558028
Simplicity2,WINDPOWER,8134,2010,0.179158007
Simplicity2,WINDPOWER,8135,2010,0.178931444
Simplicity2,WINDPOWER,8136,2010,0.17882131
Simplicity2,WINDPOWER,8137,2010,0.177706119
Simplicity2,WINDPOWER,8138,2010,0.176292893
Simplicity2,WINDPOWER,8139,2010,0.176709456
Simplicity2,WINDPOWER,8140,2010,0.176085862
Simplicity2,WINDPOWER,8141,2010,0.174439188
Simplicity2,WINDPOWER,8142,2010,0.17326772
Simplicity2,WINDPOWER,8143,2010,0.173793099
Simplicity2,WINDPOWER,8144,2010,0.174344981
Simplicity2,WINDPOWER,8145,2010,0.173564143
Simplicity2,WINDPOWER,8146,2010,0.17266545
Simplicity2,WINDPOWER,8147,2010,0.171749199
Simplicity2,WINDPOWER,8148,2010,0.171394808
Simplicity2,WINDPOWER,8149,2010,0.171299911
Simplicity2,WINDPOWER,8150,2010,0.17019879
Simplicity2,WINDPOWER,8151,2010,0.170589641
Simplicity2,WINDPOWER,8152,2010,0.170649795
Simplicity2,WINDPOWER,8153,2010,0.170860264
Simplicity2,WINDPOWER,8154,2010,0.171472689
Simplicity2,WINDPOWER,8155,2010,0.173486161
Simplicity2,WINDPOWER,8156,2010,0.172671969
Simplicity2,WINDPOWER,8157,2010,0.17201995
Simplicity2,WINDPOWER,8158,2010,0.170851934
Simplicity2,WINDPOWER,8159,2010,0.170893763
Simplicity2,WINDPOWER,8160,2010,0.171291502
Simplicity2,WINDPOWER,8161,2010,0.172170283
Simplicity2,WINDPOWER,8162,2010,0.17220224
Simplicity2,WINDPOWER,8163,2010,0.173088391
Simplicity2,WINDPOWER,8164,2010,0.172275551
Simplicity2,WINDPOWER,8165,2010,0.171489218
Simplicity2,WINDPOWER,8166,2010,0.171228546
Simplicity2,WINDPOWER,8167,2010,0.172040212
Simplicity2,WINDPOWER,8168,2010,0.17174486
Simplicity2,WINDPOWER,8169,2010,0.171418715
Simplicity2,WINDPOWER,8170,2010,0.17136063
Simplicity2,WINDPOWER,8171,2010,0.170470637
Simplicity2,WINDPOWER,8172,2010,0.170056761
Simplicity2,WINDPOWER,8173,2010,0.170006426
Simplicity2,WINDPOWER,8174,2010,0.170163093
Simplicity2,WINDPOWER,8175,2010,0.170570986
Simplicity2,WINDPOWER,8176,2010,0.169935871
Simplicity2,WINDPOWER,8177,2010,0.169304023
Simplicity2,WINDPOWER,8178,2010,0.169555118
Simplicity2,WINDPOWER,8179,2010,0.17138157
Simplicity2,WINDPOWER,8180,2010,0.171459682
Simplicity2,WINDPOWER,8181,2010,0.171157645
Simplicity2,WINDPOWER,8182,2010,0.171854202
Simplicity2,WINDPOWER,8183,2010,0.172372755
Simplicity2,WINDPOWER,8184,2010,0.170743468
Simplicity2,WINDPOWER,8185,2010,0.171084125
Simplicity2,WINDPOWER,8186,2010,0.170467309
Simplicity2,WINDPOWER,8187,2010,0.16935134
Simplicity2,WINDPOWER,8188,2010,0.169936054
Simplicity2,WINDPOWER,8189,2010,0.170859562
Simplicity2,WINDPOWER,8190,2010,0.17101796
Simplicity2,WINDPOWER,8191,2010,0.171219922
Simplicity2,WINDPOWER,8192,2010,0.171320403
Simplicity2,WINDPOWER,8193,2010,0.170395252
Simplicity2,WINDPOWER,8194,2010,0.16935855
Simplicity2,WINDPOWER,8195,2010,0.168349432
Simplicity2,WINDPOWER,8196,2010,0.168863438
Simplicity2,WINDPOWER,8197,2010,0.16959472
Simplicity2,WINDPOWER,8198,2010,0.17035986
Simplicity2,WINDPOWER,8199,2010,0.169965683
Simplicity2,WINDPOWER,8200,2010,0.16846772
Simplicity2,WINDPOWER,8201,2010,0.168309984
Simplicity2,WINDPOWER,8202,2010,0.168024246
Simplicity2,WINDPOWER,8203,2010,0.168216196
Simplicity2,WINDPOWER,8204,2010,0.167849785
Simplicity2,WINDPOWER,8205,2010,0.167598586
Simplicity2,WINDPOWER,8206,2010,0.166698074
Simplicity2,WINDPOWER,8207,2010,0.167232852
Simplicity2,WINDPOWER,8208,2010,0.168189284
Simplicity2,WINDPOWER,8209,2010,0.168797208
Simplicity2,WINDPOWER,8210,2010,0.168478705
Simplicity2,WINDPOWER,8211,2010,0.169632587
Simplicity2,WINDPOWER,8212,2010,0.168785384
Simplicity2,WINDPOWER,8213,2010,0.166655494
Simplicity2,WINDPOWER,8214,2010,0.166936485
Simplicity2,WINDPOWER,8215,2010,0.167570853
Simplicity2,WINDPOWER,8216,2010,0.170806268
Simplicity2,WINDPOWER,8217,2010,0.170380482
Simplicity2,WINDPOWER,8218,2010,0.168979883
Simplicity2,WINDPOWER,8219,2010,0.16792362
Simplicity2,WINDPOWER,8220,2010,0.168913234
Simplicity2,WINDPOWER,8221,2010,0.168200442
Simplicity2,WINDPOWER,8222,2010,0.168492353
Simplicity2,WINDPOWER,8223,2010,0.168460729
Simplicity2,WINDPOWER,8224,2010,0.166800233
Simplicity2,WINDPOWER,8225,2010,0.166030748
Simplicity2,WINDPOWER,8226,2010,0.16700128
Simplicity2,WINDPOWER,8227,2010,0.167166435
Simplicity2,WINDPOWER,8228,2010,0.166524389
Simplicity2,WINDPOWER,8229,2010,0.166138156
Simplicity2,WINDPOWER,8230,2010,0.166125416
Simplicity2,WINDPOWER,8231,2010,0.165751884
Simplicity2,WINDPOWER,8232,2010,0.165362727
Simplicity2,WINDPOWER,8233,2010,0.16671808
Simplicity2,WINDPOWER,8234,2010,0.167047414
Simplicity2,WINDPOWER,8235,2010,0.166338375
Simplicity2,WINDPOWER,8236,2010,0.165713371
Simplicity2,WINDPOWER,8237,2010,0.165227259
Simplicity2,WINDPOWER,8238,2010,0.164666253
Simplicity2,WINDPOWER,8239,2010,0.164557216
Simplicity2,WINDPOWER,8240,2010,0.1636981
Simplicity2,WINDPOWER,8241,2010,0.163147843
Simplicity2,WINDPOWER,8242,2010,0.163147322
Simplicity2,WINDPOWER,8243,2010,0.162802577
Simplicity2,WINDPOWER,8244,2010,0.16261709
Simplicity2,WINDPOWER,8245,2010,0.162525138
Simplicity2,WINDPOWER,8246,2010,0.162927623
Simplicity2,WINDPOWER,8247,2010,0.163525606
Simplicity2,WINDPOWER,8248,2010,0.163499158
Simplicity2,WINDPOWER,8249,2010,0.163450497
Simplicity2,WINDPOWER,8250,2010,0.162958
Simplicity2,WINDPOWER,8251,2010,0.163035223
Simplicity2,WINDPOWER,8252,2010,0.1632186
Simplicity2,WINDPOWER,8253,2010,0.16333247
Simplicity2,WINDPOWER,8254,2010,0.163796248
Simplicity2,WINDPOWER,8255,2010,0.163919502
Simplicity2,WINDPOWER,8256,2010,0.163267303
Simplicity2,WINDPOWER,8257,2010,0.16313501
Simplicity2,WINDPOWER,8258,2010,0.163477754
Simplicity2,WINDPOWER,8259,2010,0.16331004
Simplicity2,WINDPOWER,8260,2010,0.16233429
Simplicity2,WINDPOWER,8261,2010,0.161776625
Simplicity2,WINDPOWER,8262,2010,0.161432125
Simplicity2,WINDPOWER,8263,2010,0.161372823
Simplicity2,WINDPOWER,8264,2010,0.161020233
Simplicity2,WINDPOWER,8265,2010,0.160864989
Simplicity2,WINDPOWER,8266,2010,0.160984585
Simplicity2,WINDPOWER,8267,2010,0.160982438
Simplicity2,WINDPOWER,8268,2010,0.16074133
Simplicity2,WINDPOWER,8269,2010,0.160516339
Simplicity2,WINDPOWER,8270,2010,0.160307157
Simplicity2,WINDPOWER,8271,2010,0.16010343
Simplicity2,WINDPOWER,8272,2010,0.159821393
Simplicity2,WINDPOWER,8273,2010,0.159652239
Simplicity2,WINDPOWER,8274,2010,0.159693099
Simplicity2,WINDPOWER,8275,2010,0.159562398
Simplicity2,WINDPOWER,8276,2010,0.159393239
Simplicity2,WINDPOWER,8277,2010,0.15931558
Simplicity2,WINDPOWER,8278,2010,0.159272473
Simplicity2,WINDPOWER,8279,2010,0.159256263
Simplicity2,WINDPOWER,8280,2010,0.159133796
Simplicity2,WINDPOWER,8281,2010,0.159142684
Simplicity2,WINDPOWER,8282,2010,0.159036656
Simplicity2,WINDPOWER,8283,2010,0.158867426
Simplicity2,WINDPOWER,8284,2010,0.158836717
Simplicity2,WINDPOWER,8285,2010,0.158775622
Simplicity2,WINDPOWER,8286,2010,0.158749649
Simplicity2,WINDPOWER,8287,2010,0.158725794
Simplicity2,WINDPOWER,8288,2010,0.158682137
Simplicity2,WINDPOWER,8289,2010,0.158582924
Simplicity2,WINDPOWER,8290,2010,0.158563846
Simplicity2,WINDPOWER,8291,2010,0.158558985
Simplicity2,WINDPOWER,8292,2010,0.158487723
Simplicity2,WINDPOWER,8293,2010,0.1584621
Simplicity2,WINDPOWER,8294,2010,0.158425068
Simplicity2,WINDPOWER,8295,2010,0.158411231
Simplicity2,WINDPOWER,8296,2010,0.15834233
Simplicity2,WINDPOWER,8297,2010,0.158295791
Simplicity2,WINDPOWER,8298,2010,0.158237781
Simplicity2,WINDPOWER,8299,2010,0.158245609
Simplicity2,WINDPOWER,8300,2010,0.158167495
Simplicity2,WINDPOWER,8301,2010,0.158157163
Simplicity2,WINDPOWER,8302,2010,0.158084886
Simplicity2,WINDPOWER,8303,2010,0.158074382
Simplicity2,WINDPOWER,8304,2010,0.158032083
Simplicity2,WINDPOWER,8305,2010,0.157949317
Simplicity2,WINDPOWER,8306,2010,0.157871097
Simplicity2,WINDPOWER,8307,2010,0.157815465
Simplicity2,WINDPOWER,8308,2010,0.157769555
Simplicity2,WINDPOWER,8309,2010,0.157791929
Simplicity2,WINDPOWER,8310,2010,0.157793104
Simplicity2,WINDPOWER,8311,2010,0.157720665
Simplicity2,WINDPOWER,8312,2010,0.15769242
Simplicity2,WINDPOWER,8313,2010,0.157585797
Simplicity2,WINDPOWER,8314,2010,0.157642341
Simplicity2,WINDPOWER,8315,2010,0.157567001
Simplicity2,WINDPOWER,8316,2010,0.157494227
Simplicity2,WINDPOWER,8317,2010,0.157548264
Simplicity2,WINDPOWER,8318,2010,0.157461064
Simplicity2,WINDPOWER,8319,2010,0.157425579
Simplicity2,WINDPOWER,8320,2010,0.15737384
Simplicity2,WINDPOWER,8321,2010,0.1573789
Simplicity2,WINDPOWER,8322,2010,0.157341989
Simplicity2,WINDPOWER,8323,2010,0.157268516
Simplicity2,WINDPOWER,8324,2010,0.157181414
Simplicity2,WINDPOWER,8325,2010,0.157190268
Simplicity2,WINDPOWER,8326,2010,0.157163084
Simplicity2,WINDPOWER,8327,2010,0.157088434
Simplicity2,WINDPOWER,8328,2010,0.156998807
Simplicity2,WINDPOWER,8329,2010,0.156951776
Simplicity2,WINDPOWER,8330,2010,0.156961497
Simplicity2,WINDPOWER,8331,2010,0.15690793
Simplicity2,WINDPOWER,8332,2010,0.156843978
Simplicity2,WINDPOWER,8333,2010,0.156815349
Simplicity2,WINDPOWER,8334,2010,0.156823455
Simplicity2,WINDPOWER,8335,2010,0.15681274
Simplicity2,WINDPOWER,8336,2010,0.156725778
Simplicity2,WINDPOWER,8337,2010,0.156702205
Simplicity2,WINDPOWER,8338,2010,0.156642994
Simplicity2,WINDPOWER,8339,2010,0.156602825
Simplicity2,WINDPOWER,8340,2010,0.156584005
Simplicity2,WINDPOWER,8341,2010,0.15652374
Simplicity2,WINDPOWER,8342,2010,0.156489956
Simplicity2,WINDPOWER,8343,2010,0.156450326
Simplicity2,WINDPOWER,8344,2010,0.156399787
Simplicity2,WINDPOWER,8345,2010,0.156364514
Simplicity2,WINDPOWER,8346,2010,0.156326218
Simplicity2,WINDPOWER,8347,2010,0.156284133
Simplicity2,WINDPOWER,8348,2010,0.156260748
Simplicity2,WINDPOWER,8349,2010,0.156205662
Simplicity2,WINDPOWER,8350,2010,0.156167055
Simplicity2,WINDPOWER,8351,2010,0.1561414
Simplicity2,WINDPOWER,8352,2010,0.156081224
Simplicity2,WINDPOWER,8353,2010,0.156045441
Simplicity2,WINDPOWER,8354,2010,0.155994784
Simplicity2,WINDPOWER,8355,2010,0.155999902
Simplicity2,WINDPOWER,8356,2010,0.155974358
Simplicity2,WINDPOWER,8357,2010,0.155875167
Simplicity2,WINDPOWER,8358,2010,0.155815015
Simplicity2,WINDPOWER,8359,2010,0.155797691
Simplicity2,WINDPOWER,8360,2010,0.155784284
Simplicity2,WINDPOWER,8361,2010,0.15572317
Simplicity2,WINDPOWER,8362,2010,0.155729077
Simplicity2,WINDPOWER,8363,2010,0.155698788
Simplicity2,WINDPOWER,8364,2010,0.155626074
Simplicity2,WINDPOWER,8365,2010,0.15560607
Simplicity2,WINDPOWER,8366,2010,0.155577548
Simplicity2,WINDPOWER,8367,2010,0.155476296
Simplicity2,WINDPOWER,8368,2010,0.15538516
Simplicity2,WINDPOWER,8369,2010,0.155357793
Simplicity2,WINDPOWER,8370,2010,0.155369656
Simplicity2,WINDPOWER,8371,2010,0.155334347
Simplicity2,WINDPOWER,8372,2010,0.155280906
Simplicity2,WINDPOWER,8373,2010,0.155250815
Simplicity2,WINDPOWER,8374,2010,0.155212456
Simplicity2,WINDPOWER,8375,2010,0.155210513
Simplicity2,WINDPOWER,8376,2010,0.155133017
Simplicity2,WINDPOWER,8377,2010,0.155127306
Simplicity2,WINDPOWER,8378,2010,0.155086239
Simplicity2,WINDPOWER,8379,2010,0.155064462
Simplicity2,WINDPOWER,8380,2010,0.154998806
Simplicity2,WINDPOWER,8381,2010,0.1549934
Simplicity2,WINDPOWER,8382,2010,0.154946778
Simplicity2,WINDPOWER,8383,2010,0.154897085
Simplicity2,WINDPOWER,8384,2010,0.154849814
Simplicity2,WINDPOWER,8385,2010,0.154827128
Simplicity2,WINDPOWER,8386,2010,0.154755207
Simplicity2,WINDPOWER,8387,2010,0.154734108
Simplicity2,WINDPOWER,8388,2010,0.154688778
Simplicity2,WINDPOWER,8389,2010,0.154644253
Simplicity2,WINDPOWER,8390,2010,0.154564407
Simplicity2,WINDPOWER,8391,2010,0.154555677
Simplicity2,WINDPOWER,8392,2010,0.154475317
Simplicity2,WINDPOWER,8393,2010,0.154499655
Simplicity2,WINDPOWER,8394,2010,0.154406264
Simplicity2,WINDPOWER,8395,2010,0.154383128
Simplicity2,WINDPOWER,8396,2010,0.154315368
Simplicity2,WINDPOWER,8397,2010,0.154263154
Simplicity2,WINDPOWER,8398,2010,0.154293851
Simplicity2,WINDPOWER,8399,2010,0.154204905
Simplicity2,WINDPOWER,8400,2010,0.154195506
Simplicity2,WINDPOWER,8401,2010,0.154070922
Simplicity2,WINDPOWER,8402,2010,0.154026205
Simplicity2,WINDPOWER,8403,2010,0.154007827
Simplicity2,WINDPOWER,8404,2010,0.153905548
Simplicity2,WINDPOWER,8405,2010,0.15389408
Simplicity2,WINDPOWER,8406,2010,0.153875065
Simplicity2,WINDPOWER,8407,2010,0.153862331
Simplicity2,WINDPOWER,8408,2010,0.153802232
Simplicity2,WINDPOWER,8409,2010,0.153777194
Simplicity2,WINDPOWER,8410,2010,0.153745391
Simplicity2,WINDPOWER,8411,2010,0.153713952
Simplicity2,WINDPOWER,8412,2010,0.153676518
Simplicity2,WINDPOWER,8413,2010,0.153614927
Simplicity2,WINDPOWER,8414,2010,0.153564697
Simplicity2,WINDPOWER,8415,2010,0.153552284
Simplicity2,WINDPOWER,8416,2010,0.153534458
Simplicity2,WINDPOWER,8417,2010,0.153478782
Simplicity2,WINDPOWER,8418,2010,0.153460561
Simplicity2,WINDPOWER,8419,2010,0.153438788
Simplicity2,WINDPOWER,8420,2010,0.153328962
Simplicity2,WINDPOWER,8421,2010,0.153298171
Simplicity2,WINDPOWER,8422,2010,0.153303476
Simplicity2,WINDPOWER,8423,2010,0.153172349
Simplicity2,WINDPOWER,8424,2010,0.153118263
Simplicity2,WINDPOWER,8425,2010,0.153080342
Simplicity2,WINDPOWER,8426,2010,0.153095469
Simplicity2,WINDPOWER,8427,2010,0.15302653
Simplicity2,WINDPOWER,8428,2010,0.153027248
Simplicity2,WINDPOWER,8429,2010,0.153000163
Simplicity2,WINDPOWER,8430,2010,0.15294342
Simplicity2,WINDPOWER,8431,2010,0.152879794
Simplicity2,WINDPOWER,8432,2010,0.15285527
Simplicity2,WINDPOWER,8433,2010,0.152833057
Simplicity2,WINDPOWER,8434,2010,0.152743154
Simplicity2,WINDPOWER,8435,2010,0.152705074
Simplicity2,WINDPOWER,8436,2010,0.152658025
Simplicity2,WINDPOWER,8437,2010,0.152630159
Simplicity2,WINDPOWER,8438,2010,0.152635134
Simplicity2,WINDPOWER,8439,2010,0.152630474
Simplicity2,WINDPOWER,8440,2010,0.15258233
Simplicity2,WINDPOWER,8441,2010,0.152493927
Simplicity2,WINDPOWER,8442,2010,0.15250584
Simplicity2,WINDPOWER,8443,2010,0.152491327
Simplicity2,WINDPOWER,8444,2010,0.152386476
Simplicity2,WINDPOWER,8445,2010,0.152393832
Simplicity2,WINDPOWER,8446,2010,0.152344857
Simplicity2,WINDPOWER,8447,2010,0.152308622
Simplicity2,WINDPOWER,8448,2010,0.152298565
Simplicity2,WINDPOWER,8449,2010,0.152243035
Simplicity2,WINDPOWER,8450,2010,0.152173397
Simplicity2,WINDPOWER,8451,2010,0.152191516
Simplicity2,WINDPOWER,8452,2010,0.152108592
Simplicity2,WINDPOWER,8453,2010,0.152069808
Simplicity2,WINDPOWER,8454,2010,0.152110889
Simplicity2,WINDPOWER,8455,2010,0.152031824
Simplicity2,WINDPOWER,8456,2010,0.151953495
Simplicity2,WINDPOWER,8457,2010,0.151942159
Simplicity2,WINDPOWER,8458,2010,0.151886471
Simplicity2,WINDPOWER,8459,2010,0.15191349
Simplicity2,WINDPOWER,8460,2010,0.151880935
Simplicity2,WINDPOWER,8461,2010,0.151844415
Simplicity2,WINDPOWER,8462,2010,0.151798672
Simplicity2,WINDPOWER,8463,2010,0.151700408
Simplicity2,WINDPOWER,8464,2010,0.151750902
Simplicity2,WINDPOWER,8465,2010,0.151714093
Simplicity2,WINDPOWER,8466,2010,0.151666212
Simplicity2,WINDPOWER,8467,2010,0.151616532
Simplicity2,WINDPOWER,8468,2010,0.151623126
Simplicity2,WINDPOWER,8469,2010,0.151563223
Simplicity2,WINDPOWER,8470,2010,0.151547036
Simplicity2,WINDPOWER,8471,2010,0.151482483
Simplicity2,WINDPOWER,8472,2010,0.151450107
Simplicity2,WINDPOWER,8473,2010,0.151481969
Simplicity2,WINDPOWER,8474,2010,0.151364842
Simplicity2,WINDPOWER,8475,2010,0.151307326
Simplicity2,WINDPOWER,8476,2010,0.151296912
Simplicity2,WINDPOWER,8477,2010,0.151264052
Simplicity2,WINDPOWER,8478,2010,0.151217581
Simplicity2,WINDPOWER,8479,2010,0.151238394
Simplicity2,WINDPOWER,8480,2010,0.151160262
Simplicity2,WINDPOWER,8481,2010,0.1510423
Simplicity2,WINDPOWER,8482,2010,0.151016026
Simplicity2,WINDPOWER,8483,2010,0.150994559
Simplicity2,WINDPOWER,8484,2010,0.150904763
Simplicity2,WINDPOWER,8485,2010,0.150929972
Simplicity2,WINDPOWER,8486,2010,0.150897184
Simplicity2,WINDPOWER,8487,2010,0.150810392
Simplicity2,WINDPOWER,8488,2010,0.150789778
Simplicity2,WINDPOWER,8489,2010,0.150689214
Simplicity2,WINDPOWER,8490,2010,0.150736351
Simplicity2,WINDPOWER,8491,2010,0.150692893
Simplicity2,WINDPOWER,8492,2010,0.150608158
Simplicity2,WINDPOWER,8493,2010,0.150571387
Simplicity2,WINDPOWER,8494,2010,0.150558438
Simplicity2,WINDPOWER,8495,2010,0.150525532
Simplicity2,WINDPOWER,8496,2010,0.150492273
Simplicity2,WINDPOWER,8497,2010,0.15044422
Simplicity2,WINDPOWER,8498,2010,0.150411412
Simplicity2,WINDPOWER,8499,2010,0.150444905
Simplicity2,WINDPOWER,8500,2010,0.150415982
Simplicity2,WINDPOWER,8501,2010,0.150408594
Simplicity2,WINDPOWER,8502,2010,0.150360945
Simplicity2,WINDPOWER,8503,2010,0.150282801
Simplicity2,WINDPOWER,8504,2010,0.150252494
Simplicity2,WINDPOWER,8505,2010,0.150213529
Simplicity2,WINDPOWER,8506,2010,0.150174432
Simplicity2,WINDPOWER,8507,2010,0.150116403
Simplicity2,WINDPOWER,8508,2010,0.150112798
Simplicity2,WINDPOWER,8509,2010,0.150069784
Simplicity2,WINDPOWER,8510,2010,0.149938532
Simplicity2,WINDPOWER,8511,2010,0.149934014
Simplicity2,WINDPOWER,8512,2010,0.14989654
Simplicity2,WINDPOWER,8513,2010,0.149871282
Simplicity2,WINDPOWER,8514,2010,0.149872078
Simplicity2,WINDPOWER,8515,2010,0.149803757
Simplicity2,WINDPOWER,8516,2010,0.149744843
Simplicity2,WINDPOWER,8517,2010,0.149705758
Simplicity2,WINDPOWER,8518,2010,0.149688798
Simplicity2,WINDPOWER,8519,2010,0.14965516
Simplicity2,WINDPOWER,8520,2010,0.149611542
Simplicity2,WINDPOWER,8521,2010,0.149563236
Simplicity2,WINDPOWER,8522,2010,0.149491722
Simplicity2,WINDPOWER,8523,2010,0.149462601
Simplicity2,WINDPOWER,8524,2010,0.149454069
Simplicity2,WINDPOWER,8525,2010,0.149381881
Simplicity2,WINDPOWER,8526,2010,0.149363743
Simplicity2,WINDPOWER,8527,2010,0.149315641
Simplicity2,WINDPOWER,8528,2010,0.149305414
Simplicity2,WINDPOWER,8529,2010,0.149225127
Simplicity2,WINDPOWER,8530,2010,0.149183118
Simplicity2,WINDPOWER,8531,2010,0.149125626
Simplicity2,WINDPOWER,8532,2010,0.149094717
Simplicity2,WINDPOWER,8533,2010,0.149073268
Simplicity2,WINDPOWER,8534,2010,0.149045799
Simplicity2,WINDPOWER,8535,2010,0.149038597
Simplicity2,WINDPOWER,8536,2010,0.148952391
Simplicity2,WINDPOWER,8537,2010,0.148919717
Simplicity2,WINDPOWER,8538,2010,0.148897075
Simplicity2,WINDPOWER,8539,2010,0.148875939
Simplicity2,WINDPOWER,8540,2010,0.148757412
Simplicity2,WINDPOWER,8541,2010,0.148756619
Simplicity2,WINDPOWER,8542,2010,0.148759078
Simplicity2,WINDPOWER,8543,2010,0.148738004
Simplicity2,WINDPOWER,8544,2010,0.148657593
Simplicity2,WINDPOWER,8545,2010,0.148628524
Simplicity2,WINDPOWER,8546,2010,0.1485627
Simplicity2,WINDPOWER,8547,2010,0.148562393
Simplicity2,WINDPOWER,8548,2010,0.148580377
Simplicity2,WINDPOWER,8549,2010,0.148527804
Simplicity2,WINDPOWER,8550,2010,0.148514044
Simplicity2,WINDPOWER,8551,2010,0.148494426
Simplicity2,WINDPOWER,8552,2010,0.148449792
Simplicity2,WINDPOWER,8553,2010,0.148391693
Simplicity2,WINDPOWER,8554,2010,0.14835213
Simplicity2,WINDPOWER,8555,2010,0.148268776
Simplicity2,WINDPOWER,8556,2010,0.148180512
Simplicity2,WINDPOWER,8557,2010,0.148151868
Simplicity2,WINDPOWER,8558,2010,0.148161723
Simplicity2,WINDPOWER,8559,2010,0.148080207
Simplicity2,WINDPOWER,8560,2010,0.148016222
Simplicity2,WINDPOWER,8561,2010,0.14799425
Simplicity2,WINDPOWER,8562,2010,0.147998453
Simplicity2,WINDPOWER,8563,2010,0.147900334
Simplicity2,WINDPOWER,8564,2010,0.147892859
Simplicity2,WINDPOWER,8565,2010,0.147824135
Simplicity2,WINDPOWER,8566,2010,0.147771656
Simplicity2,WINDPOWER,8567,2010,0.147745371
Simplicity2,WINDPOWER,8568,2010,0.147732106
Simplicity2,WINDPOWER,8569,2010,0.147670741
Simplicity2,WINDPOWER,8570,2010,0.147628655
Simplicity2,WINDPOWER,8571,2010,0.147601413
Simplicity2,WINDPOWER,8572,2010,0.147582978
Simplicity2,WINDPOWER,8573,2010,0.147596071
Simplicity2,WINDPOWER,8574,2010,0.147531156
Simplicity2,WINDPOWER,8575,2010,0.147446062
Simplicity2,WINDPOWER,8576,2010,0.14745094
Simplicity2,WINDPOWER,8577,2010,0.147451563
Simplicity2,WINDPOWER,8578,2010,0.147478104
Simplicity2,WINDPOWER,8579,2010,0.147417565
Simplicity2,WINDPOWER,8580,2010,0.147320189
Simplicity2,WINDPOWER,8581,2010,0.147312486
Simplicity2,WINDPOWER,8582,2010,0.147288668
Simplicity2,WINDPOWER,8583,2010,0.147230234
Simplicity2,WINDPOWER,8584,2010,0.147253533
Simplicity2,WINDPOWER,8585,2010,0.147168047
Simplicity2,WINDPOWER,8586,2010,0.147130678
Simplicity2,WINDPOWER,8587,2010,0.147082368
Simplicity2,WINDPOWER,8588,2010,0.147051716
Simplicity2,WINDPOWER,8589,2010,0.147006282
Simplicity2,WINDPOWER,8590,2010,0.146997006
Simplicity2,WINDPOWER,8591,2010,0.14688178
Simplicity2,WINDPOWER,8592,2010,0.146809802
Simplicity2,WINDPOWER,8593,2010,0.146790985
Simplicity2,WINDPOWER,8594,2010,0.14673981
Simplicity2,WINDPOWER,8595,2010,0.14672598
Simplicity2,WINDPOWER,8596,2010,0.14670847
Simplicity2,WINDPOWER,8597,2010,0.146648517
Simplicity2,WINDPOWER,8598,2010,0.146621684
Simplicity2,WINDPOWER,8599,2010,0.146552386
Simplicity2,WINDPOWER,8600,2010,0.146552369
Simplicity2,WINDPOWER,8601,2010,0.146517153
Simplicity2,WINDPOWER,8602,2010,0.146474155
Simplicity2,WINDPOWER,8603,2010,0.146493336
Simplicity2,WINDPOWER,8604,2010,0.14636998
Simplicity2,WINDPOWER,8605,2010,0.146362365
Simplicity2,WINDPOWER,8606,2010,0.146306734
Simplicity2,WINDPOWER,8607,2010,0.146303076
Simplicity2,WINDPOWER,8608,2010,0.146218952
Simplicity2,WINDPOWER,8609,2010,0.146203871
Simplicity2,WINDPOWER,8610,2010,0.146153972
Simplicity2,WINDPOWER,8611,2010,0.146092215
Simplicity2,WINDPOWER,8612,2010,0.146109446
Simplicity2,WINDPOWER,8613,2010,0.146140242
Simplicity2,WINDPOWER,8614,2010,0.146086116
Simplicity2,WINDPOWER,8615,2010,0.14608443
Simplicity2,WINDPOWER,8616,2010,0.145972734
Simplicity2,WINDPOWER,8617,2010,0.145898894
Simplicity2,WINDPOWER,8618,2010,0.145792637
Simplicity2,WINDPOWER,8619,2010,0.14576836
Simplicity2,WINDPOWER,8620,2010,0.145795639
Simplicity2,WINDPOWER,8621,2010,0.145794947
Simplicity2,WINDPOWER,8622,2010,0.145775917
Simplicity2,WINDPOWER,8623,2010,0.145672392
Simplicity2,WINDPOWER,8624,2010,0.145632045
Simplicity2,WINDPOWER,8625,2010,0.145653496
Simplicity2,WINDPOWER,8626,2010,0.145639211
Simplicity2,WINDPOWER,8627,2010,0.145585408
Simplicity2,WINDPOWER,8628,2010,0.145504644
Simplicity2,WINDPOWER,8629,2010,0.14547574
Simplicity2,WINDPOWER,8630,2010,0.145524569
Simplicity2,WINDPOWER,8631,2010,0.145444093
Simplicity2,WINDPOWER,8632,2010,0.145461778
Simplicity2,WINDPOWER,8633,2010,0.145414703
Simplicity2,WINDPOWER,8634,2010,0.145350753
Simplicity2,WINDPOWER,8635,2010,0.145326243
Simplicity2,WINDPOWER,8636,2010,0.145236932
Simplicity2,WINDPOWER,8637,2010,0.145195518
Simplicity2,WINDPOWER,8638,2010,0.145178064
Simplicity2,WINDPOWER,8639,2010,0.145149517
Simplicity2,WINDPOWER,8640,2010,0.145051267
Simplicity2,WINDPOWER,8641,2010,0.145049555
Simplicity2,WINDPOWER,8642,2010,0.14500551
Simplicity2,WINDPOWER,8643,2010,0.144967287
Simplicity2,WINDPOWER,8644,2010,0.144954604
Simplicity2,WINDPOWER,8645,2010,0.144970254
Simplicity2,WINDPOWER,8646,2010,0.144934751
Simplicity2,WINDPOWER,8647,2010,0.14487899
Simplicity2,WINDPOWER,8648,2010,0.14491629
Simplicity2,WINDPOWER,8649,2010,0.144906136
Simplicity2,WINDPOWER,8650,2010,0.144824744
Simplicity2,WINDPOWER,8651,2010,0.144781523
Simplicity2,WINDPOWER,8652,2010,0.144782253
Simplicity2,WINDPOWER,8653,2010,0.144738732
Simplicity2,WINDPOWER,8654,2010,0.144708212
Simplicity2,WINDPOWER,8655,2010,0.1446467
Simplicity2,WINDPOWER,8656,2010,0.14464334
Simplicity2,WINDPOWER,8657,2010,0.144574477
Simplicity2,WINDPOWER,8658,2010,0.144540325
Simplicity2,WINDPOWER,8659,2010,0.144513402
Simplicity2,WINDPOWER,8660,2010,0.144507677
Simplicity2,WINDPOWER,8661,2010,0.144426389
Simplicity2,WINDPOWER,8662,2010,0.144401529
Simplicity2,WINDPOWER,8663,2010,0.144393202
Simplicity2,WINDPOWER,8664,2010,0.144317222
Simplicity2,WINDPOWER,8665,2010,0.14428655
Simplicity2,WINDPOWER,8666,2010,0.144216432
Simplicity2,WINDPOWER,8667,2010,0.144207042
Simplicity2,WINDPOWER,8668,2010,0.144170509
Simplicity2,WINDPOWER,8669,2010,0.144145968
Simplicity2,WINDPOWER,8670,2010,0.144097256
Simplicity2,WINDPOWER,8671,2010,0.14398937
Simplicity2,WINDPOWER,8672,2010,0.143962223
Simplicity2,WINDPOWER,8673,2010,0.14388225
Simplicity2,WINDPOWER,8674,2010,0.143904747
Simplicity2,WINDPOWER,8675,2010,0.14393394
Simplicity2,WINDPOWER,8676,2010,0.143892947
Simplicity2,WINDPOWER,8677,2010,0.143850716
Simplicity2,WINDPOWER,8678,2010,0.143781565
Simplicity2,WINDPOWER,8679,2010,0.143761678
Simplicity2,WINDPOWER,8680,2010,0.14369292
Simplicity2,WINDPOWER,8681,2010,0.143638466
Simplicity2,WINDPOWER,8682,2010,0.143622544
Simplicity2,WINDPOWER,8683,2010,0.143555514
Simplicity2,WINDPOWER,8684,2010,0.143557636
Simplicity2,WINDPOWER,8685,2010,0.143552141
Simplicity2,WINDPOWER,8686,2010,0.143465619
Simplicity2,WINDPOWER,8687,2010,0.143437185
Simplicity2,WINDPOWER,8688,2010,0.143443795
Simplicity2,WINDPOWER,8689,2010,0.14343026
Simplicity2,WINDPOWER,8690,2010,0.143410802
Simplicity2,WINDPOWER,8691,2010,0.143365114
Simplicity2,WINDPOWER,8692,2010,0.143366771
Simplicity2,WINDPOWER,8693,2010,0.143360205
Simplicity2,WINDPOWER,8694,2010,0.143313071
Simplicity2,WINDPOWER,8695,2010,0.143333618
Simplicity2,WINDPOWER,8696,2010,0.143294501
Simplicity2,WINDPOWER,8697,2010,0.143280377
Simplicity2,WINDPOWER,8698,2010,0.143237936
Simplicity2,WINDPOWER,8699,2010,0.143184256
Simplicity2,WINDPOWER,8700,2010,0.143196302
Simplicity2,WINDPOWER,8701,2010,0.143159916
Simplicity2,WINDPOWER,8702,2010,0.143147352
Simplicity2,WINDPOWER,8703,2010,0.143077383
Simplicity2,WINDPOWER,8704,2010,0.143042618
Simplicity2,WINDPOWER,8705,2010,0.143012941
Simplicity2,WINDPOWER,8706,2010,0.142951232
Simplicity2,WINDPOWER,8707,2010,0.142923219
Simplicity2,WINDPOWER,8708,2010,0.142860942
Simplicity2,WINDPOWER,8709,2010,0.142824415
Simplicity2,WINDPOWER,8710,2010,0.142869264
Simplicity2,WINDPOWER,8711,2010,0.142756375
Simplicity2,WINDPOWER,8712,2010,0.142769119
Simplicity2,WINDPOWER,8713,2010,0.142742881
Simplicity2,WINDPOWER,8714,2010,0.142700643
Simplicity2,WINDPOWER,8715,2010,0.142688953
Simplicity2,WINDPOWER,8716,2010,0.142641025
Simplicity2,WINDPOWER,8717,2010,0.142539408
Simplicity2,WINDPOWER,8718,2010,0.142509672
Simplicity2,WINDPOWER,8719,2010,0.142470199
Simplicity2,WINDPOWER,8720,2010,0.142487657
Simplicity2,WINDPOWER,8721,2010,0.142482974
Simplicity2,WINDPOWER,8722,2010,0.142412989
Simplicity2,WINDPOWER,8723,2010,0.142340613
Simplicity2,WINDPOWER,8724,2010,0.142398148
Simplicity2,WINDPOWER,8725,2010,0.142328577
Simplicity2,WINDPOWER,8726,2010,0.142250841
Simplicity2,WINDPOWER,8727,2010,0.14219921
Simplicity2,WINDPOWER,8728,2010,0.142149016
Simplicity2,WINDPOWER,8729,2010,0.142158164
Simplicity2,WINDPOWER,8730,2010,0.142088984
Simplicity2,WINDPOWER,8731,2010,0.142027893
Simplicity2,WINDPOWER,8732,2010,0.141959291
Simplicity2,WINDPOWER,8733,2010,0.14192301
Simplicity2,WINDPOWER,8734,2010,0.141862586
Simplicity2,WINDPOWER,8735,2010,0.141882091
Simplicity2,WINDPOWER,8736,2010,0.141853258
Simplicity2,WINDPOWER,8737,2010,0.141801801
Simplicity2,WINDPOWER,8738,2010,0.141763099
Simplicity2,WINDPOWER,8739,2010,0.141707836
Simplicity2,WINDPOWER,8740,2010,0.14168479
Simplicity2,WINDPOWER,8741,2010,0.141672102
Simplicity2,WINDPOWER,8742,2010,0.141634962
Simplicity2,WINDPOWER,8743,2010,0.141628706
Simplicity2,WINDPOWER,8744,2010,0.141571601
Simplicity2,WINDPOWER,8745,2010,0.141526615
Simplicity2,WINDPOWER,8746,2010,0.141511117
Simplicity2,WINDPOWER,8747,2010,0.141471016
Simplicity2,WINDPOWER,8748,2010,0.141430793
Simplicity2,WINDPOWER,8749,2010,0.141434519
Simplicity2,WINDPOWER,8750,2010,0.141380981
Simplicity2,WINDPOWER,8751,2010,0.141283774
Simplicity2,WINDPOWER,8752,2010,0.141297596
Simplicity2,WINDPOWER,8753,2010,0.141208812
Simplicity2,WINDPOWER,8754,2010,0.108449719
Simplicity2,WINDPOWER,8755,2010,0.108411077
Simplicity2,WINDPOWER,8756,2010,0.108430534
Simplicity2,WINDPOWER,8757,2010,0.108363886
Simplicity2,WINDPOWER,8758,2010,0.108381023
Simplicity2,WINDPOWER,8759,2010,0.108363922
Simplicity2,WINDPOWER,8760,2010,0.1083447
