REGION,TECHNOLOGY,TIMESLICE,YEAR,VALUE
Simplicity2,WINDPOWER,1,2010,0.93673773
Simplicity2,WINDPOWER,2,2010,0.938652022
Simplicity2,WINDPOWER,3,2010,0.937990743
Simplicity2,WINDPOWER,4,2010,0.934069019
Simplicity2,WINDPOWER,5,2010,0.934757548
Simplicity2,WINDPOWER,6,2010,0.920766085
Simplicity2,WINDPOWER,7,2010,0.877417742
Simplicity2,WINDPOWER,8,2010,0.855826402
Simplicity2,WINDPOWER,9,2010,0.720497732
Simplicity2,WINDPOWER,10,2010,0.335716461
Simplicity2,WINDPOWER,11,2010,0.171680565
Simplicity2,WINDPOWER,12,2010,0.063613341
Simplicity2,WINDPOWER,13,2010,0.01291621
Simplicity2,WINDPOWER,14,2010,0.033133507
Simplicity2,WINDPOWER,15,2010,0.110694603
Simplicity2,WINDPOWER,16,2010,0.128186736
Simplicity2,WINDPOWER,17,2010,0.081686012
Simplicity2,WINDPOWER,18,2010,0.07920451
Simplicity2,WINDPOWER,19,2010,0.088568527
Simplicity2,WINDPOWER,20,2010,0.071197655
Simplicity2,WINDPOWER,21,2010,0.041065326
Simplicity2,WINDPOWER,22,2010,0.035774675
Simplicity2,WINDPOWER,23,2010,0.042731446
Simplicity2,WINDPOWER,24,2010,0.028519818
Simplicity2,WINDPOWER,25,2010,0.065323803
Simplicity2,WINDPOWER,26,2010,0.031347502
Simplicity2,WINDPOWER,27,2010,0.042242275
Simplicity2,WINDPOWER,28,2010,0.041662732
Simplicity2,WINDPOWER,29,2010,0.182074107
Simplicity2,WINDPOWER,30,2010,0.611853721
Simplicity2,WINDPOWER,31,2010,0.898082406
Simplicity2,WINDPOWER,32,2010,0.890876387
Simplicity2,WINDPOWER,33,2010,0.889333535
Simplicity2,WINDPOWER,34,2010,0.857368367
Simplicity2,WINDPOWER,35,2010,0.908357623
Simplicity2,WINDPOWER,36,2010,0.938478095
Simplicity2,WINDPOWER,37,2010,0.93860649
Simplicity2,WINDPOWER,38,2010,0.936899898
Simplicity2,WINDPOWER,39,2010,0.934708979
Simplicity2,WINDPOWER,40,2010,0.871559674
Simplicity2,WINDPOWER,41,2010,0.804527871
Simplicity2,WINDPOWER,42,2010,0.694401987
Simplicity2,WINDPOWER,43,2010,0.804049715
Simplicity2,WINDPOWER,44,2010,0.93416414
Simplicity2,WINDPOWER,45,2010,0.938768185
Simplicity2,WINDPOWER,46,2010,0.938768185
Simplicity2,WINDPOWER,47,2010,0.843829811
Simplicity2,WINDPOWER,48,2010,0.909302932
Simplicity2,WINDPOWER,49,2010,0.923824086
Simplicity2,WINDPOWER,50,2010,0.910778939
Simplicity2,WINDPOWER,51,2010,0.910432495
Simplicity2,WINDPOWER,52,2010,0.91573311
Simplicity2,WINDPOWER,53,2010,0.938691475
Simplicity2,WINDPOWER,54,2010,0.938768185
Simplicity2,WINDPOWER,55,2010,0.938768185
Simplicity2,WINDPOWER,56,2010,0.938768185
Simplicity2,WINDPOWER,57,2010,0.938768185
Simplicity2,WINDPOWER,58,2010,0.938768185
Simplicity2,WINDPOWER,59,2010,0.938768185
Simplicity2,WINDPOWER,60,2010,0.938768185
Simplicity2,WINDPOWER,61,2010,0.938768185
Simplicity2,WINDPOWER,62,2010,0.938768185
Simplicity2,WINDPOWER,63,2010,0.938768185
Simplicity2,WINDPOWER,64,2010,0.938768185
Simplicity2,WINDPOWER,65,2010,0.938768185
Simplicity2,WINDPOWER,66,2010,0.938768185
Simplicity2,WINDPOWER,67,2010,0.938768185
Simplicity2,WINDPOWER,68,2010,0.938768185
Simplicity2,WINDPOWER,69,2010,0.938768185
Simplicity2,WINDPOWER,70,2010,0.938768185
Simplicity2,WINDPOWER,71,2010,0.938768185
Simplicity2,WINDPOWER,72,2010,0.938768185
Simplicity2,WINDPOWER,73,2010,0.938768185
Simplicity2,WINDPOWER,74,2010,0.938768185
Simplicity2,WINDPOWER,75,2010,0.938768185
Simplicity2,WINDPOWER,76,2010,0.938768185
Simplicity2,WINDPOWER,77,2010,0.938768185
Simplicity2,WINDPOWER,78,2010,0.938768185
Simplicity2,WINDPOWER,79,2010,0.938768185
Simplicity2,WINDPOWER,80,2010,0.938768185
Simplicity2,WINDPOWER,81,2010,0.934859883
Simplicity2,WINDPOWER,82,2010,0.900691935
Simplicity2,WINDPOWER,83,2010,0.758034991
Simplicity2,WINDPOWER,84,2010,0.684568276
Simplicity2,WINDPOWER,85,2010,0.423401578
Simplicity2,WINDPOWER,86,2010,0.193677
Simplicity2,WINDPOWER,87,2010,0.121833919
Simplicity2,WINDPOWER,88,2010,0.066321143
Simplicity2,WINDPOWER,89,2010,0.012649318
Simplicity2,WINDPOWER,90,2010,0.040039249
Simplicity2,WINDPOWER,91,2010,0.087712317
Simplicity2,WINDPOWER,92,2010,0.095460107
Simplicity2,WINDPOWER,93,2010,0.072045145
Simplicity2,WINDPOWER,94,2010,0.061586953
Simplicity2,WINDPOWER,95,2010,0.052388171
Simplicity2,WINDPOWER,96,2010,0.134793378
Simplicity2,WINDPOWER,97,2010,0.198180334
Simplicity2,WINDPOWER,98,2010,0.312341342
Simplicity2,WINDPOWER,99,2010,0.536333174
Simplicity2,WINDPOWER,100,2010,0.698853919
Simplicity2,WINDPOWER,101,2010,0.774224329
Simplicity2,WINDPOWER,102,2010,0.838880439
Simplicity2,WINDPOWER,103,2010,0.893067743
Simplicity2,WINDPOWER,104,2010,0.90803917
Simplicity2,WINDPOWER,105,2010,0.926613878
Simplicity2,WINDPOWER,106,2010,0.934733079
Simplicity2,WINDPOWER,107,2010,0.937583273
Simplicity2,WINDPOWER,108,2010,0.936552798
Simplicity2,WINDPOWER,109,2010,0.933450234
Simplicity2,WINDPOWER,110,2010,0.926974073
Simplicity2,WINDPOWER,111,2010,0.905756975
Simplicity2,WINDPOWER,112,2010,0.825019623
Simplicity2,WINDPOWER,113,2010,0.819885358
Simplicity2,WINDPOWER,114,2010,0.770786456
Simplicity2,WINDPOWER,115,2010,0.754970586
Simplicity2,WINDPOWER,116,2010,0.654199532
Simplicity2,WINDPOWER,117,2010,0.624245271
Simplicity2,WINDPOWER,118,2010,0.677132081
Simplicity2,WINDPOWER,119,2010,0.785940159
Simplicity2,WINDPOWER,120,2010,0.818620673
Simplicity2,WINDPOWER,121,2010,0.865369115
Simplicity2,WINDPOWER,122,2010,0.850124507
Simplicity2,WINDPOWER,123,2010,0.857277092
Simplicity2,WINDPOWER,124,2010,0.899454826
Simplicity2,WINDPOWER,125,2010,0.932412697
Simplicity2,WINDPOWER,126,2010,0.938101227
Simplicity2,WINDPOWER,127,2010,0.938622849
Simplicity2,WINDPOWER,128,2010,0.938768185
Simplicity2,WINDPOWER,129,2010,0.938768185
Simplicity2,WINDPOWER,130,2010,0.938768185
Simplicity2,WINDPOWER,131,2010,0.938768185
Simplicity2,WINDPOWER,132,2010,0.938768185
Simplicity2,WINDPOWER,133,2010,0.938768185
Simplicity2,WINDPOWER,134,2010,0.938768185
Simplicity2,WINDPOWER,135,2010,0.938768185
Simplicity2,WINDPOWER,136,2010,0.938768185
Simplicity2,WINDPOWER,137,2010,0.938768185
Simplicity2,WINDPOWER,138,2010,0.938768185
Simplicity2,WINDPOWER,139,2010,0.938768185
Simplicity2,WINDPOWER,140,2010,0.938768185
Simplicity2,WINDPOWER,141,2010,0.938768185
Simplicity2,WINDPOWER,142,2010,0.938768185
Simplicity2,WINDPOWER,143,2010,0.938768185
Simplicity2,WINDPOWER,144,2010,0.938768185
Simplicity2,WINDPOWER,145,2010,0.938768185
Simplicity2,WINDPOWER,146,2010,0.938768185
Simplicity2,WINDPOWER,147,2010,0.938768185
Simplicity2,WINDPOWER,148,2010,0.938768185
Simplicity2,WINDPOWER,149,2010,0.938768185
Simplicity2,WINDPOWER,150,2010,0.938751453
Simplicity2,WINDPOWER,151,2010,0.938677068
Simplicity2,WINDPOWER,152,2010,0.938624377
Simplicity2,WINDPOWER,153,2010,0.938656677
Simplicity2,WINDPOWER,154,2010,0.938666803
Simplicity2,WINDPOWER,155,2010,0.937758922
Simplicity2,WINDPOWER,156,2010,0.921791594
Simplicity2,WINDPOWER,157,2010,0.875158896
Simplicity2,WINDPOWER,158,2010,0.892728384
Simplicity2,WINDPOWER,159,2010,0.922352065
Simplicity2,WINDPOWER,160,2010,0.917417262
Simplicity2,WINDPOWER,161,2010,0.866164997
Simplicity2,WINDPOWER,162,2010,0.89772809
Simplicity2,WINDPOWER,163,2010,0.922831047
Simplicity2,WINDPOWER,164,2010,0.919511365
Simplicity2,WINDPOWER,165,2010,0.920042738
Simplicity2,WINDPOWER,166,2010,0.91787967
Simplicity2,WINDPOWER,167,2010,0.928474362
Simplicity2,WINDPOWER,168,2010,0.926542311
Simplicity2,WINDPOWER,169,2010,0.88066528
Simplicity2,WINDPOWER,170,2010,0.749562063
Simplicity2,WINDPOWER,171,2010,0.601238169
Simplicity2,WINDPOWER,172,2010,0.567180753
Simplicity2,WINDPOWER,173,2010,0.513301076
Simplicity2,WINDPOWER,174,2010,0.222008983
Simplicity2,WINDPOWER,175,2010,0.047759497
Simplicity2,WINDPOWER,176,2010,0.066662535
Simplicity2,WINDPOWER,177,2010,0.192576242
Simplicity2,WINDPOWER,178,2010,0.117911695
Simplicity2,WINDPOWER,179,2010,0.10145864
Simplicity2,WINDPOWER,180,2010,0.112170577
Simplicity2,WINDPOWER,181,2010,0.118804983
Simplicity2,WINDPOWER,182,2010,0.155616528
Simplicity2,WINDPOWER,183,2010,0.165062791
Simplicity2,WINDPOWER,184,2010,0.116503389
Simplicity2,WINDPOWER,185,2010,0.090700192
Simplicity2,WINDPOWER,186,2010,0.07609608
Simplicity2,WINDPOWER,187,2010,0.137371421
Simplicity2,WINDPOWER,188,2010,0.240381272
Simplicity2,WINDPOWER,189,2010,0.287816868
Simplicity2,WINDPOWER,190,2010,0.625350002
Simplicity2,WINDPOWER,191,2010,0.868333857
Simplicity2,WINDPOWER,192,2010,0.916895939
Simplicity2,WINDPOWER,193,2010,0.916574499
Simplicity2,WINDPOWER,194,2010,0.915222436
Simplicity2,WINDPOWER,195,2010,0.890710836
Simplicity2,WINDPOWER,196,2010,0.836789732
Simplicity2,WINDPOWER,197,2010,0.841183843
Simplicity2,WINDPOWER,198,2010,0.885915734
Simplicity2,WINDPOWER,199,2010,0.925393858
Simplicity2,WINDPOWER,200,2010,0.924160415
Simplicity2,WINDPOWER,201,2010,0.903502852
Simplicity2,WINDPOWER,202,2010,0.886745034
Simplicity2,WINDPOWER,203,2010,0.868670258
Simplicity2,WINDPOWER,204,2010,0.892692095
Simplicity2,WINDPOWER,205,2010,0.888211757
Simplicity2,WINDPOWER,206,2010,0.915266232
Simplicity2,WINDPOWER,207,2010,0.919018357
Simplicity2,WINDPOWER,208,2010,0.899847815
Simplicity2,WINDPOWER,209,2010,0.908105223
Simplicity2,WINDPOWER,210,2010,0.885770568
Simplicity2,WINDPOWER,211,2010,0.894640718
Simplicity2,WINDPOWER,212,2010,0.880776341
Simplicity2,WINDPOWER,213,2010,0.785077716
Simplicity2,WINDPOWER,214,2010,0.67890812
Simplicity2,WINDPOWER,215,2010,0.655627271
Simplicity2,WINDPOWER,216,2010,0.697434583
Simplicity2,WINDPOWER,217,2010,0.701495156
Simplicity2,WINDPOWER,218,2010,0.568168073
Simplicity2,WINDPOWER,219,2010,0.588217527
Simplicity2,WINDPOWER,220,2010,0.551576151
Simplicity2,WINDPOWER,221,2010,0.542757132
Simplicity2,WINDPOWER,222,2010,0.56525336
Simplicity2,WINDPOWER,223,2010,0.725530573
Simplicity2,WINDPOWER,224,2010,0.784190722
Simplicity2,WINDPOWER,225,2010,0.881952945
Simplicity2,WINDPOWER,226,2010,0.921434386
Simplicity2,WINDPOWER,227,2010,0.937989794
Simplicity2,WINDPOWER,228,2010,0.938702754
Simplicity2,WINDPOWER,229,2010,0.938768185
Simplicity2,WINDPOWER,230,2010,0.938768185
Simplicity2,WINDPOWER,231,2010,0.938768185
Simplicity2,WINDPOWER,232,2010,0.938768185
Simplicity2,WINDPOWER,233,2010,0.938768185
Simplicity2,WINDPOWER,234,2010,0.938768185
Simplicity2,WINDPOWER,235,2010,0.938768185
Simplicity2,WINDPOWER,236,2010,0.938768185
Simplicity2,WINDPOWER,237,2010,0.916320987
Simplicity2,WINDPOWER,238,2010,0.799974744
Simplicity2,WINDPOWER,239,2010,0.875029758
Simplicity2,WINDPOWER,240,2010,0.776171111
Simplicity2,WINDPOWER,241,2010,0.774788934
Simplicity2,WINDPOWER,242,2010,0.851866601
Simplicity2,WINDPOWER,243,2010,0.879856403
Simplicity2,WINDPOWER,244,2010,0.893294055
Simplicity2,WINDPOWER,245,2010,0.918604713
Simplicity2,WINDPOWER,246,2010,0.924738744
Simplicity2,WINDPOWER,247,2010,0.930332314
Simplicity2,WINDPOWER,248,2010,0.935826439
Simplicity2,WINDPOWER,249,2010,0.937910215
Simplicity2,WINDPOWER,250,2010,0.938312092
Simplicity2,WINDPOWER,251,2010,0.937884228
Simplicity2,WINDPOWER,252,2010,0.937889035
Simplicity2,WINDPOWER,253,2010,0.938229738
Simplicity2,WINDPOWER,254,2010,0.938450079
Simplicity2,WINDPOWER,255,2010,0.938768185
Simplicity2,WINDPOWER,256,2010,0.938768185
Simplicity2,WINDPOWER,257,2010,0.938768185
Simplicity2,WINDPOWER,258,2010,0.938768185
Simplicity2,WINDPOWER,259,2010,0.938768185
Simplicity2,WINDPOWER,260,2010,0.938768185
Simplicity2,WINDPOWER,261,2010,0.938768185
Simplicity2,WINDPOWER,262,2010,0.938768185
Simplicity2,WINDPOWER,263,2010,0.938768185
Simplicity2,WINDPOWER,264,2010,0.938768185
Simplicity2,WINDPOWER,265,2010,0.938768185
Simplicity2,WINDPOWER,266,2010,0.938768185
Simplicity2,WINDPOWER,267,2010,0.938768185
Simplicity2,WINDPOWER,268,2010,0.938768185
Simplicity2,WINDPOWER,269,2010,0.938658978
Simplicity2,WINDPOWER,270,2010,0.938768185
Simplicity2,WINDPOWER,271,2010,0.934422395
Simplicity2,WINDPOWER,272,2010,0.661944745
Simplicity2,WINDPOWER,273,2010,0.301139558
Simplicity2,WINDPOWER,274,2010,0.245604997
Simplicity2,WINDPOWER,275,2010,0.209024426
Simplicity2,WINDPOWER,276,2010,0.174136895
Simplicity2,WINDPOWER,277,2010,0.124525047
Simplicity2,WINDPOWER,278,2010,0.11666912
Simplicity2,WINDPOWER,279,2010,0.121644528
Simplicity2,WINDPOWER,280,2010,0.36402701
Simplicity2,WINDPOWER,281,2010,0.469265375
Simplicity2,WINDPOWER,282,2010,0.397837562
Simplicity2,WINDPOWER,283,2010,0.718837013
Simplicity2,WINDPOWER,284,2010,0.915299712
Simplicity2,WINDPOWER,285,2010,0.938768185
Simplicity2,WINDPOWER,286,2010,0.938768185
Simplicity2,WINDPOWER,287,2010,0.938668431
Simplicity2,WINDPOWER,288,2010,0.938768185
Simplicity2,WINDPOWER,289,2010,0.938687875
Simplicity2,WINDPOWER,290,2010,0.935872336
Simplicity2,WINDPOWER,291,2010,0.923619116
Simplicity2,WINDPOWER,292,2010,0.907640882
Simplicity2,WINDPOWER,293,2010,0.874358878
Simplicity2,WINDPOWER,294,2010,0.874966699
Simplicity2,WINDPOWER,295,2010,0.717079048
Simplicity2,WINDPOWER,296,2010,0.447286184
Simplicity2,WINDPOWER,297,2010,0.211015274
Simplicity2,WINDPOWER,298,2010,0.115747472
Simplicity2,WINDPOWER,299,2010,0.078736055
Simplicity2,WINDPOWER,300,2010,0.085843915
Simplicity2,WINDPOWER,301,2010,0.126021511
Simplicity2,WINDPOWER,302,2010,0.171019974
Simplicity2,WINDPOWER,303,2010,0.20884534
Simplicity2,WINDPOWER,304,2010,0.385021286
Simplicity2,WINDPOWER,305,2010,0.759994804
Simplicity2,WINDPOWER,306,2010,0.925047979
Simplicity2,WINDPOWER,307,2010,0.938140025
Simplicity2,WINDPOWER,308,2010,0.938768185
Simplicity2,WINDPOWER,309,2010,0.938768185
Simplicity2,WINDPOWER,310,2010,0.938768185
Simplicity2,WINDPOWER,311,2010,0.938768185
Simplicity2,WINDPOWER,312,2010,0.938768185
Simplicity2,WINDPOWER,313,2010,0.938768185
Simplicity2,WINDPOWER,314,2010,0.938768185
Simplicity2,WINDPOWER,315,2010,0.938768185
Simplicity2,WINDPOWER,316,2010,0.938768185
Simplicity2,WINDPOWER,317,2010,0.938768185
Simplicity2,WINDPOWER,318,2010,0.938768185
Simplicity2,WINDPOWER,319,2010,0.938768185
Simplicity2,WINDPOWER,320,2010,0.938619151
Simplicity2,WINDPOWER,321,2010,0.937851912
Simplicity2,WINDPOWER,322,2010,0.934888896
Simplicity2,WINDPOWER,323,2010,0.929063425
Simplicity2,WINDPOWER,324,2010,0.910229651
Simplicity2,WINDPOWER,325,2010,0.913971496
Simplicity2,WINDPOWER,326,2010,0.89196323
Simplicity2,WINDPOWER,327,2010,0.871483583
Simplicity2,WINDPOWER,328,2010,0.83845747
Simplicity2,WINDPOWER,329,2010,0.883396545
Simplicity2,WINDPOWER,330,2010,0.848625745
Simplicity2,WINDPOWER,331,2010,0.789758073
Simplicity2,WINDPOWER,332,2010,0.660387883
Simplicity2,WINDPOWER,333,2010,0.533128298
Simplicity2,WINDPOWER,334,2010,0.430312894
Simplicity2,WINDPOWER,335,2010,0.330021255
Simplicity2,WINDPOWER,336,2010,0.334447368
Simplicity2,WINDPOWER,337,2010,0.309328187
Simplicity2,WINDPOWER,338,2010,0.283524791
Simplicity2,WINDPOWER,339,2010,0.239871752
Simplicity2,WINDPOWER,340,2010,0.209157513
Simplicity2,WINDPOWER,341,2010,0.243520714
Simplicity2,WINDPOWER,342,2010,0.222662832
Simplicity2,WINDPOWER,343,2010,0.3498901
Simplicity2,WINDPOWER,344,2010,0.668825793
Simplicity2,WINDPOWER,345,2010,0.928703903
Simplicity2,WINDPOWER,346,2010,0.938768185
Simplicity2,WINDPOWER,347,2010,0.938768185
Simplicity2,WINDPOWER,348,2010,0.938768185
Simplicity2,WINDPOWER,349,2010,0.938768185
Simplicity2,WINDPOWER,350,2010,0.938768185
Simplicity2,WINDPOWER,351,2010,0.938768185
Simplicity2,WINDPOWER,352,2010,0.938768185
Simplicity2,WINDPOWER,353,2010,0.938768185
Simplicity2,WINDPOWER,354,2010,0.938768185
Simplicity2,WINDPOWER,355,2010,0.938768185
Simplicity2,WINDPOWER,356,2010,0.938768185
Simplicity2,WINDPOWER,357,2010,0.938768185
Simplicity2,WINDPOWER,358,2010,0.938768185
Simplicity2,WINDPOWER,359,2010,0.938768185
Simplicity2,WINDPOWER,360,2010,0.938768185
Simplicity2,WINDPOWER,361,2010,0.938768185
Simplicity2,WINDPOWER,362,2010,0.938768185
Simplicity2,WINDPOWER,363,2010,0.938768185
Simplicity2,WINDPOWER,364,2010,0.938768185
Simplicity2,WINDPOWER,365,2010,0.938768185
Simplicity2,WINDPOWER,366,2010,0.938768185
Simplicity2,WINDPOWER,367,2010,0.938768185
Simplicity2,WINDPOWER,368,2010,0.938768185
Simplicity2,WINDPOWER,369,2010,0.938768185
Simplicity2,WINDPOWER,370,2010,0.938768185
Simplicity2,WINDPOWER,371,2010,0.938768185
Simplicity2,WINDPOWER,372,2010,0.938768185
Simplicity2,WINDPOWER,373,2010,0.938768185
Simplicity2,WINDPOWER,374,2010,0.938539454
Simplicity2,WINDPOWER,375,2010,0.937770133
Simplicity2,WINDPOWER,376,2010,0.937898455
Simplicity2,WINDPOWER,377,2010,0.937239178
Simplicity2,WINDPOWER,378,2010,0.936355875
Simplicity2,WINDPOWER,379,2010,0.938545765
Simplicity2,WINDPOWER,380,2010,0.938375946
Simplicity2,WINDPOWER,381,2010,0.928364734
Simplicity2,WINDPOWER,382,2010,0.930977743
Simplicity2,WINDPOWER,383,2010,0.91320438
Simplicity2,WINDPOWER,384,2010,0.937951066
Simplicity2,WINDPOWER,385,2010,0.932913804
Simplicity2,WINDPOWER,386,2010,0.925083911
Simplicity2,WINDPOWER,387,2010,0.929528609
Simplicity2,WINDPOWER,388,2010,0.932954073
Simplicity2,WINDPOWER,389,2010,0.938749534
Simplicity2,WINDPOWER,390,2010,0.938768185
Simplicity2,WINDPOWER,391,2010,0.938768185
Simplicity2,WINDPOWER,392,2010,0.938768185
Simplicity2,WINDPOWER,393,2010,0.938768185
Simplicity2,WINDPOWER,394,2010,0.938768185
Simplicity2,WINDPOWER,395,2010,0.938768185
Simplicity2,WINDPOWER,396,2010,0.938768185
Simplicity2,WINDPOWER,397,2010,0.938768185
Simplicity2,WINDPOWER,398,2010,0.938768185
Simplicity2,WINDPOWER,399,2010,0.938768185
Simplicity2,WINDPOWER,400,2010,0.938768185
Simplicity2,WINDPOWER,401,2010,0.938768185
Simplicity2,WINDPOWER,402,2010,0.938768185
Simplicity2,WINDPOWER,403,2010,0.938768185
Simplicity2,WINDPOWER,404,2010,0.938727619
Simplicity2,WINDPOWER,405,2010,0.938759036
Simplicity2,WINDPOWER,406,2010,0.938750814
Simplicity2,WINDPOWER,407,2010,0.938768185
Simplicity2,WINDPOWER,408,2010,0.938768185
Simplicity2,WINDPOWER,409,2010,0.938768185
Simplicity2,WINDPOWER,410,2010,0.938768185
Simplicity2,WINDPOWER,411,2010,0.938768185
Simplicity2,WINDPOWER,412,2010,0.938768185
Simplicity2,WINDPOWER,413,2010,0.938768185
Simplicity2,WINDPOWER,414,2010,0.938768185
Simplicity2,WINDPOWER,415,2010,0.938719107
Simplicity2,WINDPOWER,416,2010,0.935215877
Simplicity2,WINDPOWER,417,2010,0.938617168
Simplicity2,WINDPOWER,418,2010,0.938693617
Simplicity2,WINDPOWER,419,2010,0.937877809
Simplicity2,WINDPOWER,420,2010,0.911848283
Simplicity2,WINDPOWER,421,2010,0.842536795
Simplicity2,WINDPOWER,422,2010,0.816721332
Simplicity2,WINDPOWER,423,2010,0.711466796
Simplicity2,WINDPOWER,424,2010,0.515582
Simplicity2,WINDPOWER,425,2010,0.48380114
Simplicity2,WINDPOWER,426,2010,0.661255653
Simplicity2,WINDPOWER,427,2010,0.765938583
Simplicity2,WINDPOWER,428,2010,0.728592322
Simplicity2,WINDPOWER,429,2010,0.509360545
Simplicity2,WINDPOWER,430,2010,0.525381292
Simplicity2,WINDPOWER,431,2010,0.589425755
Simplicity2,WINDPOWER,432,2010,0.793615049
Simplicity2,WINDPOWER,433,2010,0.870798915
Simplicity2,WINDPOWER,434,2010,0.912819296
Simplicity2,WINDPOWER,435,2010,0.927955475
Simplicity2,WINDPOWER,436,2010,0.93308651
Simplicity2,WINDPOWER,437,2010,0.936751558
Simplicity2,WINDPOWER,438,2010,0.938698992
Simplicity2,WINDPOWER,439,2010,0.938768185
Simplicity2,WINDPOWER,440,2010,0.938768185
Simplicity2,WINDPOWER,441,2010,0.938768185
Simplicity2,WINDPOWER,442,2010,0.938768185
Simplicity2,WINDPOWER,443,2010,0.938768185
Simplicity2,WINDPOWER,444,2010,0.938768185
Simplicity2,WINDPOWER,445,2010,0.938768185
Simplicity2,WINDPOWER,446,2010,0.938768185
Simplicity2,WINDPOWER,447,2010,0.938768185
Simplicity2,WINDPOWER,448,2010,0.938768185
Simplicity2,WINDPOWER,449,2010,0.938768185
Simplicity2,WINDPOWER,450,2010,0.938768185
Simplicity2,WINDPOWER,451,2010,0.938768185
Simplicity2,WINDPOWER,452,2010,0.938768185
Simplicity2,WINDPOWER,453,2010,0.938768185
Simplicity2,WINDPOWER,454,2010,0.938768185
Simplicity2,WINDPOWER,455,2010,0.938768185
Simplicity2,WINDPOWER,456,2010,0.938768185
Simplicity2,WINDPOWER,457,2010,0.938768185
Simplicity2,WINDPOWER,458,2010,0.938768185
Simplicity2,WINDPOWER,459,2010,0.938768185
Simplicity2,WINDPOWER,460,2010,0.938768185
Simplicity2,WINDPOWER,461,2010,0.938768185
Simplicity2,WINDPOWER,462,2010,0.938768185
Simplicity2,WINDPOWER,463,2010,0.938768185
Simplicity2,WINDPOWER,464,2010,0.938768185
Simplicity2,WINDPOWER,465,2010,0.938768185
Simplicity2,WINDPOWER,466,2010,0.938768185
Simplicity2,WINDPOWER,467,2010,0.938768185
Simplicity2,WINDPOWER,468,2010,0.938756696
Simplicity2,WINDPOWER,469,2010,0.937408679
Simplicity2,WINDPOWER,470,2010,0.926596742
Simplicity2,WINDPOWER,471,2010,0.903390861
Simplicity2,WINDPOWER,472,2010,0.877781653
Simplicity2,WINDPOWER,473,2010,0.827402889
Simplicity2,WINDPOWER,474,2010,0.761997435
Simplicity2,WINDPOWER,475,2010,0.605808901
Simplicity2,WINDPOWER,476,2010,0.464934447
Simplicity2,WINDPOWER,477,2010,0.424064042
Simplicity2,WINDPOWER,478,2010,0.369557747
Simplicity2,WINDPOWER,479,2010,0.274548437
Simplicity2,WINDPOWER,480,2010,0.296091021
Simplicity2,WINDPOWER,481,2010,0.329277187
Simplicity2,WINDPOWER,482,2010,0.336502824
Simplicity2,WINDPOWER,483,2010,0.357881078
Simplicity2,WINDPOWER,484,2010,0.363262561
Simplicity2,WINDPOWER,485,2010,0.366072448
Simplicity2,WINDPOWER,486,2010,0.365985747
Simplicity2,WINDPOWER,487,2010,0.387957404
Simplicity2,WINDPOWER,488,2010,0.383848437
Simplicity2,WINDPOWER,489,2010,0.366194149
Simplicity2,WINDPOWER,490,2010,0.379248654
Simplicity2,WINDPOWER,491,2010,0.409471645
Simplicity2,WINDPOWER,492,2010,0.427736412
Simplicity2,WINDPOWER,493,2010,0.467801225
Simplicity2,WINDPOWER,494,2010,0.460153282
Simplicity2,WINDPOWER,495,2010,0.437624339
Simplicity2,WINDPOWER,496,2010,0.430821586
Simplicity2,WINDPOWER,497,2010,0.447024756
Simplicity2,WINDPOWER,498,2010,0.389587099
Simplicity2,WINDPOWER,499,2010,0.340309457
Simplicity2,WINDPOWER,500,2010,0.122613031
Simplicity2,WINDPOWER,501,2010,0.084841968
Simplicity2,WINDPOWER,502,2010,0.065408556
Simplicity2,WINDPOWER,503,2010,0.067201135
Simplicity2,WINDPOWER,504,2010,0.084836218
Simplicity2,WINDPOWER,505,2010,0.17049593
Simplicity2,WINDPOWER,506,2010,0.235487819
Simplicity2,WINDPOWER,507,2010,0.328801562
Simplicity2,WINDPOWER,508,2010,0.411963666
Simplicity2,WINDPOWER,509,2010,0.446631186
Simplicity2,WINDPOWER,510,2010,0.527672163
Simplicity2,WINDPOWER,511,2010,0.609985965
Simplicity2,WINDPOWER,512,2010,0.633636208
Simplicity2,WINDPOWER,513,2010,0.652129923
Simplicity2,WINDPOWER,514,2010,0.64500152
Simplicity2,WINDPOWER,515,2010,0.614303442
Simplicity2,WINDPOWER,516,2010,0.585450584
Simplicity2,WINDPOWER,517,2010,0.537693282
Simplicity2,WINDPOWER,518,2010,0.480346105
Simplicity2,WINDPOWER,519,2010,0.461933241
Simplicity2,WINDPOWER,520,2010,0.429958082
Simplicity2,WINDPOWER,521,2010,0.426543576
Simplicity2,WINDPOWER,522,2010,0.375832549
Simplicity2,WINDPOWER,523,2010,0.322536966
Simplicity2,WINDPOWER,524,2010,0.279689261
Simplicity2,WINDPOWER,525,2010,0.252769401
Simplicity2,WINDPOWER,526,2010,0.274782105
Simplicity2,WINDPOWER,527,2010,0.286564007
Simplicity2,WINDPOWER,528,2010,0.297746737
Simplicity2,WINDPOWER,529,2010,0.455969883
Simplicity2,WINDPOWER,530,2010,0.500551914
Simplicity2,WINDPOWER,531,2010,0.516727965
Simplicity2,WINDPOWER,532,2010,0.495912286
Simplicity2,WINDPOWER,533,2010,0.51217092
Simplicity2,WINDPOWER,534,2010,0.55485392
Simplicity2,WINDPOWER,535,2010,0.559728343
Simplicity2,WINDPOWER,536,2010,0.601886681
Simplicity2,WINDPOWER,537,2010,0.644709594
Simplicity2,WINDPOWER,538,2010,0.630108012
Simplicity2,WINDPOWER,539,2010,0.615367182
Simplicity2,WINDPOWER,540,2010,0.653092384
Simplicity2,WINDPOWER,541,2010,0.597505079
Simplicity2,WINDPOWER,542,2010,0.514610976
Simplicity2,WINDPOWER,543,2010,0.49417852
Simplicity2,WINDPOWER,544,2010,0.526572747
Simplicity2,WINDPOWER,545,2010,0.546732863
Simplicity2,WINDPOWER,546,2010,0.592366851
Simplicity2,WINDPOWER,547,2010,0.524972914
Simplicity2,WINDPOWER,548,2010,0.299084199
Simplicity2,WINDPOWER,549,2010,0.274110223
Simplicity2,WINDPOWER,550,2010,0.309748135
Simplicity2,WINDPOWER,551,2010,0.339682104
Simplicity2,WINDPOWER,552,2010,0.478112313
Simplicity2,WINDPOWER,553,2010,0.416357213
Simplicity2,WINDPOWER,554,2010,0.439875465
Simplicity2,WINDPOWER,555,2010,0.393097848
Simplicity2,WINDPOWER,556,2010,0.385473838
Simplicity2,WINDPOWER,557,2010,0.371536865
Simplicity2,WINDPOWER,558,2010,0.355689932
Simplicity2,WINDPOWER,559,2010,0.320272514
Simplicity2,WINDPOWER,560,2010,0.29150228
Simplicity2,WINDPOWER,561,2010,0.27449357
Simplicity2,WINDPOWER,562,2010,0.242631934
Simplicity2,WINDPOWER,563,2010,0.25286624
Simplicity2,WINDPOWER,564,2010,0.229834236
Simplicity2,WINDPOWER,565,2010,0.226721769
Simplicity2,WINDPOWER,566,2010,0.19464184
Simplicity2,WINDPOWER,567,2010,0.122417514
Simplicity2,WINDPOWER,568,2010,0.057063595
Simplicity2,WINDPOWER,569,2010,0.038444696
Simplicity2,WINDPOWER,570,2010,0.028909446
Simplicity2,WINDPOWER,571,2010,0.013928347
Simplicity2,WINDPOWER,572,2010,0.009928159
Simplicity2,WINDPOWER,573,2010,0.009928159
Simplicity2,WINDPOWER,574,2010,0.009928159
Simplicity2,WINDPOWER,575,2010,0.009928159
Simplicity2,WINDPOWER,576,2010,0.009928159
Simplicity2,WINDPOWER,577,2010,0.022487588
Simplicity2,WINDPOWER,578,2010,0.062818814
Simplicity2,WINDPOWER,579,2010,0.075575542
Simplicity2,WINDPOWER,580,2010,0.075425566
Simplicity2,WINDPOWER,581,2010,0.076173014
Simplicity2,WINDPOWER,582,2010,0.072094407
Simplicity2,WINDPOWER,583,2010,0.054579538
Simplicity2,WINDPOWER,584,2010,0.050210664
Simplicity2,WINDPOWER,585,2010,0.045844644
Simplicity2,WINDPOWER,586,2010,0.045064315
Simplicity2,WINDPOWER,587,2010,0.073123019
Simplicity2,WINDPOWER,588,2010,0.054378138
Simplicity2,WINDPOWER,589,2010,0.044724441
Simplicity2,WINDPOWER,590,2010,0.060267835
Simplicity2,WINDPOWER,591,2010,0.05187952
Simplicity2,WINDPOWER,592,2010,0.032728372
Simplicity2,WINDPOWER,593,2010,0.039643873
Simplicity2,WINDPOWER,594,2010,0.027765705
Simplicity2,WINDPOWER,595,2010,0.011983437
Simplicity2,WINDPOWER,596,2010,0.011667383
Simplicity2,WINDPOWER,597,2010,0.011040933
Simplicity2,WINDPOWER,598,2010,0.01055312
Simplicity2,WINDPOWER,599,2010,0.009928159
Simplicity2,WINDPOWER,600,2010,0.009928159
Simplicity2,WINDPOWER,601,2010,0.011366319
Simplicity2,WINDPOWER,602,2010,0.018887292
Simplicity2,WINDPOWER,603,2010,0.012700357
Simplicity2,WINDPOWER,604,2010,0.01067518
Simplicity2,WINDPOWER,605,2010,0.009928159
Simplicity2,WINDPOWER,606,2010,0.009928159
Simplicity2,WINDPOWER,607,2010,0.009928159
Simplicity2,WINDPOWER,608,2010,0.009928159
Simplicity2,WINDPOWER,609,2010,0.010463088
Simplicity2,WINDPOWER,610,2010,0.01105383
Simplicity2,WINDPOWER,611,2010,0.012522327
Simplicity2,WINDPOWER,612,2010,0.011509952
Simplicity2,WINDPOWER,613,2010,0.010904703
Simplicity2,WINDPOWER,614,2010,0.013118603
Simplicity2,WINDPOWER,615,2010,0.026001806
Simplicity2,WINDPOWER,616,2010,0.037060626
Simplicity2,WINDPOWER,617,2010,0.048987319
Simplicity2,WINDPOWER,618,2010,0.046576281
Simplicity2,WINDPOWER,619,2010,0.025435507
Simplicity2,WINDPOWER,620,2010,0.043911677
Simplicity2,WINDPOWER,621,2010,0.069822192
Simplicity2,WINDPOWER,622,2010,0.094208336
Simplicity2,WINDPOWER,623,2010,0.169327279
Simplicity2,WINDPOWER,624,2010,0.166264161
Simplicity2,WINDPOWER,625,2010,0.163530908
Simplicity2,WINDPOWER,626,2010,0.207630456
Simplicity2,WINDPOWER,627,2010,0.294138411
Simplicity2,WINDPOWER,628,2010,0.312181945
Simplicity2,WINDPOWER,629,2010,0.33113341
Simplicity2,WINDPOWER,630,2010,0.332701244
Simplicity2,WINDPOWER,631,2010,0.303589932
Simplicity2,WINDPOWER,632,2010,0.334576996
Simplicity2,WINDPOWER,633,2010,0.360860114
Simplicity2,WINDPOWER,634,2010,0.377301509
Simplicity2,WINDPOWER,635,2010,0.575934947
Simplicity2,WINDPOWER,636,2010,0.449677059
Simplicity2,WINDPOWER,637,2010,0.491759893
Simplicity2,WINDPOWER,638,2010,0.578944953
Simplicity2,WINDPOWER,639,2010,0.633714002
Simplicity2,WINDPOWER,640,2010,0.660204687
Simplicity2,WINDPOWER,641,2010,0.53236919
Simplicity2,WINDPOWER,642,2010,0.538648766
Simplicity2,WINDPOWER,643,2010,0.490031305
Simplicity2,WINDPOWER,644,2010,0.43466469
Simplicity2,WINDPOWER,645,2010,0.47651773
Simplicity2,WINDPOWER,646,2010,0.564380696
Simplicity2,WINDPOWER,647,2010,0.631648141
Simplicity2,WINDPOWER,648,2010,0.581279799
Simplicity2,WINDPOWER,649,2010,0.588456927
Simplicity2,WINDPOWER,650,2010,0.549334996
Simplicity2,WINDPOWER,651,2010,0.465065346
Simplicity2,WINDPOWER,652,2010,0.393976514
Simplicity2,WINDPOWER,653,2010,0.29793445
Simplicity2,WINDPOWER,654,2010,0.213143557
Simplicity2,WINDPOWER,655,2010,0.155553429
Simplicity2,WINDPOWER,656,2010,0.08582183
Simplicity2,WINDPOWER,657,2010,0.081871781
Simplicity2,WINDPOWER,658,2010,0.053062922
Simplicity2,WINDPOWER,659,2010,0.031720064
Simplicity2,WINDPOWER,660,2010,0.010445584
Simplicity2,WINDPOWER,661,2010,0.010288993
Simplicity2,WINDPOWER,662,2010,0.009928159
Simplicity2,WINDPOWER,663,2010,0.009928159
Simplicity2,WINDPOWER,664,2010,0.009928159
Simplicity2,WINDPOWER,665,2010,0.011418618
Simplicity2,WINDPOWER,666,2010,0.027574484
Simplicity2,WINDPOWER,667,2010,0.05034552
Simplicity2,WINDPOWER,668,2010,0.041122105
Simplicity2,WINDPOWER,669,2010,0.034860061
Simplicity2,WINDPOWER,670,2010,0.046633525
Simplicity2,WINDPOWER,671,2010,0.115183877
Simplicity2,WINDPOWER,672,2010,0.194911656
Simplicity2,WINDPOWER,673,2010,0.413210864
Simplicity2,WINDPOWER,674,2010,0.557068781
Simplicity2,WINDPOWER,675,2010,0.668190119
Simplicity2,WINDPOWER,676,2010,0.742312081
Simplicity2,WINDPOWER,677,2010,0.782711628
Simplicity2,WINDPOWER,678,2010,0.83890924
Simplicity2,WINDPOWER,679,2010,0.88005043
Simplicity2,WINDPOWER,680,2010,0.899277351
Simplicity2,WINDPOWER,681,2010,0.908922341
Simplicity2,WINDPOWER,682,2010,0.912335063
Simplicity2,WINDPOWER,683,2010,0.900607194
Simplicity2,WINDPOWER,684,2010,0.893806405
Simplicity2,WINDPOWER,685,2010,0.890009674
Simplicity2,WINDPOWER,686,2010,0.884825218
Simplicity2,WINDPOWER,687,2010,0.881869629
Simplicity2,WINDPOWER,688,2010,0.864920811
Simplicity2,WINDPOWER,689,2010,0.86431247
Simplicity2,WINDPOWER,690,2010,0.838149328
Simplicity2,WINDPOWER,691,2010,0.807331256
Simplicity2,WINDPOWER,692,2010,0.665969651
Simplicity2,WINDPOWER,693,2010,0.466366519
Simplicity2,WINDPOWER,694,2010,0.480943067
Simplicity2,WINDPOWER,695,2010,0.442984263
Simplicity2,WINDPOWER,696,2010,0.38419344
Simplicity2,WINDPOWER,697,2010,0.491693801
Simplicity2,WINDPOWER,698,2010,0.606509674
Simplicity2,WINDPOWER,699,2010,0.592803885
Simplicity2,WINDPOWER,700,2010,0.570942174
Simplicity2,WINDPOWER,701,2010,0.548699262
Simplicity2,WINDPOWER,702,2010,0.51362321
Simplicity2,WINDPOWER,703,2010,0.477893652
Simplicity2,WINDPOWER,704,2010,0.463869364
Simplicity2,WINDPOWER,705,2010,0.395614639
Simplicity2,WINDPOWER,706,2010,0.298432383
Simplicity2,WINDPOWER,707,2010,0.426333987
Simplicity2,WINDPOWER,708,2010,0.428046663
Simplicity2,WINDPOWER,709,2010,0.387177229
Simplicity2,WINDPOWER,710,2010,0.33977408
Simplicity2,WINDPOWER,711,2010,0.290802003
Simplicity2,WINDPOWER,712,2010,0.243161298
Simplicity2,WINDPOWER,713,2010,0.231572308
Simplicity2,WINDPOWER,714,2010,0.224531674
Simplicity2,WINDPOWER,715,2010,0.234668295
Simplicity2,WINDPOWER,716,2010,0.157821638
Simplicity2,WINDPOWER,717,2010,0.083200965
Simplicity2,WINDPOWER,718,2010,0.013509815
Simplicity2,WINDPOWER,719,2010,0.011721181
Simplicity2,WINDPOWER,720,2010,0.011308364
Simplicity2,WINDPOWER,721,2010,0.013069599
Simplicity2,WINDPOWER,722,2010,0.012917821
Simplicity2,WINDPOWER,723,2010,0.016265995
Simplicity2,WINDPOWER,724,2010,0.031535364
Simplicity2,WINDPOWER,725,2010,0.025666711
Simplicity2,WINDPOWER,726,2010,0.013065916
Simplicity2,WINDPOWER,727,2010,0.012832867
Simplicity2,WINDPOWER,728,2010,0.01094919
Simplicity2,WINDPOWER,729,2010,0.009951153
Simplicity2,WINDPOWER,730,2010,0.01094462
Simplicity2,WINDPOWER,731,2010,0.010079276
Simplicity2,WINDPOWER,732,2010,0.011815327
Simplicity2,WINDPOWER,733,2010,0.017377544
Simplicity2,WINDPOWER,734,2010,0.020975736
Simplicity2,WINDPOWER,735,2010,0.08937463
Simplicity2,WINDPOWER,736,2010,0.096338292
Simplicity2,WINDPOWER,737,2010,0.093424842
Simplicity2,WINDPOWER,738,2010,0.099823267
Simplicity2,WINDPOWER,739,2010,0.066107419
Simplicity2,WINDPOWER,740,2010,0.047175778
Simplicity2,WINDPOWER,741,2010,0.0339578
Simplicity2,WINDPOWER,742,2010,0.0486064
Simplicity2,WINDPOWER,743,2010,0.041150531
Simplicity2,WINDPOWER,744,2010,0.029068425
Simplicity2,WINDPOWER,745,2010,0.026824403
Simplicity2,WINDPOWER,746,2010,0.009928159
Simplicity2,WINDPOWER,747,2010,0.009928159
Simplicity2,WINDPOWER,748,2010,0.009928159
Simplicity2,WINDPOWER,749,2010,0.009928159
Simplicity2,WINDPOWER,750,2010,0.009928159
Simplicity2,WINDPOWER,751,2010,0.009928159
Simplicity2,WINDPOWER,752,2010,0.009928159
Simplicity2,WINDPOWER,753,2010,0.011665318
Simplicity2,WINDPOWER,754,2010,0.044459931
Simplicity2,WINDPOWER,755,2010,0.070714002
Simplicity2,WINDPOWER,756,2010,0.05476734
Simplicity2,WINDPOWER,757,2010,0.040897927
Simplicity2,WINDPOWER,758,2010,0.033155493
Simplicity2,WINDPOWER,759,2010,0.032038473
Simplicity2,WINDPOWER,760,2010,0.009928159
Simplicity2,WINDPOWER,761,2010,0.009928159
Simplicity2,WINDPOWER,762,2010,0.009928159
Simplicity2,WINDPOWER,763,2010,0.013242922
Simplicity2,WINDPOWER,764,2010,0.034354528
Simplicity2,WINDPOWER,765,2010,0.049093791
Simplicity2,WINDPOWER,766,2010,0.101983505
Simplicity2,WINDPOWER,767,2010,0.145570776
Simplicity2,WINDPOWER,768,2010,0.202628105
Simplicity2,WINDPOWER,769,2010,0.248409884
Simplicity2,WINDPOWER,770,2010,0.319721103
Simplicity2,WINDPOWER,771,2010,0.3550557
Simplicity2,WINDPOWER,772,2010,0.37892825
Simplicity2,WINDPOWER,773,2010,0.455952799
Simplicity2,WINDPOWER,774,2010,0.516896609
Simplicity2,WINDPOWER,775,2010,0.529202416
Simplicity2,WINDPOWER,776,2010,0.508070297
Simplicity2,WINDPOWER,777,2010,0.473302621
Simplicity2,WINDPOWER,778,2010,0.411127851
Simplicity2,WINDPOWER,779,2010,0.419474602
Simplicity2,WINDPOWER,780,2010,0.340615578
Simplicity2,WINDPOWER,781,2010,0.345819973
Simplicity2,WINDPOWER,782,2010,0.316077876
Simplicity2,WINDPOWER,783,2010,0.313078422
Simplicity2,WINDPOWER,784,2010,0.278371585
Simplicity2,WINDPOWER,785,2010,0.208127634
Simplicity2,WINDPOWER,786,2010,0.159123496
Simplicity2,WINDPOWER,787,2010,0.129589974
Simplicity2,WINDPOWER,788,2010,0.134549658
Simplicity2,WINDPOWER,789,2010,0.12048672
Simplicity2,WINDPOWER,790,2010,0.094646609
Simplicity2,WINDPOWER,791,2010,0.079882228
Simplicity2,WINDPOWER,792,2010,0.072590045
Simplicity2,WINDPOWER,793,2010,0.084227284
Simplicity2,WINDPOWER,794,2010,0.081929163
Simplicity2,WINDPOWER,795,2010,0.094031412
Simplicity2,WINDPOWER,796,2010,0.069293954
Simplicity2,WINDPOWER,797,2010,0.049910842
Simplicity2,WINDPOWER,798,2010,0.041188494
Simplicity2,WINDPOWER,799,2010,0.032685124
Simplicity2,WINDPOWER,800,2010,0.012860946
Simplicity2,WINDPOWER,801,2010,0.009928159
Simplicity2,WINDPOWER,802,2010,0.009928159
Simplicity2,WINDPOWER,803,2010,0.009928159
Simplicity2,WINDPOWER,804,2010,0.009928159
Simplicity2,WINDPOWER,805,2010,0.009928159
Simplicity2,WINDPOWER,806,2010,0.020226926
Simplicity2,WINDPOWER,807,2010,0.061867634
Simplicity2,WINDPOWER,808,2010,0.192746653
Simplicity2,WINDPOWER,809,2010,0.389815532
Simplicity2,WINDPOWER,810,2010,0.576283153
Simplicity2,WINDPOWER,811,2010,0.747529588
Simplicity2,WINDPOWER,812,2010,0.630488589
Simplicity2,WINDPOWER,813,2010,0.543328343
Simplicity2,WINDPOWER,814,2010,0.700675726
Simplicity2,WINDPOWER,815,2010,0.787296002
Simplicity2,WINDPOWER,816,2010,0.854187237
Simplicity2,WINDPOWER,817,2010,0.919279572
Simplicity2,WINDPOWER,818,2010,0.932697449
Simplicity2,WINDPOWER,819,2010,0.937038861
Simplicity2,WINDPOWER,820,2010,0.937505121
Simplicity2,WINDPOWER,821,2010,0.937931009
Simplicity2,WINDPOWER,822,2010,0.938552653
Simplicity2,WINDPOWER,823,2010,0.938484971
Simplicity2,WINDPOWER,824,2010,0.938349535
Simplicity2,WINDPOWER,825,2010,0.938616342
Simplicity2,WINDPOWER,826,2010,0.938727362
Simplicity2,WINDPOWER,827,2010,0.938191559
Simplicity2,WINDPOWER,828,2010,0.930541391
Simplicity2,WINDPOWER,829,2010,0.86278897
Simplicity2,WINDPOWER,830,2010,0.693570662
Simplicity2,WINDPOWER,831,2010,0.405345083
Simplicity2,WINDPOWER,832,2010,0.145301144
Simplicity2,WINDPOWER,833,2010,0.012471838
Simplicity2,WINDPOWER,834,2010,0.009928159
Simplicity2,WINDPOWER,835,2010,0.009928159
Simplicity2,WINDPOWER,836,2010,0.009928159
Simplicity2,WINDPOWER,837,2010,0.009928159
Simplicity2,WINDPOWER,838,2010,0.009928159
Simplicity2,WINDPOWER,839,2010,0.009928159
Simplicity2,WINDPOWER,840,2010,0.009928159
Simplicity2,WINDPOWER,841,2010,0.009928159
Simplicity2,WINDPOWER,842,2010,0.009928159
Simplicity2,WINDPOWER,843,2010,0.009928159
Simplicity2,WINDPOWER,844,2010,0.009928159
Simplicity2,WINDPOWER,845,2010,0.009928159
Simplicity2,WINDPOWER,846,2010,0.011123628
Simplicity2,WINDPOWER,847,2010,0.013031921
Simplicity2,WINDPOWER,848,2010,0.054582442
Simplicity2,WINDPOWER,849,2010,0.102503729
Simplicity2,WINDPOWER,850,2010,0.025929506
Simplicity2,WINDPOWER,851,2010,0.011738787
Simplicity2,WINDPOWER,852,2010,0.009928159
Simplicity2,WINDPOWER,853,2010,0.009928159
Simplicity2,WINDPOWER,854,2010,0.009928159
Simplicity2,WINDPOWER,855,2010,0.009928159
Simplicity2,WINDPOWER,856,2010,0.009928159
Simplicity2,WINDPOWER,857,2010,0.091158103
Simplicity2,WINDPOWER,858,2010,0.14118925
Simplicity2,WINDPOWER,859,2010,0.103143277
Simplicity2,WINDPOWER,860,2010,0.103641112
Simplicity2,WINDPOWER,861,2010,0.121084248
Simplicity2,WINDPOWER,862,2010,0.112980075
Simplicity2,WINDPOWER,863,2010,0.039385109
Simplicity2,WINDPOWER,864,2010,0.047893896
Simplicity2,WINDPOWER,865,2010,0.066183344
Simplicity2,WINDPOWER,866,2010,0.13686156
Simplicity2,WINDPOWER,867,2010,0.13145836
Simplicity2,WINDPOWER,868,2010,0.109456449
Simplicity2,WINDPOWER,869,2010,0.082633902
Simplicity2,WINDPOWER,870,2010,0.092038056
Simplicity2,WINDPOWER,871,2010,0.08148199
Simplicity2,WINDPOWER,872,2010,0.064229959
Simplicity2,WINDPOWER,873,2010,0.068415491
Simplicity2,WINDPOWER,874,2010,0.08626053
Simplicity2,WINDPOWER,875,2010,0.093711141
Simplicity2,WINDPOWER,876,2010,0.099009479
Simplicity2,WINDPOWER,877,2010,0.133701721
Simplicity2,WINDPOWER,878,2010,0.13198304
Simplicity2,WINDPOWER,879,2010,0.116802537
Simplicity2,WINDPOWER,880,2010,0.12366632
Simplicity2,WINDPOWER,881,2010,0.140786216
Simplicity2,WINDPOWER,882,2010,0.107269295
Simplicity2,WINDPOWER,883,2010,0.098964684
Simplicity2,WINDPOWER,884,2010,0.099248264
Simplicity2,WINDPOWER,885,2010,0.088404125
Simplicity2,WINDPOWER,886,2010,0.106350818
Simplicity2,WINDPOWER,887,2010,0.112250398
Simplicity2,WINDPOWER,888,2010,0.089302615
Simplicity2,WINDPOWER,889,2010,0.076696367
Simplicity2,WINDPOWER,890,2010,0.082486338
Simplicity2,WINDPOWER,891,2010,0.046357261
Simplicity2,WINDPOWER,892,2010,0.031895215
Simplicity2,WINDPOWER,893,2010,0.019546412
Simplicity2,WINDPOWER,894,2010,0.011963989
Simplicity2,WINDPOWER,895,2010,0.010163318
Simplicity2,WINDPOWER,896,2010,0.009928159
Simplicity2,WINDPOWER,897,2010,0.009928159
Simplicity2,WINDPOWER,898,2010,0.009928159
Simplicity2,WINDPOWER,899,2010,0.009928159
Simplicity2,WINDPOWER,900,2010,0.009928159
Simplicity2,WINDPOWER,901,2010,0.009928159
Simplicity2,WINDPOWER,902,2010,0.009928159
Simplicity2,WINDPOWER,903,2010,0.009928159
Simplicity2,WINDPOWER,904,2010,0.009928159
Simplicity2,WINDPOWER,905,2010,0.009928159
Simplicity2,WINDPOWER,906,2010,0.009928159
Simplicity2,WINDPOWER,907,2010,0.009928159
Simplicity2,WINDPOWER,908,2010,0.011643377
Simplicity2,WINDPOWER,909,2010,0.011023253
Simplicity2,WINDPOWER,910,2010,0.044166995
Simplicity2,WINDPOWER,911,2010,0.080057811
Simplicity2,WINDPOWER,912,2010,0.110687014
Simplicity2,WINDPOWER,913,2010,0.19401355
Simplicity2,WINDPOWER,914,2010,0.259446453
Simplicity2,WINDPOWER,915,2010,0.234106602
Simplicity2,WINDPOWER,916,2010,0.186043792
Simplicity2,WINDPOWER,917,2010,0.209802569
Simplicity2,WINDPOWER,918,2010,0.284053303
Simplicity2,WINDPOWER,919,2010,0.374121976
Simplicity2,WINDPOWER,920,2010,0.469170658
Simplicity2,WINDPOWER,921,2010,0.395890181
Simplicity2,WINDPOWER,922,2010,0.295399967
Simplicity2,WINDPOWER,923,2010,0.322832162
Simplicity2,WINDPOWER,924,2010,0.251646106
Simplicity2,WINDPOWER,925,2010,0.204764025
Simplicity2,WINDPOWER,926,2010,0.146121698
Simplicity2,WINDPOWER,927,2010,0.118133394
Simplicity2,WINDPOWER,928,2010,0.120642713
Simplicity2,WINDPOWER,929,2010,0.114087517
Simplicity2,WINDPOWER,930,2010,0.085967105
Simplicity2,WINDPOWER,931,2010,0.07600525
Simplicity2,WINDPOWER,932,2010,0.086102755
Simplicity2,WINDPOWER,933,2010,0.087974165
Simplicity2,WINDPOWER,934,2010,0.089457059
Simplicity2,WINDPOWER,935,2010,0.179341233
Simplicity2,WINDPOWER,936,2010,0.143664227
Simplicity2,WINDPOWER,937,2010,0.145897836
Simplicity2,WINDPOWER,938,2010,0.182866483
Simplicity2,WINDPOWER,939,2010,0.166717548
Simplicity2,WINDPOWER,940,2010,0.162019185
Simplicity2,WINDPOWER,941,2010,0.150678892
Simplicity2,WINDPOWER,942,2010,0.148304562
Simplicity2,WINDPOWER,943,2010,0.13197628
Simplicity2,WINDPOWER,944,2010,0.12748769
Simplicity2,WINDPOWER,945,2010,0.111941825
Simplicity2,WINDPOWER,946,2010,0.108735392
Simplicity2,WINDPOWER,947,2010,0.097162529
Simplicity2,WINDPOWER,948,2010,0.072749239
Simplicity2,WINDPOWER,949,2010,0.089791169
Simplicity2,WINDPOWER,950,2010,0.120348106
Simplicity2,WINDPOWER,951,2010,0.11471656
Simplicity2,WINDPOWER,952,2010,0.079881142
Simplicity2,WINDPOWER,953,2010,0.055196295
Simplicity2,WINDPOWER,954,2010,0.04468302
Simplicity2,WINDPOWER,955,2010,0.012624839
Simplicity2,WINDPOWER,956,2010,0.053569103
Simplicity2,WINDPOWER,957,2010,0.079885472
Simplicity2,WINDPOWER,958,2010,0.098355641
Simplicity2,WINDPOWER,959,2010,0.113130047
Simplicity2,WINDPOWER,960,2010,0.103038767
Simplicity2,WINDPOWER,961,2010,0.079164808
Simplicity2,WINDPOWER,962,2010,0.094352076
Simplicity2,WINDPOWER,963,2010,0.055299424
Simplicity2,WINDPOWER,964,2010,0.036427523
Simplicity2,WINDPOWER,965,2010,0.023940284
Simplicity2,WINDPOWER,966,2010,0.036681202
Simplicity2,WINDPOWER,967,2010,0.050404773
Simplicity2,WINDPOWER,968,2010,0.069743552
Simplicity2,WINDPOWER,969,2010,0.084360779
Simplicity2,WINDPOWER,970,2010,0.110022825
Simplicity2,WINDPOWER,971,2010,0.102747424
Simplicity2,WINDPOWER,972,2010,0.099699295
Simplicity2,WINDPOWER,973,2010,0.117078446
Simplicity2,WINDPOWER,974,2010,0.103449062
Simplicity2,WINDPOWER,975,2010,0.139942899
Simplicity2,WINDPOWER,976,2010,0.173474685
Simplicity2,WINDPOWER,977,2010,0.134429292
Simplicity2,WINDPOWER,978,2010,0.090020372
Simplicity2,WINDPOWER,979,2010,0.050871419
Simplicity2,WINDPOWER,980,2010,0.069411598
Simplicity2,WINDPOWER,981,2010,0.052344672
Simplicity2,WINDPOWER,982,2010,0.034951448
Simplicity2,WINDPOWER,983,2010,0.037848328
Simplicity2,WINDPOWER,984,2010,0.081604294
Simplicity2,WINDPOWER,985,2010,0.091802992
Simplicity2,WINDPOWER,986,2010,0.083171223
Simplicity2,WINDPOWER,987,2010,0.034591166
Simplicity2,WINDPOWER,988,2010,0.012670895
Simplicity2,WINDPOWER,989,2010,0.018815756
Simplicity2,WINDPOWER,990,2010,0.1270961
Simplicity2,WINDPOWER,991,2010,0.387156569
Simplicity2,WINDPOWER,992,2010,0.704099049
Simplicity2,WINDPOWER,993,2010,0.763548862
Simplicity2,WINDPOWER,994,2010,0.79200661
Simplicity2,WINDPOWER,995,2010,0.648143882
Simplicity2,WINDPOWER,996,2010,0.448245266
Simplicity2,WINDPOWER,997,2010,0.258553589
Simplicity2,WINDPOWER,998,2010,0.203326014
Simplicity2,WINDPOWER,999,2010,0.124167611
Simplicity2,WINDPOWER,1000,2010,0.071727632
Simplicity2,WINDPOWER,1001,2010,0.049575763
Simplicity2,WINDPOWER,1002,2010,0.013839001
Simplicity2,WINDPOWER,1003,2010,0.011331361
Simplicity2,WINDPOWER,1004,2010,0.034283237
Simplicity2,WINDPOWER,1005,2010,0.079803612
Simplicity2,WINDPOWER,1006,2010,0.099190055
Simplicity2,WINDPOWER,1007,2010,0.125745783
Simplicity2,WINDPOWER,1008,2010,0.116096739
Simplicity2,WINDPOWER,1009,2010,0.084715669
Simplicity2,WINDPOWER,1010,2010,0.065550781
Simplicity2,WINDPOWER,1011,2010,0.025484614
Simplicity2,WINDPOWER,1012,2010,0.010211028
Simplicity2,WINDPOWER,1013,2010,0.009928159
Simplicity2,WINDPOWER,1014,2010,0.009928159
Simplicity2,WINDPOWER,1015,2010,0.009928159
Simplicity2,WINDPOWER,1016,2010,0.009928159
Simplicity2,WINDPOWER,1017,2010,0.009928159
Simplicity2,WINDPOWER,1018,2010,0.009928159
Simplicity2,WINDPOWER,1019,2010,0.01218482
Simplicity2,WINDPOWER,1020,2010,0.010718478
Simplicity2,WINDPOWER,1021,2010,0.011365394
Simplicity2,WINDPOWER,1022,2010,0.010180748
Simplicity2,WINDPOWER,1023,2010,0.009928159
Simplicity2,WINDPOWER,1024,2010,0.009928159
Simplicity2,WINDPOWER,1025,2010,0.009928159
Simplicity2,WINDPOWER,1026,2010,0.009928159
Simplicity2,WINDPOWER,1027,2010,0.009928159
Simplicity2,WINDPOWER,1028,2010,0.009928159
Simplicity2,WINDPOWER,1029,2010,0.011967093
Simplicity2,WINDPOWER,1030,2010,0.038059595
Simplicity2,WINDPOWER,1031,2010,0.074580883
Simplicity2,WINDPOWER,1032,2010,0.09148735
Simplicity2,WINDPOWER,1033,2010,0.105777647
Simplicity2,WINDPOWER,1034,2010,0.148373099
Simplicity2,WINDPOWER,1035,2010,0.139124023
Simplicity2,WINDPOWER,1036,2010,0.138167843
Simplicity2,WINDPOWER,1037,2010,0.205712565
Simplicity2,WINDPOWER,1038,2010,0.178873535
Simplicity2,WINDPOWER,1039,2010,0.113135747
Simplicity2,WINDPOWER,1040,2010,0.124578663
Simplicity2,WINDPOWER,1041,2010,0.185038676
Simplicity2,WINDPOWER,1042,2010,0.226691695
Simplicity2,WINDPOWER,1043,2010,0.168275769
Simplicity2,WINDPOWER,1044,2010,0.166417939
Simplicity2,WINDPOWER,1045,2010,0.192522245
Simplicity2,WINDPOWER,1046,2010,0.216773924
Simplicity2,WINDPOWER,1047,2010,0.227236875
Simplicity2,WINDPOWER,1048,2010,0.246224438
Simplicity2,WINDPOWER,1049,2010,0.205588629
Simplicity2,WINDPOWER,1050,2010,0.194558139
Simplicity2,WINDPOWER,1051,2010,0.134481297
Simplicity2,WINDPOWER,1052,2010,0.141608238
Simplicity2,WINDPOWER,1053,2010,0.165437941
Simplicity2,WINDPOWER,1054,2010,0.229129917
Simplicity2,WINDPOWER,1055,2010,0.381959755
Simplicity2,WINDPOWER,1056,2010,0.303165056
Simplicity2,WINDPOWER,1057,2010,0.284889148
Simplicity2,WINDPOWER,1058,2010,0.317638086
Simplicity2,WINDPOWER,1059,2010,0.247914218
Simplicity2,WINDPOWER,1060,2010,0.171493577
Simplicity2,WINDPOWER,1061,2010,0.084563921
Simplicity2,WINDPOWER,1062,2010,0.029253707
Simplicity2,WINDPOWER,1063,2010,0.009928159
Simplicity2,WINDPOWER,1064,2010,0.009928159
Simplicity2,WINDPOWER,1065,2010,0.009928159
Simplicity2,WINDPOWER,1066,2010,0.009928159
Simplicity2,WINDPOWER,1067,2010,0.009928159
Simplicity2,WINDPOWER,1068,2010,0.009928159
Simplicity2,WINDPOWER,1069,2010,0.009928159
Simplicity2,WINDPOWER,1070,2010,0.009928159
Simplicity2,WINDPOWER,1071,2010,0.009928159
Simplicity2,WINDPOWER,1072,2010,0.012516103
Simplicity2,WINDPOWER,1073,2010,0.014396094
Simplicity2,WINDPOWER,1074,2010,0.023484173
Simplicity2,WINDPOWER,1075,2010,0.044141915
Simplicity2,WINDPOWER,1076,2010,0.038734646
Simplicity2,WINDPOWER,1077,2010,0.009928159
Simplicity2,WINDPOWER,1078,2010,0.012869875
Simplicity2,WINDPOWER,1079,2010,0.074061988
Simplicity2,WINDPOWER,1080,2010,0.08272975
Simplicity2,WINDPOWER,1081,2010,0.0494623
Simplicity2,WINDPOWER,1082,2010,0.069982832
Simplicity2,WINDPOWER,1083,2010,0.122294161
Simplicity2,WINDPOWER,1084,2010,0.181365192
Simplicity2,WINDPOWER,1085,2010,0.21902967
Simplicity2,WINDPOWER,1086,2010,0.227181398
Simplicity2,WINDPOWER,1087,2010,0.19016501
Simplicity2,WINDPOWER,1088,2010,0.118120056
Simplicity2,WINDPOWER,1089,2010,0.082913227
Simplicity2,WINDPOWER,1090,2010,0.073269368
Simplicity2,WINDPOWER,1091,2010,0.075799156
Simplicity2,WINDPOWER,1092,2010,0.049516048
Simplicity2,WINDPOWER,1093,2010,0.034494323
Simplicity2,WINDPOWER,1094,2010,0.014358945
Simplicity2,WINDPOWER,1095,2010,0.009928159
Simplicity2,WINDPOWER,1096,2010,0.009928159
Simplicity2,WINDPOWER,1097,2010,0.009928159
Simplicity2,WINDPOWER,1098,2010,0.009928159
Simplicity2,WINDPOWER,1099,2010,0.009928159
Simplicity2,WINDPOWER,1100,2010,0.009928159
Simplicity2,WINDPOWER,1101,2010,0.009928159
Simplicity2,WINDPOWER,1102,2010,0.009928159
Simplicity2,WINDPOWER,1103,2010,0.009928159
Simplicity2,WINDPOWER,1104,2010,0.010687963
Simplicity2,WINDPOWER,1105,2010,0.011031211
Simplicity2,WINDPOWER,1106,2010,0.021693735
Simplicity2,WINDPOWER,1107,2010,0.025530364
Simplicity2,WINDPOWER,1108,2010,0.022186691
Simplicity2,WINDPOWER,1109,2010,0.011734782
Simplicity2,WINDPOWER,1110,2010,0.010385895
Simplicity2,WINDPOWER,1111,2010,0.009928159
Simplicity2,WINDPOWER,1112,2010,0.009928159
Simplicity2,WINDPOWER,1113,2010,0.009928159
Simplicity2,WINDPOWER,1114,2010,0.009928159
Simplicity2,WINDPOWER,1115,2010,0.009928159
Simplicity2,WINDPOWER,1116,2010,0.009928159
Simplicity2,WINDPOWER,1117,2010,0.009928159
Simplicity2,WINDPOWER,1118,2010,0.009928159
Simplicity2,WINDPOWER,1119,2010,0.009928159
Simplicity2,WINDPOWER,1120,2010,0.012349685
Simplicity2,WINDPOWER,1121,2010,0.030483884
Simplicity2,WINDPOWER,1122,2010,0.048132411
Simplicity2,WINDPOWER,1123,2010,0.017360262
Simplicity2,WINDPOWER,1124,2010,0.079899637
Simplicity2,WINDPOWER,1125,2010,0.271142156
Simplicity2,WINDPOWER,1126,2010,0.449208227
Simplicity2,WINDPOWER,1127,2010,0.514299677
Simplicity2,WINDPOWER,1128,2010,0.526122571
Simplicity2,WINDPOWER,1129,2010,0.391824294
Simplicity2,WINDPOWER,1130,2010,0.448620712
Simplicity2,WINDPOWER,1131,2010,0.572242292
Simplicity2,WINDPOWER,1132,2010,0.5237254
Simplicity2,WINDPOWER,1133,2010,0.380221884
Simplicity2,WINDPOWER,1134,2010,0.301309819
Simplicity2,WINDPOWER,1135,2010,0.254121553
Simplicity2,WINDPOWER,1136,2010,0.253205413
Simplicity2,WINDPOWER,1137,2010,0.262553782
Simplicity2,WINDPOWER,1138,2010,0.280379114
Simplicity2,WINDPOWER,1139,2010,0.30010157
Simplicity2,WINDPOWER,1140,2010,0.329483406
Simplicity2,WINDPOWER,1141,2010,0.339662543
Simplicity2,WINDPOWER,1142,2010,0.340969859
Simplicity2,WINDPOWER,1143,2010,0.341644567
Simplicity2,WINDPOWER,1144,2010,0.367056873
Simplicity2,WINDPOWER,1145,2010,0.421359864
Simplicity2,WINDPOWER,1146,2010,0.524997975
Simplicity2,WINDPOWER,1147,2010,0.622728007
Simplicity2,WINDPOWER,1148,2010,0.381477337
Simplicity2,WINDPOWER,1149,2010,0.410381333
Simplicity2,WINDPOWER,1150,2010,0.503347902
Simplicity2,WINDPOWER,1151,2010,0.500057491
Simplicity2,WINDPOWER,1152,2010,0.525524625
Simplicity2,WINDPOWER,1153,2010,0.653412609
Simplicity2,WINDPOWER,1154,2010,0.840462482
Simplicity2,WINDPOWER,1155,2010,0.904433409
Simplicity2,WINDPOWER,1156,2010,0.922167299
Simplicity2,WINDPOWER,1157,2010,0.925390593
Simplicity2,WINDPOWER,1158,2010,0.920893844
Simplicity2,WINDPOWER,1159,2010,0.920086422
Simplicity2,WINDPOWER,1160,2010,0.920254884
Simplicity2,WINDPOWER,1161,2010,0.92317027
Simplicity2,WINDPOWER,1162,2010,0.9229499
Simplicity2,WINDPOWER,1163,2010,0.907468208
Simplicity2,WINDPOWER,1164,2010,0.879356557
Simplicity2,WINDPOWER,1165,2010,0.892954768
Simplicity2,WINDPOWER,1166,2010,0.893799512
Simplicity2,WINDPOWER,1167,2010,0.890634254
Simplicity2,WINDPOWER,1168,2010,0.860696038
Simplicity2,WINDPOWER,1169,2010,0.854840562
Simplicity2,WINDPOWER,1170,2010,0.879072134
Simplicity2,WINDPOWER,1171,2010,0.873827789
Simplicity2,WINDPOWER,1172,2010,0.841061764
Simplicity2,WINDPOWER,1173,2010,0.819288471
Simplicity2,WINDPOWER,1174,2010,0.858331503
Simplicity2,WINDPOWER,1175,2010,0.922083575
Simplicity2,WINDPOWER,1176,2010,0.891367059
Simplicity2,WINDPOWER,1177,2010,0.936956933
Simplicity2,WINDPOWER,1178,2010,0.938768185
Simplicity2,WINDPOWER,1179,2010,0.938768185
Simplicity2,WINDPOWER,1180,2010,0.938768185
Simplicity2,WINDPOWER,1181,2010,0.938768185
Simplicity2,WINDPOWER,1182,2010,0.938768185
Simplicity2,WINDPOWER,1183,2010,0.938768185
Simplicity2,WINDPOWER,1184,2010,0.938738208
Simplicity2,WINDPOWER,1185,2010,0.938768185
Simplicity2,WINDPOWER,1186,2010,0.938768185
Simplicity2,WINDPOWER,1187,2010,0.938158512
Simplicity2,WINDPOWER,1188,2010,0.933498999
Simplicity2,WINDPOWER,1189,2010,0.935993035
Simplicity2,WINDPOWER,1190,2010,0.937994054
Simplicity2,WINDPOWER,1191,2010,0.937852588
Simplicity2,WINDPOWER,1192,2010,0.938264353
Simplicity2,WINDPOWER,1193,2010,0.938603371
Simplicity2,WINDPOWER,1194,2010,0.937748117
Simplicity2,WINDPOWER,1195,2010,0.936660162
Simplicity2,WINDPOWER,1196,2010,0.938768185
Simplicity2,WINDPOWER,1197,2010,0.938768185
Simplicity2,WINDPOWER,1198,2010,0.938768185
Simplicity2,WINDPOWER,1199,2010,0.938768185
Simplicity2,WINDPOWER,1200,2010,0.938768185
Simplicity2,WINDPOWER,1201,2010,0.938768185
Simplicity2,WINDPOWER,1202,2010,0.938768185
Simplicity2,WINDPOWER,1203,2010,0.938768185
Simplicity2,WINDPOWER,1204,2010,0.938768185
Simplicity2,WINDPOWER,1205,2010,0.938768185
Simplicity2,WINDPOWER,1206,2010,0.938768185
Simplicity2,WINDPOWER,1207,2010,0.938768185
Simplicity2,WINDPOWER,1208,2010,0.938768185
Simplicity2,WINDPOWER,1209,2010,0.938768185
Simplicity2,WINDPOWER,1210,2010,0.938768185
Simplicity2,WINDPOWER,1211,2010,0.938768185
Simplicity2,WINDPOWER,1212,2010,0.938768185
Simplicity2,WINDPOWER,1213,2010,0.938768185
Simplicity2,WINDPOWER,1214,2010,0.938768185
Simplicity2,WINDPOWER,1215,2010,0.938768185
Simplicity2,WINDPOWER,1216,2010,0.938768185
Simplicity2,WINDPOWER,1217,2010,0.938768185
Simplicity2,WINDPOWER,1218,2010,0.938768185
Simplicity2,WINDPOWER,1219,2010,0.938768185
Simplicity2,WINDPOWER,1220,2010,0.938768185
Simplicity2,WINDPOWER,1221,2010,0.938768185
Simplicity2,WINDPOWER,1222,2010,0.938768185
Simplicity2,WINDPOWER,1223,2010,0.938768185
Simplicity2,WINDPOWER,1224,2010,0.938768185
Simplicity2,WINDPOWER,1225,2010,0.938768185
Simplicity2,WINDPOWER,1226,2010,0.938768185
Simplicity2,WINDPOWER,1227,2010,0.938768185
Simplicity2,WINDPOWER,1228,2010,0.938768185
Simplicity2,WINDPOWER,1229,2010,0.938768185
Simplicity2,WINDPOWER,1230,2010,0.938768185
Simplicity2,WINDPOWER,1231,2010,0.938768185
Simplicity2,WINDPOWER,1232,2010,0.938768185
Simplicity2,WINDPOWER,1233,2010,0.938768185
Simplicity2,WINDPOWER,1234,2010,0.938768185
Simplicity2,WINDPOWER,1235,2010,0.938768185
Simplicity2,WINDPOWER,1236,2010,0.938768185
Simplicity2,WINDPOWER,1237,2010,0.938768185
Simplicity2,WINDPOWER,1238,2010,0.938768185
Simplicity2,WINDPOWER,1239,2010,0.938768185
Simplicity2,WINDPOWER,1240,2010,0.938768185
Simplicity2,WINDPOWER,1241,2010,0.938768185
Simplicity2,WINDPOWER,1242,2010,0.938768185
Simplicity2,WINDPOWER,1243,2010,0.938768185
Simplicity2,WINDPOWER,1244,2010,0.938768185
Simplicity2,WINDPOWER,1245,2010,0.938768185
Simplicity2,WINDPOWER,1246,2010,0.938768185
Simplicity2,WINDPOWER,1247,2010,0.938768185
Simplicity2,WINDPOWER,1248,2010,0.938768185
Simplicity2,WINDPOWER,1249,2010,0.938768185
Simplicity2,WINDPOWER,1250,2010,0.938768185
Simplicity2,WINDPOWER,1251,2010,0.938768185
Simplicity2,WINDPOWER,1252,2010,0.938768185
Simplicity2,WINDPOWER,1253,2010,0.938768185
Simplicity2,WINDPOWER,1254,2010,0.938768185
Simplicity2,WINDPOWER,1255,2010,0.938768185
Simplicity2,WINDPOWER,1256,2010,0.938768185
Simplicity2,WINDPOWER,1257,2010,0.938768185
Simplicity2,WINDPOWER,1258,2010,0.938768185
Simplicity2,WINDPOWER,1259,2010,0.938768185
Simplicity2,WINDPOWER,1260,2010,0.938768185
Simplicity2,WINDPOWER,1261,2010,0.938768185
Simplicity2,WINDPOWER,1262,2010,0.938768185
Simplicity2,WINDPOWER,1263,2010,0.938768185
Simplicity2,WINDPOWER,1264,2010,0.938768185
Simplicity2,WINDPOWER,1265,2010,0.938768185
Simplicity2,WINDPOWER,1266,2010,0.938768185
Simplicity2,WINDPOWER,1267,2010,0.938768185
Simplicity2,WINDPOWER,1268,2010,0.938768185
Simplicity2,WINDPOWER,1269,2010,0.938768185
Simplicity2,WINDPOWER,1270,2010,0.938768185
Simplicity2,WINDPOWER,1271,2010,0.938768185
Simplicity2,WINDPOWER,1272,2010,0.938448976
Simplicity2,WINDPOWER,1273,2010,0.934233832
Simplicity2,WINDPOWER,1274,2010,0.918592745
Simplicity2,WINDPOWER,1275,2010,0.927433852
Simplicity2,WINDPOWER,1276,2010,0.936773365
Simplicity2,WINDPOWER,1277,2010,0.938620092
Simplicity2,WINDPOWER,1278,2010,0.938711397
Simplicity2,WINDPOWER,1279,2010,0.938749605
Simplicity2,WINDPOWER,1280,2010,0.938707889
Simplicity2,WINDPOWER,1281,2010,0.938689448
Simplicity2,WINDPOWER,1282,2010,0.938664098
Simplicity2,WINDPOWER,1283,2010,0.938638102
Simplicity2,WINDPOWER,1284,2010,0.937658668
Simplicity2,WINDPOWER,1285,2010,0.935660762
Simplicity2,WINDPOWER,1286,2010,0.922709656
Simplicity2,WINDPOWER,1287,2010,0.89593813
Simplicity2,WINDPOWER,1288,2010,0.851955401
Simplicity2,WINDPOWER,1289,2010,0.749863392
Simplicity2,WINDPOWER,1290,2010,0.538471105
Simplicity2,WINDPOWER,1291,2010,0.489024328
Simplicity2,WINDPOWER,1292,2010,0.764105692
Simplicity2,WINDPOWER,1293,2010,0.847358227
Simplicity2,WINDPOWER,1294,2010,0.795203021
Simplicity2,WINDPOWER,1295,2010,0.555136871
Simplicity2,WINDPOWER,1296,2010,0.590288688
Simplicity2,WINDPOWER,1297,2010,0.584007313
Simplicity2,WINDPOWER,1298,2010,0.611761266
Simplicity2,WINDPOWER,1299,2010,0.686424613
Simplicity2,WINDPOWER,1300,2010,0.8380423
Simplicity2,WINDPOWER,1301,2010,0.833389045
Simplicity2,WINDPOWER,1302,2010,0.856465292
Simplicity2,WINDPOWER,1303,2010,0.861649879
Simplicity2,WINDPOWER,1304,2010,0.833020948
Simplicity2,WINDPOWER,1305,2010,0.815028025
Simplicity2,WINDPOWER,1306,2010,0.774733843
Simplicity2,WINDPOWER,1307,2010,0.884080676
Simplicity2,WINDPOWER,1308,2010,0.92648105
Simplicity2,WINDPOWER,1309,2010,0.932670611
Simplicity2,WINDPOWER,1310,2010,0.938006019
Simplicity2,WINDPOWER,1311,2010,0.938768185
Simplicity2,WINDPOWER,1312,2010,0.938768185
Simplicity2,WINDPOWER,1313,2010,0.938768185
Simplicity2,WINDPOWER,1314,2010,0.938768185
Simplicity2,WINDPOWER,1315,2010,0.938768185
Simplicity2,WINDPOWER,1316,2010,0.938768185
Simplicity2,WINDPOWER,1317,2010,0.938768185
Simplicity2,WINDPOWER,1318,2010,0.938768185
Simplicity2,WINDPOWER,1319,2010,0.938768185
Simplicity2,WINDPOWER,1320,2010,0.938768185
Simplicity2,WINDPOWER,1321,2010,0.938768185
Simplicity2,WINDPOWER,1322,2010,0.938768185
Simplicity2,WINDPOWER,1323,2010,0.938768185
Simplicity2,WINDPOWER,1324,2010,0.938768185
Simplicity2,WINDPOWER,1325,2010,0.938768185
Simplicity2,WINDPOWER,1326,2010,0.938768185
Simplicity2,WINDPOWER,1327,2010,0.938768185
Simplicity2,WINDPOWER,1328,2010,0.938768185
Simplicity2,WINDPOWER,1329,2010,0.938768185
Simplicity2,WINDPOWER,1330,2010,0.938768185
Simplicity2,WINDPOWER,1331,2010,0.938768185
Simplicity2,WINDPOWER,1332,2010,0.938768185
Simplicity2,WINDPOWER,1333,2010,0.938768185
Simplicity2,WINDPOWER,1334,2010,0.938768185
Simplicity2,WINDPOWER,1335,2010,0.938768185
Simplicity2,WINDPOWER,1336,2010,0.938768185
Simplicity2,WINDPOWER,1337,2010,0.938768185
Simplicity2,WINDPOWER,1338,2010,0.938768185
Simplicity2,WINDPOWER,1339,2010,0.938768185
Simplicity2,WINDPOWER,1340,2010,0.938768185
Simplicity2,WINDPOWER,1341,2010,0.938768185
Simplicity2,WINDPOWER,1342,2010,0.938768185
Simplicity2,WINDPOWER,1343,2010,0.930107842
Simplicity2,WINDPOWER,1344,2010,0.694895538
Simplicity2,WINDPOWER,1345,2010,0.072555412
Simplicity2,WINDPOWER,1346,2010,0.132097018
Simplicity2,WINDPOWER,1347,2010,0.372284928
Simplicity2,WINDPOWER,1348,2010,0.407566319
Simplicity2,WINDPOWER,1349,2010,0.295176093
Simplicity2,WINDPOWER,1350,2010,0.26793441
Simplicity2,WINDPOWER,1351,2010,0.219002939
Simplicity2,WINDPOWER,1352,2010,0.184986386
Simplicity2,WINDPOWER,1353,2010,0.13732533
Simplicity2,WINDPOWER,1354,2010,0.094785505
Simplicity2,WINDPOWER,1355,2010,0.065950778
Simplicity2,WINDPOWER,1356,2010,0.063303488
Simplicity2,WINDPOWER,1357,2010,0.029153924
Simplicity2,WINDPOWER,1358,2010,0.016131411
Simplicity2,WINDPOWER,1359,2010,0.015841959
Simplicity2,WINDPOWER,1360,2010,0.009928159
Simplicity2,WINDPOWER,1361,2010,0.009928159
Simplicity2,WINDPOWER,1362,2010,0.009928159
Simplicity2,WINDPOWER,1363,2010,0.009928159
Simplicity2,WINDPOWER,1364,2010,0.009928159
Simplicity2,WINDPOWER,1365,2010,0.009928159
Simplicity2,WINDPOWER,1366,2010,0.011252845
Simplicity2,WINDPOWER,1367,2010,0.030722727
Simplicity2,WINDPOWER,1368,2010,0.107679057
Simplicity2,WINDPOWER,1369,2010,0.103714272
Simplicity2,WINDPOWER,1370,2010,0.079720265
Simplicity2,WINDPOWER,1371,2010,0.100394762
Simplicity2,WINDPOWER,1372,2010,0.059435694
Simplicity2,WINDPOWER,1373,2010,0.009989715
Simplicity2,WINDPOWER,1374,2010,0.009928159
Simplicity2,WINDPOWER,1375,2010,0.009928159
Simplicity2,WINDPOWER,1376,2010,0.095835628
Simplicity2,WINDPOWER,1377,2010,0.210640648
Simplicity2,WINDPOWER,1378,2010,0.370056425
Simplicity2,WINDPOWER,1379,2010,0.558965141
Simplicity2,WINDPOWER,1380,2010,0.688338965
Simplicity2,WINDPOWER,1381,2010,0.680655684
Simplicity2,WINDPOWER,1382,2010,0.64888889
Simplicity2,WINDPOWER,1383,2010,0.718391195
Simplicity2,WINDPOWER,1384,2010,0.792895386
Simplicity2,WINDPOWER,1385,2010,0.845818505
Simplicity2,WINDPOWER,1386,2010,0.85845072
Simplicity2,WINDPOWER,1387,2010,0.72003047
Simplicity2,WINDPOWER,1388,2010,0.770158402
Simplicity2,WINDPOWER,1389,2010,0.938688879
Simplicity2,WINDPOWER,1390,2010,0.938768185
Simplicity2,WINDPOWER,1391,2010,0.938768185
Simplicity2,WINDPOWER,1392,2010,0.938716742
Simplicity2,WINDPOWER,1393,2010,0.938606565
Simplicity2,WINDPOWER,1394,2010,0.938768185
Simplicity2,WINDPOWER,1395,2010,0.938768185
Simplicity2,WINDPOWER,1396,2010,0.938768185
Simplicity2,WINDPOWER,1397,2010,0.938768185
Simplicity2,WINDPOWER,1398,2010,0.938768185
Simplicity2,WINDPOWER,1399,2010,0.93869016
Simplicity2,WINDPOWER,1400,2010,0.93866205
Simplicity2,WINDPOWER,1401,2010,0.938395505
Simplicity2,WINDPOWER,1402,2010,0.937509141
Simplicity2,WINDPOWER,1403,2010,0.915985062
Simplicity2,WINDPOWER,1404,2010,0.903883641
Simplicity2,WINDPOWER,1405,2010,0.906716371
Simplicity2,WINDPOWER,1406,2010,0.928258517
Simplicity2,WINDPOWER,1407,2010,0.920939259
Simplicity2,WINDPOWER,1408,2010,0.937737192
Simplicity2,WINDPOWER,1409,2010,0.938768185
Simplicity2,WINDPOWER,1410,2010,0.938768185
Simplicity2,WINDPOWER,1411,2010,0.938768185
Simplicity2,WINDPOWER,1412,2010,0.938768185
Simplicity2,WINDPOWER,1413,2010,0.938768185
Simplicity2,WINDPOWER,1414,2010,0.938768185
Simplicity2,WINDPOWER,1415,2010,0.938768185
Simplicity2,WINDPOWER,1416,2010,0.938768185
Simplicity2,WINDPOWER,1417,2010,0.938768185
Simplicity2,WINDPOWER,1418,2010,0.938768185
Simplicity2,WINDPOWER,1419,2010,0.938768185
Simplicity2,WINDPOWER,1420,2010,0.938768185
Simplicity2,WINDPOWER,1421,2010,0.938768185
Simplicity2,WINDPOWER,1422,2010,0.938768185
Simplicity2,WINDPOWER,1423,2010,0.938768185
Simplicity2,WINDPOWER,1424,2010,0.938768185
Simplicity2,WINDPOWER,1425,2010,0.938768185
Simplicity2,WINDPOWER,1426,2010,0.938768185
Simplicity2,WINDPOWER,1427,2010,0.938753218
Simplicity2,WINDPOWER,1428,2010,0.938768185
Simplicity2,WINDPOWER,1429,2010,0.938768185
Simplicity2,WINDPOWER,1430,2010,0.938768185
Simplicity2,WINDPOWER,1431,2010,0.938768185
Simplicity2,WINDPOWER,1432,2010,0.938768185
Simplicity2,WINDPOWER,1433,2010,0.938768185
Simplicity2,WINDPOWER,1434,2010,0.93454034
Simplicity2,WINDPOWER,1435,2010,0.931811716
Simplicity2,WINDPOWER,1436,2010,0.938768185
Simplicity2,WINDPOWER,1437,2010,0.938768185
Simplicity2,WINDPOWER,1438,2010,0.929880325
Simplicity2,WINDPOWER,1439,2010,0.894152121
Simplicity2,WINDPOWER,1440,2010,0.92928436
Simplicity2,WINDPOWER,1441,2010,0.938762055
Simplicity2,WINDPOWER,1442,2010,0.938658089
Simplicity2,WINDPOWER,1443,2010,0.938754779
Simplicity2,WINDPOWER,1444,2010,0.938768185
Simplicity2,WINDPOWER,1445,2010,0.938768185
Simplicity2,WINDPOWER,1446,2010,0.938768185
Simplicity2,WINDPOWER,1447,2010,0.938768185
Simplicity2,WINDPOWER,1448,2010,0.938768185
Simplicity2,WINDPOWER,1449,2010,0.938768185
Simplicity2,WINDPOWER,1450,2010,0.938768185
Simplicity2,WINDPOWER,1451,2010,0.938768185
Simplicity2,WINDPOWER,1452,2010,0.938768185
Simplicity2,WINDPOWER,1453,2010,0.938768185
Simplicity2,WINDPOWER,1454,2010,0.938768185
Simplicity2,WINDPOWER,1455,2010,0.938768185
Simplicity2,WINDPOWER,1456,2010,0.938768185
Simplicity2,WINDPOWER,1457,2010,0.938768185
Simplicity2,WINDPOWER,1458,2010,0.938768185
Simplicity2,WINDPOWER,1459,2010,0.938768185
Simplicity2,WINDPOWER,1460,2010,0.938768185
Simplicity2,WINDPOWER,1461,2010,0.938768185
Simplicity2,WINDPOWER,1462,2010,0.938768185
Simplicity2,WINDPOWER,1463,2010,0.938768185
Simplicity2,WINDPOWER,1464,2010,0.938768185
Simplicity2,WINDPOWER,1465,2010,0.938768185
Simplicity2,WINDPOWER,1466,2010,0.938768185
Simplicity2,WINDPOWER,1467,2010,0.938768185
Simplicity2,WINDPOWER,1468,2010,0.938768185
Simplicity2,WINDPOWER,1469,2010,0.938768185
Simplicity2,WINDPOWER,1470,2010,0.938768185
Simplicity2,WINDPOWER,1471,2010,0.938768185
Simplicity2,WINDPOWER,1472,2010,0.938768185
Simplicity2,WINDPOWER,1473,2010,0.938768185
Simplicity2,WINDPOWER,1474,2010,0.937967852
Simplicity2,WINDPOWER,1475,2010,0.937583377
Simplicity2,WINDPOWER,1476,2010,0.913352679
Simplicity2,WINDPOWER,1477,2010,0.875262467
Simplicity2,WINDPOWER,1478,2010,0.881280326
Simplicity2,WINDPOWER,1479,2010,0.862759258
Simplicity2,WINDPOWER,1480,2010,0.882811204
Simplicity2,WINDPOWER,1481,2010,0.901025519
Simplicity2,WINDPOWER,1482,2010,0.886349253
Simplicity2,WINDPOWER,1483,2010,0.84533872
Simplicity2,WINDPOWER,1484,2010,0.887809478
Simplicity2,WINDPOWER,1485,2010,0.908426761
Simplicity2,WINDPOWER,1486,2010,0.892976194
Simplicity2,WINDPOWER,1487,2010,0.788770523
Simplicity2,WINDPOWER,1488,2010,0.650999878
Simplicity2,WINDPOWER,1489,2010,0.41541609
Simplicity2,WINDPOWER,1490,2010,0.428758375
Simplicity2,WINDPOWER,1491,2010,0.397778093
Simplicity2,WINDPOWER,1492,2010,0.353366898
Simplicity2,WINDPOWER,1493,2010,0.343469436
Simplicity2,WINDPOWER,1494,2010,0.354861973
Simplicity2,WINDPOWER,1495,2010,0.382891257
Simplicity2,WINDPOWER,1496,2010,0.383041419
Simplicity2,WINDPOWER,1497,2010,0.329493742
Simplicity2,WINDPOWER,1498,2010,0.256121016
Simplicity2,WINDPOWER,1499,2010,0.231910497
Simplicity2,WINDPOWER,1500,2010,0.212093014
Simplicity2,WINDPOWER,1501,2010,0.157760168
Simplicity2,WINDPOWER,1502,2010,0.131281509
Simplicity2,WINDPOWER,1503,2010,0.102557604
Simplicity2,WINDPOWER,1504,2010,0.069859302
Simplicity2,WINDPOWER,1505,2010,0.046777686
Simplicity2,WINDPOWER,1506,2010,0.040443073
Simplicity2,WINDPOWER,1507,2010,0.053065424
Simplicity2,WINDPOWER,1508,2010,0.011751052
Simplicity2,WINDPOWER,1509,2010,0.019862118
Simplicity2,WINDPOWER,1510,2010,0.067162437
Simplicity2,WINDPOWER,1511,2010,0.092131768
Simplicity2,WINDPOWER,1512,2010,0.194100201
Simplicity2,WINDPOWER,1513,2010,0.183473137
Simplicity2,WINDPOWER,1514,2010,0.1550441
Simplicity2,WINDPOWER,1515,2010,0.13494066
Simplicity2,WINDPOWER,1516,2010,0.111591381
Simplicity2,WINDPOWER,1517,2010,0.113884932
Simplicity2,WINDPOWER,1518,2010,0.112757179
Simplicity2,WINDPOWER,1519,2010,0.115194896
Simplicity2,WINDPOWER,1520,2010,0.605019864
Simplicity2,WINDPOWER,1521,2010,0.844351528
Simplicity2,WINDPOWER,1522,2010,0.928351491
Simplicity2,WINDPOWER,1523,2010,0.873551871
Simplicity2,WINDPOWER,1524,2010,0.80957759
Simplicity2,WINDPOWER,1525,2010,0.626039513
Simplicity2,WINDPOWER,1526,2010,0.431046346
Simplicity2,WINDPOWER,1527,2010,0.306378314
Simplicity2,WINDPOWER,1528,2010,0.235667428
Simplicity2,WINDPOWER,1529,2010,0.071790948
Simplicity2,WINDPOWER,1530,2010,0.062619098
Simplicity2,WINDPOWER,1531,2010,0.100374449
Simplicity2,WINDPOWER,1532,2010,0.112139622
Simplicity2,WINDPOWER,1533,2010,0.098455704
Simplicity2,WINDPOWER,1534,2010,0.08247689
Simplicity2,WINDPOWER,1535,2010,0.079787716
Simplicity2,WINDPOWER,1536,2010,0.030674001
Simplicity2,WINDPOWER,1537,2010,0.022272142
Simplicity2,WINDPOWER,1538,2010,0.233382262
Simplicity2,WINDPOWER,1539,2010,0.807112852
Simplicity2,WINDPOWER,1540,2010,0.938768185
Simplicity2,WINDPOWER,1541,2010,0.938768185
Simplicity2,WINDPOWER,1542,2010,0.938768185
Simplicity2,WINDPOWER,1543,2010,0.938663257
Simplicity2,WINDPOWER,1544,2010,0.938602164
Simplicity2,WINDPOWER,1545,2010,0.938694846
Simplicity2,WINDPOWER,1546,2010,0.938768185
Simplicity2,WINDPOWER,1547,2010,0.938768185
Simplicity2,WINDPOWER,1548,2010,0.938693819
Simplicity2,WINDPOWER,1549,2010,0.932271369
Simplicity2,WINDPOWER,1550,2010,0.931880628
Simplicity2,WINDPOWER,1551,2010,0.937296417
Simplicity2,WINDPOWER,1552,2010,0.9386535
Simplicity2,WINDPOWER,1553,2010,0.938742514
Simplicity2,WINDPOWER,1554,2010,0.934978234
Simplicity2,WINDPOWER,1555,2010,0.938768185
Simplicity2,WINDPOWER,1556,2010,0.938768185
Simplicity2,WINDPOWER,1557,2010,0.938768185
Simplicity2,WINDPOWER,1558,2010,0.938768185
Simplicity2,WINDPOWER,1559,2010,0.938768185
Simplicity2,WINDPOWER,1560,2010,0.938768185
Simplicity2,WINDPOWER,1561,2010,0.938652757
Simplicity2,WINDPOWER,1562,2010,0.921114317
Simplicity2,WINDPOWER,1563,2010,0.893857013
Simplicity2,WINDPOWER,1564,2010,0.888921558
Simplicity2,WINDPOWER,1565,2010,0.879188607
Simplicity2,WINDPOWER,1566,2010,0.831045451
Simplicity2,WINDPOWER,1567,2010,0.776526074
Simplicity2,WINDPOWER,1568,2010,0.691039035
Simplicity2,WINDPOWER,1569,2010,0.631496997
Simplicity2,WINDPOWER,1570,2010,0.585014125
Simplicity2,WINDPOWER,1571,2010,0.42216659
Simplicity2,WINDPOWER,1572,2010,0.262949827
Simplicity2,WINDPOWER,1573,2010,0.157926493
Simplicity2,WINDPOWER,1574,2010,0.119565283
Simplicity2,WINDPOWER,1575,2010,0.094439897
Simplicity2,WINDPOWER,1576,2010,0.080764629
Simplicity2,WINDPOWER,1577,2010,0.070110272
Simplicity2,WINDPOWER,1578,2010,0.062639896
Simplicity2,WINDPOWER,1579,2010,0.010487916
Simplicity2,WINDPOWER,1580,2010,0.022676357
Simplicity2,WINDPOWER,1581,2010,0.228507272
Simplicity2,WINDPOWER,1582,2010,0.274540974
Simplicity2,WINDPOWER,1583,2010,0.30057064
Simplicity2,WINDPOWER,1584,2010,0.262437443
Simplicity2,WINDPOWER,1585,2010,0.127121497
Simplicity2,WINDPOWER,1586,2010,0.012043831
Simplicity2,WINDPOWER,1587,2010,0.009928159
Simplicity2,WINDPOWER,1588,2010,0.009928159
Simplicity2,WINDPOWER,1589,2010,0.009928159
Simplicity2,WINDPOWER,1590,2010,0.009928159
Simplicity2,WINDPOWER,1591,2010,0.009928159
Simplicity2,WINDPOWER,1592,2010,0.010097654
Simplicity2,WINDPOWER,1593,2010,0.01285203
Simplicity2,WINDPOWER,1594,2010,0.016796392
Simplicity2,WINDPOWER,1595,2010,0.057608284
Simplicity2,WINDPOWER,1596,2010,0.081195557
Simplicity2,WINDPOWER,1597,2010,0.120913269
Simplicity2,WINDPOWER,1598,2010,0.163575624
Simplicity2,WINDPOWER,1599,2010,0.215429424
Simplicity2,WINDPOWER,1600,2010,0.300572852
Simplicity2,WINDPOWER,1601,2010,0.296277705
Simplicity2,WINDPOWER,1602,2010,0.232832644
Simplicity2,WINDPOWER,1603,2010,0.227438661
Simplicity2,WINDPOWER,1604,2010,0.735896502
Simplicity2,WINDPOWER,1605,2010,0.874748084
Simplicity2,WINDPOWER,1606,2010,0.865386242
Simplicity2,WINDPOWER,1607,2010,0.59275749
Simplicity2,WINDPOWER,1608,2010,0.356988769
Simplicity2,WINDPOWER,1609,2010,0.305191228
Simplicity2,WINDPOWER,1610,2010,0.153788088
Simplicity2,WINDPOWER,1611,2010,0.075407623
Simplicity2,WINDPOWER,1612,2010,0.012797483
Simplicity2,WINDPOWER,1613,2010,0.009928159
Simplicity2,WINDPOWER,1614,2010,0.020382197
Simplicity2,WINDPOWER,1615,2010,0.035215831
Simplicity2,WINDPOWER,1616,2010,0.013193473
Simplicity2,WINDPOWER,1617,2010,0.009928159
Simplicity2,WINDPOWER,1618,2010,0.009928159
Simplicity2,WINDPOWER,1619,2010,0.009928159
Simplicity2,WINDPOWER,1620,2010,0.009928159
Simplicity2,WINDPOWER,1621,2010,0.009928159
Simplicity2,WINDPOWER,1622,2010,0.009928159
Simplicity2,WINDPOWER,1623,2010,0.029494482
Simplicity2,WINDPOWER,1624,2010,0.138483821
Simplicity2,WINDPOWER,1625,2010,0.327038874
Simplicity2,WINDPOWER,1626,2010,0.538726909
Simplicity2,WINDPOWER,1627,2010,0.685954437
Simplicity2,WINDPOWER,1628,2010,0.938605924
Simplicity2,WINDPOWER,1629,2010,0.938768185
Simplicity2,WINDPOWER,1630,2010,0.938768185
Simplicity2,WINDPOWER,1631,2010,0.938768185
Simplicity2,WINDPOWER,1632,2010,0.938768185
Simplicity2,WINDPOWER,1633,2010,0.938768185
Simplicity2,WINDPOWER,1634,2010,0.931152678
Simplicity2,WINDPOWER,1635,2010,0.279163403
Simplicity2,WINDPOWER,1636,2010,0.492525243
Simplicity2,WINDPOWER,1637,2010,0.901982275
Simplicity2,WINDPOWER,1638,2010,0.930432834
Simplicity2,WINDPOWER,1639,2010,0.880689208
Simplicity2,WINDPOWER,1640,2010,0.724476095
Simplicity2,WINDPOWER,1641,2010,0.641596514
Simplicity2,WINDPOWER,1642,2010,0.487764586
Simplicity2,WINDPOWER,1643,2010,0.197848243
Simplicity2,WINDPOWER,1644,2010,0.105418264
Simplicity2,WINDPOWER,1645,2010,0.078884185
Simplicity2,WINDPOWER,1646,2010,0.013956401
Simplicity2,WINDPOWER,1647,2010,0.009928159
Simplicity2,WINDPOWER,1648,2010,0.009928159
Simplicity2,WINDPOWER,1649,2010,0.009928159
Simplicity2,WINDPOWER,1650,2010,0.009928159
Simplicity2,WINDPOWER,1651,2010,0.009928159
Simplicity2,WINDPOWER,1652,2010,0.009928159
Simplicity2,WINDPOWER,1653,2010,0.009928159
Simplicity2,WINDPOWER,1654,2010,0.009928159
Simplicity2,WINDPOWER,1655,2010,0.011541884
Simplicity2,WINDPOWER,1656,2010,0.057108393
Simplicity2,WINDPOWER,1657,2010,0.130518706
Simplicity2,WINDPOWER,1658,2010,0.214413227
Simplicity2,WINDPOWER,1659,2010,0.457860969
Simplicity2,WINDPOWER,1660,2010,0.517643238
Simplicity2,WINDPOWER,1661,2010,0.623056798
Simplicity2,WINDPOWER,1662,2010,0.784228759
Simplicity2,WINDPOWER,1663,2010,0.877745761
Simplicity2,WINDPOWER,1664,2010,0.925449447
Simplicity2,WINDPOWER,1665,2010,0.937714072
Simplicity2,WINDPOWER,1666,2010,0.938745405
Simplicity2,WINDPOWER,1667,2010,0.938752223
Simplicity2,WINDPOWER,1668,2010,0.938768185
Simplicity2,WINDPOWER,1669,2010,0.938768185
Simplicity2,WINDPOWER,1670,2010,0.938768185
Simplicity2,WINDPOWER,1671,2010,0.938768185
Simplicity2,WINDPOWER,1672,2010,0.938768185
Simplicity2,WINDPOWER,1673,2010,0.938768185
Simplicity2,WINDPOWER,1674,2010,0.938768185
Simplicity2,WINDPOWER,1675,2010,0.938768185
Simplicity2,WINDPOWER,1676,2010,0.938362623
Simplicity2,WINDPOWER,1677,2010,0.937275097
Simplicity2,WINDPOWER,1678,2010,0.938744717
Simplicity2,WINDPOWER,1679,2010,0.938768185
Simplicity2,WINDPOWER,1680,2010,0.938768185
Simplicity2,WINDPOWER,1681,2010,0.93875663
Simplicity2,WINDPOWER,1682,2010,0.938768185
Simplicity2,WINDPOWER,1683,2010,0.938768185
Simplicity2,WINDPOWER,1684,2010,0.938768185
Simplicity2,WINDPOWER,1685,2010,0.938768185
Simplicity2,WINDPOWER,1686,2010,0.938601278
Simplicity2,WINDPOWER,1687,2010,0.938486294
Simplicity2,WINDPOWER,1688,2010,0.937071956
Simplicity2,WINDPOWER,1689,2010,0.934187329
Simplicity2,WINDPOWER,1690,2010,0.928684016
Simplicity2,WINDPOWER,1691,2010,0.930235147
Simplicity2,WINDPOWER,1692,2010,0.911722482
Simplicity2,WINDPOWER,1693,2010,0.890999512
Simplicity2,WINDPOWER,1694,2010,0.904482574
Simplicity2,WINDPOWER,1695,2010,0.930142391
Simplicity2,WINDPOWER,1696,2010,0.93833203
Simplicity2,WINDPOWER,1697,2010,0.938768185
Simplicity2,WINDPOWER,1698,2010,0.937111563
Simplicity2,WINDPOWER,1699,2010,0.938768185
Simplicity2,WINDPOWER,1700,2010,0.938768185
Simplicity2,WINDPOWER,1701,2010,0.938768185
Simplicity2,WINDPOWER,1702,2010,0.936718032
Simplicity2,WINDPOWER,1703,2010,0.911447127
Simplicity2,WINDPOWER,1704,2010,0.804702731
Simplicity2,WINDPOWER,1705,2010,0.789266009
Simplicity2,WINDPOWER,1706,2010,0.81293412
Simplicity2,WINDPOWER,1707,2010,0.886815118
Simplicity2,WINDPOWER,1708,2010,0.922846081
Simplicity2,WINDPOWER,1709,2010,0.921359864
Simplicity2,WINDPOWER,1710,2010,0.892508816
Simplicity2,WINDPOWER,1711,2010,0.880581476
Simplicity2,WINDPOWER,1712,2010,0.883424555
Simplicity2,WINDPOWER,1713,2010,0.83909422
Simplicity2,WINDPOWER,1714,2010,0.816516366
Simplicity2,WINDPOWER,1715,2010,0.816084532
Simplicity2,WINDPOWER,1716,2010,0.815895191
Simplicity2,WINDPOWER,1717,2010,0.676215405
Simplicity2,WINDPOWER,1718,2010,0.485795994
Simplicity2,WINDPOWER,1719,2010,0.333397187
Simplicity2,WINDPOWER,1720,2010,0.24556808
Simplicity2,WINDPOWER,1721,2010,0.233053137
Simplicity2,WINDPOWER,1722,2010,0.314808152
Simplicity2,WINDPOWER,1723,2010,0.168470058
Simplicity2,WINDPOWER,1724,2010,0.216018769
Simplicity2,WINDPOWER,1725,2010,0.43804469
Simplicity2,WINDPOWER,1726,2010,0.624462182
Simplicity2,WINDPOWER,1727,2010,0.39823371
Simplicity2,WINDPOWER,1728,2010,0.41940438
Simplicity2,WINDPOWER,1729,2010,0.438350315
Simplicity2,WINDPOWER,1730,2010,0.328373913
Simplicity2,WINDPOWER,1731,2010,0.194047975
Simplicity2,WINDPOWER,1732,2010,0.192815885
Simplicity2,WINDPOWER,1733,2010,0.265830481
Simplicity2,WINDPOWER,1734,2010,0.48465714
Simplicity2,WINDPOWER,1735,2010,0.667838957
Simplicity2,WINDPOWER,1736,2010,0.664879906
Simplicity2,WINDPOWER,1737,2010,0.586942385
Simplicity2,WINDPOWER,1738,2010,0.490983578
Simplicity2,WINDPOWER,1739,2010,0.195851111
Simplicity2,WINDPOWER,1740,2010,0.193929348
Simplicity2,WINDPOWER,1741,2010,0.166491977
Simplicity2,WINDPOWER,1742,2010,0.12249778
Simplicity2,WINDPOWER,1743,2010,0.121929497
Simplicity2,WINDPOWER,1744,2010,0.094733553
Simplicity2,WINDPOWER,1745,2010,0.075842033
Simplicity2,WINDPOWER,1746,2010,0.037160703
Simplicity2,WINDPOWER,1747,2010,0.025350264
Simplicity2,WINDPOWER,1748,2010,0.426534437
Simplicity2,WINDPOWER,1749,2010,0.852601504
Simplicity2,WINDPOWER,1750,2010,0.927982564
Simplicity2,WINDPOWER,1751,2010,0.174268127
Simplicity2,WINDPOWER,1752,2010,0.163187179
Simplicity2,WINDPOWER,1753,2010,0.107484569
Simplicity2,WINDPOWER,1754,2010,0.268431095
Simplicity2,WINDPOWER,1755,2010,0.518768668
Simplicity2,WINDPOWER,1756,2010,0.253715192
Simplicity2,WINDPOWER,1757,2010,0.05218453
Simplicity2,WINDPOWER,1758,2010,0.009928159
Simplicity2,WINDPOWER,1759,2010,0.009928159
Simplicity2,WINDPOWER,1760,2010,0.103958126
Simplicity2,WINDPOWER,1761,2010,0.212927317
Simplicity2,WINDPOWER,1762,2010,0.563133795
Simplicity2,WINDPOWER,1763,2010,0.919381537
Simplicity2,WINDPOWER,1764,2010,0.935347247
Simplicity2,WINDPOWER,1765,2010,0.936700635
Simplicity2,WINDPOWER,1766,2010,0.937520971
Simplicity2,WINDPOWER,1767,2010,0.938601914
Simplicity2,WINDPOWER,1768,2010,0.938702038
Simplicity2,WINDPOWER,1769,2010,0.938768185
Simplicity2,WINDPOWER,1770,2010,0.938768185
Simplicity2,WINDPOWER,1771,2010,0.938768185
Simplicity2,WINDPOWER,1772,2010,0.938768185
Simplicity2,WINDPOWER,1773,2010,0.938768185
Simplicity2,WINDPOWER,1774,2010,0.938768185
Simplicity2,WINDPOWER,1775,2010,0.938768185
Simplicity2,WINDPOWER,1776,2010,0.938768185
Simplicity2,WINDPOWER,1777,2010,0.938768185
Simplicity2,WINDPOWER,1778,2010,0.938768185
Simplicity2,WINDPOWER,1779,2010,0.938768185
Simplicity2,WINDPOWER,1780,2010,0.938768185
Simplicity2,WINDPOWER,1781,2010,0.938768185
Simplicity2,WINDPOWER,1782,2010,0.938768185
Simplicity2,WINDPOWER,1783,2010,0.938768185
Simplicity2,WINDPOWER,1784,2010,0.938768185
Simplicity2,WINDPOWER,1785,2010,0.938768185
Simplicity2,WINDPOWER,1786,2010,0.938768185
Simplicity2,WINDPOWER,1787,2010,0.938768185
Simplicity2,WINDPOWER,1788,2010,0.938768185
Simplicity2,WINDPOWER,1789,2010,0.938768185
Simplicity2,WINDPOWER,1790,2010,0.938768185
Simplicity2,WINDPOWER,1791,2010,0.938768185
Simplicity2,WINDPOWER,1792,2010,0.938768185
Simplicity2,WINDPOWER,1793,2010,0.938768185
Simplicity2,WINDPOWER,1794,2010,0.938747422
Simplicity2,WINDPOWER,1795,2010,0.938768185
Simplicity2,WINDPOWER,1796,2010,0.938768185
Simplicity2,WINDPOWER,1797,2010,0.938676446
Simplicity2,WINDPOWER,1798,2010,0.934190974
Simplicity2,WINDPOWER,1799,2010,0.899581037
Simplicity2,WINDPOWER,1800,2010,0.848625694
Simplicity2,WINDPOWER,1801,2010,0.807392997
Simplicity2,WINDPOWER,1802,2010,0.734975615
Simplicity2,WINDPOWER,1803,2010,0.782687908
Simplicity2,WINDPOWER,1804,2010,0.72149976
Simplicity2,WINDPOWER,1805,2010,0.602470021
Simplicity2,WINDPOWER,1806,2010,0.589075349
Simplicity2,WINDPOWER,1807,2010,0.631307745
Simplicity2,WINDPOWER,1808,2010,0.67192052
Simplicity2,WINDPOWER,1809,2010,0.696159176
Simplicity2,WINDPOWER,1810,2010,0.713519429
Simplicity2,WINDPOWER,1811,2010,0.60818393
Simplicity2,WINDPOWER,1812,2010,0.585313651
Simplicity2,WINDPOWER,1813,2010,0.527715907
Simplicity2,WINDPOWER,1814,2010,0.505249917
Simplicity2,WINDPOWER,1815,2010,0.522506809
Simplicity2,WINDPOWER,1816,2010,0.572782149
Simplicity2,WINDPOWER,1817,2010,0.630413267
Simplicity2,WINDPOWER,1818,2010,0.520138219
Simplicity2,WINDPOWER,1819,2010,0.433642749
Simplicity2,WINDPOWER,1820,2010,0.885795123
Simplicity2,WINDPOWER,1821,2010,0.921322515
Simplicity2,WINDPOWER,1822,2010,0.914970112
Simplicity2,WINDPOWER,1823,2010,0.909421949
Simplicity2,WINDPOWER,1824,2010,0.84884421
Simplicity2,WINDPOWER,1825,2010,0.718036431
Simplicity2,WINDPOWER,1826,2010,0.545364033
Simplicity2,WINDPOWER,1827,2010,0.341980536
Simplicity2,WINDPOWER,1828,2010,0.231444323
Simplicity2,WINDPOWER,1829,2010,0.163830194
Simplicity2,WINDPOWER,1830,2010,0.154095588
Simplicity2,WINDPOWER,1831,2010,0.145796326
Simplicity2,WINDPOWER,1832,2010,0.139539074
Simplicity2,WINDPOWER,1833,2010,0.23550202
Simplicity2,WINDPOWER,1834,2010,0.300111004
Simplicity2,WINDPOWER,1835,2010,0.344288282
Simplicity2,WINDPOWER,1836,2010,0.361032725
Simplicity2,WINDPOWER,1837,2010,0.290486876
Simplicity2,WINDPOWER,1838,2010,0.297602882
Simplicity2,WINDPOWER,1839,2010,0.304221716
Simplicity2,WINDPOWER,1840,2010,0.280975311
Simplicity2,WINDPOWER,1841,2010,0.283790723
Simplicity2,WINDPOWER,1842,2010,0.331910653
Simplicity2,WINDPOWER,1843,2010,0.135326713
Simplicity2,WINDPOWER,1844,2010,0.615574015
Simplicity2,WINDPOWER,1845,2010,0.786028481
Simplicity2,WINDPOWER,1846,2010,0.938012488
Simplicity2,WINDPOWER,1847,2010,0.938768185
Simplicity2,WINDPOWER,1848,2010,0.925246172
Simplicity2,WINDPOWER,1849,2010,0.451970797
Simplicity2,WINDPOWER,1850,2010,0.199909235
Simplicity2,WINDPOWER,1851,2010,0.197551209
Simplicity2,WINDPOWER,1852,2010,0.310862152
Simplicity2,WINDPOWER,1853,2010,0.383820939
Simplicity2,WINDPOWER,1854,2010,0.517661364
Simplicity2,WINDPOWER,1855,2010,0.826232606
Simplicity2,WINDPOWER,1856,2010,0.643736795
Simplicity2,WINDPOWER,1857,2010,0.486074703
Simplicity2,WINDPOWER,1858,2010,0.665726097
Simplicity2,WINDPOWER,1859,2010,0.868452226
Simplicity2,WINDPOWER,1860,2010,0.925375856
Simplicity2,WINDPOWER,1861,2010,0.938626744
Simplicity2,WINDPOWER,1862,2010,0.938750756
Simplicity2,WINDPOWER,1863,2010,0.938768185
Simplicity2,WINDPOWER,1864,2010,0.938768185
Simplicity2,WINDPOWER,1865,2010,0.932382913
Simplicity2,WINDPOWER,1866,2010,0.938768185
Simplicity2,WINDPOWER,1867,2010,0.938768185
Simplicity2,WINDPOWER,1868,2010,0.938768185
Simplicity2,WINDPOWER,1869,2010,0.938768185
Simplicity2,WINDPOWER,1870,2010,0.938768185
Simplicity2,WINDPOWER,1871,2010,0.938768185
Simplicity2,WINDPOWER,1872,2010,0.938768185
Simplicity2,WINDPOWER,1873,2010,0.938768185
Simplicity2,WINDPOWER,1874,2010,0.930778829
Simplicity2,WINDPOWER,1875,2010,0.92081623
Simplicity2,WINDPOWER,1876,2010,0.912936071
Simplicity2,WINDPOWER,1877,2010,0.909338138
Simplicity2,WINDPOWER,1878,2010,0.923986553
Simplicity2,WINDPOWER,1879,2010,0.923490964
Simplicity2,WINDPOWER,1880,2010,0.920644273
Simplicity2,WINDPOWER,1881,2010,0.925081759
Simplicity2,WINDPOWER,1882,2010,0.926820365
Simplicity2,WINDPOWER,1883,2010,0.93777282
Simplicity2,WINDPOWER,1884,2010,0.938632909
Simplicity2,WINDPOWER,1885,2010,0.938722777
Simplicity2,WINDPOWER,1886,2010,0.938087903
Simplicity2,WINDPOWER,1887,2010,0.938727444
Simplicity2,WINDPOWER,1888,2010,0.936670763
Simplicity2,WINDPOWER,1889,2010,0.938281028
Simplicity2,WINDPOWER,1890,2010,0.938618595
Simplicity2,WINDPOWER,1891,2010,0.938768185
Simplicity2,WINDPOWER,1892,2010,0.938768185
Simplicity2,WINDPOWER,1893,2010,0.938768185
Simplicity2,WINDPOWER,1894,2010,0.938768185
Simplicity2,WINDPOWER,1895,2010,0.938768185
Simplicity2,WINDPOWER,1896,2010,0.938768185
Simplicity2,WINDPOWER,1897,2010,0.938768185
Simplicity2,WINDPOWER,1898,2010,0.935402329
Simplicity2,WINDPOWER,1899,2010,0.870818344
Simplicity2,WINDPOWER,1900,2010,0.770608462
Simplicity2,WINDPOWER,1901,2010,0.763131169
Simplicity2,WINDPOWER,1902,2010,0.708245734
Simplicity2,WINDPOWER,1903,2010,0.705623811
Simplicity2,WINDPOWER,1904,2010,0.752075604
Simplicity2,WINDPOWER,1905,2010,0.8308079
Simplicity2,WINDPOWER,1906,2010,0.863208102
Simplicity2,WINDPOWER,1907,2010,0.919470429
Simplicity2,WINDPOWER,1908,2010,0.934985181
Simplicity2,WINDPOWER,1909,2010,0.938661821
Simplicity2,WINDPOWER,1910,2010,0.938731766
Simplicity2,WINDPOWER,1911,2010,0.938748866
Simplicity2,WINDPOWER,1912,2010,0.938658392
Simplicity2,WINDPOWER,1913,2010,0.921470395
Simplicity2,WINDPOWER,1914,2010,0.930511985
Simplicity2,WINDPOWER,1915,2010,0.938768185
Simplicity2,WINDPOWER,1916,2010,0.938768185
Simplicity2,WINDPOWER,1917,2010,0.938768185
Simplicity2,WINDPOWER,1918,2010,0.938768185
Simplicity2,WINDPOWER,1919,2010,0.938768185
Simplicity2,WINDPOWER,1920,2010,0.938768185
Simplicity2,WINDPOWER,1921,2010,0.938768185
Simplicity2,WINDPOWER,1922,2010,0.90785134
Simplicity2,WINDPOWER,1923,2010,0.898151787
Simplicity2,WINDPOWER,1924,2010,0.752950242
Simplicity2,WINDPOWER,1925,2010,0.521464915
Simplicity2,WINDPOWER,1926,2010,0.527018793
Simplicity2,WINDPOWER,1927,2010,0.485832647
Simplicity2,WINDPOWER,1928,2010,0.437277156
Simplicity2,WINDPOWER,1929,2010,0.227589464
Simplicity2,WINDPOWER,1930,2010,0.061883909
Simplicity2,WINDPOWER,1931,2010,0.019212765
Simplicity2,WINDPOWER,1932,2010,0.03470169
Simplicity2,WINDPOWER,1933,2010,0.133811566
Simplicity2,WINDPOWER,1934,2010,0.139428119
Simplicity2,WINDPOWER,1935,2010,0.105285461
Simplicity2,WINDPOWER,1936,2010,0.083882535
Simplicity2,WINDPOWER,1937,2010,0.051541976
Simplicity2,WINDPOWER,1938,2010,0.022684041
Simplicity2,WINDPOWER,1939,2010,0.009928159
Simplicity2,WINDPOWER,1940,2010,0.009928159
Simplicity2,WINDPOWER,1941,2010,0.009928159
Simplicity2,WINDPOWER,1942,2010,0.042603013
Simplicity2,WINDPOWER,1943,2010,0.060858956
Simplicity2,WINDPOWER,1944,2010,0.121697139
Simplicity2,WINDPOWER,1945,2010,0.237325896
Simplicity2,WINDPOWER,1946,2010,0.160372957
Simplicity2,WINDPOWER,1947,2010,0.195850406
Simplicity2,WINDPOWER,1948,2010,0.358747344
Simplicity2,WINDPOWER,1949,2010,0.482136057
Simplicity2,WINDPOWER,1950,2010,0.683763907
Simplicity2,WINDPOWER,1951,2010,0.723600862
Simplicity2,WINDPOWER,1952,2010,0.712355321
Simplicity2,WINDPOWER,1953,2010,0.785494063
Simplicity2,WINDPOWER,1954,2010,0.77025875
Simplicity2,WINDPOWER,1955,2010,0.618101272
Simplicity2,WINDPOWER,1956,2010,0.6086283
Simplicity2,WINDPOWER,1957,2010,0.694388884
Simplicity2,WINDPOWER,1958,2010,0.693831083
Simplicity2,WINDPOWER,1959,2010,0.605061823
Simplicity2,WINDPOWER,1960,2010,0.591480779
Simplicity2,WINDPOWER,1961,2010,0.562660875
Simplicity2,WINDPOWER,1962,2010,0.843742257
Simplicity2,WINDPOWER,1963,2010,0.938768185
Simplicity2,WINDPOWER,1964,2010,0.938768185
Simplicity2,WINDPOWER,1965,2010,0.938768185
Simplicity2,WINDPOWER,1966,2010,0.938768185
Simplicity2,WINDPOWER,1967,2010,0.938768185
Simplicity2,WINDPOWER,1968,2010,0.938768185
Simplicity2,WINDPOWER,1969,2010,0.938768185
Simplicity2,WINDPOWER,1970,2010,0.931426123
Simplicity2,WINDPOWER,1971,2010,0.938768185
Simplicity2,WINDPOWER,1972,2010,0.938768185
Simplicity2,WINDPOWER,1973,2010,0.938754615
Simplicity2,WINDPOWER,1974,2010,0.938594304
Simplicity2,WINDPOWER,1975,2010,0.9364113
Simplicity2,WINDPOWER,1976,2010,0.930620225
Simplicity2,WINDPOWER,1977,2010,0.87748943
Simplicity2,WINDPOWER,1978,2010,0.549855183
Simplicity2,WINDPOWER,1979,2010,0.030772922
Simplicity2,WINDPOWER,1980,2010,0.535969417
Simplicity2,WINDPOWER,1981,2010,0.80600977
Simplicity2,WINDPOWER,1982,2010,0.789737791
Simplicity2,WINDPOWER,1983,2010,0.524205201
Simplicity2,WINDPOWER,1984,2010,0.339689707
Simplicity2,WINDPOWER,1985,2010,0.222592011
Simplicity2,WINDPOWER,1986,2010,0.143265324
Simplicity2,WINDPOWER,1987,2010,0.070013197
Simplicity2,WINDPOWER,1988,2010,0.029791454
Simplicity2,WINDPOWER,1989,2010,0.012821204
Simplicity2,WINDPOWER,1990,2010,0.009928159
Simplicity2,WINDPOWER,1991,2010,0.009928159
Simplicity2,WINDPOWER,1992,2010,0.009928159
Simplicity2,WINDPOWER,1993,2010,0.009928159
Simplicity2,WINDPOWER,1994,2010,0.013416217
Simplicity2,WINDPOWER,1995,2010,0.152585113
Simplicity2,WINDPOWER,1996,2010,0.132179563
Simplicity2,WINDPOWER,1997,2010,0.093216722
Simplicity2,WINDPOWER,1998,2010,0.063267641
Simplicity2,WINDPOWER,1999,2010,0.033641592
Simplicity2,WINDPOWER,2000,2010,0.013694962
Simplicity2,WINDPOWER,2001,2010,0.01128694
Simplicity2,WINDPOWER,2002,2010,0.010427419
Simplicity2,WINDPOWER,2003,2010,0.026276801
Simplicity2,WINDPOWER,2004,2010,0.018244985
Simplicity2,WINDPOWER,2005,2010,0.038570245
Simplicity2,WINDPOWER,2006,2010,0.093739655
Simplicity2,WINDPOWER,2007,2010,0.087930409
Simplicity2,WINDPOWER,2008,2010,0.037225863
Simplicity2,WINDPOWER,2009,2010,0.026247398
Simplicity2,WINDPOWER,2010,2010,0.045704921
Simplicity2,WINDPOWER,2011,2010,0.022426301
Simplicity2,WINDPOWER,2012,2010,0.009928159
Simplicity2,WINDPOWER,2013,2010,0.009928159
Simplicity2,WINDPOWER,2014,2010,0.081373427
Simplicity2,WINDPOWER,2015,2010,0.542160552
Simplicity2,WINDPOWER,2016,2010,0.680684849
Simplicity2,WINDPOWER,2017,2010,0.718110374
Simplicity2,WINDPOWER,2018,2010,0.494697081
Simplicity2,WINDPOWER,2019,2010,0.383436829
Simplicity2,WINDPOWER,2020,2010,0.357283902
Simplicity2,WINDPOWER,2021,2010,0.344829085
Simplicity2,WINDPOWER,2022,2010,0.355921458
Simplicity2,WINDPOWER,2023,2010,0.40284063
Simplicity2,WINDPOWER,2024,2010,0.482532359
Simplicity2,WINDPOWER,2025,2010,0.560743408
Simplicity2,WINDPOWER,2026,2010,0.507163954
Simplicity2,WINDPOWER,2027,2010,0.626224595
Simplicity2,WINDPOWER,2028,2010,0.635934767
Simplicity2,WINDPOWER,2029,2010,0.665943829
Simplicity2,WINDPOWER,2030,2010,0.607641644
Simplicity2,WINDPOWER,2031,2010,0.51904776
Simplicity2,WINDPOWER,2032,2010,0.450839704
Simplicity2,WINDPOWER,2033,2010,0.419850854
Simplicity2,WINDPOWER,2034,2010,0.701959929
Simplicity2,WINDPOWER,2035,2010,0.917680974
Simplicity2,WINDPOWER,2036,2010,0.932514618
Simplicity2,WINDPOWER,2037,2010,0.938069776
Simplicity2,WINDPOWER,2038,2010,0.938768185
Simplicity2,WINDPOWER,2039,2010,0.938768185
Simplicity2,WINDPOWER,2040,2010,0.938768185
Simplicity2,WINDPOWER,2041,2010,0.936425949
Simplicity2,WINDPOWER,2042,2010,0.921713759
Simplicity2,WINDPOWER,2043,2010,0.928814418
Simplicity2,WINDPOWER,2044,2010,0.934660329
Simplicity2,WINDPOWER,2045,2010,0.937683739
Simplicity2,WINDPOWER,2046,2010,0.93679356
Simplicity2,WINDPOWER,2047,2010,0.936034573
Simplicity2,WINDPOWER,2048,2010,0.934361482
Simplicity2,WINDPOWER,2049,2010,0.937040033
Simplicity2,WINDPOWER,2050,2010,0.929990148
Simplicity2,WINDPOWER,2051,2010,0.933001188
Simplicity2,WINDPOWER,2052,2010,0.936134067
Simplicity2,WINDPOWER,2053,2010,0.934702728
Simplicity2,WINDPOWER,2054,2010,0.937165714
Simplicity2,WINDPOWER,2055,2010,0.938612325
Simplicity2,WINDPOWER,2056,2010,0.938744938
Simplicity2,WINDPOWER,2057,2010,0.937845831
Simplicity2,WINDPOWER,2058,2010,0.938768185
Simplicity2,WINDPOWER,2059,2010,0.938768185
Simplicity2,WINDPOWER,2060,2010,0.938768185
Simplicity2,WINDPOWER,2061,2010,0.938768185
Simplicity2,WINDPOWER,2062,2010,0.938768185
Simplicity2,WINDPOWER,2063,2010,0.938768185
Simplicity2,WINDPOWER,2064,2010,0.938768185
Simplicity2,WINDPOWER,2065,2010,0.938768185
Simplicity2,WINDPOWER,2066,2010,0.938768185
Simplicity2,WINDPOWER,2067,2010,0.938768185
Simplicity2,WINDPOWER,2068,2010,0.938768185
Simplicity2,WINDPOWER,2069,2010,0.938768185
Simplicity2,WINDPOWER,2070,2010,0.938768185
Simplicity2,WINDPOWER,2071,2010,0.938768185
Simplicity2,WINDPOWER,2072,2010,0.938768185
Simplicity2,WINDPOWER,2073,2010,0.938768185
Simplicity2,WINDPOWER,2074,2010,0.938768185
Simplicity2,WINDPOWER,2075,2010,0.936586633
Simplicity2,WINDPOWER,2076,2010,0.935339121
Simplicity2,WINDPOWER,2077,2010,0.923189306
Simplicity2,WINDPOWER,2078,2010,0.924023285
Simplicity2,WINDPOWER,2079,2010,0.937886582
Simplicity2,WINDPOWER,2080,2010,0.927432485
Simplicity2,WINDPOWER,2081,2010,0.938072183
Simplicity2,WINDPOWER,2082,2010,0.93809082
Simplicity2,WINDPOWER,2083,2010,0.926823251
Simplicity2,WINDPOWER,2084,2010,0.892444783
Simplicity2,WINDPOWER,2085,2010,0.752082111
Simplicity2,WINDPOWER,2086,2010,0.621964004
Simplicity2,WINDPOWER,2087,2010,0.819678638
Simplicity2,WINDPOWER,2088,2010,0.925746135
Simplicity2,WINDPOWER,2089,2010,0.917321701
Simplicity2,WINDPOWER,2090,2010,0.862927033
Simplicity2,WINDPOWER,2091,2010,0.920888284
Simplicity2,WINDPOWER,2092,2010,0.931105224
Simplicity2,WINDPOWER,2093,2010,0.930705803
Simplicity2,WINDPOWER,2094,2010,0.928410398
Simplicity2,WINDPOWER,2095,2010,0.915275954
Simplicity2,WINDPOWER,2096,2010,0.894812485
Simplicity2,WINDPOWER,2097,2010,0.873034892
Simplicity2,WINDPOWER,2098,2010,0.858095477
Simplicity2,WINDPOWER,2099,2010,0.896177025
Simplicity2,WINDPOWER,2100,2010,0.695322138
Simplicity2,WINDPOWER,2101,2010,0.293612624
Simplicity2,WINDPOWER,2102,2010,0.133798907
Simplicity2,WINDPOWER,2103,2010,0.087592857
Simplicity2,WINDPOWER,2104,2010,0.045256411
Simplicity2,WINDPOWER,2105,2010,0.013463289
Simplicity2,WINDPOWER,2106,2010,0.0113738
Simplicity2,WINDPOWER,2107,2010,0.049988115
Simplicity2,WINDPOWER,2108,2010,0.46065127
Simplicity2,WINDPOWER,2109,2010,0.875810841
Simplicity2,WINDPOWER,2110,2010,0.936487278
Simplicity2,WINDPOWER,2111,2010,0.937602898
Simplicity2,WINDPOWER,2112,2010,0.937867221
Simplicity2,WINDPOWER,2113,2010,0.932621948
Simplicity2,WINDPOWER,2114,2010,0.819176003
Simplicity2,WINDPOWER,2115,2010,0.554972636
Simplicity2,WINDPOWER,2116,2010,0.425035311
Simplicity2,WINDPOWER,2117,2010,0.442345818
Simplicity2,WINDPOWER,2118,2010,0.56725187
Simplicity2,WINDPOWER,2119,2010,0.749448049
Simplicity2,WINDPOWER,2120,2010,0.809280639
Simplicity2,WINDPOWER,2121,2010,0.813990362
Simplicity2,WINDPOWER,2122,2010,0.779512676
Simplicity2,WINDPOWER,2123,2010,0.765831761
Simplicity2,WINDPOWER,2124,2010,0.751696304
Simplicity2,WINDPOWER,2125,2010,0.718790455
Simplicity2,WINDPOWER,2126,2010,0.799669973
Simplicity2,WINDPOWER,2127,2010,0.875070999
Simplicity2,WINDPOWER,2128,2010,0.899329954
Simplicity2,WINDPOWER,2129,2010,0.826053609
Simplicity2,WINDPOWER,2130,2010,0.90050494
Simplicity2,WINDPOWER,2131,2010,0.938768185
Simplicity2,WINDPOWER,2132,2010,0.938768185
Simplicity2,WINDPOWER,2133,2010,0.938768185
Simplicity2,WINDPOWER,2134,2010,0.938768185
Simplicity2,WINDPOWER,2135,2010,0.938768185
Simplicity2,WINDPOWER,2136,2010,0.938768185
Simplicity2,WINDPOWER,2137,2010,0.938768185
Simplicity2,WINDPOWER,2138,2010,0.938768185
Simplicity2,WINDPOWER,2139,2010,0.938768185
Simplicity2,WINDPOWER,2140,2010,0.938768185
Simplicity2,WINDPOWER,2141,2010,0.938768185
Simplicity2,WINDPOWER,2142,2010,0.938768185
Simplicity2,WINDPOWER,2143,2010,0.938768185
Simplicity2,WINDPOWER,2144,2010,0.938768185
Simplicity2,WINDPOWER,2145,2010,0.938768185
Simplicity2,WINDPOWER,2146,2010,0.938768185
Simplicity2,WINDPOWER,2147,2010,0.938768185
Simplicity2,WINDPOWER,2148,2010,0.938768185
Simplicity2,WINDPOWER,2149,2010,0.938768185
Simplicity2,WINDPOWER,2150,2010,0.938768185
Simplicity2,WINDPOWER,2151,2010,0.938768185
Simplicity2,WINDPOWER,2152,2010,0.938768185
Simplicity2,WINDPOWER,2153,2010,0.938768185
Simplicity2,WINDPOWER,2154,2010,0.938768185
Simplicity2,WINDPOWER,2155,2010,0.938768185
Simplicity2,WINDPOWER,2156,2010,0.938768185
Simplicity2,WINDPOWER,2157,2010,0.938768185
Simplicity2,WINDPOWER,2158,2010,0.938768185
Simplicity2,WINDPOWER,2159,2010,0.938768185
Simplicity2,WINDPOWER,2160,2010,0.938768185
Simplicity2,WINDPOWER,2161,2010,0.938768185
Simplicity2,WINDPOWER,2162,2010,0.938768185
Simplicity2,WINDPOWER,2163,2010,0.938768185
Simplicity2,WINDPOWER,2164,2010,0.938768185
Simplicity2,WINDPOWER,2165,2010,0.938768185
Simplicity2,WINDPOWER,2166,2010,0.938768185
Simplicity2,WINDPOWER,2167,2010,0.938768185
Simplicity2,WINDPOWER,2168,2010,0.938768185
Simplicity2,WINDPOWER,2169,2010,0.938768185
Simplicity2,WINDPOWER,2170,2010,0.938768185
Simplicity2,WINDPOWER,2171,2010,0.938674799
Simplicity2,WINDPOWER,2172,2010,0.938623226
Simplicity2,WINDPOWER,2173,2010,0.930845692
Simplicity2,WINDPOWER,2174,2010,0.865540596
Simplicity2,WINDPOWER,2175,2010,0.892526116
Simplicity2,WINDPOWER,2176,2010,0.920824468
Simplicity2,WINDPOWER,2177,2010,0.934610478
Simplicity2,WINDPOWER,2178,2010,0.938768185
Simplicity2,WINDPOWER,2179,2010,0.938768185
Simplicity2,WINDPOWER,2180,2010,0.938768185
Simplicity2,WINDPOWER,2181,2010,0.938768185
Simplicity2,WINDPOWER,2182,2010,0.938768185
Simplicity2,WINDPOWER,2183,2010,0.938768185
Simplicity2,WINDPOWER,2184,2010,0.938768185
Simplicity2,WINDPOWER,2185,2010,0.938768185
Simplicity2,WINDPOWER,2186,2010,0.938768185
Simplicity2,WINDPOWER,2187,2010,0.930509481
Simplicity2,WINDPOWER,2188,2010,0.843569641
Simplicity2,WINDPOWER,2189,2010,0.789135437
Simplicity2,WINDPOWER,2190,2010,0.769586906
Simplicity2,WINDPOWER,2191,2010,0.755789091
Simplicity2,WINDPOWER,2192,2010,0.773424598
Simplicity2,WINDPOWER,2193,2010,0.788015848
Simplicity2,WINDPOWER,2194,2010,0.762511334
Simplicity2,WINDPOWER,2195,2010,0.595134647
Simplicity2,WINDPOWER,2196,2010,0.568703715
Simplicity2,WINDPOWER,2197,2010,0.562227733
Simplicity2,WINDPOWER,2198,2010,0.530921737
Simplicity2,WINDPOWER,2199,2010,0.527873955
Simplicity2,WINDPOWER,2200,2010,0.55426376
Simplicity2,WINDPOWER,2201,2010,0.497658564
Simplicity2,WINDPOWER,2202,2010,0.915362314
Simplicity2,WINDPOWER,2203,2010,0.877225509
Simplicity2,WINDPOWER,2204,2010,0.845773404
Simplicity2,WINDPOWER,2205,2010,0.824756626
Simplicity2,WINDPOWER,2206,2010,0.789377065
Simplicity2,WINDPOWER,2207,2010,0.744518951
Simplicity2,WINDPOWER,2208,2010,0.833728027
Simplicity2,WINDPOWER,2209,2010,0.805317946
Simplicity2,WINDPOWER,2210,2010,0.687734844
Simplicity2,WINDPOWER,2211,2010,0.570184563
Simplicity2,WINDPOWER,2212,2010,0.636234431
Simplicity2,WINDPOWER,2213,2010,0.673779098
Simplicity2,WINDPOWER,2214,2010,0.681973199
Simplicity2,WINDPOWER,2215,2010,0.686194611
Simplicity2,WINDPOWER,2216,2010,0.701535814
Simplicity2,WINDPOWER,2217,2010,0.678044359
Simplicity2,WINDPOWER,2218,2010,0.628355303
Simplicity2,WINDPOWER,2219,2010,0.534409424
Simplicity2,WINDPOWER,2220,2010,0.567615669
Simplicity2,WINDPOWER,2221,2010,0.597041437
Simplicity2,WINDPOWER,2222,2010,0.592411653
Simplicity2,WINDPOWER,2223,2010,0.549076004
Simplicity2,WINDPOWER,2224,2010,0.501738136
Simplicity2,WINDPOWER,2225,2010,0.383201485
Simplicity2,WINDPOWER,2226,2010,0.10280394
Simplicity2,WINDPOWER,2227,2010,0.26367083
Simplicity2,WINDPOWER,2228,2010,0.531407362
Simplicity2,WINDPOWER,2229,2010,0.384868346
Simplicity2,WINDPOWER,2230,2010,0.302268999
Simplicity2,WINDPOWER,2231,2010,0.08116165
Simplicity2,WINDPOWER,2232,2010,0.178805923
Simplicity2,WINDPOWER,2233,2010,0.083159197
Simplicity2,WINDPOWER,2234,2010,0.021100955
Simplicity2,WINDPOWER,2235,2010,0.01240113
Simplicity2,WINDPOWER,2236,2010,0.010073419
Simplicity2,WINDPOWER,2237,2010,0.009928159
Simplicity2,WINDPOWER,2238,2010,0.013836087
Simplicity2,WINDPOWER,2239,2010,0.057394039
Simplicity2,WINDPOWER,2240,2010,0.074700195
Simplicity2,WINDPOWER,2241,2010,0.121589839
Simplicity2,WINDPOWER,2242,2010,0.170268672
Simplicity2,WINDPOWER,2243,2010,0.268407169
Simplicity2,WINDPOWER,2244,2010,0.206596702
Simplicity2,WINDPOWER,2245,2010,0.245310909
Simplicity2,WINDPOWER,2246,2010,0.264481251
Simplicity2,WINDPOWER,2247,2010,0.291294348
Simplicity2,WINDPOWER,2248,2010,0.309948851
Simplicity2,WINDPOWER,2249,2010,0.10932838
Simplicity2,WINDPOWER,2250,2010,0.091241908
Simplicity2,WINDPOWER,2251,2010,0.186660164
Simplicity2,WINDPOWER,2252,2010,0.622970849
Simplicity2,WINDPOWER,2253,2010,0.897020793
Simplicity2,WINDPOWER,2254,2010,0.935630523
Simplicity2,WINDPOWER,2255,2010,0.93410525
Simplicity2,WINDPOWER,2256,2010,0.93257193
Simplicity2,WINDPOWER,2257,2010,0.931776173
Simplicity2,WINDPOWER,2258,2010,0.929191647
Simplicity2,WINDPOWER,2259,2010,0.938621657
Simplicity2,WINDPOWER,2260,2010,0.938768185
Simplicity2,WINDPOWER,2261,2010,0.938768185
Simplicity2,WINDPOWER,2262,2010,0.938768185
Simplicity2,WINDPOWER,2263,2010,0.938768185
Simplicity2,WINDPOWER,2264,2010,0.938768185
Simplicity2,WINDPOWER,2265,2010,0.938768185
Simplicity2,WINDPOWER,2266,2010,0.938768185
Simplicity2,WINDPOWER,2267,2010,0.93864556
Simplicity2,WINDPOWER,2268,2010,0.937998166
Simplicity2,WINDPOWER,2269,2010,0.938768185
Simplicity2,WINDPOWER,2270,2010,0.938768185
Simplicity2,WINDPOWER,2271,2010,0.938768185
Simplicity2,WINDPOWER,2272,2010,0.938768185
Simplicity2,WINDPOWER,2273,2010,0.938768185
Simplicity2,WINDPOWER,2274,2010,0.938768185
Simplicity2,WINDPOWER,2275,2010,0.938768185
Simplicity2,WINDPOWER,2276,2010,0.938768185
Simplicity2,WINDPOWER,2277,2010,0.938768185
Simplicity2,WINDPOWER,2278,2010,0.938768185
Simplicity2,WINDPOWER,2279,2010,0.938768185
Simplicity2,WINDPOWER,2280,2010,0.938768185
Simplicity2,WINDPOWER,2281,2010,0.938768185
Simplicity2,WINDPOWER,2282,2010,0.938768185
Simplicity2,WINDPOWER,2283,2010,0.938679009
Simplicity2,WINDPOWER,2284,2010,0.936659532
Simplicity2,WINDPOWER,2285,2010,0.923273391
Simplicity2,WINDPOWER,2286,2010,0.89409536
Simplicity2,WINDPOWER,2287,2010,0.84417354
Simplicity2,WINDPOWER,2288,2010,0.78690578
Simplicity2,WINDPOWER,2289,2010,0.722574472
Simplicity2,WINDPOWER,2290,2010,0.665539468
Simplicity2,WINDPOWER,2291,2010,0.487822648
Simplicity2,WINDPOWER,2292,2010,0.578967313
Simplicity2,WINDPOWER,2293,2010,0.62552703
Simplicity2,WINDPOWER,2294,2010,0.696418558
Simplicity2,WINDPOWER,2295,2010,0.710275309
Simplicity2,WINDPOWER,2296,2010,0.668549709
Simplicity2,WINDPOWER,2297,2010,0.929568318
Simplicity2,WINDPOWER,2298,2010,0.938768185
Simplicity2,WINDPOWER,2299,2010,0.93875468
Simplicity2,WINDPOWER,2300,2010,0.938667601
Simplicity2,WINDPOWER,2301,2010,0.938613299
Simplicity2,WINDPOWER,2302,2010,0.936660245
Simplicity2,WINDPOWER,2303,2010,0.938515115
Simplicity2,WINDPOWER,2304,2010,0.938557668
Simplicity2,WINDPOWER,2305,2010,0.937775235
Simplicity2,WINDPOWER,2306,2010,0.919897713
Simplicity2,WINDPOWER,2307,2010,0.831855128
Simplicity2,WINDPOWER,2308,2010,0.779156135
Simplicity2,WINDPOWER,2309,2010,0.705678979
Simplicity2,WINDPOWER,2310,2010,0.634694975
Simplicity2,WINDPOWER,2311,2010,0.613943339
Simplicity2,WINDPOWER,2312,2010,0.584886236
Simplicity2,WINDPOWER,2313,2010,0.510550088
Simplicity2,WINDPOWER,2314,2010,0.537888922
Simplicity2,WINDPOWER,2315,2010,0.517624979
Simplicity2,WINDPOWER,2316,2010,0.606153183
Simplicity2,WINDPOWER,2317,2010,0.66649838
Simplicity2,WINDPOWER,2318,2010,0.65762933
Simplicity2,WINDPOWER,2319,2010,0.63307167
Simplicity2,WINDPOWER,2320,2010,0.529485127
Simplicity2,WINDPOWER,2321,2010,0.771885732
Simplicity2,WINDPOWER,2322,2010,0.874462351
Simplicity2,WINDPOWER,2323,2010,0.843145846
Simplicity2,WINDPOWER,2324,2010,0.803763147
Simplicity2,WINDPOWER,2325,2010,0.846924142
Simplicity2,WINDPOWER,2326,2010,0.863362108
Simplicity2,WINDPOWER,2327,2010,0.916103631
Simplicity2,WINDPOWER,2328,2010,0.934785012
Simplicity2,WINDPOWER,2329,2010,0.90677129
Simplicity2,WINDPOWER,2330,2010,0.838462847
Simplicity2,WINDPOWER,2331,2010,0.480496413
Simplicity2,WINDPOWER,2332,2010,0.14052541
Simplicity2,WINDPOWER,2333,2010,0.038795901
Simplicity2,WINDPOWER,2334,2010,0.042806246
Simplicity2,WINDPOWER,2335,2010,0.200553361
Simplicity2,WINDPOWER,2336,2010,0.32025128
Simplicity2,WINDPOWER,2337,2010,0.350443431
Simplicity2,WINDPOWER,2338,2010,0.302478877
Simplicity2,WINDPOWER,2339,2010,0.298238171
Simplicity2,WINDPOWER,2340,2010,0.103430293
Simplicity2,WINDPOWER,2341,2010,0.049135517
Simplicity2,WINDPOWER,2342,2010,0.018832249
Simplicity2,WINDPOWER,2343,2010,0.009928159
Simplicity2,WINDPOWER,2344,2010,0.009928159
Simplicity2,WINDPOWER,2345,2010,0.009928159
Simplicity2,WINDPOWER,2346,2010,0.1364135
Simplicity2,WINDPOWER,2347,2010,0.517660605
Simplicity2,WINDPOWER,2348,2010,0.854701638
Simplicity2,WINDPOWER,2349,2010,0.938539974
Simplicity2,WINDPOWER,2350,2010,0.938768185
Simplicity2,WINDPOWER,2351,2010,0.938768185
Simplicity2,WINDPOWER,2352,2010,0.938768185
Simplicity2,WINDPOWER,2353,2010,0.938768185
Simplicity2,WINDPOWER,2354,2010,0.938768185
Simplicity2,WINDPOWER,2355,2010,0.938617692
Simplicity2,WINDPOWER,2356,2010,0.93863703
Simplicity2,WINDPOWER,2357,2010,0.938768185
Simplicity2,WINDPOWER,2358,2010,0.938768185
Simplicity2,WINDPOWER,2359,2010,0.938768185
Simplicity2,WINDPOWER,2360,2010,0.938768185
Simplicity2,WINDPOWER,2361,2010,0.938768185
Simplicity2,WINDPOWER,2362,2010,0.938768185
Simplicity2,WINDPOWER,2363,2010,0.938768185
Simplicity2,WINDPOWER,2364,2010,0.938768185
Simplicity2,WINDPOWER,2365,2010,0.938768185
Simplicity2,WINDPOWER,2366,2010,0.938768185
Simplicity2,WINDPOWER,2367,2010,0.938768185
Simplicity2,WINDPOWER,2368,2010,0.926648012
Simplicity2,WINDPOWER,2369,2010,0.938384787
Simplicity2,WINDPOWER,2370,2010,0.938768185
Simplicity2,WINDPOWER,2371,2010,0.938768185
Simplicity2,WINDPOWER,2372,2010,0.938768185
Simplicity2,WINDPOWER,2373,2010,0.938768185
Simplicity2,WINDPOWER,2374,2010,0.930825575
Simplicity2,WINDPOWER,2375,2010,0.831914644
Simplicity2,WINDPOWER,2376,2010,0.669578675
Simplicity2,WINDPOWER,2377,2010,0.444901522
Simplicity2,WINDPOWER,2378,2010,0.252013474
Simplicity2,WINDPOWER,2379,2010,0.23863638
Simplicity2,WINDPOWER,2380,2010,0.103516717
Simplicity2,WINDPOWER,2381,2010,0.138055749
Simplicity2,WINDPOWER,2382,2010,0.235294748
Simplicity2,WINDPOWER,2383,2010,0.403882493
Simplicity2,WINDPOWER,2384,2010,0.386076752
Simplicity2,WINDPOWER,2385,2010,0.519529754
Simplicity2,WINDPOWER,2386,2010,0.643744362
Simplicity2,WINDPOWER,2387,2010,0.473654798
Simplicity2,WINDPOWER,2388,2010,0.530368822
Simplicity2,WINDPOWER,2389,2010,0.376420077
Simplicity2,WINDPOWER,2390,2010,0.233975054
Simplicity2,WINDPOWER,2391,2010,0.705051698
Simplicity2,WINDPOWER,2392,2010,0.575091521
Simplicity2,WINDPOWER,2393,2010,0.506262006
Simplicity2,WINDPOWER,2394,2010,0.443985147
Simplicity2,WINDPOWER,2395,2010,0.371335084
Simplicity2,WINDPOWER,2396,2010,0.186362237
Simplicity2,WINDPOWER,2397,2010,0.173191857
Simplicity2,WINDPOWER,2398,2010,0.218535563
Simplicity2,WINDPOWER,2399,2010,0.091196738
Simplicity2,WINDPOWER,2400,2010,0.065355329
Simplicity2,WINDPOWER,2401,2010,0.064046698
Simplicity2,WINDPOWER,2402,2010,0.010688667
Simplicity2,WINDPOWER,2403,2010,0.009928159
Simplicity2,WINDPOWER,2404,2010,0.009928159
Simplicity2,WINDPOWER,2405,2010,0.013455504
Simplicity2,WINDPOWER,2406,2010,0.063030992
Simplicity2,WINDPOWER,2407,2010,0.183894076
Simplicity2,WINDPOWER,2408,2010,0.443627215
Simplicity2,WINDPOWER,2409,2010,0.585555063
Simplicity2,WINDPOWER,2410,2010,0.656867332
Simplicity2,WINDPOWER,2411,2010,0.506602057
Simplicity2,WINDPOWER,2412,2010,0.609499357
Simplicity2,WINDPOWER,2413,2010,0.53527203
Simplicity2,WINDPOWER,2414,2010,0.427329169
Simplicity2,WINDPOWER,2415,2010,0.302948941
Simplicity2,WINDPOWER,2416,2010,0.233335906
Simplicity2,WINDPOWER,2417,2010,0.103975698
Simplicity2,WINDPOWER,2418,2010,0.365095427
Simplicity2,WINDPOWER,2419,2010,0.33543578
Simplicity2,WINDPOWER,2420,2010,0.240929938
Simplicity2,WINDPOWER,2421,2010,0.289363056
Simplicity2,WINDPOWER,2422,2010,0.288867863
Simplicity2,WINDPOWER,2423,2010,0.260574846
Simplicity2,WINDPOWER,2424,2010,0.276959509
Simplicity2,WINDPOWER,2425,2010,0.174151722
Simplicity2,WINDPOWER,2426,2010,0.126262443
Simplicity2,WINDPOWER,2427,2010,0.013101015
Simplicity2,WINDPOWER,2428,2010,0.009928159
Simplicity2,WINDPOWER,2429,2010,0.050519576
Simplicity2,WINDPOWER,2430,2010,0.141056371
Simplicity2,WINDPOWER,2431,2010,0.152858144
Simplicity2,WINDPOWER,2432,2010,0.11019062
Simplicity2,WINDPOWER,2433,2010,0.055470592
Simplicity2,WINDPOWER,2434,2010,0.016642427
Simplicity2,WINDPOWER,2435,2010,0.014688763
Simplicity2,WINDPOWER,2436,2010,0.013774759
Simplicity2,WINDPOWER,2437,2010,0.014045056
Simplicity2,WINDPOWER,2438,2010,0.031341217
Simplicity2,WINDPOWER,2439,2010,0.033261118
Simplicity2,WINDPOWER,2440,2010,0.013096482
Simplicity2,WINDPOWER,2441,2010,0.009928159
Simplicity2,WINDPOWER,2442,2010,0.011340257
Simplicity2,WINDPOWER,2443,2010,0.044566091
Simplicity2,WINDPOWER,2444,2010,0.039192826
Simplicity2,WINDPOWER,2445,2010,0.059287609
Simplicity2,WINDPOWER,2446,2010,0.072986975
Simplicity2,WINDPOWER,2447,2010,0.091169297
Simplicity2,WINDPOWER,2448,2010,0.114054547
Simplicity2,WINDPOWER,2449,2010,0.107288255
Simplicity2,WINDPOWER,2450,2010,0.111168975
Simplicity2,WINDPOWER,2451,2010,0.143903672
Simplicity2,WINDPOWER,2452,2010,0.178382547
Simplicity2,WINDPOWER,2453,2010,0.21089108
Simplicity2,WINDPOWER,2454,2010,0.225881778
Simplicity2,WINDPOWER,2455,2010,0.258197396
Simplicity2,WINDPOWER,2456,2010,0.314669082
Simplicity2,WINDPOWER,2457,2010,0.5128395
Simplicity2,WINDPOWER,2458,2010,0.653942398
Simplicity2,WINDPOWER,2459,2010,0.50125621
Simplicity2,WINDPOWER,2460,2010,0.549840972
Simplicity2,WINDPOWER,2461,2010,0.674329421
Simplicity2,WINDPOWER,2462,2010,0.808571489
Simplicity2,WINDPOWER,2463,2010,0.899518651
Simplicity2,WINDPOWER,2464,2010,0.889223965
Simplicity2,WINDPOWER,2465,2010,0.684858784
Simplicity2,WINDPOWER,2466,2010,0.881591686
Simplicity2,WINDPOWER,2467,2010,0.916571169
Simplicity2,WINDPOWER,2468,2010,0.885136531
Simplicity2,WINDPOWER,2469,2010,0.855219984
Simplicity2,WINDPOWER,2470,2010,0.828295956
Simplicity2,WINDPOWER,2471,2010,0.783210731
Simplicity2,WINDPOWER,2472,2010,0.803968768
Simplicity2,WINDPOWER,2473,2010,0.807525652
Simplicity2,WINDPOWER,2474,2010,0.778873045
Simplicity2,WINDPOWER,2475,2010,0.765842124
Simplicity2,WINDPOWER,2476,2010,0.692741161
Simplicity2,WINDPOWER,2477,2010,0.658802379
Simplicity2,WINDPOWER,2478,2010,0.623386411
Simplicity2,WINDPOWER,2479,2010,0.515316086
Simplicity2,WINDPOWER,2480,2010,0.382072284
Simplicity2,WINDPOWER,2481,2010,0.318387309
Simplicity2,WINDPOWER,2482,2010,0.288067432
Simplicity2,WINDPOWER,2483,2010,0.240277174
Simplicity2,WINDPOWER,2484,2010,0.192206163
Simplicity2,WINDPOWER,2485,2010,0.136388689
Simplicity2,WINDPOWER,2486,2010,0.083143286
Simplicity2,WINDPOWER,2487,2010,0.045451
Simplicity2,WINDPOWER,2488,2010,0.015178298
Simplicity2,WINDPOWER,2489,2010,0.009928159
Simplicity2,WINDPOWER,2490,2010,0.009928159
Simplicity2,WINDPOWER,2491,2010,0.009928159
Simplicity2,WINDPOWER,2492,2010,0.009928159
Simplicity2,WINDPOWER,2493,2010,0.009928159
Simplicity2,WINDPOWER,2494,2010,0.009928159
Simplicity2,WINDPOWER,2495,2010,0.010182566
Simplicity2,WINDPOWER,2496,2010,0.011452935
Simplicity2,WINDPOWER,2497,2010,0.012486007
Simplicity2,WINDPOWER,2498,2010,0.062157442
Simplicity2,WINDPOWER,2499,2010,0.134443079
Simplicity2,WINDPOWER,2500,2010,0.165959749
Simplicity2,WINDPOWER,2501,2010,0.131061054
Simplicity2,WINDPOWER,2502,2010,0.068996459
Simplicity2,WINDPOWER,2503,2010,0.034491517
Simplicity2,WINDPOWER,2504,2010,0.016086902
Simplicity2,WINDPOWER,2505,2010,0.012327606
Simplicity2,WINDPOWER,2506,2010,0.010892115
Simplicity2,WINDPOWER,2507,2010,0.009928159
Simplicity2,WINDPOWER,2508,2010,0.009928159
Simplicity2,WINDPOWER,2509,2010,0.009928159
Simplicity2,WINDPOWER,2510,2010,0.010034557
Simplicity2,WINDPOWER,2511,2010,0.011076061
Simplicity2,WINDPOWER,2512,2010,0.010355146
Simplicity2,WINDPOWER,2513,2010,0.009928159
Simplicity2,WINDPOWER,2514,2010,0.009928159
Simplicity2,WINDPOWER,2515,2010,0.009928159
Simplicity2,WINDPOWER,2516,2010,0.009928159
Simplicity2,WINDPOWER,2517,2010,0.009928159
Simplicity2,WINDPOWER,2518,2010,0.009928159
Simplicity2,WINDPOWER,2519,2010,0.009928159
Simplicity2,WINDPOWER,2520,2010,0.009928159
Simplicity2,WINDPOWER,2521,2010,0.009928159
Simplicity2,WINDPOWER,2522,2010,0.019429346
Simplicity2,WINDPOWER,2523,2010,0.070621265
Simplicity2,WINDPOWER,2524,2010,0.077986443
Simplicity2,WINDPOWER,2525,2010,0.04427989
Simplicity2,WINDPOWER,2526,2010,0.022742456
Simplicity2,WINDPOWER,2527,2010,0.012537813
Simplicity2,WINDPOWER,2528,2010,0.009928159
Simplicity2,WINDPOWER,2529,2010,0.009928159
Simplicity2,WINDPOWER,2530,2010,0.009928159
Simplicity2,WINDPOWER,2531,2010,0.009928159
Simplicity2,WINDPOWER,2532,2010,0.009928159
Simplicity2,WINDPOWER,2533,2010,0.009928159
Simplicity2,WINDPOWER,2534,2010,0.009928159
Simplicity2,WINDPOWER,2535,2010,0.009928159
Simplicity2,WINDPOWER,2536,2010,0.009928159
Simplicity2,WINDPOWER,2537,2010,0.009928159
Simplicity2,WINDPOWER,2538,2010,0.009928159
Simplicity2,WINDPOWER,2539,2010,0.009928159
Simplicity2,WINDPOWER,2540,2010,0.009928159
Simplicity2,WINDPOWER,2541,2010,0.009928159
Simplicity2,WINDPOWER,2542,2010,0.009928159
Simplicity2,WINDPOWER,2543,2010,0.009928159
Simplicity2,WINDPOWER,2544,2010,0.009928159
Simplicity2,WINDPOWER,2545,2010,0.019583355
Simplicity2,WINDPOWER,2546,2010,0.025471095
Simplicity2,WINDPOWER,2547,2010,0.014835943
Simplicity2,WINDPOWER,2548,2010,0.017121773
Simplicity2,WINDPOWER,2549,2010,0.025551327
Simplicity2,WINDPOWER,2550,2010,0.013063352
Simplicity2,WINDPOWER,2551,2010,0.009928159
Simplicity2,WINDPOWER,2552,2010,0.009928159
Simplicity2,WINDPOWER,2553,2010,0.009928159
Simplicity2,WINDPOWER,2554,2010,0.009928159
Simplicity2,WINDPOWER,2555,2010,0.009928159
Simplicity2,WINDPOWER,2556,2010,0.009928159
Simplicity2,WINDPOWER,2557,2010,0.009928159
Simplicity2,WINDPOWER,2558,2010,0.009928159
Simplicity2,WINDPOWER,2559,2010,0.009928159
Simplicity2,WINDPOWER,2560,2010,0.009928159
Simplicity2,WINDPOWER,2561,2010,0.009928159
Simplicity2,WINDPOWER,2562,2010,0.009928159
Simplicity2,WINDPOWER,2563,2010,0.035742692
Simplicity2,WINDPOWER,2564,2010,0.111093162
Simplicity2,WINDPOWER,2565,2010,0.17902144
Simplicity2,WINDPOWER,2566,2010,0.282798706
Simplicity2,WINDPOWER,2567,2010,0.471476061
Simplicity2,WINDPOWER,2568,2010,0.708986813
Simplicity2,WINDPOWER,2569,2010,0.891506801
Simplicity2,WINDPOWER,2570,2010,0.905224255
Simplicity2,WINDPOWER,2571,2010,0.916669566
Simplicity2,WINDPOWER,2572,2010,0.924112928
Simplicity2,WINDPOWER,2573,2010,0.937220669
Simplicity2,WINDPOWER,2574,2010,0.937706683
Simplicity2,WINDPOWER,2575,2010,0.899325469
Simplicity2,WINDPOWER,2576,2010,0.869220833
Simplicity2,WINDPOWER,2577,2010,0.876828791
Simplicity2,WINDPOWER,2578,2010,0.89905715
Simplicity2,WINDPOWER,2579,2010,0.743508182
Simplicity2,WINDPOWER,2580,2010,0.826379667
Simplicity2,WINDPOWER,2581,2010,0.853508114
Simplicity2,WINDPOWER,2582,2010,0.747626863
Simplicity2,WINDPOWER,2583,2010,0.707304334
Simplicity2,WINDPOWER,2584,2010,0.772621213
Simplicity2,WINDPOWER,2585,2010,0.52311395
Simplicity2,WINDPOWER,2586,2010,0.931289056
Simplicity2,WINDPOWER,2587,2010,0.935261337
Simplicity2,WINDPOWER,2588,2010,0.93279243
Simplicity2,WINDPOWER,2589,2010,0.91059088
Simplicity2,WINDPOWER,2590,2010,0.855788269
Simplicity2,WINDPOWER,2591,2010,0.687490743
Simplicity2,WINDPOWER,2592,2010,0.680864015
Simplicity2,WINDPOWER,2593,2010,0.65947591
Simplicity2,WINDPOWER,2594,2010,0.543243315
Simplicity2,WINDPOWER,2595,2010,0.442851268
Simplicity2,WINDPOWER,2596,2010,0.406715866
Simplicity2,WINDPOWER,2597,2010,0.364549796
Simplicity2,WINDPOWER,2598,2010,0.225130423
Simplicity2,WINDPOWER,2599,2010,0.118172344
Simplicity2,WINDPOWER,2600,2010,0.04587753
Simplicity2,WINDPOWER,2601,2010,0.012489296
Simplicity2,WINDPOWER,2602,2010,0.009928159
Simplicity2,WINDPOWER,2603,2010,0.013796446
Simplicity2,WINDPOWER,2604,2010,0.012979593
Simplicity2,WINDPOWER,2605,2010,0.018745301
Simplicity2,WINDPOWER,2606,2010,0.020553029
Simplicity2,WINDPOWER,2607,2010,0.021273384
Simplicity2,WINDPOWER,2608,2010,0.012233438
Simplicity2,WINDPOWER,2609,2010,0.043244408
Simplicity2,WINDPOWER,2610,2010,0.165042306
Simplicity2,WINDPOWER,2611,2010,0.170495447
Simplicity2,WINDPOWER,2612,2010,0.12152202
Simplicity2,WINDPOWER,2613,2010,0.068471511
Simplicity2,WINDPOWER,2614,2010,0.041011356
Simplicity2,WINDPOWER,2615,2010,0.011055635
Simplicity2,WINDPOWER,2616,2010,0.011730254
Simplicity2,WINDPOWER,2617,2010,0.014195075
Simplicity2,WINDPOWER,2618,2010,0.022262672
Simplicity2,WINDPOWER,2619,2010,0.089551045
Simplicity2,WINDPOWER,2620,2010,0.122422592
Simplicity2,WINDPOWER,2621,2010,0.080710299
Simplicity2,WINDPOWER,2622,2010,0.039729916
Simplicity2,WINDPOWER,2623,2010,0.014464035
Simplicity2,WINDPOWER,2624,2010,0.011273449
Simplicity2,WINDPOWER,2625,2010,0.01206547
Simplicity2,WINDPOWER,2626,2010,0.038038444
Simplicity2,WINDPOWER,2627,2010,0.142794916
Simplicity2,WINDPOWER,2628,2010,0.177425485
Simplicity2,WINDPOWER,2629,2010,0.168144944
Simplicity2,WINDPOWER,2630,2010,0.224160738
Simplicity2,WINDPOWER,2631,2010,0.317218704
Simplicity2,WINDPOWER,2632,2010,0.387223007
Simplicity2,WINDPOWER,2633,2010,0.217987543
Simplicity2,WINDPOWER,2634,2010,0.472179256
Simplicity2,WINDPOWER,2635,2010,0.744705614
Simplicity2,WINDPOWER,2636,2010,0.811723006
Simplicity2,WINDPOWER,2637,2010,0.845766612
Simplicity2,WINDPOWER,2638,2010,0.871223566
Simplicity2,WINDPOWER,2639,2010,0.916245536
Simplicity2,WINDPOWER,2640,2010,0.924159025
Simplicity2,WINDPOWER,2641,2010,0.9221814
Simplicity2,WINDPOWER,2642,2010,0.901518606
Simplicity2,WINDPOWER,2643,2010,0.859562231
Simplicity2,WINDPOWER,2644,2010,0.86462749
Simplicity2,WINDPOWER,2645,2010,0.892167983
Simplicity2,WINDPOWER,2646,2010,0.896243137
Simplicity2,WINDPOWER,2647,2010,0.853060109
Simplicity2,WINDPOWER,2648,2010,0.788893736
Simplicity2,WINDPOWER,2649,2010,0.75757942
Simplicity2,WINDPOWER,2650,2010,0.693797804
Simplicity2,WINDPOWER,2651,2010,0.635707705
Simplicity2,WINDPOWER,2652,2010,0.63693839
Simplicity2,WINDPOWER,2653,2010,0.643571055
Simplicity2,WINDPOWER,2654,2010,0.649258304
Simplicity2,WINDPOWER,2655,2010,0.62040486
Simplicity2,WINDPOWER,2656,2010,0.554222501
Simplicity2,WINDPOWER,2657,2010,0.23497474
Simplicity2,WINDPOWER,2658,2010,0.212082326
Simplicity2,WINDPOWER,2659,2010,0.358786849
Simplicity2,WINDPOWER,2660,2010,0.340620188
Simplicity2,WINDPOWER,2661,2010,0.251589572
Simplicity2,WINDPOWER,2662,2010,0.387064049
Simplicity2,WINDPOWER,2663,2010,0.838010123
Simplicity2,WINDPOWER,2664,2010,0.937489657
Simplicity2,WINDPOWER,2665,2010,0.938768185
Simplicity2,WINDPOWER,2666,2010,0.927441439
Simplicity2,WINDPOWER,2667,2010,0.817606218
Simplicity2,WINDPOWER,2668,2010,0.729633223
Simplicity2,WINDPOWER,2669,2010,0.82183596
Simplicity2,WINDPOWER,2670,2010,0.88878053
Simplicity2,WINDPOWER,2671,2010,0.904694966
Simplicity2,WINDPOWER,2672,2010,0.877828991
Simplicity2,WINDPOWER,2673,2010,0.835787951
Simplicity2,WINDPOWER,2674,2010,0.729603003
Simplicity2,WINDPOWER,2675,2010,0.451844884
Simplicity2,WINDPOWER,2676,2010,0.344445746
Simplicity2,WINDPOWER,2677,2010,0.281094811
Simplicity2,WINDPOWER,2678,2010,0.190387264
Simplicity2,WINDPOWER,2679,2010,0.139730835
Simplicity2,WINDPOWER,2680,2010,0.087219533
Simplicity2,WINDPOWER,2681,2010,0.060099532
Simplicity2,WINDPOWER,2682,2010,0.033089387
Simplicity2,WINDPOWER,2683,2010,0.012509125
Simplicity2,WINDPOWER,2684,2010,0.009928159
Simplicity2,WINDPOWER,2685,2010,0.009928159
Simplicity2,WINDPOWER,2686,2010,0.010916812
Simplicity2,WINDPOWER,2687,2010,0.011998549
Simplicity2,WINDPOWER,2688,2010,0.01493057
Simplicity2,WINDPOWER,2689,2010,0.027614026
Simplicity2,WINDPOWER,2690,2010,0.035491091
Simplicity2,WINDPOWER,2691,2010,0.044368686
Simplicity2,WINDPOWER,2692,2010,0.175218183
Simplicity2,WINDPOWER,2693,2010,0.394483057
Simplicity2,WINDPOWER,2694,2010,0.406422851
Simplicity2,WINDPOWER,2695,2010,0.168563691
Simplicity2,WINDPOWER,2696,2010,0.051486995
Simplicity2,WINDPOWER,2697,2010,0.013063049
Simplicity2,WINDPOWER,2698,2010,0.010406179
Simplicity2,WINDPOWER,2699,2010,0.009928159
Simplicity2,WINDPOWER,2700,2010,0.009928159
Simplicity2,WINDPOWER,2701,2010,0.009948086
Simplicity2,WINDPOWER,2702,2010,0.012190468
Simplicity2,WINDPOWER,2703,2010,0.010037128
Simplicity2,WINDPOWER,2704,2010,0.012182291
Simplicity2,WINDPOWER,2705,2010,0.051711396
Simplicity2,WINDPOWER,2706,2010,0.135240231
Simplicity2,WINDPOWER,2707,2010,0.07923481
Simplicity2,WINDPOWER,2708,2010,0.047819353
Simplicity2,WINDPOWER,2709,2010,0.037624679
Simplicity2,WINDPOWER,2710,2010,0.026079035
Simplicity2,WINDPOWER,2711,2010,0.013215873
Simplicity2,WINDPOWER,2712,2010,0.036683943
Simplicity2,WINDPOWER,2713,2010,0.108543453
Simplicity2,WINDPOWER,2714,2010,0.23076212
Simplicity2,WINDPOWER,2715,2010,0.446024953
Simplicity2,WINDPOWER,2716,2010,0.581742635
Simplicity2,WINDPOWER,2717,2010,0.53146396
Simplicity2,WINDPOWER,2718,2010,0.309399865
Simplicity2,WINDPOWER,2719,2010,0.129657354
Simplicity2,WINDPOWER,2720,2010,0.04855532
Simplicity2,WINDPOWER,2721,2010,0.07840811
Simplicity2,WINDPOWER,2722,2010,0.220622413
Simplicity2,WINDPOWER,2723,2010,0.203337552
Simplicity2,WINDPOWER,2724,2010,0.186726955
Simplicity2,WINDPOWER,2725,2010,0.187628196
Simplicity2,WINDPOWER,2726,2010,0.177729622
Simplicity2,WINDPOWER,2727,2010,0.155642593
Simplicity2,WINDPOWER,2728,2010,0.155825148
Simplicity2,WINDPOWER,2729,2010,0.308503299
Simplicity2,WINDPOWER,2730,2010,0.342567676
Simplicity2,WINDPOWER,2731,2010,0.396234276
Simplicity2,WINDPOWER,2732,2010,0.383143551
Simplicity2,WINDPOWER,2733,2010,0.318417662
Simplicity2,WINDPOWER,2734,2010,0.259497855
Simplicity2,WINDPOWER,2735,2010,0.226156347
Simplicity2,WINDPOWER,2736,2010,0.253666167
Simplicity2,WINDPOWER,2737,2010,0.325880353
Simplicity2,WINDPOWER,2738,2010,0.438860169
Simplicity2,WINDPOWER,2739,2010,0.601170468
Simplicity2,WINDPOWER,2740,2010,0.60465254
Simplicity2,WINDPOWER,2741,2010,0.481205372
Simplicity2,WINDPOWER,2742,2010,0.287972773
Simplicity2,WINDPOWER,2743,2010,0.152590368
Simplicity2,WINDPOWER,2744,2010,0.072795617
Simplicity2,WINDPOWER,2745,2010,0.036754586
Simplicity2,WINDPOWER,2746,2010,0.038957046
Simplicity2,WINDPOWER,2747,2010,0.059224265
Simplicity2,WINDPOWER,2748,2010,0.077823907
Simplicity2,WINDPOWER,2749,2010,0.084789629
Simplicity2,WINDPOWER,2750,2010,0.099881289
Simplicity2,WINDPOWER,2751,2010,0.060691824
Simplicity2,WINDPOWER,2752,2010,0.075767393
Simplicity2,WINDPOWER,2753,2010,0.162579359
Simplicity2,WINDPOWER,2754,2010,0.083146022
Simplicity2,WINDPOWER,2755,2010,0.027788301
Simplicity2,WINDPOWER,2756,2010,0.010717726
Simplicity2,WINDPOWER,2757,2010,0.009928159
Simplicity2,WINDPOWER,2758,2010,0.011198434
Simplicity2,WINDPOWER,2759,2010,0.074670069
Simplicity2,WINDPOWER,2760,2010,0.190794325
Simplicity2,WINDPOWER,2761,2010,0.354649687
Simplicity2,WINDPOWER,2762,2010,0.488068809
Simplicity2,WINDPOWER,2763,2010,0.53060445
Simplicity2,WINDPOWER,2764,2010,0.702381406
Simplicity2,WINDPOWER,2765,2010,0.697083989
Simplicity2,WINDPOWER,2766,2010,0.638420356
Simplicity2,WINDPOWER,2767,2010,0.62278081
Simplicity2,WINDPOWER,2768,2010,0.632714534
Simplicity2,WINDPOWER,2769,2010,0.650969262
Simplicity2,WINDPOWER,2770,2010,0.57131635
Simplicity2,WINDPOWER,2771,2010,0.571865378
Simplicity2,WINDPOWER,2772,2010,0.636397194
Simplicity2,WINDPOWER,2773,2010,0.670819522
Simplicity2,WINDPOWER,2774,2010,0.665429323
Simplicity2,WINDPOWER,2775,2010,0.563759035
Simplicity2,WINDPOWER,2776,2010,0.156273596
Simplicity2,WINDPOWER,2777,2010,0.116331109
Simplicity2,WINDPOWER,2778,2010,0.420821133
Simplicity2,WINDPOWER,2779,2010,0.716199578
Simplicity2,WINDPOWER,2780,2010,0.882547967
Simplicity2,WINDPOWER,2781,2010,0.932760205
Simplicity2,WINDPOWER,2782,2010,0.938750633
Simplicity2,WINDPOWER,2783,2010,0.937022566
Simplicity2,WINDPOWER,2784,2010,0.938756907
Simplicity2,WINDPOWER,2785,2010,0.938768185
Simplicity2,WINDPOWER,2786,2010,0.933695797
Simplicity2,WINDPOWER,2787,2010,0.482386736
Simplicity2,WINDPOWER,2788,2010,0.482622852
Simplicity2,WINDPOWER,2789,2010,0.935843711
Simplicity2,WINDPOWER,2790,2010,0.892546527
Simplicity2,WINDPOWER,2791,2010,0.378310973
Simplicity2,WINDPOWER,2792,2010,0.126252531
Simplicity2,WINDPOWER,2793,2010,0.048454502
Simplicity2,WINDPOWER,2794,2010,0.030417619
Simplicity2,WINDPOWER,2795,2010,0.030620757
Simplicity2,WINDPOWER,2796,2010,0.064735417
Simplicity2,WINDPOWER,2797,2010,0.076670596
Simplicity2,WINDPOWER,2798,2010,0.112339218
Simplicity2,WINDPOWER,2799,2010,0.114412837
Simplicity2,WINDPOWER,2800,2010,0.135279552
Simplicity2,WINDPOWER,2801,2010,0.137743963
Simplicity2,WINDPOWER,2802,2010,0.141197589
Simplicity2,WINDPOWER,2803,2010,0.155509202
Simplicity2,WINDPOWER,2804,2010,0.111373973
Simplicity2,WINDPOWER,2805,2010,0.082953782
Simplicity2,WINDPOWER,2806,2010,0.026375253
Simplicity2,WINDPOWER,2807,2010,0.014192744
Simplicity2,WINDPOWER,2808,2010,0.011005708
Simplicity2,WINDPOWER,2809,2010,0.014193166
Simplicity2,WINDPOWER,2810,2010,0.154690253
Simplicity2,WINDPOWER,2811,2010,0.158735278
Simplicity2,WINDPOWER,2812,2010,0.102227674
Simplicity2,WINDPOWER,2813,2010,0.051349332
Simplicity2,WINDPOWER,2814,2010,0.01338375
Simplicity2,WINDPOWER,2815,2010,0.009928159
Simplicity2,WINDPOWER,2816,2010,0.009928159
Simplicity2,WINDPOWER,2817,2010,0.009928159
Simplicity2,WINDPOWER,2818,2010,0.021201819
Simplicity2,WINDPOWER,2819,2010,0.07057506
Simplicity2,WINDPOWER,2820,2010,0.267633165
Simplicity2,WINDPOWER,2821,2010,0.619486422
Simplicity2,WINDPOWER,2822,2010,0.831121742
Simplicity2,WINDPOWER,2823,2010,0.885757121
Simplicity2,WINDPOWER,2824,2010,0.84202603
Simplicity2,WINDPOWER,2825,2010,0.938768185
Simplicity2,WINDPOWER,2826,2010,0.938768185
Simplicity2,WINDPOWER,2827,2010,0.938768185
Simplicity2,WINDPOWER,2828,2010,0.938768185
Simplicity2,WINDPOWER,2829,2010,0.938706436
Simplicity2,WINDPOWER,2830,2010,0.938373189
Simplicity2,WINDPOWER,2831,2010,0.926477667
Simplicity2,WINDPOWER,2832,2010,0.925637708
Simplicity2,WINDPOWER,2833,2010,0.875284851
Simplicity2,WINDPOWER,2834,2010,0.719505666
Simplicity2,WINDPOWER,2835,2010,0.555615134
Simplicity2,WINDPOWER,2836,2010,0.455874581
Simplicity2,WINDPOWER,2837,2010,0.278928909
Simplicity2,WINDPOWER,2838,2010,0.244776398
Simplicity2,WINDPOWER,2839,2010,0.371373208
Simplicity2,WINDPOWER,2840,2010,0.428394613
Simplicity2,WINDPOWER,2841,2010,0.422467421
Simplicity2,WINDPOWER,2842,2010,0.427830089
Simplicity2,WINDPOWER,2843,2010,0.513802276
Simplicity2,WINDPOWER,2844,2010,0.667475695
Simplicity2,WINDPOWER,2845,2010,0.787583906
Simplicity2,WINDPOWER,2846,2010,0.869274632
Simplicity2,WINDPOWER,2847,2010,0.898742305
Simplicity2,WINDPOWER,2848,2010,0.922777466
Simplicity2,WINDPOWER,2849,2010,0.930652384
Simplicity2,WINDPOWER,2850,2010,0.938768185
Simplicity2,WINDPOWER,2851,2010,0.938768185
Simplicity2,WINDPOWER,2852,2010,0.938768185
Simplicity2,WINDPOWER,2853,2010,0.938768185
Simplicity2,WINDPOWER,2854,2010,0.938768185
Simplicity2,WINDPOWER,2855,2010,0.938768185
Simplicity2,WINDPOWER,2856,2010,0.938768185
Simplicity2,WINDPOWER,2857,2010,0.938768185
Simplicity2,WINDPOWER,2858,2010,0.922478691
Simplicity2,WINDPOWER,2859,2010,0.92074845
Simplicity2,WINDPOWER,2860,2010,0.934188438
Simplicity2,WINDPOWER,2861,2010,0.938528668
Simplicity2,WINDPOWER,2862,2010,0.938768185
Simplicity2,WINDPOWER,2863,2010,0.938768185
Simplicity2,WINDPOWER,2864,2010,0.938768185
Simplicity2,WINDPOWER,2865,2010,0.938768185
Simplicity2,WINDPOWER,2866,2010,0.938768185
Simplicity2,WINDPOWER,2867,2010,0.938768185
Simplicity2,WINDPOWER,2868,2010,0.938768185
Simplicity2,WINDPOWER,2869,2010,0.938768185
Simplicity2,WINDPOWER,2870,2010,0.938768185
Simplicity2,WINDPOWER,2871,2010,0.938768185
Simplicity2,WINDPOWER,2872,2010,0.938768185
Simplicity2,WINDPOWER,2873,2010,0.938768185
Simplicity2,WINDPOWER,2874,2010,0.938768185
Simplicity2,WINDPOWER,2875,2010,0.938768185
Simplicity2,WINDPOWER,2876,2010,0.938768185
Simplicity2,WINDPOWER,2877,2010,0.938768185
Simplicity2,WINDPOWER,2878,2010,0.938768185
Simplicity2,WINDPOWER,2879,2010,0.938768185
Simplicity2,WINDPOWER,2880,2010,0.938768185
Simplicity2,WINDPOWER,2881,2010,0.938768185
Simplicity2,WINDPOWER,2882,2010,0.938182169
Simplicity2,WINDPOWER,2883,2010,0.93823653
Simplicity2,WINDPOWER,2884,2010,0.927141334
Simplicity2,WINDPOWER,2885,2010,0.935303683
Simplicity2,WINDPOWER,2886,2010,0.937977826
Simplicity2,WINDPOWER,2887,2010,0.928320727
Simplicity2,WINDPOWER,2888,2010,0.910634
Simplicity2,WINDPOWER,2889,2010,0.914531455
Simplicity2,WINDPOWER,2890,2010,0.914236241
Simplicity2,WINDPOWER,2891,2010,0.765394615
Simplicity2,WINDPOWER,2892,2010,0.930883256
Simplicity2,WINDPOWER,2893,2010,0.918501383
Simplicity2,WINDPOWER,2894,2010,0.8956689
Simplicity2,WINDPOWER,2895,2010,0.84099858
Simplicity2,WINDPOWER,2896,2010,0.891349291
Simplicity2,WINDPOWER,2897,2010,0.921531494
Simplicity2,WINDPOWER,2898,2010,0.876684264
Simplicity2,WINDPOWER,2899,2010,0.732334964
Simplicity2,WINDPOWER,2900,2010,0.678412541
Simplicity2,WINDPOWER,2901,2010,0.852919971
Simplicity2,WINDPOWER,2902,2010,0.896520083
Simplicity2,WINDPOWER,2903,2010,0.897896196
Simplicity2,WINDPOWER,2904,2010,0.871145706
Simplicity2,WINDPOWER,2905,2010,0.829517571
Simplicity2,WINDPOWER,2906,2010,0.751415642
Simplicity2,WINDPOWER,2907,2010,0.540685534
Simplicity2,WINDPOWER,2908,2010,0.155543609
Simplicity2,WINDPOWER,2909,2010,0.062545818
Simplicity2,WINDPOWER,2910,2010,0.153786753
Simplicity2,WINDPOWER,2911,2010,0.157546262
Simplicity2,WINDPOWER,2912,2010,0.106758637
Simplicity2,WINDPOWER,2913,2010,0.075103838
Simplicity2,WINDPOWER,2914,2010,0.066345624
Simplicity2,WINDPOWER,2915,2010,0.080785571
Simplicity2,WINDPOWER,2916,2010,0.071352953
Simplicity2,WINDPOWER,2917,2010,0.05609417
Simplicity2,WINDPOWER,2918,2010,0.038824553
Simplicity2,WINDPOWER,2919,2010,0.03197669
Simplicity2,WINDPOWER,2920,2010,0.016986233
Simplicity2,WINDPOWER,2921,2010,0.009928159
Simplicity2,WINDPOWER,2922,2010,0.009928159
Simplicity2,WINDPOWER,2923,2010,0.009928159
Simplicity2,WINDPOWER,2924,2010,0.028344371
Simplicity2,WINDPOWER,2925,2010,0.114871764
Simplicity2,WINDPOWER,2926,2010,0.141377006
Simplicity2,WINDPOWER,2927,2010,0.10757918
Simplicity2,WINDPOWER,2928,2010,0.009928159
Simplicity2,WINDPOWER,2929,2010,0.009928159
Simplicity2,WINDPOWER,2930,2010,0.009928159
Simplicity2,WINDPOWER,2931,2010,0.009928159
Simplicity2,WINDPOWER,2932,2010,0.012762456
Simplicity2,WINDPOWER,2933,2010,0.012464635
Simplicity2,WINDPOWER,2934,2010,0.011122316
Simplicity2,WINDPOWER,2935,2010,0.012613447
Simplicity2,WINDPOWER,2936,2010,0.016071822
Simplicity2,WINDPOWER,2937,2010,0.01958863
Simplicity2,WINDPOWER,2938,2010,0.020046729
Simplicity2,WINDPOWER,2939,2010,0.023979822
Simplicity2,WINDPOWER,2940,2010,0.017666186
Simplicity2,WINDPOWER,2941,2010,0.009928159
Simplicity2,WINDPOWER,2942,2010,0.009928159
Simplicity2,WINDPOWER,2943,2010,0.011548897
Simplicity2,WINDPOWER,2944,2010,0.012333007
Simplicity2,WINDPOWER,2945,2010,0.009928159
Simplicity2,WINDPOWER,2946,2010,0.011977744
Simplicity2,WINDPOWER,2947,2010,0.151698839
Simplicity2,WINDPOWER,2948,2010,0.318901654
Simplicity2,WINDPOWER,2949,2010,0.336185275
Simplicity2,WINDPOWER,2950,2010,0.470784554
Simplicity2,WINDPOWER,2951,2010,0.438881552
Simplicity2,WINDPOWER,2952,2010,0.574463044
Simplicity2,WINDPOWER,2953,2010,0.650549449
Simplicity2,WINDPOWER,2954,2010,0.73865485
Simplicity2,WINDPOWER,2955,2010,0.504122099
Simplicity2,WINDPOWER,2956,2010,0.363780757
Simplicity2,WINDPOWER,2957,2010,0.529748951
Simplicity2,WINDPOWER,2958,2010,0.495611196
Simplicity2,WINDPOWER,2959,2010,0.514113726
Simplicity2,WINDPOWER,2960,2010,0.461149777
Simplicity2,WINDPOWER,2961,2010,0.516180294
Simplicity2,WINDPOWER,2962,2010,0.599009626
Simplicity2,WINDPOWER,2963,2010,0.614088914
Simplicity2,WINDPOWER,2964,2010,0.60801478
Simplicity2,WINDPOWER,2965,2010,0.601195219
Simplicity2,WINDPOWER,2966,2010,0.515830306
Simplicity2,WINDPOWER,2967,2010,0.391673787
Simplicity2,WINDPOWER,2968,2010,0.3643037
Simplicity2,WINDPOWER,2969,2010,0.738158356
Simplicity2,WINDPOWER,2970,2010,0.831682304
Simplicity2,WINDPOWER,2971,2010,0.851354312
Simplicity2,WINDPOWER,2972,2010,0.815737301
Simplicity2,WINDPOWER,2973,2010,0.761935504
Simplicity2,WINDPOWER,2974,2010,0.787515204
Simplicity2,WINDPOWER,2975,2010,0.808367828
Simplicity2,WINDPOWER,2976,2010,0.826947617
Simplicity2,WINDPOWER,2977,2010,0.833642859
Simplicity2,WINDPOWER,2978,2010,0.834504903
Simplicity2,WINDPOWER,2979,2010,0.672525342
Simplicity2,WINDPOWER,2980,2010,0.390239721
Simplicity2,WINDPOWER,2981,2010,0.415672981
Simplicity2,WINDPOWER,2982,2010,0.355181093
Simplicity2,WINDPOWER,2983,2010,0.235603347
Simplicity2,WINDPOWER,2984,2010,0.20450371
Simplicity2,WINDPOWER,2985,2010,0.221807568
Simplicity2,WINDPOWER,2986,2010,0.181240648
Simplicity2,WINDPOWER,2987,2010,0.116581115
Simplicity2,WINDPOWER,2988,2010,0.119412344
Simplicity2,WINDPOWER,2989,2010,0.138493943
Simplicity2,WINDPOWER,2990,2010,0.143060842
Simplicity2,WINDPOWER,2991,2010,0.153670372
Simplicity2,WINDPOWER,2992,2010,0.053753744
Simplicity2,WINDPOWER,2993,2010,0.01066812
Simplicity2,WINDPOWER,2994,2010,0.010310523
Simplicity2,WINDPOWER,2995,2010,0.012512475
Simplicity2,WINDPOWER,2996,2010,0.021653275
Simplicity2,WINDPOWER,2997,2010,0.061361511
Simplicity2,WINDPOWER,2998,2010,0.124332168
Simplicity2,WINDPOWER,2999,2010,0.115177132
Simplicity2,WINDPOWER,3000,2010,0.086489978
Simplicity2,WINDPOWER,3001,2010,0.082692819
Simplicity2,WINDPOWER,3002,2010,0.074675084
Simplicity2,WINDPOWER,3003,2010,0.01268894
Simplicity2,WINDPOWER,3004,2010,0.013600648
Simplicity2,WINDPOWER,3005,2010,0.241465259
Simplicity2,WINDPOWER,3006,2010,0.456580824
Simplicity2,WINDPOWER,3007,2010,0.273120574
Simplicity2,WINDPOWER,3008,2010,0.129327095
Simplicity2,WINDPOWER,3009,2010,0.066688927
Simplicity2,WINDPOWER,3010,2010,0.030962484
Simplicity2,WINDPOWER,3011,2010,0.012302108
Simplicity2,WINDPOWER,3012,2010,0.012050177
Simplicity2,WINDPOWER,3013,2010,0.017160118
Simplicity2,WINDPOWER,3014,2010,0.021784642
Simplicity2,WINDPOWER,3015,2010,0.031954596
Simplicity2,WINDPOWER,3016,2010,0.027892943
Simplicity2,WINDPOWER,3017,2010,0.025079257
Simplicity2,WINDPOWER,3018,2010,0.086971012
Simplicity2,WINDPOWER,3019,2010,0.260821629
Simplicity2,WINDPOWER,3020,2010,0.489462821
Simplicity2,WINDPOWER,3021,2010,0.615603948
Simplicity2,WINDPOWER,3022,2010,0.736622421
Simplicity2,WINDPOWER,3023,2010,0.744930942
Simplicity2,WINDPOWER,3024,2010,0.827238075
Simplicity2,WINDPOWER,3025,2010,0.870860516
Simplicity2,WINDPOWER,3026,2010,0.796701186
Simplicity2,WINDPOWER,3027,2010,0.648838389
Simplicity2,WINDPOWER,3028,2010,0.197307189
Simplicity2,WINDPOWER,3029,2010,0.030621417
Simplicity2,WINDPOWER,3030,2010,0.009928159
Simplicity2,WINDPOWER,3031,2010,0.0360025
Simplicity2,WINDPOWER,3032,2010,0.013954399
Simplicity2,WINDPOWER,3033,2010,0.065848232
Simplicity2,WINDPOWER,3034,2010,0.338009471
Simplicity2,WINDPOWER,3035,2010,0.444507188
Simplicity2,WINDPOWER,3036,2010,0.499719842
Simplicity2,WINDPOWER,3037,2010,0.690065384
Simplicity2,WINDPOWER,3038,2010,0.67337395
Simplicity2,WINDPOWER,3039,2010,0.797992557
Simplicity2,WINDPOWER,3040,2010,0.895564838
Simplicity2,WINDPOWER,3041,2010,0.933862461
Simplicity2,WINDPOWER,3042,2010,0.938768185
Simplicity2,WINDPOWER,3043,2010,0.938768185
Simplicity2,WINDPOWER,3044,2010,0.938768185
Simplicity2,WINDPOWER,3045,2010,0.938768185
Simplicity2,WINDPOWER,3046,2010,0.938768185
Simplicity2,WINDPOWER,3047,2010,0.938768185
Simplicity2,WINDPOWER,3048,2010,0.937430787
Simplicity2,WINDPOWER,3049,2010,0.911880581
Simplicity2,WINDPOWER,3050,2010,0.915668969
Simplicity2,WINDPOWER,3051,2010,0.918173103
Simplicity2,WINDPOWER,3052,2010,0.817553009
Simplicity2,WINDPOWER,3053,2010,0.719867068
Simplicity2,WINDPOWER,3054,2010,0.584738034
Simplicity2,WINDPOWER,3055,2010,0.556316069
Simplicity2,WINDPOWER,3056,2010,0.682862063
Simplicity2,WINDPOWER,3057,2010,0.733833693
Simplicity2,WINDPOWER,3058,2010,0.684323637
Simplicity2,WINDPOWER,3059,2010,0.571255375
Simplicity2,WINDPOWER,3060,2010,0.403089707
Simplicity2,WINDPOWER,3061,2010,0.421595924
Simplicity2,WINDPOWER,3062,2010,0.538998269
Simplicity2,WINDPOWER,3063,2010,0.398264834
Simplicity2,WINDPOWER,3064,2010,0.442712234
Simplicity2,WINDPOWER,3065,2010,0.797124264
Simplicity2,WINDPOWER,3066,2010,0.934650031
Simplicity2,WINDPOWER,3067,2010,0.929145943
Simplicity2,WINDPOWER,3068,2010,0.915697447
Simplicity2,WINDPOWER,3069,2010,0.896021178
Simplicity2,WINDPOWER,3070,2010,0.882305521
Simplicity2,WINDPOWER,3071,2010,0.870541958
Simplicity2,WINDPOWER,3072,2010,0.857708907
Simplicity2,WINDPOWER,3073,2010,0.840880129
Simplicity2,WINDPOWER,3074,2010,0.834245244
Simplicity2,WINDPOWER,3075,2010,0.720487003
Simplicity2,WINDPOWER,3076,2010,0.661579979
Simplicity2,WINDPOWER,3077,2010,0.575869108
Simplicity2,WINDPOWER,3078,2010,0.51200101
Simplicity2,WINDPOWER,3079,2010,0.456334139
Simplicity2,WINDPOWER,3080,2010,0.508768231
Simplicity2,WINDPOWER,3081,2010,0.565569306
Simplicity2,WINDPOWER,3082,2010,0.578063659
Simplicity2,WINDPOWER,3083,2010,0.636150068
Simplicity2,WINDPOWER,3084,2010,0.615596502
Simplicity2,WINDPOWER,3085,2010,0.549708822
Simplicity2,WINDPOWER,3086,2010,0.495681272
Simplicity2,WINDPOWER,3087,2010,0.475655426
Simplicity2,WINDPOWER,3088,2010,0.414445984
Simplicity2,WINDPOWER,3089,2010,0.830851108
Simplicity2,WINDPOWER,3090,2010,0.932530601
Simplicity2,WINDPOWER,3091,2010,0.914273458
Simplicity2,WINDPOWER,3092,2010,0.877241377
Simplicity2,WINDPOWER,3093,2010,0.777953677
Simplicity2,WINDPOWER,3094,2010,0.751118186
Simplicity2,WINDPOWER,3095,2010,0.793883619
Simplicity2,WINDPOWER,3096,2010,0.779289639
Simplicity2,WINDPOWER,3097,2010,0.74370769
Simplicity2,WINDPOWER,3098,2010,0.859984719
Simplicity2,WINDPOWER,3099,2010,0.689765532
Simplicity2,WINDPOWER,3100,2010,0.351955299
Simplicity2,WINDPOWER,3101,2010,0.34381297
Simplicity2,WINDPOWER,3102,2010,0.584025707
Simplicity2,WINDPOWER,3103,2010,0.489127086
Simplicity2,WINDPOWER,3104,2010,0.385030998
Simplicity2,WINDPOWER,3105,2010,0.375694508
Simplicity2,WINDPOWER,3106,2010,0.395287844
Simplicity2,WINDPOWER,3107,2010,0.388303257
Simplicity2,WINDPOWER,3108,2010,0.401235391
Simplicity2,WINDPOWER,3109,2010,0.382576194
Simplicity2,WINDPOWER,3110,2010,0.352758666
Simplicity2,WINDPOWER,3111,2010,0.320326689
Simplicity2,WINDPOWER,3112,2010,0.204071711
Simplicity2,WINDPOWER,3113,2010,0.272471329
Simplicity2,WINDPOWER,3114,2010,0.427426187
Simplicity2,WINDPOWER,3115,2010,0.415834785
Simplicity2,WINDPOWER,3116,2010,0.408357502
Simplicity2,WINDPOWER,3117,2010,0.401057237
Simplicity2,WINDPOWER,3118,2010,0.434962684
Simplicity2,WINDPOWER,3119,2010,0.492014763
Simplicity2,WINDPOWER,3120,2010,0.653787532
Simplicity2,WINDPOWER,3121,2010,0.495884632
Simplicity2,WINDPOWER,3122,2010,0.31184434
Simplicity2,WINDPOWER,3123,2010,0.147752284
Simplicity2,WINDPOWER,3124,2010,0.044251266
Simplicity2,WINDPOWER,3125,2010,0.071309381
Simplicity2,WINDPOWER,3126,2010,0.016433126
Simplicity2,WINDPOWER,3127,2010,0.009928159
Simplicity2,WINDPOWER,3128,2010,0.009928159
Simplicity2,WINDPOWER,3129,2010,0.009928159
Simplicity2,WINDPOWER,3130,2010,0.012300963
Simplicity2,WINDPOWER,3131,2010,0.012746307
Simplicity2,WINDPOWER,3132,2010,0.01237715
Simplicity2,WINDPOWER,3133,2010,0.013685827
Simplicity2,WINDPOWER,3134,2010,0.027921615
Simplicity2,WINDPOWER,3135,2010,0.052831299
Simplicity2,WINDPOWER,3136,2010,0.029165178
Simplicity2,WINDPOWER,3137,2010,0.030675588
Simplicity2,WINDPOWER,3138,2010,0.201907662
Simplicity2,WINDPOWER,3139,2010,0.467643039
Simplicity2,WINDPOWER,3140,2010,0.485094644
Simplicity2,WINDPOWER,3141,2010,0.495156826
Simplicity2,WINDPOWER,3142,2010,0.523439256
Simplicity2,WINDPOWER,3143,2010,0.64620427
Simplicity2,WINDPOWER,3144,2010,0.662098336
Simplicity2,WINDPOWER,3145,2010,0.632696699
Simplicity2,WINDPOWER,3146,2010,0.527733357
Simplicity2,WINDPOWER,3147,2010,0.382567927
Simplicity2,WINDPOWER,3148,2010,0.208067457
Simplicity2,WINDPOWER,3149,2010,0.161253011
Simplicity2,WINDPOWER,3150,2010,0.126555957
Simplicity2,WINDPOWER,3151,2010,0.122486405
Simplicity2,WINDPOWER,3152,2010,0.14158927
Simplicity2,WINDPOWER,3153,2010,0.135225427
Simplicity2,WINDPOWER,3154,2010,0.12039549
Simplicity2,WINDPOWER,3155,2010,0.091888699
Simplicity2,WINDPOWER,3156,2010,0.068127173
Simplicity2,WINDPOWER,3157,2010,0.051711509
Simplicity2,WINDPOWER,3158,2010,0.06239522
Simplicity2,WINDPOWER,3159,2010,0.121012172
Simplicity2,WINDPOWER,3160,2010,0.218973229
Simplicity2,WINDPOWER,3161,2010,0.199166416
Simplicity2,WINDPOWER,3162,2010,0.395541764
Simplicity2,WINDPOWER,3163,2010,0.605346782
Simplicity2,WINDPOWER,3164,2010,0.747157459
Simplicity2,WINDPOWER,3165,2010,0.754503411
Simplicity2,WINDPOWER,3166,2010,0.734983712
Simplicity2,WINDPOWER,3167,2010,0.768626408
Simplicity2,WINDPOWER,3168,2010,0.834757366
Simplicity2,WINDPOWER,3169,2010,0.815506794
Simplicity2,WINDPOWER,3170,2010,0.796845816
Simplicity2,WINDPOWER,3171,2010,0.644682434
Simplicity2,WINDPOWER,3172,2010,0.389325367
Simplicity2,WINDPOWER,3173,2010,0.358611874
Simplicity2,WINDPOWER,3174,2010,0.424768898
Simplicity2,WINDPOWER,3175,2010,0.515807618
Simplicity2,WINDPOWER,3176,2010,0.549607695
Simplicity2,WINDPOWER,3177,2010,0.500861217
Simplicity2,WINDPOWER,3178,2010,0.464734755
Simplicity2,WINDPOWER,3179,2010,0.384324294
Simplicity2,WINDPOWER,3180,2010,0.34144957
Simplicity2,WINDPOWER,3181,2010,0.268006553
Simplicity2,WINDPOWER,3182,2010,0.200405192
Simplicity2,WINDPOWER,3183,2010,0.166097862
Simplicity2,WINDPOWER,3184,2010,0.080825515
Simplicity2,WINDPOWER,3185,2010,0.221620613
Simplicity2,WINDPOWER,3186,2010,0.500549758
Simplicity2,WINDPOWER,3187,2010,0.636262742
Simplicity2,WINDPOWER,3188,2010,0.752651232
Simplicity2,WINDPOWER,3189,2010,0.73900641
Simplicity2,WINDPOWER,3190,2010,0.723390297
Simplicity2,WINDPOWER,3191,2010,0.716913988
Simplicity2,WINDPOWER,3192,2010,0.689795213
Simplicity2,WINDPOWER,3193,2010,0.595999233
Simplicity2,WINDPOWER,3194,2010,0.49575731
Simplicity2,WINDPOWER,3195,2010,0.240080136
Simplicity2,WINDPOWER,3196,2010,0.068549751
Simplicity2,WINDPOWER,3197,2010,0.019171744
Simplicity2,WINDPOWER,3198,2010,0.009928159
Simplicity2,WINDPOWER,3199,2010,0.009928159
Simplicity2,WINDPOWER,3200,2010,0.009928159
Simplicity2,WINDPOWER,3201,2010,0.009928159
Simplicity2,WINDPOWER,3202,2010,0.009928159
Simplicity2,WINDPOWER,3203,2010,0.009928159
Simplicity2,WINDPOWER,3204,2010,0.009928159
Simplicity2,WINDPOWER,3205,2010,0.009928159
Simplicity2,WINDPOWER,3206,2010,0.011804989
Simplicity2,WINDPOWER,3207,2010,0.025284624
Simplicity2,WINDPOWER,3208,2010,0.061487443
Simplicity2,WINDPOWER,3209,2010,0.015364927
Simplicity2,WINDPOWER,3210,2010,0.173155333
Simplicity2,WINDPOWER,3211,2010,0.78082654
Simplicity2,WINDPOWER,3212,2010,0.864576907
Simplicity2,WINDPOWER,3213,2010,0.896429761
Simplicity2,WINDPOWER,3214,2010,0.904822006
Simplicity2,WINDPOWER,3215,2010,0.935820228
Simplicity2,WINDPOWER,3216,2010,0.937050915
Simplicity2,WINDPOWER,3217,2010,0.938631611
Simplicity2,WINDPOWER,3218,2010,0.937896421
Simplicity2,WINDPOWER,3219,2010,0.787326014
Simplicity2,WINDPOWER,3220,2010,0.530599514
Simplicity2,WINDPOWER,3221,2010,0.449114928
Simplicity2,WINDPOWER,3222,2010,0.488195474
Simplicity2,WINDPOWER,3223,2010,0.527862303
Simplicity2,WINDPOWER,3224,2010,0.565582548
Simplicity2,WINDPOWER,3225,2010,0.633908696
Simplicity2,WINDPOWER,3226,2010,0.604033513
Simplicity2,WINDPOWER,3227,2010,0.310109882
Simplicity2,WINDPOWER,3228,2010,0.490401919
Simplicity2,WINDPOWER,3229,2010,0.749654205
Simplicity2,WINDPOWER,3230,2010,0.852261483
Simplicity2,WINDPOWER,3231,2010,0.845719503
Simplicity2,WINDPOWER,3232,2010,0.748518472
Simplicity2,WINDPOWER,3233,2010,0.93792195
Simplicity2,WINDPOWER,3234,2010,0.938697439
Simplicity2,WINDPOWER,3235,2010,0.938768185
Simplicity2,WINDPOWER,3236,2010,0.938768185
Simplicity2,WINDPOWER,3237,2010,0.938768185
Simplicity2,WINDPOWER,3238,2010,0.938768185
Simplicity2,WINDPOWER,3239,2010,0.938768185
Simplicity2,WINDPOWER,3240,2010,0.938768185
Simplicity2,WINDPOWER,3241,2010,0.938768185
Simplicity2,WINDPOWER,3242,2010,0.938768185
Simplicity2,WINDPOWER,3243,2010,0.93370502
Simplicity2,WINDPOWER,3244,2010,0.90320474
Simplicity2,WINDPOWER,3245,2010,0.865044987
Simplicity2,WINDPOWER,3246,2010,0.821656384
Simplicity2,WINDPOWER,3247,2010,0.725604685
Simplicity2,WINDPOWER,3248,2010,0.659701443
Simplicity2,WINDPOWER,3249,2010,0.76711439
Simplicity2,WINDPOWER,3250,2010,0.796078816
Simplicity2,WINDPOWER,3251,2010,0.598387132
Simplicity2,WINDPOWER,3252,2010,0.631425523
Simplicity2,WINDPOWER,3253,2010,0.643780742
Simplicity2,WINDPOWER,3254,2010,0.700298459
Simplicity2,WINDPOWER,3255,2010,0.692860186
Simplicity2,WINDPOWER,3256,2010,0.892660202
Simplicity2,WINDPOWER,3257,2010,0.932038876
Simplicity2,WINDPOWER,3258,2010,0.937568065
Simplicity2,WINDPOWER,3259,2010,0.938768185
Simplicity2,WINDPOWER,3260,2010,0.938768185
Simplicity2,WINDPOWER,3261,2010,0.938768185
Simplicity2,WINDPOWER,3262,2010,0.938768185
Simplicity2,WINDPOWER,3263,2010,0.938768185
Simplicity2,WINDPOWER,3264,2010,0.938728955
Simplicity2,WINDPOWER,3265,2010,0.938621461
Simplicity2,WINDPOWER,3266,2010,0.934128619
Simplicity2,WINDPOWER,3267,2010,0.894337706
Simplicity2,WINDPOWER,3268,2010,0.769529636
Simplicity2,WINDPOWER,3269,2010,0.691114409
Simplicity2,WINDPOWER,3270,2010,0.59104013
Simplicity2,WINDPOWER,3271,2010,0.53996088
Simplicity2,WINDPOWER,3272,2010,0.380376637
Simplicity2,WINDPOWER,3273,2010,0.226988502
Simplicity2,WINDPOWER,3274,2010,0.143101272
Simplicity2,WINDPOWER,3275,2010,0.120471784
Simplicity2,WINDPOWER,3276,2010,0.072496233
Simplicity2,WINDPOWER,3277,2010,0.010823626
Simplicity2,WINDPOWER,3278,2010,0.009928159
Simplicity2,WINDPOWER,3279,2010,0.009928159
Simplicity2,WINDPOWER,3280,2010,0.009928159
Simplicity2,WINDPOWER,3281,2010,0.009928159
Simplicity2,WINDPOWER,3282,2010,0.009928159
Simplicity2,WINDPOWER,3283,2010,0.009928159
Simplicity2,WINDPOWER,3284,2010,0.009928159
Simplicity2,WINDPOWER,3285,2010,0.009928159
Simplicity2,WINDPOWER,3286,2010,0.009928159
Simplicity2,WINDPOWER,3287,2010,0.009928159
Simplicity2,WINDPOWER,3288,2010,0.009928159
Simplicity2,WINDPOWER,3289,2010,0.009928159
Simplicity2,WINDPOWER,3290,2010,0.009928159
Simplicity2,WINDPOWER,3291,2010,0.012830126
Simplicity2,WINDPOWER,3292,2010,0.03625583
Simplicity2,WINDPOWER,3293,2010,0.012883501
Simplicity2,WINDPOWER,3294,2010,0.051200699
Simplicity2,WINDPOWER,3295,2010,0.163505857
Simplicity2,WINDPOWER,3296,2010,0.15766223
Simplicity2,WINDPOWER,3297,2010,0.183720058
Simplicity2,WINDPOWER,3298,2010,0.262384004
Simplicity2,WINDPOWER,3299,2010,0.237957826
Simplicity2,WINDPOWER,3300,2010,0.274265231
Simplicity2,WINDPOWER,3301,2010,0.321839922
Simplicity2,WINDPOWER,3302,2010,0.536069811
Simplicity2,WINDPOWER,3303,2010,0.697518965
Simplicity2,WINDPOWER,3304,2010,0.86008756
Simplicity2,WINDPOWER,3305,2010,0.911315031
Simplicity2,WINDPOWER,3306,2010,0.914844061
Simplicity2,WINDPOWER,3307,2010,0.891713016
Simplicity2,WINDPOWER,3308,2010,0.706915564
Simplicity2,WINDPOWER,3309,2010,0.713467809
Simplicity2,WINDPOWER,3310,2010,0.698256913
Simplicity2,WINDPOWER,3311,2010,0.429795974
Simplicity2,WINDPOWER,3312,2010,0.607489984
Simplicity2,WINDPOWER,3313,2010,0.610740582
Simplicity2,WINDPOWER,3314,2010,0.331791685
Simplicity2,WINDPOWER,3315,2010,0.122587915
Simplicity2,WINDPOWER,3316,2010,0.039701186
Simplicity2,WINDPOWER,3317,2010,0.011385184
Simplicity2,WINDPOWER,3318,2010,0.010340035
Simplicity2,WINDPOWER,3319,2010,0.012224503
Simplicity2,WINDPOWER,3320,2010,0.032323775
Simplicity2,WINDPOWER,3321,2010,0.062855485
Simplicity2,WINDPOWER,3322,2010,0.06968445
Simplicity2,WINDPOWER,3323,2010,0.098960723
Simplicity2,WINDPOWER,3324,2010,0.064849843
Simplicity2,WINDPOWER,3325,2010,0.047584611
Simplicity2,WINDPOWER,3326,2010,0.051373628
Simplicity2,WINDPOWER,3327,2010,0.024881337
Simplicity2,WINDPOWER,3328,2010,0.012220731
Simplicity2,WINDPOWER,3329,2010,0.166210684
Simplicity2,WINDPOWER,3330,2010,0.506738894
Simplicity2,WINDPOWER,3331,2010,0.454063745
Simplicity2,WINDPOWER,3332,2010,0.361658991
Simplicity2,WINDPOWER,3333,2010,0.293907303
Simplicity2,WINDPOWER,3334,2010,0.245503315
Simplicity2,WINDPOWER,3335,2010,0.115208532
Simplicity2,WINDPOWER,3336,2010,0.157523734
Simplicity2,WINDPOWER,3337,2010,0.111943828
Simplicity2,WINDPOWER,3338,2010,0.143374957
Simplicity2,WINDPOWER,3339,2010,0.162313173
Simplicity2,WINDPOWER,3340,2010,0.106342872
Simplicity2,WINDPOWER,3341,2010,0.07799916
Simplicity2,WINDPOWER,3342,2010,0.030809831
Simplicity2,WINDPOWER,3343,2010,0.009928159
Simplicity2,WINDPOWER,3344,2010,0.009928159
Simplicity2,WINDPOWER,3345,2010,0.009928159
Simplicity2,WINDPOWER,3346,2010,0.009928159
Simplicity2,WINDPOWER,3347,2010,0.009928159
Simplicity2,WINDPOWER,3348,2010,0.009928159
Simplicity2,WINDPOWER,3349,2010,0.009928159
Simplicity2,WINDPOWER,3350,2010,0.009928159
Simplicity2,WINDPOWER,3351,2010,0.009928159
Simplicity2,WINDPOWER,3352,2010,0.009928159
Simplicity2,WINDPOWER,3353,2010,0.010370328
Simplicity2,WINDPOWER,3354,2010,0.053349199
Simplicity2,WINDPOWER,3355,2010,0.072539787
Simplicity2,WINDPOWER,3356,2010,0.11451053
Simplicity2,WINDPOWER,3357,2010,0.145132587
Simplicity2,WINDPOWER,3358,2010,0.148183591
Simplicity2,WINDPOWER,3359,2010,0.079276671
Simplicity2,WINDPOWER,3360,2010,0.063475506
Simplicity2,WINDPOWER,3361,2010,0.056268002
Simplicity2,WINDPOWER,3362,2010,0.048355303
Simplicity2,WINDPOWER,3363,2010,0.089291482
Simplicity2,WINDPOWER,3364,2010,0.290774924
Simplicity2,WINDPOWER,3365,2010,0.388115998
Simplicity2,WINDPOWER,3366,2010,0.167900726
Simplicity2,WINDPOWER,3367,2010,0.09685383
Simplicity2,WINDPOWER,3368,2010,0.075919257
Simplicity2,WINDPOWER,3369,2010,0.079988943
Simplicity2,WINDPOWER,3370,2010,0.1048445
Simplicity2,WINDPOWER,3371,2010,0.133508242
Simplicity2,WINDPOWER,3372,2010,0.129984523
Simplicity2,WINDPOWER,3373,2010,0.128995213
Simplicity2,WINDPOWER,3374,2010,0.12411802
Simplicity2,WINDPOWER,3375,2010,0.116914964
Simplicity2,WINDPOWER,3376,2010,0.06146697
Simplicity2,WINDPOWER,3377,2010,0.009928159
Simplicity2,WINDPOWER,3378,2010,0.009928159
Simplicity2,WINDPOWER,3379,2010,0.009928159
Simplicity2,WINDPOWER,3380,2010,0.010227574
Simplicity2,WINDPOWER,3381,2010,0.023700305
Simplicity2,WINDPOWER,3382,2010,0.037784303
Simplicity2,WINDPOWER,3383,2010,0.135008192
Simplicity2,WINDPOWER,3384,2010,0.216951119
Simplicity2,WINDPOWER,3385,2010,0.356425292
Simplicity2,WINDPOWER,3386,2010,0.420593283
Simplicity2,WINDPOWER,3387,2010,0.505642258
Simplicity2,WINDPOWER,3388,2010,0.323099695
Simplicity2,WINDPOWER,3389,2010,0.178372093
Simplicity2,WINDPOWER,3390,2010,0.082071315
Simplicity2,WINDPOWER,3391,2010,0.105697179
Simplicity2,WINDPOWER,3392,2010,0.202477822
Simplicity2,WINDPOWER,3393,2010,0.27793482
Simplicity2,WINDPOWER,3394,2010,0.339907322
Simplicity2,WINDPOWER,3395,2010,0.381045618
Simplicity2,WINDPOWER,3396,2010,0.395036757
Simplicity2,WINDPOWER,3397,2010,0.459857274
Simplicity2,WINDPOWER,3398,2010,0.542712336
Simplicity2,WINDPOWER,3399,2010,0.595071552
Simplicity2,WINDPOWER,3400,2010,0.520465757
Simplicity2,WINDPOWER,3401,2010,0.520726981
Simplicity2,WINDPOWER,3402,2010,0.597506609
Simplicity2,WINDPOWER,3403,2010,0.63701384
Simplicity2,WINDPOWER,3404,2010,0.734500738
Simplicity2,WINDPOWER,3405,2010,0.80861379
Simplicity2,WINDPOWER,3406,2010,0.793170325
Simplicity2,WINDPOWER,3407,2010,0.779120032
Simplicity2,WINDPOWER,3408,2010,0.823302111
Simplicity2,WINDPOWER,3409,2010,0.797582342
Simplicity2,WINDPOWER,3410,2010,0.617501324
Simplicity2,WINDPOWER,3411,2010,0.458838428
Simplicity2,WINDPOWER,3412,2010,0.333219504
Simplicity2,WINDPOWER,3413,2010,0.320404993
Simplicity2,WINDPOWER,3414,2010,0.340465883
Simplicity2,WINDPOWER,3415,2010,0.332395122
Simplicity2,WINDPOWER,3416,2010,0.273536661
Simplicity2,WINDPOWER,3417,2010,0.299742161
Simplicity2,WINDPOWER,3418,2010,0.37089808
Simplicity2,WINDPOWER,3419,2010,0.446946962
Simplicity2,WINDPOWER,3420,2010,0.387350826
Simplicity2,WINDPOWER,3421,2010,0.248787478
Simplicity2,WINDPOWER,3422,2010,0.196866023
Simplicity2,WINDPOWER,3423,2010,0.178518655
Simplicity2,WINDPOWER,3424,2010,0.167374496
Simplicity2,WINDPOWER,3425,2010,0.263172285
Simplicity2,WINDPOWER,3426,2010,0.284286446
Simplicity2,WINDPOWER,3427,2010,0.362248476
Simplicity2,WINDPOWER,3428,2010,0.496656696
Simplicity2,WINDPOWER,3429,2010,0.628706795
Simplicity2,WINDPOWER,3430,2010,0.634230996
Simplicity2,WINDPOWER,3431,2010,0.47230317
Simplicity2,WINDPOWER,3432,2010,0.397636293
Simplicity2,WINDPOWER,3433,2010,0.3399431
Simplicity2,WINDPOWER,3434,2010,0.26690204
Simplicity2,WINDPOWER,3435,2010,0.172614209
Simplicity2,WINDPOWER,3436,2010,0.155624965
Simplicity2,WINDPOWER,3437,2010,0.123339759
Simplicity2,WINDPOWER,3438,2010,0.060397945
Simplicity2,WINDPOWER,3439,2010,0.024948593
Simplicity2,WINDPOWER,3440,2010,0.012705058
Simplicity2,WINDPOWER,3441,2010,0.038504204
Simplicity2,WINDPOWER,3442,2010,0.030858496
Simplicity2,WINDPOWER,3443,2010,0.017787585
Simplicity2,WINDPOWER,3444,2010,0.018938692
Simplicity2,WINDPOWER,3445,2010,0.099555297
Simplicity2,WINDPOWER,3446,2010,0.144001978
Simplicity2,WINDPOWER,3447,2010,0.123422098
Simplicity2,WINDPOWER,3448,2010,0.086860844
Simplicity2,WINDPOWER,3449,2010,0.10253997
Simplicity2,WINDPOWER,3450,2010,0.151705975
Simplicity2,WINDPOWER,3451,2010,0.147631909
Simplicity2,WINDPOWER,3452,2010,0.11632461
Simplicity2,WINDPOWER,3453,2010,0.144203895
Simplicity2,WINDPOWER,3454,2010,0.303495618
Simplicity2,WINDPOWER,3455,2010,0.441832897
Simplicity2,WINDPOWER,3456,2010,0.213989838
Simplicity2,WINDPOWER,3457,2010,0.044652588
Simplicity2,WINDPOWER,3458,2010,0.025289041
Simplicity2,WINDPOWER,3459,2010,0.009928159
Simplicity2,WINDPOWER,3460,2010,0.009928159
Simplicity2,WINDPOWER,3461,2010,0.012210929
Simplicity2,WINDPOWER,3462,2010,0.014258904
Simplicity2,WINDPOWER,3463,2010,0.010903091
Simplicity2,WINDPOWER,3464,2010,0.02188195
Simplicity2,WINDPOWER,3465,2010,0.094867053
Simplicity2,WINDPOWER,3466,2010,0.169402411
Simplicity2,WINDPOWER,3467,2010,0.197101475
Simplicity2,WINDPOWER,3468,2010,0.311955205
Simplicity2,WINDPOWER,3469,2010,0.379179824
Simplicity2,WINDPOWER,3470,2010,0.393180823
Simplicity2,WINDPOWER,3471,2010,0.290348354
Simplicity2,WINDPOWER,3472,2010,0.229500374
Simplicity2,WINDPOWER,3473,2010,0.146225241
Simplicity2,WINDPOWER,3474,2010,0.126437566
Simplicity2,WINDPOWER,3475,2010,0.121474873
Simplicity2,WINDPOWER,3476,2010,0.145984542
Simplicity2,WINDPOWER,3477,2010,0.152883542
Simplicity2,WINDPOWER,3478,2010,0.182699105
Simplicity2,WINDPOWER,3479,2010,0.140232426
Simplicity2,WINDPOWER,3480,2010,0.192837947
Simplicity2,WINDPOWER,3481,2010,0.202652298
Simplicity2,WINDPOWER,3482,2010,0.193596756
Simplicity2,WINDPOWER,3483,2010,0.098655218
Simplicity2,WINDPOWER,3484,2010,0.08571466
Simplicity2,WINDPOWER,3485,2010,0.030899339
Simplicity2,WINDPOWER,3486,2010,0.009928159
Simplicity2,WINDPOWER,3487,2010,0.009928159
Simplicity2,WINDPOWER,3488,2010,0.009928159
Simplicity2,WINDPOWER,3489,2010,0.011478306
Simplicity2,WINDPOWER,3490,2010,0.038907254
Simplicity2,WINDPOWER,3491,2010,0.058038618
Simplicity2,WINDPOWER,3492,2010,0.201064895
Simplicity2,WINDPOWER,3493,2010,0.295621379
Simplicity2,WINDPOWER,3494,2010,0.220612305
Simplicity2,WINDPOWER,3495,2010,0.182118216
Simplicity2,WINDPOWER,3496,2010,0.242601003
Simplicity2,WINDPOWER,3497,2010,0.503328941
Simplicity2,WINDPOWER,3498,2010,0.510315349
Simplicity2,WINDPOWER,3499,2010,0.233912815
Simplicity2,WINDPOWER,3500,2010,0.099347847
Simplicity2,WINDPOWER,3501,2010,0.10083529
Simplicity2,WINDPOWER,3502,2010,0.134214245
Simplicity2,WINDPOWER,3503,2010,0.09542268
Simplicity2,WINDPOWER,3504,2010,0.222746119
Simplicity2,WINDPOWER,3505,2010,0.615714983
Simplicity2,WINDPOWER,3506,2010,0.268296251
Simplicity2,WINDPOWER,3507,2010,0.264833931
Simplicity2,WINDPOWER,3508,2010,0.185246967
Simplicity2,WINDPOWER,3509,2010,0.169598154
Simplicity2,WINDPOWER,3510,2010,0.186711802
Simplicity2,WINDPOWER,3511,2010,0.178343427
Simplicity2,WINDPOWER,3512,2010,0.131421499
Simplicity2,WINDPOWER,3513,2010,0.104003337
Simplicity2,WINDPOWER,3514,2010,0.076966152
Simplicity2,WINDPOWER,3515,2010,0.094710568
Simplicity2,WINDPOWER,3516,2010,0.100212605
Simplicity2,WINDPOWER,3517,2010,0.110538365
Simplicity2,WINDPOWER,3518,2010,0.089541564
Simplicity2,WINDPOWER,3519,2010,0.073684243
Simplicity2,WINDPOWER,3520,2010,0.088535826
Simplicity2,WINDPOWER,3521,2010,0.090846498
Simplicity2,WINDPOWER,3522,2010,0.116263589
Simplicity2,WINDPOWER,3523,2010,0.094784601
Simplicity2,WINDPOWER,3524,2010,0.116827112
Simplicity2,WINDPOWER,3525,2010,0.09521003
Simplicity2,WINDPOWER,3526,2010,0.049914589
Simplicity2,WINDPOWER,3527,2010,0.276180518
Simplicity2,WINDPOWER,3528,2010,0.188203248
Simplicity2,WINDPOWER,3529,2010,0.139718107
Simplicity2,WINDPOWER,3530,2010,0.019164535
Simplicity2,WINDPOWER,3531,2010,0.0118067
Simplicity2,WINDPOWER,3532,2010,0.012444256
Simplicity2,WINDPOWER,3533,2010,0.030532325
Simplicity2,WINDPOWER,3534,2010,0.173426294
Simplicity2,WINDPOWER,3535,2010,0.493620018
Simplicity2,WINDPOWER,3536,2010,0.512654876
Simplicity2,WINDPOWER,3537,2010,0.570010134
Simplicity2,WINDPOWER,3538,2010,0.597392769
Simplicity2,WINDPOWER,3539,2010,0.540154995
Simplicity2,WINDPOWER,3540,2010,0.638132666
Simplicity2,WINDPOWER,3541,2010,0.626082592
Simplicity2,WINDPOWER,3542,2010,0.49732699
Simplicity2,WINDPOWER,3543,2010,0.294290732
Simplicity2,WINDPOWER,3544,2010,0.230091439
Simplicity2,WINDPOWER,3545,2010,0.164205151
Simplicity2,WINDPOWER,3546,2010,0.303579047
Simplicity2,WINDPOWER,3547,2010,0.620139036
Simplicity2,WINDPOWER,3548,2010,0.703427218
Simplicity2,WINDPOWER,3549,2010,0.84697796
Simplicity2,WINDPOWER,3550,2010,0.927820241
Simplicity2,WINDPOWER,3551,2010,0.916776915
Simplicity2,WINDPOWER,3552,2010,0.932650603
Simplicity2,WINDPOWER,3553,2010,0.929260011
Simplicity2,WINDPOWER,3554,2010,0.938745936
Simplicity2,WINDPOWER,3555,2010,0.927344514
Simplicity2,WINDPOWER,3556,2010,0.902849942
Simplicity2,WINDPOWER,3557,2010,0.884054976
Simplicity2,WINDPOWER,3558,2010,0.862448805
Simplicity2,WINDPOWER,3559,2010,0.877715445
Simplicity2,WINDPOWER,3560,2010,0.856579442
Simplicity2,WINDPOWER,3561,2010,0.824157994
Simplicity2,WINDPOWER,3562,2010,0.779079309
Simplicity2,WINDPOWER,3563,2010,0.623780884
Simplicity2,WINDPOWER,3564,2010,0.645475207
Simplicity2,WINDPOWER,3565,2010,0.709948069
Simplicity2,WINDPOWER,3566,2010,0.75971034
Simplicity2,WINDPOWER,3567,2010,0.581111406
Simplicity2,WINDPOWER,3568,2010,0.803036848
Simplicity2,WINDPOWER,3569,2010,0.924485049
Simplicity2,WINDPOWER,3570,2010,0.932665053
Simplicity2,WINDPOWER,3571,2010,0.933790908
Simplicity2,WINDPOWER,3572,2010,0.935488402
Simplicity2,WINDPOWER,3573,2010,0.937430085
Simplicity2,WINDPOWER,3574,2010,0.93872427
Simplicity2,WINDPOWER,3575,2010,0.938639798
Simplicity2,WINDPOWER,3576,2010,0.937182309
Simplicity2,WINDPOWER,3577,2010,0.927467092
Simplicity2,WINDPOWER,3578,2010,0.897757066
Simplicity2,WINDPOWER,3579,2010,0.770940664
Simplicity2,WINDPOWER,3580,2010,0.673107674
Simplicity2,WINDPOWER,3581,2010,0.615944675
Simplicity2,WINDPOWER,3582,2010,0.62731092
Simplicity2,WINDPOWER,3583,2010,0.519657167
Simplicity2,WINDPOWER,3584,2010,0.397825987
Simplicity2,WINDPOWER,3585,2010,0.350830527
Simplicity2,WINDPOWER,3586,2010,0.324799843
Simplicity2,WINDPOWER,3587,2010,0.309782611
Simplicity2,WINDPOWER,3588,2010,0.266504636
Simplicity2,WINDPOWER,3589,2010,0.261575107
Simplicity2,WINDPOWER,3590,2010,0.260637361
Simplicity2,WINDPOWER,3591,2010,0.283695003
Simplicity2,WINDPOWER,3592,2010,0.219126293
Simplicity2,WINDPOWER,3593,2010,0.146797365
Simplicity2,WINDPOWER,3594,2010,0.585606686
Simplicity2,WINDPOWER,3595,2010,0.844327459
Simplicity2,WINDPOWER,3596,2010,0.930063605
Simplicity2,WINDPOWER,3597,2010,0.938758664
Simplicity2,WINDPOWER,3598,2010,0.938768185
Simplicity2,WINDPOWER,3599,2010,0.938768185
Simplicity2,WINDPOWER,3600,2010,0.938768185
Simplicity2,WINDPOWER,3601,2010,0.938768185
Simplicity2,WINDPOWER,3602,2010,0.938768185
Simplicity2,WINDPOWER,3603,2010,0.938768185
Simplicity2,WINDPOWER,3604,2010,0.93871355
Simplicity2,WINDPOWER,3605,2010,0.938613295
Simplicity2,WINDPOWER,3606,2010,0.936662497
Simplicity2,WINDPOWER,3607,2010,0.938038823
Simplicity2,WINDPOWER,3608,2010,0.93694067
Simplicity2,WINDPOWER,3609,2010,0.923368398
Simplicity2,WINDPOWER,3610,2010,0.895761163
Simplicity2,WINDPOWER,3611,2010,0.731935293
Simplicity2,WINDPOWER,3612,2010,0.72197532
Simplicity2,WINDPOWER,3613,2010,0.732055699
Simplicity2,WINDPOWER,3614,2010,0.732059827
Simplicity2,WINDPOWER,3615,2010,0.543881261
Simplicity2,WINDPOWER,3616,2010,0.766218327
Simplicity2,WINDPOWER,3617,2010,0.92868548
Simplicity2,WINDPOWER,3618,2010,0.938768185
Simplicity2,WINDPOWER,3619,2010,0.938768185
Simplicity2,WINDPOWER,3620,2010,0.938768185
Simplicity2,WINDPOWER,3621,2010,0.938768185
Simplicity2,WINDPOWER,3622,2010,0.938768185
Simplicity2,WINDPOWER,3623,2010,0.938768185
Simplicity2,WINDPOWER,3624,2010,0.938768185
Simplicity2,WINDPOWER,3625,2010,0.938768185
Simplicity2,WINDPOWER,3626,2010,0.938768185
Simplicity2,WINDPOWER,3627,2010,0.935474162
Simplicity2,WINDPOWER,3628,2010,0.933354262
Simplicity2,WINDPOWER,3629,2010,0.938199125
Simplicity2,WINDPOWER,3630,2010,0.938727946
Simplicity2,WINDPOWER,3631,2010,0.938768185
Simplicity2,WINDPOWER,3632,2010,0.938768185
Simplicity2,WINDPOWER,3633,2010,0.938768185
Simplicity2,WINDPOWER,3634,2010,0.938768185
Simplicity2,WINDPOWER,3635,2010,0.938768185
Simplicity2,WINDPOWER,3636,2010,0.938768185
Simplicity2,WINDPOWER,3637,2010,0.938768185
Simplicity2,WINDPOWER,3638,2010,0.938688033
Simplicity2,WINDPOWER,3639,2010,0.938667468
Simplicity2,WINDPOWER,3640,2010,0.930359909
Simplicity2,WINDPOWER,3641,2010,0.938530086
Simplicity2,WINDPOWER,3642,2010,0.938768185
Simplicity2,WINDPOWER,3643,2010,0.938768185
Simplicity2,WINDPOWER,3644,2010,0.938768185
Simplicity2,WINDPOWER,3645,2010,0.938768185
Simplicity2,WINDPOWER,3646,2010,0.938768185
Simplicity2,WINDPOWER,3647,2010,0.938768185
Simplicity2,WINDPOWER,3648,2010,0.938768185
Simplicity2,WINDPOWER,3649,2010,0.938768185
Simplicity2,WINDPOWER,3650,2010,0.938768185
Simplicity2,WINDPOWER,3651,2010,0.921485632
Simplicity2,WINDPOWER,3652,2010,0.8699911
Simplicity2,WINDPOWER,3653,2010,0.786320029
Simplicity2,WINDPOWER,3654,2010,0.658777423
Simplicity2,WINDPOWER,3655,2010,0.660983256
Simplicity2,WINDPOWER,3656,2010,0.599628833
Simplicity2,WINDPOWER,3657,2010,0.580231122
Simplicity2,WINDPOWER,3658,2010,0.470777359
Simplicity2,WINDPOWER,3659,2010,0.312109769
Simplicity2,WINDPOWER,3660,2010,0.260101467
Simplicity2,WINDPOWER,3661,2010,0.230053471
Simplicity2,WINDPOWER,3662,2010,0.263834293
Simplicity2,WINDPOWER,3663,2010,0.370134932
Simplicity2,WINDPOWER,3664,2010,0.294897299
Simplicity2,WINDPOWER,3665,2010,0.15024032
Simplicity2,WINDPOWER,3666,2010,0.595419675
Simplicity2,WINDPOWER,3667,2010,0.809298049
Simplicity2,WINDPOWER,3668,2010,0.837752298
Simplicity2,WINDPOWER,3669,2010,0.876991259
Simplicity2,WINDPOWER,3670,2010,0.890006586
Simplicity2,WINDPOWER,3671,2010,0.874156438
Simplicity2,WINDPOWER,3672,2010,0.87351771
Simplicity2,WINDPOWER,3673,2010,0.900865687
Simplicity2,WINDPOWER,3674,2010,0.75442287
Simplicity2,WINDPOWER,3675,2010,0.579364607
Simplicity2,WINDPOWER,3676,2010,0.640218998
Simplicity2,WINDPOWER,3677,2010,0.76509091
Simplicity2,WINDPOWER,3678,2010,0.219727607
Simplicity2,WINDPOWER,3679,2010,0.220057578
Simplicity2,WINDPOWER,3680,2010,0.760158468
Simplicity2,WINDPOWER,3681,2010,0.850148637
Simplicity2,WINDPOWER,3682,2010,0.891410637
Simplicity2,WINDPOWER,3683,2010,0.853591482
Simplicity2,WINDPOWER,3684,2010,0.904678075
Simplicity2,WINDPOWER,3685,2010,0.929271358
Simplicity2,WINDPOWER,3686,2010,0.935784659
Simplicity2,WINDPOWER,3687,2010,0.938593536
Simplicity2,WINDPOWER,3688,2010,0.9385048
Simplicity2,WINDPOWER,3689,2010,0.938644489
Simplicity2,WINDPOWER,3690,2010,0.938723454
Simplicity2,WINDPOWER,3691,2010,0.938732176
Simplicity2,WINDPOWER,3692,2010,0.938768185
Simplicity2,WINDPOWER,3693,2010,0.938768185
Simplicity2,WINDPOWER,3694,2010,0.938768185
Simplicity2,WINDPOWER,3695,2010,0.938768185
Simplicity2,WINDPOWER,3696,2010,0.938768185
Simplicity2,WINDPOWER,3697,2010,0.938768185
Simplicity2,WINDPOWER,3698,2010,0.938676261
Simplicity2,WINDPOWER,3699,2010,0.933870241
Simplicity2,WINDPOWER,3700,2010,0.821628948
Simplicity2,WINDPOWER,3701,2010,0.723502545
Simplicity2,WINDPOWER,3702,2010,0.601989277
Simplicity2,WINDPOWER,3703,2010,0.612400138
Simplicity2,WINDPOWER,3704,2010,0.618230685
Simplicity2,WINDPOWER,3705,2010,0.54704775
Simplicity2,WINDPOWER,3706,2010,0.441298306
Simplicity2,WINDPOWER,3707,2010,0.41302614
Simplicity2,WINDPOWER,3708,2010,0.516479449
Simplicity2,WINDPOWER,3709,2010,0.523611837
Simplicity2,WINDPOWER,3710,2010,0.650603017
Simplicity2,WINDPOWER,3711,2010,0.545438051
Simplicity2,WINDPOWER,3712,2010,0.757969423
Simplicity2,WINDPOWER,3713,2010,0.886168656
Simplicity2,WINDPOWER,3714,2010,0.934830454
Simplicity2,WINDPOWER,3715,2010,0.938768185
Simplicity2,WINDPOWER,3716,2010,0.938768185
Simplicity2,WINDPOWER,3717,2010,0.938768185
Simplicity2,WINDPOWER,3718,2010,0.938768185
Simplicity2,WINDPOWER,3719,2010,0.938768185
Simplicity2,WINDPOWER,3720,2010,0.938768185
Simplicity2,WINDPOWER,3721,2010,0.938295122
Simplicity2,WINDPOWER,3722,2010,0.927592976
Simplicity2,WINDPOWER,3723,2010,0.890985636
Simplicity2,WINDPOWER,3724,2010,0.772616374
Simplicity2,WINDPOWER,3725,2010,0.907036752
Simplicity2,WINDPOWER,3726,2010,0.852099404
Simplicity2,WINDPOWER,3727,2010,0.67430875
Simplicity2,WINDPOWER,3728,2010,0.678131361
Simplicity2,WINDPOWER,3729,2010,0.818812686
Simplicity2,WINDPOWER,3730,2010,0.837649428
Simplicity2,WINDPOWER,3731,2010,0.847573462
Simplicity2,WINDPOWER,3732,2010,0.845749414
Simplicity2,WINDPOWER,3733,2010,0.85576844
Simplicity2,WINDPOWER,3734,2010,0.850393379
Simplicity2,WINDPOWER,3735,2010,0.85251363
Simplicity2,WINDPOWER,3736,2010,0.93522255
Simplicity2,WINDPOWER,3737,2010,0.938625947
Simplicity2,WINDPOWER,3738,2010,0.938673152
Simplicity2,WINDPOWER,3739,2010,0.937118739
Simplicity2,WINDPOWER,3740,2010,0.933025319
Simplicity2,WINDPOWER,3741,2010,0.932991284
Simplicity2,WINDPOWER,3742,2010,0.933324621
Simplicity2,WINDPOWER,3743,2010,0.933918733
Simplicity2,WINDPOWER,3744,2010,0.919282238
Simplicity2,WINDPOWER,3745,2010,0.908117809
Simplicity2,WINDPOWER,3746,2010,0.919954233
Simplicity2,WINDPOWER,3747,2010,0.914701949
Simplicity2,WINDPOWER,3748,2010,0.894751155
Simplicity2,WINDPOWER,3749,2010,0.885954344
Simplicity2,WINDPOWER,3750,2010,0.90102668
Simplicity2,WINDPOWER,3751,2010,0.92399596
Simplicity2,WINDPOWER,3752,2010,0.930551732
Simplicity2,WINDPOWER,3753,2010,0.91899378
Simplicity2,WINDPOWER,3754,2010,0.891117839
Simplicity2,WINDPOWER,3755,2010,0.853721311
Simplicity2,WINDPOWER,3756,2010,0.808899782
Simplicity2,WINDPOWER,3757,2010,0.730718433
Simplicity2,WINDPOWER,3758,2010,0.697404272
Simplicity2,WINDPOWER,3759,2010,0.882378019
Simplicity2,WINDPOWER,3760,2010,0.931205078
Simplicity2,WINDPOWER,3761,2010,0.93090576
Simplicity2,WINDPOWER,3762,2010,0.824964103
Simplicity2,WINDPOWER,3763,2010,0.496718032
Simplicity2,WINDPOWER,3764,2010,0.448508622
Simplicity2,WINDPOWER,3765,2010,0.462715456
Simplicity2,WINDPOWER,3766,2010,0.430502542
Simplicity2,WINDPOWER,3767,2010,0.328446004
Simplicity2,WINDPOWER,3768,2010,0.18895642
Simplicity2,WINDPOWER,3769,2010,0.108633381
Simplicity2,WINDPOWER,3770,2010,0.05435557
Simplicity2,WINDPOWER,3771,2010,0.026676937
Simplicity2,WINDPOWER,3772,2010,0.035767668
Simplicity2,WINDPOWER,3773,2010,0.025841532
Simplicity2,WINDPOWER,3774,2010,0.013138688
Simplicity2,WINDPOWER,3775,2010,0.01270816
Simplicity2,WINDPOWER,3776,2010,0.014237007
Simplicity2,WINDPOWER,3777,2010,0.026110166
Simplicity2,WINDPOWER,3778,2010,0.034554002
Simplicity2,WINDPOWER,3779,2010,0.009928159
Simplicity2,WINDPOWER,3780,2010,0.011260905
Simplicity2,WINDPOWER,3781,2010,0.011580028
Simplicity2,WINDPOWER,3782,2010,0.036677936
Simplicity2,WINDPOWER,3783,2010,0.06374801
Simplicity2,WINDPOWER,3784,2010,0.081391168
Simplicity2,WINDPOWER,3785,2010,0.120530777
Simplicity2,WINDPOWER,3786,2010,0.297758072
Simplicity2,WINDPOWER,3787,2010,0.307231882
Simplicity2,WINDPOWER,3788,2010,0.330377826
Simplicity2,WINDPOWER,3789,2010,0.269119989
Simplicity2,WINDPOWER,3790,2010,0.193084566
Simplicity2,WINDPOWER,3791,2010,0.237023789
Simplicity2,WINDPOWER,3792,2010,0.566098461
Simplicity2,WINDPOWER,3793,2010,0.301072013
Simplicity2,WINDPOWER,3794,2010,0.270373581
Simplicity2,WINDPOWER,3795,2010,0.38345784
Simplicity2,WINDPOWER,3796,2010,0.444567239
Simplicity2,WINDPOWER,3797,2010,0.286944002
Simplicity2,WINDPOWER,3798,2010,0.103778587
Simplicity2,WINDPOWER,3799,2010,0.043029583
Simplicity2,WINDPOWER,3800,2010,0.063850651
Simplicity2,WINDPOWER,3801,2010,0.103081616
Simplicity2,WINDPOWER,3802,2010,0.134706953
Simplicity2,WINDPOWER,3803,2010,0.083432261
Simplicity2,WINDPOWER,3804,2010,0.077328114
Simplicity2,WINDPOWER,3805,2010,0.065554753
Simplicity2,WINDPOWER,3806,2010,0.069745013
Simplicity2,WINDPOWER,3807,2010,0.04658096
Simplicity2,WINDPOWER,3808,2010,0.073087769
Simplicity2,WINDPOWER,3809,2010,0.84640246
Simplicity2,WINDPOWER,3810,2010,0.931621448
Simplicity2,WINDPOWER,3811,2010,0.918721992
Simplicity2,WINDPOWER,3812,2010,0.901449615
Simplicity2,WINDPOWER,3813,2010,0.887905855
Simplicity2,WINDPOWER,3814,2010,0.900030341
Simplicity2,WINDPOWER,3815,2010,0.767389596
Simplicity2,WINDPOWER,3816,2010,0.858558928
Simplicity2,WINDPOWER,3817,2010,0.905447523
Simplicity2,WINDPOWER,3818,2010,0.866438605
Simplicity2,WINDPOWER,3819,2010,0.737695267
Simplicity2,WINDPOWER,3820,2010,0.500845105
Simplicity2,WINDPOWER,3821,2010,0.497949812
Simplicity2,WINDPOWER,3822,2010,0.48271793
Simplicity2,WINDPOWER,3823,2010,0.321034362
Simplicity2,WINDPOWER,3824,2010,0.11462015
Simplicity2,WINDPOWER,3825,2010,0.053587893
Simplicity2,WINDPOWER,3826,2010,0.028334072
Simplicity2,WINDPOWER,3827,2010,0.012218921
Simplicity2,WINDPOWER,3828,2010,0.009928159
Simplicity2,WINDPOWER,3829,2010,0.009928159
Simplicity2,WINDPOWER,3830,2010,0.009928159
Simplicity2,WINDPOWER,3831,2010,0.009928159
Simplicity2,WINDPOWER,3832,2010,0.009928159
Simplicity2,WINDPOWER,3833,2010,0.009928159
Simplicity2,WINDPOWER,3834,2010,0.009928159
Simplicity2,WINDPOWER,3835,2010,0.009928159
Simplicity2,WINDPOWER,3836,2010,0.009928159
Simplicity2,WINDPOWER,3837,2010,0.151302804
Simplicity2,WINDPOWER,3838,2010,0.286163223
Simplicity2,WINDPOWER,3839,2010,0.071597653
Simplicity2,WINDPOWER,3840,2010,0.011570709
Simplicity2,WINDPOWER,3841,2010,0.009928159
Simplicity2,WINDPOWER,3842,2010,0.009928159
Simplicity2,WINDPOWER,3843,2010,0.013066974
Simplicity2,WINDPOWER,3844,2010,0.031995374
Simplicity2,WINDPOWER,3845,2010,0.049759984
Simplicity2,WINDPOWER,3846,2010,0.183252299
Simplicity2,WINDPOWER,3847,2010,0.364289011
Simplicity2,WINDPOWER,3848,2010,0.356627687
Simplicity2,WINDPOWER,3849,2010,0.365017453
Simplicity2,WINDPOWER,3850,2010,0.509239202
Simplicity2,WINDPOWER,3851,2010,0.541285787
Simplicity2,WINDPOWER,3852,2010,0.661943037
Simplicity2,WINDPOWER,3853,2010,0.661944173
Simplicity2,WINDPOWER,3854,2010,0.652365634
Simplicity2,WINDPOWER,3855,2010,0.843623782
Simplicity2,WINDPOWER,3856,2010,0.887795928
Simplicity2,WINDPOWER,3857,2010,0.846913674
Simplicity2,WINDPOWER,3858,2010,0.773114625
Simplicity2,WINDPOWER,3859,2010,0.831938235
Simplicity2,WINDPOWER,3860,2010,0.885950008
Simplicity2,WINDPOWER,3861,2010,0.928669123
Simplicity2,WINDPOWER,3862,2010,0.92910525
Simplicity2,WINDPOWER,3863,2010,0.888078068
Simplicity2,WINDPOWER,3864,2010,0.912996548
Simplicity2,WINDPOWER,3865,2010,0.927519635
Simplicity2,WINDPOWER,3866,2010,0.924001799
Simplicity2,WINDPOWER,3867,2010,0.919631041
Simplicity2,WINDPOWER,3868,2010,0.885903257
Simplicity2,WINDPOWER,3869,2010,0.862236148
Simplicity2,WINDPOWER,3870,2010,0.910941642
Simplicity2,WINDPOWER,3871,2010,0.895339436
Simplicity2,WINDPOWER,3872,2010,0.89849619
Simplicity2,WINDPOWER,3873,2010,0.908907504
Simplicity2,WINDPOWER,3874,2010,0.915725469
Simplicity2,WINDPOWER,3875,2010,0.929700114
Simplicity2,WINDPOWER,3876,2010,0.924051896
Simplicity2,WINDPOWER,3877,2010,0.888112452
Simplicity2,WINDPOWER,3878,2010,0.839347163
Simplicity2,WINDPOWER,3879,2010,0.725905564
Simplicity2,WINDPOWER,3880,2010,0.937373697
Simplicity2,WINDPOWER,3881,2010,0.937990841
Simplicity2,WINDPOWER,3882,2010,0.937295825
Simplicity2,WINDPOWER,3883,2010,0.919735525
Simplicity2,WINDPOWER,3884,2010,0.907523009
Simplicity2,WINDPOWER,3885,2010,0.879668972
Simplicity2,WINDPOWER,3886,2010,0.837974447
Simplicity2,WINDPOWER,3887,2010,0.863761357
Simplicity2,WINDPOWER,3888,2010,0.888527577
Simplicity2,WINDPOWER,3889,2010,0.827208048
Simplicity2,WINDPOWER,3890,2010,0.642207037
Simplicity2,WINDPOWER,3891,2010,0.547632653
Simplicity2,WINDPOWER,3892,2010,0.605987719
Simplicity2,WINDPOWER,3893,2010,0.658603499
Simplicity2,WINDPOWER,3894,2010,0.571613592
Simplicity2,WINDPOWER,3895,2010,0.484269679
Simplicity2,WINDPOWER,3896,2010,0.469962904
Simplicity2,WINDPOWER,3897,2010,0.437714395
Simplicity2,WINDPOWER,3898,2010,0.360286852
Simplicity2,WINDPOWER,3899,2010,0.305330612
Simplicity2,WINDPOWER,3900,2010,0.304542951
Simplicity2,WINDPOWER,3901,2010,0.329589949
Simplicity2,WINDPOWER,3902,2010,0.454481873
Simplicity2,WINDPOWER,3903,2010,0.488644764
Simplicity2,WINDPOWER,3904,2010,0.591212135
Simplicity2,WINDPOWER,3905,2010,0.804955452
Simplicity2,WINDPOWER,3906,2010,0.852690654
Simplicity2,WINDPOWER,3907,2010,0.888245278
Simplicity2,WINDPOWER,3908,2010,0.895020227
Simplicity2,WINDPOWER,3909,2010,0.898665181
Simplicity2,WINDPOWER,3910,2010,0.898092988
Simplicity2,WINDPOWER,3911,2010,0.892240685
Simplicity2,WINDPOWER,3912,2010,0.90235528
Simplicity2,WINDPOWER,3913,2010,0.923744868
Simplicity2,WINDPOWER,3914,2010,0.872534752
Simplicity2,WINDPOWER,3915,2010,0.707164425
Simplicity2,WINDPOWER,3916,2010,0.311619791
Simplicity2,WINDPOWER,3917,2010,0.415586985
Simplicity2,WINDPOWER,3918,2010,0.495936041
Simplicity2,WINDPOWER,3919,2010,0.360865217
Simplicity2,WINDPOWER,3920,2010,0.264317517
Simplicity2,WINDPOWER,3921,2010,0.143067553
Simplicity2,WINDPOWER,3922,2010,0.096237477
Simplicity2,WINDPOWER,3923,2010,0.057218503
Simplicity2,WINDPOWER,3924,2010,0.061313561
Simplicity2,WINDPOWER,3925,2010,0.047732423
Simplicity2,WINDPOWER,3926,2010,0.024089699
Simplicity2,WINDPOWER,3927,2010,0.047454429
Simplicity2,WINDPOWER,3928,2010,0.062661602
Simplicity2,WINDPOWER,3929,2010,0.009960907
Simplicity2,WINDPOWER,3930,2010,0.227880616
Simplicity2,WINDPOWER,3931,2010,0.521554852
Simplicity2,WINDPOWER,3932,2010,0.482189548
Simplicity2,WINDPOWER,3933,2010,0.287861667
Simplicity2,WINDPOWER,3934,2010,0.119980983
Simplicity2,WINDPOWER,3935,2010,0.009928159
Simplicity2,WINDPOWER,3936,2010,0.009928159
Simplicity2,WINDPOWER,3937,2010,0.01584609
Simplicity2,WINDPOWER,3938,2010,0.009928159
Simplicity2,WINDPOWER,3939,2010,0.009928159
Simplicity2,WINDPOWER,3940,2010,0.009928159
Simplicity2,WINDPOWER,3941,2010,0.023187339
Simplicity2,WINDPOWER,3942,2010,0.097503347
Simplicity2,WINDPOWER,3943,2010,0.090578216
Simplicity2,WINDPOWER,3944,2010,0.04664474
Simplicity2,WINDPOWER,3945,2010,0.03408416
Simplicity2,WINDPOWER,3946,2010,0.016789908
Simplicity2,WINDPOWER,3947,2010,0.011226255
Simplicity2,WINDPOWER,3948,2010,0.009928159
Simplicity2,WINDPOWER,3949,2010,0.009928159
Simplicity2,WINDPOWER,3950,2010,0.009928159
Simplicity2,WINDPOWER,3951,2010,0.009928159
Simplicity2,WINDPOWER,3952,2010,0.009928159
Simplicity2,WINDPOWER,3953,2010,0.009928159
Simplicity2,WINDPOWER,3954,2010,0.009928159
Simplicity2,WINDPOWER,3955,2010,0.009928159
Simplicity2,WINDPOWER,3956,2010,0.010884603
Simplicity2,WINDPOWER,3957,2010,0.055978827
Simplicity2,WINDPOWER,3958,2010,0.011254173
Simplicity2,WINDPOWER,3959,2010,0.057386451
Simplicity2,WINDPOWER,3960,2010,0.127071212
Simplicity2,WINDPOWER,3961,2010,0.312300653
Simplicity2,WINDPOWER,3962,2010,0.306547154
Simplicity2,WINDPOWER,3963,2010,0.08584296
Simplicity2,WINDPOWER,3964,2010,0.023649653
Simplicity2,WINDPOWER,3965,2010,0.019421872
Simplicity2,WINDPOWER,3966,2010,0.011079981
Simplicity2,WINDPOWER,3967,2010,0.009928159
Simplicity2,WINDPOWER,3968,2010,0.014248614
Simplicity2,WINDPOWER,3969,2010,0.011642253
Simplicity2,WINDPOWER,3970,2010,0.01185899
Simplicity2,WINDPOWER,3971,2010,0.078141873
Simplicity2,WINDPOWER,3972,2010,0.027389867
Simplicity2,WINDPOWER,3973,2010,0.009928159
Simplicity2,WINDPOWER,3974,2010,0.009928159
Simplicity2,WINDPOWER,3975,2010,0.009928159
Simplicity2,WINDPOWER,3976,2010,0.021490746
Simplicity2,WINDPOWER,3977,2010,0.011366402
Simplicity2,WINDPOWER,3978,2010,0.031320907
Simplicity2,WINDPOWER,3979,2010,0.047218989
Simplicity2,WINDPOWER,3980,2010,0.135471554
Simplicity2,WINDPOWER,3981,2010,0.3814826
Simplicity2,WINDPOWER,3982,2010,0.529730339
Simplicity2,WINDPOWER,3983,2010,0.932229733
Simplicity2,WINDPOWER,3984,2010,0.937516178
Simplicity2,WINDPOWER,3985,2010,0.937617634
Simplicity2,WINDPOWER,3986,2010,0.937065513
Simplicity2,WINDPOWER,3987,2010,0.934611888
Simplicity2,WINDPOWER,3988,2010,0.92882534
Simplicity2,WINDPOWER,3989,2010,0.935262235
Simplicity2,WINDPOWER,3990,2010,0.938102474
Simplicity2,WINDPOWER,3991,2010,0.938638715
Simplicity2,WINDPOWER,3992,2010,0.938768185
Simplicity2,WINDPOWER,3993,2010,0.938768185
Simplicity2,WINDPOWER,3994,2010,0.938768185
Simplicity2,WINDPOWER,3995,2010,0.938768185
Simplicity2,WINDPOWER,3996,2010,0.938768185
Simplicity2,WINDPOWER,3997,2010,0.938768185
Simplicity2,WINDPOWER,3998,2010,0.938768185
Simplicity2,WINDPOWER,3999,2010,0.938768185
Simplicity2,WINDPOWER,4000,2010,0.938768185
Simplicity2,WINDPOWER,4001,2010,0.938768185
Simplicity2,WINDPOWER,4002,2010,0.938768185
Simplicity2,WINDPOWER,4003,2010,0.938768185
Simplicity2,WINDPOWER,4004,2010,0.938768185
Simplicity2,WINDPOWER,4005,2010,0.938768185
Simplicity2,WINDPOWER,4006,2010,0.938768185
Simplicity2,WINDPOWER,4007,2010,0.938768185
Simplicity2,WINDPOWER,4008,2010,0.938768185
Simplicity2,WINDPOWER,4009,2010,0.938768185
Simplicity2,WINDPOWER,4010,2010,0.938768185
Simplicity2,WINDPOWER,4011,2010,0.938768185
Simplicity2,WINDPOWER,4012,2010,0.923770316
Simplicity2,WINDPOWER,4013,2010,0.839502658
Simplicity2,WINDPOWER,4014,2010,0.706323787
Simplicity2,WINDPOWER,4015,2010,0.544319973
Simplicity2,WINDPOWER,4016,2010,0.466317206
Simplicity2,WINDPOWER,4017,2010,0.484514668
Simplicity2,WINDPOWER,4018,2010,0.475690447
Simplicity2,WINDPOWER,4019,2010,0.305100584
Simplicity2,WINDPOWER,4020,2010,0.235787328
Simplicity2,WINDPOWER,4021,2010,0.21051269
Simplicity2,WINDPOWER,4022,2010,0.277105038
Simplicity2,WINDPOWER,4023,2010,0.316949759
Simplicity2,WINDPOWER,4024,2010,0.137660184
Simplicity2,WINDPOWER,4025,2010,0.102815754
Simplicity2,WINDPOWER,4026,2010,0.10479812
Simplicity2,WINDPOWER,4027,2010,0.307757511
Simplicity2,WINDPOWER,4028,2010,0.469099112
Simplicity2,WINDPOWER,4029,2010,0.354493162
Simplicity2,WINDPOWER,4030,2010,0.354522757
Simplicity2,WINDPOWER,4031,2010,0.484416151
Simplicity2,WINDPOWER,4032,2010,0.45107864
Simplicity2,WINDPOWER,4033,2010,0.351722572
Simplicity2,WINDPOWER,4034,2010,0.134829814
Simplicity2,WINDPOWER,4035,2010,0.009928159
Simplicity2,WINDPOWER,4036,2010,0.009928159
Simplicity2,WINDPOWER,4037,2010,0.026064403
Simplicity2,WINDPOWER,4038,2010,0.014349025
Simplicity2,WINDPOWER,4039,2010,0.009928159
Simplicity2,WINDPOWER,4040,2010,0.009928159
Simplicity2,WINDPOWER,4041,2010,0.009928159
Simplicity2,WINDPOWER,4042,2010,0.009928159
Simplicity2,WINDPOWER,4043,2010,0.009928159
Simplicity2,WINDPOWER,4044,2010,0.009928159
Simplicity2,WINDPOWER,4045,2010,0.009928159
Simplicity2,WINDPOWER,4046,2010,0.01172634
Simplicity2,WINDPOWER,4047,2010,0.024714113
Simplicity2,WINDPOWER,4048,2010,0.014383116
Simplicity2,WINDPOWER,4049,2010,0.067356505
Simplicity2,WINDPOWER,4050,2010,0.221364053
Simplicity2,WINDPOWER,4051,2010,0.094749586
Simplicity2,WINDPOWER,4052,2010,0.061457912
Simplicity2,WINDPOWER,4053,2010,0.056159344
Simplicity2,WINDPOWER,4054,2010,0.102485121
Simplicity2,WINDPOWER,4055,2010,0.493651661
Simplicity2,WINDPOWER,4056,2010,0.652413461
Simplicity2,WINDPOWER,4057,2010,0.713892356
Simplicity2,WINDPOWER,4058,2010,0.760929941
Simplicity2,WINDPOWER,4059,2010,0.700150294
Simplicity2,WINDPOWER,4060,2010,0.49960659
Simplicity2,WINDPOWER,4061,2010,0.384210292
Simplicity2,WINDPOWER,4062,2010,0.265588974
Simplicity2,WINDPOWER,4063,2010,0.283185756
Simplicity2,WINDPOWER,4064,2010,0.258732991
Simplicity2,WINDPOWER,4065,2010,0.178321535
Simplicity2,WINDPOWER,4066,2010,0.094267435
Simplicity2,WINDPOWER,4067,2010,0.05887966
Simplicity2,WINDPOWER,4068,2010,0.049843683
Simplicity2,WINDPOWER,4069,2010,0.026871688
Simplicity2,WINDPOWER,4070,2010,0.011444305
Simplicity2,WINDPOWER,4071,2010,0.009928159
Simplicity2,WINDPOWER,4072,2010,0.011819976
Simplicity2,WINDPOWER,4073,2010,0.017220644
Simplicity2,WINDPOWER,4074,2010,0.013570698
Simplicity2,WINDPOWER,4075,2010,0.03886553
Simplicity2,WINDPOWER,4076,2010,0.054492002
Simplicity2,WINDPOWER,4077,2010,0.062131075
Simplicity2,WINDPOWER,4078,2010,0.093846797
Simplicity2,WINDPOWER,4079,2010,0.405787591
Simplicity2,WINDPOWER,4080,2010,0.578444348
Simplicity2,WINDPOWER,4081,2010,0.62006967
Simplicity2,WINDPOWER,4082,2010,0.391522198
Simplicity2,WINDPOWER,4083,2010,0.211577948
Simplicity2,WINDPOWER,4084,2010,0.085293963
Simplicity2,WINDPOWER,4085,2010,0.021241626
Simplicity2,WINDPOWER,4086,2010,0.009928159
Simplicity2,WINDPOWER,4087,2010,0.009928159
Simplicity2,WINDPOWER,4088,2010,0.009928159
Simplicity2,WINDPOWER,4089,2010,0.010260172
Simplicity2,WINDPOWER,4090,2010,0.010696895
Simplicity2,WINDPOWER,4091,2010,0.011338396
Simplicity2,WINDPOWER,4092,2010,0.01019062
Simplicity2,WINDPOWER,4093,2010,0.009928159
Simplicity2,WINDPOWER,4094,2010,0.009928159
Simplicity2,WINDPOWER,4095,2010,0.009928159
Simplicity2,WINDPOWER,4096,2010,0.009928159
Simplicity2,WINDPOWER,4097,2010,0.009928159
Simplicity2,WINDPOWER,4098,2010,0.009928159
Simplicity2,WINDPOWER,4099,2010,0.009928159
Simplicity2,WINDPOWER,4100,2010,0.009928159
Simplicity2,WINDPOWER,4101,2010,0.009928159
Simplicity2,WINDPOWER,4102,2010,0.01155366
Simplicity2,WINDPOWER,4103,2010,0.033019623
Simplicity2,WINDPOWER,4104,2010,0.088846368
Simplicity2,WINDPOWER,4105,2010,0.22118837
Simplicity2,WINDPOWER,4106,2010,0.340453255
Simplicity2,WINDPOWER,4107,2010,0.343482465
Simplicity2,WINDPOWER,4108,2010,0.431803017
Simplicity2,WINDPOWER,4109,2010,0.303288068
Simplicity2,WINDPOWER,4110,2010,0.141496702
Simplicity2,WINDPOWER,4111,2010,0.19375315
Simplicity2,WINDPOWER,4112,2010,0.238127382
Simplicity2,WINDPOWER,4113,2010,0.293820286
Simplicity2,WINDPOWER,4114,2010,0.35799162
Simplicity2,WINDPOWER,4115,2010,0.48886248
Simplicity2,WINDPOWER,4116,2010,0.538320882
Simplicity2,WINDPOWER,4117,2010,0.610060844
Simplicity2,WINDPOWER,4118,2010,0.628054423
Simplicity2,WINDPOWER,4119,2010,0.55682653
Simplicity2,WINDPOWER,4120,2010,0.268623358
Simplicity2,WINDPOWER,4121,2010,0.563944235
Simplicity2,WINDPOWER,4122,2010,0.849481844
Simplicity2,WINDPOWER,4123,2010,0.901166369
Simplicity2,WINDPOWER,4124,2010,0.889121729
Simplicity2,WINDPOWER,4125,2010,0.874073644
Simplicity2,WINDPOWER,4126,2010,0.877312861
Simplicity2,WINDPOWER,4127,2010,0.920054676
Simplicity2,WINDPOWER,4128,2010,0.918649009
Simplicity2,WINDPOWER,4129,2010,0.886731922
Simplicity2,WINDPOWER,4130,2010,0.909612271
Simplicity2,WINDPOWER,4131,2010,0.83643156
Simplicity2,WINDPOWER,4132,2010,0.844296676
Simplicity2,WINDPOWER,4133,2010,0.859820612
Simplicity2,WINDPOWER,4134,2010,0.858576307
Simplicity2,WINDPOWER,4135,2010,0.832536082
Simplicity2,WINDPOWER,4136,2010,0.815403503
Simplicity2,WINDPOWER,4137,2010,0.832769766
Simplicity2,WINDPOWER,4138,2010,0.802350748
Simplicity2,WINDPOWER,4139,2010,0.623212347
Simplicity2,WINDPOWER,4140,2010,0.750392584
Simplicity2,WINDPOWER,4141,2010,0.720634385
Simplicity2,WINDPOWER,4142,2010,0.660452498
Simplicity2,WINDPOWER,4143,2010,0.60666244
Simplicity2,WINDPOWER,4144,2010,0.8198305
Simplicity2,WINDPOWER,4145,2010,0.860266496
Simplicity2,WINDPOWER,4146,2010,0.884982218
Simplicity2,WINDPOWER,4147,2010,0.914218894
Simplicity2,WINDPOWER,4148,2010,0.924891546
Simplicity2,WINDPOWER,4149,2010,0.935863134
Simplicity2,WINDPOWER,4150,2010,0.938623393
Simplicity2,WINDPOWER,4151,2010,0.935090839
Simplicity2,WINDPOWER,4152,2010,0.938768185
Simplicity2,WINDPOWER,4153,2010,0.938768185
Simplicity2,WINDPOWER,4154,2010,0.934721577
Simplicity2,WINDPOWER,4155,2010,0.901304033
Simplicity2,WINDPOWER,4156,2010,0.647478004
Simplicity2,WINDPOWER,4157,2010,0.202746213
Simplicity2,WINDPOWER,4158,2010,0.094806377
Simplicity2,WINDPOWER,4159,2010,0.039082029
Simplicity2,WINDPOWER,4160,2010,0.012861205
Simplicity2,WINDPOWER,4161,2010,0.012673221
Simplicity2,WINDPOWER,4162,2010,0.012501904
Simplicity2,WINDPOWER,4163,2010,0.011650863
Simplicity2,WINDPOWER,4164,2010,0.011780646
Simplicity2,WINDPOWER,4165,2010,0.013215178
Simplicity2,WINDPOWER,4166,2010,0.012574563
Simplicity2,WINDPOWER,4167,2010,0.009928159
Simplicity2,WINDPOWER,4168,2010,0.009928159
Simplicity2,WINDPOWER,4169,2010,0.022511947
Simplicity2,WINDPOWER,4170,2010,0.022828218
Simplicity2,WINDPOWER,4171,2010,0.009928159
Simplicity2,WINDPOWER,4172,2010,0.009928159
Simplicity2,WINDPOWER,4173,2010,0.009928159
Simplicity2,WINDPOWER,4174,2010,0.012298753
Simplicity2,WINDPOWER,4175,2010,0.069490106
Simplicity2,WINDPOWER,4176,2010,0.070933866
Simplicity2,WINDPOWER,4177,2010,0.106073407
Simplicity2,WINDPOWER,4178,2010,0.071824166
Simplicity2,WINDPOWER,4179,2010,0.119127271
Simplicity2,WINDPOWER,4180,2010,0.158531291
Simplicity2,WINDPOWER,4181,2010,0.182460232
Simplicity2,WINDPOWER,4182,2010,0.272074423
Simplicity2,WINDPOWER,4183,2010,0.303200898
Simplicity2,WINDPOWER,4184,2010,0.253074529
Simplicity2,WINDPOWER,4185,2010,0.224721806
Simplicity2,WINDPOWER,4186,2010,0.284853899
Simplicity2,WINDPOWER,4187,2010,0.340111216
Simplicity2,WINDPOWER,4188,2010,0.371839578
Simplicity2,WINDPOWER,4189,2010,0.429842988
Simplicity2,WINDPOWER,4190,2010,0.501887041
Simplicity2,WINDPOWER,4191,2010,0.433156663
Simplicity2,WINDPOWER,4192,2010,0.276570671
Simplicity2,WINDPOWER,4193,2010,0.677491493
Simplicity2,WINDPOWER,4194,2010,0.888727953
Simplicity2,WINDPOWER,4195,2010,0.928778309
Simplicity2,WINDPOWER,4196,2010,0.937021117
Simplicity2,WINDPOWER,4197,2010,0.938598359
Simplicity2,WINDPOWER,4198,2010,0.938768185
Simplicity2,WINDPOWER,4199,2010,0.938658083
Simplicity2,WINDPOWER,4200,2010,0.938768185
Simplicity2,WINDPOWER,4201,2010,0.938768185
Simplicity2,WINDPOWER,4202,2010,0.938768185
Simplicity2,WINDPOWER,4203,2010,0.938768185
Simplicity2,WINDPOWER,4204,2010,0.938762598
Simplicity2,WINDPOWER,4205,2010,0.938768185
Simplicity2,WINDPOWER,4206,2010,0.938768185
Simplicity2,WINDPOWER,4207,2010,0.938768185
Simplicity2,WINDPOWER,4208,2010,0.938768185
Simplicity2,WINDPOWER,4209,2010,0.937004741
Simplicity2,WINDPOWER,4210,2010,0.888933737
Simplicity2,WINDPOWER,4211,2010,0.829507715
Simplicity2,WINDPOWER,4212,2010,0.823875884
Simplicity2,WINDPOWER,4213,2010,0.823089378
Simplicity2,WINDPOWER,4214,2010,0.784778745
Simplicity2,WINDPOWER,4215,2010,0.518016355
Simplicity2,WINDPOWER,4216,2010,0.466625841
Simplicity2,WINDPOWER,4217,2010,0.466983677
Simplicity2,WINDPOWER,4218,2010,0.839481001
Simplicity2,WINDPOWER,4219,2010,0.873329889
Simplicity2,WINDPOWER,4220,2010,0.889198046
Simplicity2,WINDPOWER,4221,2010,0.909106194
Simplicity2,WINDPOWER,4222,2010,0.93269026
Simplicity2,WINDPOWER,4223,2010,0.822950079
Simplicity2,WINDPOWER,4224,2010,0.83997131
Simplicity2,WINDPOWER,4225,2010,0.830018022
Simplicity2,WINDPOWER,4226,2010,0.803911328
Simplicity2,WINDPOWER,4227,2010,0.717674708
Simplicity2,WINDPOWER,4228,2010,0.570641112
Simplicity2,WINDPOWER,4229,2010,0.514057291
Simplicity2,WINDPOWER,4230,2010,0.432688431
Simplicity2,WINDPOWER,4231,2010,0.287203326
Simplicity2,WINDPOWER,4232,2010,0.155846068
Simplicity2,WINDPOWER,4233,2010,0.071319978
Simplicity2,WINDPOWER,4234,2010,0.062603723
Simplicity2,WINDPOWER,4235,2010,0.088840602
Simplicity2,WINDPOWER,4236,2010,0.089378517
Simplicity2,WINDPOWER,4237,2010,0.107899729
Simplicity2,WINDPOWER,4238,2010,0.121590176
Simplicity2,WINDPOWER,4239,2010,0.127692353
Simplicity2,WINDPOWER,4240,2010,0.052175977
Simplicity2,WINDPOWER,4241,2010,0.046260483
Simplicity2,WINDPOWER,4242,2010,0.116500601
Simplicity2,WINDPOWER,4243,2010,0.177295885
Simplicity2,WINDPOWER,4244,2010,0.139421715
Simplicity2,WINDPOWER,4245,2010,0.08380009
Simplicity2,WINDPOWER,4246,2010,0.043641898
Simplicity2,WINDPOWER,4247,2010,0.009928159
Simplicity2,WINDPOWER,4248,2010,0.010100672
Simplicity2,WINDPOWER,4249,2010,0.010521633
Simplicity2,WINDPOWER,4250,2010,0.012497249
Simplicity2,WINDPOWER,4251,2010,0.091896399
Simplicity2,WINDPOWER,4252,2010,0.348744985
Simplicity2,WINDPOWER,4253,2010,0.517480293
Simplicity2,WINDPOWER,4254,2010,0.358172184
Simplicity2,WINDPOWER,4255,2010,0.229861222
Simplicity2,WINDPOWER,4256,2010,0.166391125
Simplicity2,WINDPOWER,4257,2010,0.109430363
Simplicity2,WINDPOWER,4258,2010,0.081280219
Simplicity2,WINDPOWER,4259,2010,0.050591289
Simplicity2,WINDPOWER,4260,2010,0.047954194
Simplicity2,WINDPOWER,4261,2010,0.047160827
Simplicity2,WINDPOWER,4262,2010,0.04473962
Simplicity2,WINDPOWER,4263,2010,0.053478843
Simplicity2,WINDPOWER,4264,2010,0.029995195
Simplicity2,WINDPOWER,4265,2010,0.009928159
Simplicity2,WINDPOWER,4266,2010,0.009928159
Simplicity2,WINDPOWER,4267,2010,0.010951002
Simplicity2,WINDPOWER,4268,2010,0.012284604
Simplicity2,WINDPOWER,4269,2010,0.027986846
Simplicity2,WINDPOWER,4270,2010,0.056127315
Simplicity2,WINDPOWER,4271,2010,0.121566259
Simplicity2,WINDPOWER,4272,2010,0.202692492
Simplicity2,WINDPOWER,4273,2010,0.271156498
Simplicity2,WINDPOWER,4274,2010,0.296794594
Simplicity2,WINDPOWER,4275,2010,0.285134412
Simplicity2,WINDPOWER,4276,2010,0.31897452
Simplicity2,WINDPOWER,4277,2010,0.14896342
Simplicity2,WINDPOWER,4278,2010,0.0110833
Simplicity2,WINDPOWER,4279,2010,0.009928159
Simplicity2,WINDPOWER,4280,2010,0.010856007
Simplicity2,WINDPOWER,4281,2010,0.024325722
Simplicity2,WINDPOWER,4282,2010,0.037521003
Simplicity2,WINDPOWER,4283,2010,0.038503108
Simplicity2,WINDPOWER,4284,2010,0.058698427
Simplicity2,WINDPOWER,4285,2010,0.063706405
Simplicity2,WINDPOWER,4286,2010,0.04581268
Simplicity2,WINDPOWER,4287,2010,0.024201429
Simplicity2,WINDPOWER,4288,2010,0.010899095
Simplicity2,WINDPOWER,4289,2010,0.009928159
Simplicity2,WINDPOWER,4290,2010,0.009928159
Simplicity2,WINDPOWER,4291,2010,0.029351495
Simplicity2,WINDPOWER,4292,2010,0.039718105
Simplicity2,WINDPOWER,4293,2010,0.012960772
Simplicity2,WINDPOWER,4294,2010,0.009928159
Simplicity2,WINDPOWER,4295,2010,0.055323584
Simplicity2,WINDPOWER,4296,2010,0.106491469
Simplicity2,WINDPOWER,4297,2010,0.194458643
Simplicity2,WINDPOWER,4298,2010,0.009928159
Simplicity2,WINDPOWER,4299,2010,0.009928159
Simplicity2,WINDPOWER,4300,2010,0.009928159
Simplicity2,WINDPOWER,4301,2010,0.023389416
Simplicity2,WINDPOWER,4302,2010,0.035386996
Simplicity2,WINDPOWER,4303,2010,0.024778367
Simplicity2,WINDPOWER,4304,2010,0.012978334
Simplicity2,WINDPOWER,4305,2010,0.009928159
Simplicity2,WINDPOWER,4306,2010,0.009928159
Simplicity2,WINDPOWER,4307,2010,0.082031391
Simplicity2,WINDPOWER,4308,2010,0.073226804
Simplicity2,WINDPOWER,4309,2010,0.036699069
Simplicity2,WINDPOWER,4310,2010,0.04766297
Simplicity2,WINDPOWER,4311,2010,0.050553619
Simplicity2,WINDPOWER,4312,2010,0.045521845
Simplicity2,WINDPOWER,4313,2010,0.009928159
Simplicity2,WINDPOWER,4314,2010,0.085949754
Simplicity2,WINDPOWER,4315,2010,0.153799889
Simplicity2,WINDPOWER,4316,2010,0.244273966
Simplicity2,WINDPOWER,4317,2010,0.305990479
Simplicity2,WINDPOWER,4318,2010,0.423674822
Simplicity2,WINDPOWER,4319,2010,0.573548098
Simplicity2,WINDPOWER,4320,2010,0.587240512
Simplicity2,WINDPOWER,4321,2010,0.481450929
Simplicity2,WINDPOWER,4322,2010,0.449404
Simplicity2,WINDPOWER,4323,2010,0.39764589
Simplicity2,WINDPOWER,4324,2010,0.390942335
Simplicity2,WINDPOWER,4325,2010,0.242859708
Simplicity2,WINDPOWER,4326,2010,0.085100273
Simplicity2,WINDPOWER,4327,2010,0.009928159
Simplicity2,WINDPOWER,4328,2010,0.009928159
Simplicity2,WINDPOWER,4329,2010,0.009928159
Simplicity2,WINDPOWER,4330,2010,0.010629701
Simplicity2,WINDPOWER,4331,2010,0.019366683
Simplicity2,WINDPOWER,4332,2010,0.020728046
Simplicity2,WINDPOWER,4333,2010,0.011364078
Simplicity2,WINDPOWER,4334,2010,0.010626658
Simplicity2,WINDPOWER,4335,2010,0.009928159
Simplicity2,WINDPOWER,4336,2010,0.009928159
Simplicity2,WINDPOWER,4337,2010,0.012463287
Simplicity2,WINDPOWER,4338,2010,0.116690083
Simplicity2,WINDPOWER,4339,2010,0.078502019
Simplicity2,WINDPOWER,4340,2010,0.057410951
Simplicity2,WINDPOWER,4341,2010,0.077836999
Simplicity2,WINDPOWER,4342,2010,0.152722721
Simplicity2,WINDPOWER,4343,2010,0.508235852
Simplicity2,WINDPOWER,4344,2010,0.815163276
Simplicity2,WINDPOWER,4345,2010,0.645305995
Simplicity2,WINDPOWER,4346,2010,0.404000742
Simplicity2,WINDPOWER,4347,2010,0.12575228
Simplicity2,WINDPOWER,4348,2010,0.020805611
Simplicity2,WINDPOWER,4349,2010,0.009928159
Simplicity2,WINDPOWER,4350,2010,0.188461039
Simplicity2,WINDPOWER,4351,2010,0.377963969
Simplicity2,WINDPOWER,4352,2010,0.534750061
Simplicity2,WINDPOWER,4353,2010,0.673162507
Simplicity2,WINDPOWER,4354,2010,0.605913344
Simplicity2,WINDPOWER,4355,2010,0.136230319
Simplicity2,WINDPOWER,4356,2010,0.055420043
Simplicity2,WINDPOWER,4357,2010,0.022477077
Simplicity2,WINDPOWER,4358,2010,0.062340042
Simplicity2,WINDPOWER,4359,2010,0.031754188
Simplicity2,WINDPOWER,4360,2010,0.011703272
Simplicity2,WINDPOWER,4361,2010,0.012847
Simplicity2,WINDPOWER,4362,2010,0.030015928
Simplicity2,WINDPOWER,4363,2010,0.022984777
Simplicity2,WINDPOWER,4364,2010,0.009928159
Simplicity2,WINDPOWER,4365,2010,0.009928159
Simplicity2,WINDPOWER,4366,2010,0.011106682
Simplicity2,WINDPOWER,4367,2010,0.009928159
Simplicity2,WINDPOWER,4368,2010,0.009928159
Simplicity2,WINDPOWER,4369,2010,0.028276283
Simplicity2,WINDPOWER,4370,2010,0.012565015
Simplicity2,WINDPOWER,4371,2010,0.018673282
Simplicity2,WINDPOWER,4372,2010,0.018600961
Simplicity2,WINDPOWER,4373,2010,0.032968208
Simplicity2,WINDPOWER,4374,2010,0.022288139
Simplicity2,WINDPOWER,4375,2010,0.009928159
Simplicity2,WINDPOWER,4376,2010,0.009928159
Simplicity2,WINDPOWER,4377,2010,0.009928159
Simplicity2,WINDPOWER,4378,2010,0.009928159
Simplicity2,WINDPOWER,4379,2010,0.009928159
Simplicity2,WINDPOWER,4380,2010,0.033811692
Simplicity2,WINDPOWER,4381,2010,0.12894276
Simplicity2,WINDPOWER,4382,2010,0.300298162
Simplicity2,WINDPOWER,4383,2010,0.363798759
Simplicity2,WINDPOWER,4384,2010,0.232218628
Simplicity2,WINDPOWER,4385,2010,0.599513431
Simplicity2,WINDPOWER,4386,2010,0.898940984
Simplicity2,WINDPOWER,4387,2010,0.929195742
Simplicity2,WINDPOWER,4388,2010,0.935384405
Simplicity2,WINDPOWER,4389,2010,0.935401098
Simplicity2,WINDPOWER,4390,2010,0.934018931
Simplicity2,WINDPOWER,4391,2010,0.93305697
Simplicity2,WINDPOWER,4392,2010,0.937574408
Simplicity2,WINDPOWER,4393,2010,0.927932199
Simplicity2,WINDPOWER,4394,2010,0.904283062
Simplicity2,WINDPOWER,4395,2010,0.586754223
Simplicity2,WINDPOWER,4396,2010,0.135189914
Simplicity2,WINDPOWER,4397,2010,0.011036343
Simplicity2,WINDPOWER,4398,2010,0.061043753
Simplicity2,WINDPOWER,4399,2010,0.491131277
Simplicity2,WINDPOWER,4400,2010,0.69228821
Simplicity2,WINDPOWER,4401,2010,0.38535101
Simplicity2,WINDPOWER,4402,2010,0.136429766
Simplicity2,WINDPOWER,4403,2010,0.031483358
Simplicity2,WINDPOWER,4404,2010,0.009928159
Simplicity2,WINDPOWER,4405,2010,0.009928159
Simplicity2,WINDPOWER,4406,2010,0.009928159
Simplicity2,WINDPOWER,4407,2010,0.009928159
Simplicity2,WINDPOWER,4408,2010,0.043024193
Simplicity2,WINDPOWER,4409,2010,0.089830142
Simplicity2,WINDPOWER,4410,2010,0.124227148
Simplicity2,WINDPOWER,4411,2010,0.151936754
Simplicity2,WINDPOWER,4412,2010,0.252007684
Simplicity2,WINDPOWER,4413,2010,0.224993887
Simplicity2,WINDPOWER,4414,2010,0.224111444
Simplicity2,WINDPOWER,4415,2010,0.11709197
Simplicity2,WINDPOWER,4416,2010,0.199208809
Simplicity2,WINDPOWER,4417,2010,0.34492068
Simplicity2,WINDPOWER,4418,2010,0.389412665
Simplicity2,WINDPOWER,4419,2010,0.306193323
Simplicity2,WINDPOWER,4420,2010,0.296173214
Simplicity2,WINDPOWER,4421,2010,0.345646782
Simplicity2,WINDPOWER,4422,2010,0.262660505
Simplicity2,WINDPOWER,4423,2010,0.202139588
Simplicity2,WINDPOWER,4424,2010,0.139687715
Simplicity2,WINDPOWER,4425,2010,0.133334745
Simplicity2,WINDPOWER,4426,2010,0.16301177
Simplicity2,WINDPOWER,4427,2010,0.125350992
Simplicity2,WINDPOWER,4428,2010,0.090760843
Simplicity2,WINDPOWER,4429,2010,0.074133118
Simplicity2,WINDPOWER,4430,2010,0.076212449
Simplicity2,WINDPOWER,4431,2010,0.127123593
Simplicity2,WINDPOWER,4432,2010,0.215543708
Simplicity2,WINDPOWER,4433,2010,0.263488115
Simplicity2,WINDPOWER,4434,2010,0.331336046
Simplicity2,WINDPOWER,4435,2010,0.301018641
Simplicity2,WINDPOWER,4436,2010,0.290416513
Simplicity2,WINDPOWER,4437,2010,0.270076019
Simplicity2,WINDPOWER,4438,2010,0.220459282
Simplicity2,WINDPOWER,4439,2010,0.210831822
Simplicity2,WINDPOWER,4440,2010,0.211973814
Simplicity2,WINDPOWER,4441,2010,0.212972032
Simplicity2,WINDPOWER,4442,2010,0.256694228
Simplicity2,WINDPOWER,4443,2010,0.367505896
Simplicity2,WINDPOWER,4444,2010,0.300445897
Simplicity2,WINDPOWER,4445,2010,0.264561459
Simplicity2,WINDPOWER,4446,2010,0.064119103
Simplicity2,WINDPOWER,4447,2010,0.017382838
Simplicity2,WINDPOWER,4448,2010,0.013336678
Simplicity2,WINDPOWER,4449,2010,0.011842759
Simplicity2,WINDPOWER,4450,2010,0.012725467
Simplicity2,WINDPOWER,4451,2010,0.010218867
Simplicity2,WINDPOWER,4452,2010,0.010556155
Simplicity2,WINDPOWER,4453,2010,0.012763923
Simplicity2,WINDPOWER,4454,2010,0.026468607
Simplicity2,WINDPOWER,4455,2010,0.034061583
Simplicity2,WINDPOWER,4456,2010,0.03851337
Simplicity2,WINDPOWER,4457,2010,0.315110637
Simplicity2,WINDPOWER,4458,2010,0.510926335
Simplicity2,WINDPOWER,4459,2010,0.571421564
Simplicity2,WINDPOWER,4460,2010,0.559585551
Simplicity2,WINDPOWER,4461,2010,0.509615717
Simplicity2,WINDPOWER,4462,2010,0.483282642
Simplicity2,WINDPOWER,4463,2010,0.498533867
Simplicity2,WINDPOWER,4464,2010,0.425396121
Simplicity2,WINDPOWER,4465,2010,0.374030092
Simplicity2,WINDPOWER,4466,2010,0.372781928
Simplicity2,WINDPOWER,4467,2010,0.40065494
Simplicity2,WINDPOWER,4468,2010,0.317407561
Simplicity2,WINDPOWER,4469,2010,0.320647163
Simplicity2,WINDPOWER,4470,2010,0.33904434
Simplicity2,WINDPOWER,4471,2010,0.214651187
Simplicity2,WINDPOWER,4472,2010,0.085940296
Simplicity2,WINDPOWER,4473,2010,0.036786583
Simplicity2,WINDPOWER,4474,2010,0.026983483
Simplicity2,WINDPOWER,4475,2010,0.009928159
Simplicity2,WINDPOWER,4476,2010,0.009928159
Simplicity2,WINDPOWER,4477,2010,0.009928159
Simplicity2,WINDPOWER,4478,2010,0.009928159
Simplicity2,WINDPOWER,4479,2010,0.010629569
Simplicity2,WINDPOWER,4480,2010,0.009928159
Simplicity2,WINDPOWER,4481,2010,0.009928159
Simplicity2,WINDPOWER,4482,2010,0.009928159
Simplicity2,WINDPOWER,4483,2010,0.021229127
Simplicity2,WINDPOWER,4484,2010,0.03733973
Simplicity2,WINDPOWER,4485,2010,0.054634267
Simplicity2,WINDPOWER,4486,2010,0.060935982
Simplicity2,WINDPOWER,4487,2010,0.037864906
Simplicity2,WINDPOWER,4488,2010,0.059184549
Simplicity2,WINDPOWER,4489,2010,0.086025888
Simplicity2,WINDPOWER,4490,2010,0.085801224
Simplicity2,WINDPOWER,4491,2010,0.075616766
Simplicity2,WINDPOWER,4492,2010,0.115507635
Simplicity2,WINDPOWER,4493,2010,0.180885595
Simplicity2,WINDPOWER,4494,2010,0.256050167
Simplicity2,WINDPOWER,4495,2010,0.361270462
Simplicity2,WINDPOWER,4496,2010,0.418420688
Simplicity2,WINDPOWER,4497,2010,0.429877147
Simplicity2,WINDPOWER,4498,2010,0.420549992
Simplicity2,WINDPOWER,4499,2010,0.401767561
Simplicity2,WINDPOWER,4500,2010,0.36448955
Simplicity2,WINDPOWER,4501,2010,0.404587272
Simplicity2,WINDPOWER,4502,2010,0.436689369
Simplicity2,WINDPOWER,4503,2010,0.465841544
Simplicity2,WINDPOWER,4504,2010,0.317703182
Simplicity2,WINDPOWER,4505,2010,0.328629871
Simplicity2,WINDPOWER,4506,2010,0.645357321
Simplicity2,WINDPOWER,4507,2010,0.760452343
Simplicity2,WINDPOWER,4508,2010,0.765827499
Simplicity2,WINDPOWER,4509,2010,0.78010874
Simplicity2,WINDPOWER,4510,2010,0.795260628
Simplicity2,WINDPOWER,4511,2010,0.732924333
Simplicity2,WINDPOWER,4512,2010,0.685714323
Simplicity2,WINDPOWER,4513,2010,0.654396354
Simplicity2,WINDPOWER,4514,2010,0.560960698
Simplicity2,WINDPOWER,4515,2010,0.425144522
Simplicity2,WINDPOWER,4516,2010,0.518364955
Simplicity2,WINDPOWER,4517,2010,0.701078385
Simplicity2,WINDPOWER,4518,2010,0.743282906
Simplicity2,WINDPOWER,4519,2010,0.720377067
Simplicity2,WINDPOWER,4520,2010,0.675966515
Simplicity2,WINDPOWER,4521,2010,0.631747808
Simplicity2,WINDPOWER,4522,2010,0.548964667
Simplicity2,WINDPOWER,4523,2010,0.544272575
Simplicity2,WINDPOWER,4524,2010,0.380514834
Simplicity2,WINDPOWER,4525,2010,0.375489576
Simplicity2,WINDPOWER,4526,2010,0.454415813
Simplicity2,WINDPOWER,4527,2010,0.56599251
Simplicity2,WINDPOWER,4528,2010,0.306511705
Simplicity2,WINDPOWER,4529,2010,0.67440736
Simplicity2,WINDPOWER,4530,2010,0.779251917
Simplicity2,WINDPOWER,4531,2010,0.783177068
Simplicity2,WINDPOWER,4532,2010,0.761945878
Simplicity2,WINDPOWER,4533,2010,0.691384221
Simplicity2,WINDPOWER,4534,2010,0.626827715
Simplicity2,WINDPOWER,4535,2010,0.670454698
Simplicity2,WINDPOWER,4536,2010,0.520053379
Simplicity2,WINDPOWER,4537,2010,0.354524097
Simplicity2,WINDPOWER,4538,2010,0.286404071
Simplicity2,WINDPOWER,4539,2010,0.300668984
Simplicity2,WINDPOWER,4540,2010,0.367865364
Simplicity2,WINDPOWER,4541,2010,0.452649847
Simplicity2,WINDPOWER,4542,2010,0.502070933
Simplicity2,WINDPOWER,4543,2010,0.499580569
Simplicity2,WINDPOWER,4544,2010,0.419190435
Simplicity2,WINDPOWER,4545,2010,0.394318681
Simplicity2,WINDPOWER,4546,2010,0.390632913
Simplicity2,WINDPOWER,4547,2010,0.452180734
Simplicity2,WINDPOWER,4548,2010,0.500567505
Simplicity2,WINDPOWER,4549,2010,0.514481147
Simplicity2,WINDPOWER,4550,2010,0.510055703
Simplicity2,WINDPOWER,4551,2010,0.485902002
Simplicity2,WINDPOWER,4552,2010,0.228224183
Simplicity2,WINDPOWER,4553,2010,0.344914543
Simplicity2,WINDPOWER,4554,2010,0.744866672
Simplicity2,WINDPOWER,4555,2010,0.82725249
Simplicity2,WINDPOWER,4556,2010,0.820345389
Simplicity2,WINDPOWER,4557,2010,0.765641318
Simplicity2,WINDPOWER,4558,2010,0.709258119
Simplicity2,WINDPOWER,4559,2010,0.595693366
Simplicity2,WINDPOWER,4560,2010,0.583970968
Simplicity2,WINDPOWER,4561,2010,0.543674009
Simplicity2,WINDPOWER,4562,2010,0.485377939
Simplicity2,WINDPOWER,4563,2010,0.4544174
Simplicity2,WINDPOWER,4564,2010,0.361456829
Simplicity2,WINDPOWER,4565,2010,0.380048944
Simplicity2,WINDPOWER,4566,2010,0.363877599
Simplicity2,WINDPOWER,4567,2010,0.287239889
Simplicity2,WINDPOWER,4568,2010,0.178893494
Simplicity2,WINDPOWER,4569,2010,0.154860759
Simplicity2,WINDPOWER,4570,2010,0.130996728
Simplicity2,WINDPOWER,4571,2010,0.383279698
Simplicity2,WINDPOWER,4572,2010,0.609982193
Simplicity2,WINDPOWER,4573,2010,0.527183759
Simplicity2,WINDPOWER,4574,2010,0.130677
Simplicity2,WINDPOWER,4575,2010,0.058152278
Simplicity2,WINDPOWER,4576,2010,0.182241359
Simplicity2,WINDPOWER,4577,2010,0.151595952
Simplicity2,WINDPOWER,4578,2010,0.311779532
Simplicity2,WINDPOWER,4579,2010,0.415368682
Simplicity2,WINDPOWER,4580,2010,0.441533354
Simplicity2,WINDPOWER,4581,2010,0.657070576
Simplicity2,WINDPOWER,4582,2010,0.861805704
Simplicity2,WINDPOWER,4583,2010,0.851308786
Simplicity2,WINDPOWER,4584,2010,0.922117751
Simplicity2,WINDPOWER,4585,2010,0.898976842
Simplicity2,WINDPOWER,4586,2010,0.456395206
Simplicity2,WINDPOWER,4587,2010,0.804809004
Simplicity2,WINDPOWER,4588,2010,0.884322822
Simplicity2,WINDPOWER,4589,2010,0.85328726
Simplicity2,WINDPOWER,4590,2010,0.765588852
Simplicity2,WINDPOWER,4591,2010,0.736007566
Simplicity2,WINDPOWER,4592,2010,0.770780009
Simplicity2,WINDPOWER,4593,2010,0.813903655
Simplicity2,WINDPOWER,4594,2010,0.742330125
Simplicity2,WINDPOWER,4595,2010,0.653545398
Simplicity2,WINDPOWER,4596,2010,0.526591302
Simplicity2,WINDPOWER,4597,2010,0.4387498
Simplicity2,WINDPOWER,4598,2010,0.324108136
Simplicity2,WINDPOWER,4599,2010,0.184759563
Simplicity2,WINDPOWER,4600,2010,0.238606187
Simplicity2,WINDPOWER,4601,2010,0.509406197
Simplicity2,WINDPOWER,4602,2010,0.690416072
Simplicity2,WINDPOWER,4603,2010,0.900438271
Simplicity2,WINDPOWER,4604,2010,0.933221465
Simplicity2,WINDPOWER,4605,2010,0.934398938
Simplicity2,WINDPOWER,4606,2010,0.933488019
Simplicity2,WINDPOWER,4607,2010,0.728245603
Simplicity2,WINDPOWER,4608,2010,0.620066732
Simplicity2,WINDPOWER,4609,2010,0.626660876
Simplicity2,WINDPOWER,4610,2010,0.742970578
Simplicity2,WINDPOWER,4611,2010,0.640619944
Simplicity2,WINDPOWER,4612,2010,0.551608836
Simplicity2,WINDPOWER,4613,2010,0.622624762
Simplicity2,WINDPOWER,4614,2010,0.590006422
Simplicity2,WINDPOWER,4615,2010,0.486996264
Simplicity2,WINDPOWER,4616,2010,0.40844455
Simplicity2,WINDPOWER,4617,2010,0.318602687
Simplicity2,WINDPOWER,4618,2010,0.241341752
Simplicity2,WINDPOWER,4619,2010,0.240874176
Simplicity2,WINDPOWER,4620,2010,0.222188472
Simplicity2,WINDPOWER,4621,2010,0.201844331
Simplicity2,WINDPOWER,4622,2010,0.179695914
Simplicity2,WINDPOWER,4623,2010,0.169958751
Simplicity2,WINDPOWER,4624,2010,0.043069461
Simplicity2,WINDPOWER,4625,2010,0.041523691
Simplicity2,WINDPOWER,4626,2010,0.06253412
Simplicity2,WINDPOWER,4627,2010,0.074456726
Simplicity2,WINDPOWER,4628,2010,0.113606605
Simplicity2,WINDPOWER,4629,2010,0.147484796
Simplicity2,WINDPOWER,4630,2010,0.16478176
Simplicity2,WINDPOWER,4631,2010,0.206280993
Simplicity2,WINDPOWER,4632,2010,0.186272852
Simplicity2,WINDPOWER,4633,2010,0.141192396
Simplicity2,WINDPOWER,4634,2010,0.131141383
Simplicity2,WINDPOWER,4635,2010,0.130373401
Simplicity2,WINDPOWER,4636,2010,0.155740967
Simplicity2,WINDPOWER,4637,2010,0.167132932
Simplicity2,WINDPOWER,4638,2010,0.098567773
Simplicity2,WINDPOWER,4639,2010,0.04254467
Simplicity2,WINDPOWER,4640,2010,0.017364407
Simplicity2,WINDPOWER,4641,2010,0.013163469
Simplicity2,WINDPOWER,4642,2010,0.013394738
Simplicity2,WINDPOWER,4643,2010,0.062635907
Simplicity2,WINDPOWER,4644,2010,0.047598861
Simplicity2,WINDPOWER,4645,2010,0.056103379
Simplicity2,WINDPOWER,4646,2010,0.066298866
Simplicity2,WINDPOWER,4647,2010,0.083186188
Simplicity2,WINDPOWER,4648,2010,0.07061529
Simplicity2,WINDPOWER,4649,2010,0.020817973
Simplicity2,WINDPOWER,4650,2010,0.057796907
Simplicity2,WINDPOWER,4651,2010,0.088061829
Simplicity2,WINDPOWER,4652,2010,0.108178215
Simplicity2,WINDPOWER,4653,2010,0.128833185
Simplicity2,WINDPOWER,4654,2010,0.147728628
Simplicity2,WINDPOWER,4655,2010,0.22759365
Simplicity2,WINDPOWER,4656,2010,0.29334638
Simplicity2,WINDPOWER,4657,2010,0.26456329
Simplicity2,WINDPOWER,4658,2010,0.179877685
Simplicity2,WINDPOWER,4659,2010,0.114088553
Simplicity2,WINDPOWER,4660,2010,0.087306478
Simplicity2,WINDPOWER,4661,2010,0.054391507
Simplicity2,WINDPOWER,4662,2010,0.01808761
Simplicity2,WINDPOWER,4663,2010,0.013866621
Simplicity2,WINDPOWER,4664,2010,0.037512025
Simplicity2,WINDPOWER,4665,2010,0.102144922
Simplicity2,WINDPOWER,4666,2010,0.112142295
Simplicity2,WINDPOWER,4667,2010,0.149524922
Simplicity2,WINDPOWER,4668,2010,0.148890019
Simplicity2,WINDPOWER,4669,2010,0.159473847
Simplicity2,WINDPOWER,4670,2010,0.24972766
Simplicity2,WINDPOWER,4671,2010,0.387294871
Simplicity2,WINDPOWER,4672,2010,0.293681013
Simplicity2,WINDPOWER,4673,2010,0.560360502
Simplicity2,WINDPOWER,4674,2010,0.884047313
Simplicity2,WINDPOWER,4675,2010,0.933182855
Simplicity2,WINDPOWER,4676,2010,0.937342005
Simplicity2,WINDPOWER,4677,2010,0.937177692
Simplicity2,WINDPOWER,4678,2010,0.936082131
Simplicity2,WINDPOWER,4679,2010,0.932271247
Simplicity2,WINDPOWER,4680,2010,0.93114737
Simplicity2,WINDPOWER,4681,2010,0.93264371
Simplicity2,WINDPOWER,4682,2010,0.934150194
Simplicity2,WINDPOWER,4683,2010,0.932259634
Simplicity2,WINDPOWER,4684,2010,0.894579104
Simplicity2,WINDPOWER,4685,2010,0.868668051
Simplicity2,WINDPOWER,4686,2010,0.787679953
Simplicity2,WINDPOWER,4687,2010,0.758695342
Simplicity2,WINDPOWER,4688,2010,0.748670858
Simplicity2,WINDPOWER,4689,2010,0.755706926
Simplicity2,WINDPOWER,4690,2010,0.75515197
Simplicity2,WINDPOWER,4691,2010,0.737397192
Simplicity2,WINDPOWER,4692,2010,0.763332431
Simplicity2,WINDPOWER,4693,2010,0.747329352
Simplicity2,WINDPOWER,4694,2010,0.727319129
Simplicity2,WINDPOWER,4695,2010,0.694080427
Simplicity2,WINDPOWER,4696,2010,0.901862645
Simplicity2,WINDPOWER,4697,2010,0.889401717
Simplicity2,WINDPOWER,4698,2010,0.875769089
Simplicity2,WINDPOWER,4699,2010,0.879121566
Simplicity2,WINDPOWER,4700,2010,0.921102448
Simplicity2,WINDPOWER,4701,2010,0.931735992
Simplicity2,WINDPOWER,4702,2010,0.905677874
Simplicity2,WINDPOWER,4703,2010,0.699283324
Simplicity2,WINDPOWER,4704,2010,0.771828757
Simplicity2,WINDPOWER,4705,2010,0.732102254
Simplicity2,WINDPOWER,4706,2010,0.547068702
Simplicity2,WINDPOWER,4707,2010,0.313931795
Simplicity2,WINDPOWER,4708,2010,0.297212744
Simplicity2,WINDPOWER,4709,2010,0.277032398
Simplicity2,WINDPOWER,4710,2010,0.194206361
Simplicity2,WINDPOWER,4711,2010,0.073113561
Simplicity2,WINDPOWER,4712,2010,0.009928159
Simplicity2,WINDPOWER,4713,2010,0.009928159
Simplicity2,WINDPOWER,4714,2010,0.009928159
Simplicity2,WINDPOWER,4715,2010,0.010715543
Simplicity2,WINDPOWER,4716,2010,0.117912323
Simplicity2,WINDPOWER,4717,2010,0.327564594
Simplicity2,WINDPOWER,4718,2010,0.346788774
Simplicity2,WINDPOWER,4719,2010,0.219960561
Simplicity2,WINDPOWER,4720,2010,0.492857975
Simplicity2,WINDPOWER,4721,2010,0.634549852
Simplicity2,WINDPOWER,4722,2010,0.679506924
Simplicity2,WINDPOWER,4723,2010,0.542546997
Simplicity2,WINDPOWER,4724,2010,0.496087661
Simplicity2,WINDPOWER,4725,2010,0.330027267
Simplicity2,WINDPOWER,4726,2010,0.318296147
Simplicity2,WINDPOWER,4727,2010,0.227119303
Simplicity2,WINDPOWER,4728,2010,0.21955541
Simplicity2,WINDPOWER,4729,2010,0.241862883
Simplicity2,WINDPOWER,4730,2010,0.257195982
Simplicity2,WINDPOWER,4731,2010,0.302158451
Simplicity2,WINDPOWER,4732,2010,0.273112901
Simplicity2,WINDPOWER,4733,2010,0.291417649
Simplicity2,WINDPOWER,4734,2010,0.286249528
Simplicity2,WINDPOWER,4735,2010,0.275865214
Simplicity2,WINDPOWER,4736,2010,0.264077415
Simplicity2,WINDPOWER,4737,2010,0.249300913
Simplicity2,WINDPOWER,4738,2010,0.268052868
Simplicity2,WINDPOWER,4739,2010,0.249871449
Simplicity2,WINDPOWER,4740,2010,0.215949965
Simplicity2,WINDPOWER,4741,2010,0.162525462
Simplicity2,WINDPOWER,4742,2010,0.120223177
Simplicity2,WINDPOWER,4743,2010,0.145133158
Simplicity2,WINDPOWER,4744,2010,0.117698753
Simplicity2,WINDPOWER,4745,2010,0.119827999
Simplicity2,WINDPOWER,4746,2010,0.103873649
Simplicity2,WINDPOWER,4747,2010,0.144242788
Simplicity2,WINDPOWER,4748,2010,0.152818934
Simplicity2,WINDPOWER,4749,2010,0.180017851
Simplicity2,WINDPOWER,4750,2010,0.158675194
Simplicity2,WINDPOWER,4751,2010,0.081214305
Simplicity2,WINDPOWER,4752,2010,0.169860611
Simplicity2,WINDPOWER,4753,2010,0.243847897
Simplicity2,WINDPOWER,4754,2010,0.230200357
Simplicity2,WINDPOWER,4755,2010,0.219544485
Simplicity2,WINDPOWER,4756,2010,0.186969778
Simplicity2,WINDPOWER,4757,2010,0.147935725
Simplicity2,WINDPOWER,4758,2010,0.126978735
Simplicity2,WINDPOWER,4759,2010,0.157703735
Simplicity2,WINDPOWER,4760,2010,0.195218977
Simplicity2,WINDPOWER,4761,2010,0.195985897
Simplicity2,WINDPOWER,4762,2010,0.211401181
Simplicity2,WINDPOWER,4763,2010,0.119936401
Simplicity2,WINDPOWER,4764,2010,0.145495076
Simplicity2,WINDPOWER,4765,2010,0.150109767
Simplicity2,WINDPOWER,4766,2010,0.146695743
Simplicity2,WINDPOWER,4767,2010,0.135046119
Simplicity2,WINDPOWER,4768,2010,0.137432802
Simplicity2,WINDPOWER,4769,2010,0.116371589
Simplicity2,WINDPOWER,4770,2010,0.085144065
Simplicity2,WINDPOWER,4771,2010,0.089239944
Simplicity2,WINDPOWER,4772,2010,0.065773766
Simplicity2,WINDPOWER,4773,2010,0.0536201
Simplicity2,WINDPOWER,4774,2010,0.062901819
Simplicity2,WINDPOWER,4775,2010,0.027422528
Simplicity2,WINDPOWER,4776,2010,0.034802805
Simplicity2,WINDPOWER,4777,2010,0.092380158
Simplicity2,WINDPOWER,4778,2010,0.097444199
Simplicity2,WINDPOWER,4779,2010,0.104802601
Simplicity2,WINDPOWER,4780,2010,0.061455106
Simplicity2,WINDPOWER,4781,2010,0.043575419
Simplicity2,WINDPOWER,4782,2010,0.049903655
Simplicity2,WINDPOWER,4783,2010,0.030658739
Simplicity2,WINDPOWER,4784,2010,0.011929363
Simplicity2,WINDPOWER,4785,2010,0.009928159
Simplicity2,WINDPOWER,4786,2010,0.009928159
Simplicity2,WINDPOWER,4787,2010,0.009928159
Simplicity2,WINDPOWER,4788,2010,0.009928159
Simplicity2,WINDPOWER,4789,2010,0.009928159
Simplicity2,WINDPOWER,4790,2010,0.009928159
Simplicity2,WINDPOWER,4791,2010,0.009928159
Simplicity2,WINDPOWER,4792,2010,0.009928159
Simplicity2,WINDPOWER,4793,2010,0.009928159
Simplicity2,WINDPOWER,4794,2010,0.009928159
Simplicity2,WINDPOWER,4795,2010,0.009928159
Simplicity2,WINDPOWER,4796,2010,0.009928159
Simplicity2,WINDPOWER,4797,2010,0.009928159
Simplicity2,WINDPOWER,4798,2010,0.025991133
Simplicity2,WINDPOWER,4799,2010,0.079671277
Simplicity2,WINDPOWER,4800,2010,0.057689595
Simplicity2,WINDPOWER,4801,2010,0.067070237
Simplicity2,WINDPOWER,4802,2010,0.020686469
Simplicity2,WINDPOWER,4803,2010,0.012862873
Simplicity2,WINDPOWER,4804,2010,0.047951989
Simplicity2,WINDPOWER,4805,2010,0.067065066
Simplicity2,WINDPOWER,4806,2010,0.11516312
Simplicity2,WINDPOWER,4807,2010,0.164668559
Simplicity2,WINDPOWER,4808,2010,0.123014039
Simplicity2,WINDPOWER,4809,2010,0.124959984
Simplicity2,WINDPOWER,4810,2010,0.14559047
Simplicity2,WINDPOWER,4811,2010,0.114123595
Simplicity2,WINDPOWER,4812,2010,0.139586842
Simplicity2,WINDPOWER,4813,2010,0.179564358
Simplicity2,WINDPOWER,4814,2010,0.100741615
Simplicity2,WINDPOWER,4815,2010,0.113195626
Simplicity2,WINDPOWER,4816,2010,0.112536544
Simplicity2,WINDPOWER,4817,2010,0.054130645
Simplicity2,WINDPOWER,4818,2010,0.029849399
Simplicity2,WINDPOWER,4819,2010,0.05187582
Simplicity2,WINDPOWER,4820,2010,0.044735661
Simplicity2,WINDPOWER,4821,2010,0.009928159
Simplicity2,WINDPOWER,4822,2010,0.009928159
Simplicity2,WINDPOWER,4823,2010,0.009928159
Simplicity2,WINDPOWER,4824,2010,0.009928159
Simplicity2,WINDPOWER,4825,2010,0.009928159
Simplicity2,WINDPOWER,4826,2010,0.012380295
Simplicity2,WINDPOWER,4827,2010,0.009928159
Simplicity2,WINDPOWER,4828,2010,0.045693738
Simplicity2,WINDPOWER,4829,2010,0.03532216
Simplicity2,WINDPOWER,4830,2010,0.015205572
Simplicity2,WINDPOWER,4831,2010,0.012294187
Simplicity2,WINDPOWER,4832,2010,0.009928159
Simplicity2,WINDPOWER,4833,2010,0.009928159
Simplicity2,WINDPOWER,4834,2010,0.009928159
Simplicity2,WINDPOWER,4835,2010,0.010781001
Simplicity2,WINDPOWER,4836,2010,0.009928159
Simplicity2,WINDPOWER,4837,2010,0.009928159
Simplicity2,WINDPOWER,4838,2010,0.009928159
Simplicity2,WINDPOWER,4839,2010,0.009928159
Simplicity2,WINDPOWER,4840,2010,0.009928159
Simplicity2,WINDPOWER,4841,2010,0.010616411
Simplicity2,WINDPOWER,4842,2010,0.013335709
Simplicity2,WINDPOWER,4843,2010,0.064783517
Simplicity2,WINDPOWER,4844,2010,0.378478074
Simplicity2,WINDPOWER,4845,2010,0.646507556
Simplicity2,WINDPOWER,4846,2010,0.921877305
Simplicity2,WINDPOWER,4847,2010,0.911615487
Simplicity2,WINDPOWER,4848,2010,0.922525127
Simplicity2,WINDPOWER,4849,2010,0.905547414
Simplicity2,WINDPOWER,4850,2010,0.896093578
Simplicity2,WINDPOWER,4851,2010,0.930676493
Simplicity2,WINDPOWER,4852,2010,0.913699283
Simplicity2,WINDPOWER,4853,2010,0.92809451
Simplicity2,WINDPOWER,4854,2010,0.93349322
Simplicity2,WINDPOWER,4855,2010,0.936279338
Simplicity2,WINDPOWER,4856,2010,0.937424886
Simplicity2,WINDPOWER,4857,2010,0.938587412
Simplicity2,WINDPOWER,4858,2010,0.9386217
Simplicity2,WINDPOWER,4859,2010,0.938768185
Simplicity2,WINDPOWER,4860,2010,0.938768185
Simplicity2,WINDPOWER,4861,2010,0.938768185
Simplicity2,WINDPOWER,4862,2010,0.938768185
Simplicity2,WINDPOWER,4863,2010,0.938768185
Simplicity2,WINDPOWER,4864,2010,0.938768185
Simplicity2,WINDPOWER,4865,2010,0.938768185
Simplicity2,WINDPOWER,4866,2010,0.938768185
Simplicity2,WINDPOWER,4867,2010,0.938768185
Simplicity2,WINDPOWER,4868,2010,0.938768185
Simplicity2,WINDPOWER,4869,2010,0.938768185
Simplicity2,WINDPOWER,4870,2010,0.938768185
Simplicity2,WINDPOWER,4871,2010,0.938768185
Simplicity2,WINDPOWER,4872,2010,0.938768185
Simplicity2,WINDPOWER,4873,2010,0.938768185
Simplicity2,WINDPOWER,4874,2010,0.938768185
Simplicity2,WINDPOWER,4875,2010,0.938768185
Simplicity2,WINDPOWER,4876,2010,0.938768185
Simplicity2,WINDPOWER,4877,2010,0.938768185
Simplicity2,WINDPOWER,4878,2010,0.938768185
Simplicity2,WINDPOWER,4879,2010,0.938768185
Simplicity2,WINDPOWER,4880,2010,0.938768185
Simplicity2,WINDPOWER,4881,2010,0.938768185
Simplicity2,WINDPOWER,4882,2010,0.938768185
Simplicity2,WINDPOWER,4883,2010,0.938768185
Simplicity2,WINDPOWER,4884,2010,0.938768185
Simplicity2,WINDPOWER,4885,2010,0.938768185
Simplicity2,WINDPOWER,4886,2010,0.938768185
Simplicity2,WINDPOWER,4887,2010,0.938487779
Simplicity2,WINDPOWER,4888,2010,0.938768185
Simplicity2,WINDPOWER,4889,2010,0.938768185
Simplicity2,WINDPOWER,4890,2010,0.938768185
Simplicity2,WINDPOWER,4891,2010,0.938768185
Simplicity2,WINDPOWER,4892,2010,0.938768185
Simplicity2,WINDPOWER,4893,2010,0.938768185
Simplicity2,WINDPOWER,4894,2010,0.938768185
Simplicity2,WINDPOWER,4895,2010,0.938768185
Simplicity2,WINDPOWER,4896,2010,0.938768185
Simplicity2,WINDPOWER,4897,2010,0.938768185
Simplicity2,WINDPOWER,4898,2010,0.938768185
Simplicity2,WINDPOWER,4899,2010,0.938768185
Simplicity2,WINDPOWER,4900,2010,0.938506805
Simplicity2,WINDPOWER,4901,2010,0.936844952
Simplicity2,WINDPOWER,4902,2010,0.932682855
Simplicity2,WINDPOWER,4903,2010,0.925112712
Simplicity2,WINDPOWER,4904,2010,0.92330557
Simplicity2,WINDPOWER,4905,2010,0.927874771
Simplicity2,WINDPOWER,4906,2010,0.926867061
Simplicity2,WINDPOWER,4907,2010,0.903965785
Simplicity2,WINDPOWER,4908,2010,0.856371033
Simplicity2,WINDPOWER,4909,2010,0.805891355
Simplicity2,WINDPOWER,4910,2010,0.75934478
Simplicity2,WINDPOWER,4911,2010,0.671851999
Simplicity2,WINDPOWER,4912,2010,0.65400488
Simplicity2,WINDPOWER,4913,2010,0.930962917
Simplicity2,WINDPOWER,4914,2010,0.937917402
Simplicity2,WINDPOWER,4915,2010,0.93858936
Simplicity2,WINDPOWER,4916,2010,0.936715199
Simplicity2,WINDPOWER,4917,2010,0.938292912
Simplicity2,WINDPOWER,4918,2010,0.938768169
Simplicity2,WINDPOWER,4919,2010,0.926136322
Simplicity2,WINDPOWER,4920,2010,0.88636618
Simplicity2,WINDPOWER,4921,2010,0.921400929
Simplicity2,WINDPOWER,4922,2010,0.911819745
Simplicity2,WINDPOWER,4923,2010,0.838072799
Simplicity2,WINDPOWER,4924,2010,0.800214208
Simplicity2,WINDPOWER,4925,2010,0.723893356
Simplicity2,WINDPOWER,4926,2010,0.608246481
Simplicity2,WINDPOWER,4927,2010,0.565391564
Simplicity2,WINDPOWER,4928,2010,0.537381012
Simplicity2,WINDPOWER,4929,2010,0.559408938
Simplicity2,WINDPOWER,4930,2010,0.573709754
Simplicity2,WINDPOWER,4931,2010,0.460342652
Simplicity2,WINDPOWER,4932,2010,0.374417904
Simplicity2,WINDPOWER,4933,2010,0.351746995
Simplicity2,WINDPOWER,4934,2010,0.332910112
Simplicity2,WINDPOWER,4935,2010,0.297500956
Simplicity2,WINDPOWER,4936,2010,0.130866539
Simplicity2,WINDPOWER,4937,2010,0.451501544
Simplicity2,WINDPOWER,4938,2010,0.737126996
Simplicity2,WINDPOWER,4939,2010,0.783576422
Simplicity2,WINDPOWER,4940,2010,0.770285103
Simplicity2,WINDPOWER,4941,2010,0.832190755
Simplicity2,WINDPOWER,4942,2010,0.888830939
Simplicity2,WINDPOWER,4943,2010,0.899706708
Simplicity2,WINDPOWER,4944,2010,0.788690562
Simplicity2,WINDPOWER,4945,2010,0.858182129
Simplicity2,WINDPOWER,4946,2010,0.844741906
Simplicity2,WINDPOWER,4947,2010,0.818838711
Simplicity2,WINDPOWER,4948,2010,0.776304598
Simplicity2,WINDPOWER,4949,2010,0.758877974
Simplicity2,WINDPOWER,4950,2010,0.657597659
Simplicity2,WINDPOWER,4951,2010,0.642094066
Simplicity2,WINDPOWER,4952,2010,0.613106788
Simplicity2,WINDPOWER,4953,2010,0.620148718
Simplicity2,WINDPOWER,4954,2010,0.579112444
Simplicity2,WINDPOWER,4955,2010,0.463015617
Simplicity2,WINDPOWER,4956,2010,0.443770623
Simplicity2,WINDPOWER,4957,2010,0.44720511
Simplicity2,WINDPOWER,4958,2010,0.412476705
Simplicity2,WINDPOWER,4959,2010,0.338288225
Simplicity2,WINDPOWER,4960,2010,0.132835593
Simplicity2,WINDPOWER,4961,2010,0.277363724
Simplicity2,WINDPOWER,4962,2010,0.621692072
Simplicity2,WINDPOWER,4963,2010,0.708415504
Simplicity2,WINDPOWER,4964,2010,0.702846141
Simplicity2,WINDPOWER,4965,2010,0.692450855
Simplicity2,WINDPOWER,4966,2010,0.54483048
Simplicity2,WINDPOWER,4967,2010,0.857979687
Simplicity2,WINDPOWER,4968,2010,0.842000358
Simplicity2,WINDPOWER,4969,2010,0.847135846
Simplicity2,WINDPOWER,4970,2010,0.857269046
Simplicity2,WINDPOWER,4971,2010,0.80928332
Simplicity2,WINDPOWER,4972,2010,0.87147594
Simplicity2,WINDPOWER,4973,2010,0.870123919
Simplicity2,WINDPOWER,4974,2010,0.823341906
Simplicity2,WINDPOWER,4975,2010,0.765107897
Simplicity2,WINDPOWER,4976,2010,0.7211624
Simplicity2,WINDPOWER,4977,2010,0.689080639
Simplicity2,WINDPOWER,4978,2010,0.676747709
Simplicity2,WINDPOWER,4979,2010,0.549516881
Simplicity2,WINDPOWER,4980,2010,0.588570827
Simplicity2,WINDPOWER,4981,2010,0.635386123
Simplicity2,WINDPOWER,4982,2010,0.646423576
Simplicity2,WINDPOWER,4983,2010,0.551768068
Simplicity2,WINDPOWER,4984,2010,0.370320377
Simplicity2,WINDPOWER,4985,2010,0.729558705
Simplicity2,WINDPOWER,4986,2010,0.89615309
Simplicity2,WINDPOWER,4987,2010,0.907672185
Simplicity2,WINDPOWER,4988,2010,0.923538403
Simplicity2,WINDPOWER,4989,2010,0.93328019
Simplicity2,WINDPOWER,4990,2010,0.933181171
Simplicity2,WINDPOWER,4991,2010,0.911646167
Simplicity2,WINDPOWER,4992,2010,0.920527446
Simplicity2,WINDPOWER,4993,2010,0.917141618
Simplicity2,WINDPOWER,4994,2010,0.914591389
Simplicity2,WINDPOWER,4995,2010,0.773094135
Simplicity2,WINDPOWER,4996,2010,0.591831147
Simplicity2,WINDPOWER,4997,2010,0.299047624
Simplicity2,WINDPOWER,4998,2010,0.167926036
Simplicity2,WINDPOWER,4999,2010,0.087645137
Simplicity2,WINDPOWER,5000,2010,0.082427166
Simplicity2,WINDPOWER,5001,2010,0.129497331
Simplicity2,WINDPOWER,5002,2010,0.169811808
Simplicity2,WINDPOWER,5003,2010,0.194383768
Simplicity2,WINDPOWER,5004,2010,0.171336903
Simplicity2,WINDPOWER,5005,2010,0.146627513
Simplicity2,WINDPOWER,5006,2010,0.128697147
Simplicity2,WINDPOWER,5007,2010,0.152004371
Simplicity2,WINDPOWER,5008,2010,0.141245024
Simplicity2,WINDPOWER,5009,2010,0.098544809
Simplicity2,WINDPOWER,5010,2010,0.055793599
Simplicity2,WINDPOWER,5011,2010,0.239727117
Simplicity2,WINDPOWER,5012,2010,0.38677841
Simplicity2,WINDPOWER,5013,2010,0.566437542
Simplicity2,WINDPOWER,5014,2010,0.925283207
Simplicity2,WINDPOWER,5015,2010,0.860408167
Simplicity2,WINDPOWER,5016,2010,0.893891373
Simplicity2,WINDPOWER,5017,2010,0.900600934
Simplicity2,WINDPOWER,5018,2010,0.657097225
Simplicity2,WINDPOWER,5019,2010,0.475470434
Simplicity2,WINDPOWER,5020,2010,0.258147122
Simplicity2,WINDPOWER,5021,2010,0.231203701
Simplicity2,WINDPOWER,5022,2010,0.289918772
Simplicity2,WINDPOWER,5023,2010,0.340590501
Simplicity2,WINDPOWER,5024,2010,0.279993445
Simplicity2,WINDPOWER,5025,2010,0.196471236
Simplicity2,WINDPOWER,5026,2010,0.16023784
Simplicity2,WINDPOWER,5027,2010,0.204327
Simplicity2,WINDPOWER,5028,2010,0.197277995
Simplicity2,WINDPOWER,5029,2010,0.178579375
Simplicity2,WINDPOWER,5030,2010,0.165586878
Simplicity2,WINDPOWER,5031,2010,0.199459298
Simplicity2,WINDPOWER,5032,2010,0.093883561
Simplicity2,WINDPOWER,5033,2010,0.139877499
Simplicity2,WINDPOWER,5034,2010,0.3216584
Simplicity2,WINDPOWER,5035,2010,0.364446748
Simplicity2,WINDPOWER,5036,2010,0.558694532
Simplicity2,WINDPOWER,5037,2010,0.600173333
Simplicity2,WINDPOWER,5038,2010,0.570952025
Simplicity2,WINDPOWER,5039,2010,0.409321112
Simplicity2,WINDPOWER,5040,2010,0.319650962
Simplicity2,WINDPOWER,5041,2010,0.205074991
Simplicity2,WINDPOWER,5042,2010,0.102318084
Simplicity2,WINDPOWER,5043,2010,0.026367613
Simplicity2,WINDPOWER,5044,2010,0.009928159
Simplicity2,WINDPOWER,5045,2010,0.011146214
Simplicity2,WINDPOWER,5046,2010,0.011723591
Simplicity2,WINDPOWER,5047,2010,0.01117557
Simplicity2,WINDPOWER,5048,2010,0.009928159
Simplicity2,WINDPOWER,5049,2010,0.009928159
Simplicity2,WINDPOWER,5050,2010,0.009928159
Simplicity2,WINDPOWER,5051,2010,0.009928159
Simplicity2,WINDPOWER,5052,2010,0.009928159
Simplicity2,WINDPOWER,5053,2010,0.009928159
Simplicity2,WINDPOWER,5054,2010,0.009928159
Simplicity2,WINDPOWER,5055,2010,0.011314586
Simplicity2,WINDPOWER,5056,2010,0.012174947
Simplicity2,WINDPOWER,5057,2010,0.010735498
Simplicity2,WINDPOWER,5058,2010,0.068954533
Simplicity2,WINDPOWER,5059,2010,0.218380161
Simplicity2,WINDPOWER,5060,2010,0.228521399
Simplicity2,WINDPOWER,5061,2010,0.153707929
Simplicity2,WINDPOWER,5062,2010,0.085599121
Simplicity2,WINDPOWER,5063,2010,0.079714995
Simplicity2,WINDPOWER,5064,2010,0.046200568
Simplicity2,WINDPOWER,5065,2010,0.034155683
Simplicity2,WINDPOWER,5066,2010,0.11328025
Simplicity2,WINDPOWER,5067,2010,0.359824745
Simplicity2,WINDPOWER,5068,2010,0.561251537
Simplicity2,WINDPOWER,5069,2010,0.490248283
Simplicity2,WINDPOWER,5070,2010,0.314191911
Simplicity2,WINDPOWER,5071,2010,0.169233791
Simplicity2,WINDPOWER,5072,2010,0.067851083
Simplicity2,WINDPOWER,5073,2010,0.02730645
Simplicity2,WINDPOWER,5074,2010,0.012360099
Simplicity2,WINDPOWER,5075,2010,0.009928159
Simplicity2,WINDPOWER,5076,2010,0.009928159
Simplicity2,WINDPOWER,5077,2010,0.009928159
Simplicity2,WINDPOWER,5078,2010,0.009928159
Simplicity2,WINDPOWER,5079,2010,0.009928159
Simplicity2,WINDPOWER,5080,2010,0.009928159
Simplicity2,WINDPOWER,5081,2010,0.009928159
Simplicity2,WINDPOWER,5082,2010,0.010688409
Simplicity2,WINDPOWER,5083,2010,0.010815394
Simplicity2,WINDPOWER,5084,2010,0.012264241
Simplicity2,WINDPOWER,5085,2010,0.009928159
Simplicity2,WINDPOWER,5086,2010,0.009928159
Simplicity2,WINDPOWER,5087,2010,0.009928159
Simplicity2,WINDPOWER,5088,2010,0.009928159
Simplicity2,WINDPOWER,5089,2010,0.018080755
Simplicity2,WINDPOWER,5090,2010,0.211363975
Simplicity2,WINDPOWER,5091,2010,0.467995035
Simplicity2,WINDPOWER,5092,2010,0.316144722
Simplicity2,WINDPOWER,5093,2010,0.119368642
Simplicity2,WINDPOWER,5094,2010,0.04530983
Simplicity2,WINDPOWER,5095,2010,0.012725489
Simplicity2,WINDPOWER,5096,2010,0.009928159
Simplicity2,WINDPOWER,5097,2010,0.009928159
Simplicity2,WINDPOWER,5098,2010,0.009928159
Simplicity2,WINDPOWER,5099,2010,0.009928159
Simplicity2,WINDPOWER,5100,2010,0.015742633
Simplicity2,WINDPOWER,5101,2010,0.009928159
Simplicity2,WINDPOWER,5102,2010,0.012036576
Simplicity2,WINDPOWER,5103,2010,0.009928159
Simplicity2,WINDPOWER,5104,2010,0.009928159
Simplicity2,WINDPOWER,5105,2010,0.013154842
Simplicity2,WINDPOWER,5106,2010,0.034503387
Simplicity2,WINDPOWER,5107,2010,0.056574568
Simplicity2,WINDPOWER,5108,2010,0.204608512
Simplicity2,WINDPOWER,5109,2010,0.560900141
Simplicity2,WINDPOWER,5110,2010,0.568148693
Simplicity2,WINDPOWER,5111,2010,0.202019939
Simplicity2,WINDPOWER,5112,2010,0.377741553
Simplicity2,WINDPOWER,5113,2010,0.488408747
Simplicity2,WINDPOWER,5114,2010,0.219391476
Simplicity2,WINDPOWER,5115,2010,0.097130726
Simplicity2,WINDPOWER,5116,2010,0.085099873
Simplicity2,WINDPOWER,5117,2010,0.081499174
Simplicity2,WINDPOWER,5118,2010,0.072571377
Simplicity2,WINDPOWER,5119,2010,0.026703088
Simplicity2,WINDPOWER,5120,2010,0.010540658
Simplicity2,WINDPOWER,5121,2010,0.009928159
Simplicity2,WINDPOWER,5122,2010,0.009928159
Simplicity2,WINDPOWER,5123,2010,0.009952715
Simplicity2,WINDPOWER,5124,2010,0.009928159
Simplicity2,WINDPOWER,5125,2010,0.011762095
Simplicity2,WINDPOWER,5126,2010,0.009928159
Simplicity2,WINDPOWER,5127,2010,0.009928159
Simplicity2,WINDPOWER,5128,2010,0.009928159
Simplicity2,WINDPOWER,5129,2010,0.009928159
Simplicity2,WINDPOWER,5130,2010,0.009928159
Simplicity2,WINDPOWER,5131,2010,0.009928159
Simplicity2,WINDPOWER,5132,2010,0.049157415
Simplicity2,WINDPOWER,5133,2010,0.059541032
Simplicity2,WINDPOWER,5134,2010,0.049043881
Simplicity2,WINDPOWER,5135,2010,0.009928159
Simplicity2,WINDPOWER,5136,2010,0.009928159
Simplicity2,WINDPOWER,5137,2010,0.009928159
Simplicity2,WINDPOWER,5138,2010,0.009928159
Simplicity2,WINDPOWER,5139,2010,0.009928159
Simplicity2,WINDPOWER,5140,2010,0.009928159
Simplicity2,WINDPOWER,5141,2010,0.009928159
Simplicity2,WINDPOWER,5142,2010,0.009928159
Simplicity2,WINDPOWER,5143,2010,0.071158343
Simplicity2,WINDPOWER,5144,2010,0.16947714
Simplicity2,WINDPOWER,5145,2010,0.24286874
Simplicity2,WINDPOWER,5146,2010,0.266132269
Simplicity2,WINDPOWER,5147,2010,0.224876711
Simplicity2,WINDPOWER,5148,2010,0.271809279
Simplicity2,WINDPOWER,5149,2010,0.352918335
Simplicity2,WINDPOWER,5150,2010,0.372770821
Simplicity2,WINDPOWER,5151,2010,0.378071653
Simplicity2,WINDPOWER,5152,2010,0.280031744
Simplicity2,WINDPOWER,5153,2010,0.201811392
Simplicity2,WINDPOWER,5154,2010,0.45120951
Simplicity2,WINDPOWER,5155,2010,0.781517113
Simplicity2,WINDPOWER,5156,2010,0.866798783
Simplicity2,WINDPOWER,5157,2010,0.909982954
Simplicity2,WINDPOWER,5158,2010,0.909558128
Simplicity2,WINDPOWER,5159,2010,0.925084696
Simplicity2,WINDPOWER,5160,2010,0.924037739
Simplicity2,WINDPOWER,5161,2010,0.918259212
Simplicity2,WINDPOWER,5162,2010,0.851256258
Simplicity2,WINDPOWER,5163,2010,0.685246649
Simplicity2,WINDPOWER,5164,2010,0.632026205
Simplicity2,WINDPOWER,5165,2010,0.423052779
Simplicity2,WINDPOWER,5166,2010,0.319733855
Simplicity2,WINDPOWER,5167,2010,0.223226491
Simplicity2,WINDPOWER,5168,2010,0.172754956
Simplicity2,WINDPOWER,5169,2010,0.140593471
Simplicity2,WINDPOWER,5170,2010,0.153558619
Simplicity2,WINDPOWER,5171,2010,0.14848303
Simplicity2,WINDPOWER,5172,2010,0.096841949
Simplicity2,WINDPOWER,5173,2010,0.07265297
Simplicity2,WINDPOWER,5174,2010,0.040703521
Simplicity2,WINDPOWER,5175,2010,0.028015659
Simplicity2,WINDPOWER,5176,2010,0.022543389
Simplicity2,WINDPOWER,5177,2010,0.009928159
Simplicity2,WINDPOWER,5178,2010,0.009928159
Simplicity2,WINDPOWER,5179,2010,0.009928159
Simplicity2,WINDPOWER,5180,2010,0.010359075
Simplicity2,WINDPOWER,5181,2010,0.060466818
Simplicity2,WINDPOWER,5182,2010,0.076834284
Simplicity2,WINDPOWER,5183,2010,0.085429039
Simplicity2,WINDPOWER,5184,2010,0.117916385
Simplicity2,WINDPOWER,5185,2010,0.137885536
Simplicity2,WINDPOWER,5186,2010,0.190760248
Simplicity2,WINDPOWER,5187,2010,0.050642288
Simplicity2,WINDPOWER,5188,2010,0.04218585
Simplicity2,WINDPOWER,5189,2010,0.025443084
Simplicity2,WINDPOWER,5190,2010,0.033653939
Simplicity2,WINDPOWER,5191,2010,0.026862637
Simplicity2,WINDPOWER,5192,2010,0.010920667
Simplicity2,WINDPOWER,5193,2010,0.009928159
Simplicity2,WINDPOWER,5194,2010,0.009928159
Simplicity2,WINDPOWER,5195,2010,0.009928159
Simplicity2,WINDPOWER,5196,2010,0.014430733
Simplicity2,WINDPOWER,5197,2010,0.009928159
Simplicity2,WINDPOWER,5198,2010,0.009928159
Simplicity2,WINDPOWER,5199,2010,0.010859362
Simplicity2,WINDPOWER,5200,2010,0.009928159
Simplicity2,WINDPOWER,5201,2010,0.009928159
Simplicity2,WINDPOWER,5202,2010,0.009928159
Simplicity2,WINDPOWER,5203,2010,0.030522361
Simplicity2,WINDPOWER,5204,2010,0.219560441
Simplicity2,WINDPOWER,5205,2010,0.084695611
Simplicity2,WINDPOWER,5206,2010,0.229031522
Simplicity2,WINDPOWER,5207,2010,0.157796144
Simplicity2,WINDPOWER,5208,2010,0.928938847
Simplicity2,WINDPOWER,5209,2010,0.884414661
Simplicity2,WINDPOWER,5210,2010,0.537289753
Simplicity2,WINDPOWER,5211,2010,0.541471362
Simplicity2,WINDPOWER,5212,2010,0.554361576
Simplicity2,WINDPOWER,5213,2010,0.534239675
Simplicity2,WINDPOWER,5214,2010,0.513127954
Simplicity2,WINDPOWER,5215,2010,0.558372482
Simplicity2,WINDPOWER,5216,2010,0.640863254
Simplicity2,WINDPOWER,5217,2010,0.580644154
Simplicity2,WINDPOWER,5218,2010,0.543562537
Simplicity2,WINDPOWER,5219,2010,0.460880768
Simplicity2,WINDPOWER,5220,2010,0.768823966
Simplicity2,WINDPOWER,5221,2010,0.827767437
Simplicity2,WINDPOWER,5222,2010,0.862874155
Simplicity2,WINDPOWER,5223,2010,0.807414315
Simplicity2,WINDPOWER,5224,2010,0.929815486
Simplicity2,WINDPOWER,5225,2010,0.938353263
Simplicity2,WINDPOWER,5226,2010,0.938646173
Simplicity2,WINDPOWER,5227,2010,0.937601219
Simplicity2,WINDPOWER,5228,2010,0.938735894
Simplicity2,WINDPOWER,5229,2010,0.938665465
Simplicity2,WINDPOWER,5230,2010,0.938768185
Simplicity2,WINDPOWER,5231,2010,0.938768185
Simplicity2,WINDPOWER,5232,2010,0.938768185
Simplicity2,WINDPOWER,5233,2010,0.938768185
Simplicity2,WINDPOWER,5234,2010,0.938768185
Simplicity2,WINDPOWER,5235,2010,0.938768185
Simplicity2,WINDPOWER,5236,2010,0.938768185
Simplicity2,WINDPOWER,5237,2010,0.938768185
Simplicity2,WINDPOWER,5238,2010,0.938709359
Simplicity2,WINDPOWER,5239,2010,0.938768185
Simplicity2,WINDPOWER,5240,2010,0.938768185
Simplicity2,WINDPOWER,5241,2010,0.938768185
Simplicity2,WINDPOWER,5242,2010,0.938768185
Simplicity2,WINDPOWER,5243,2010,0.938768185
Simplicity2,WINDPOWER,5244,2010,0.938768185
Simplicity2,WINDPOWER,5245,2010,0.938768185
Simplicity2,WINDPOWER,5246,2010,0.938768185
Simplicity2,WINDPOWER,5247,2010,0.938768185
Simplicity2,WINDPOWER,5248,2010,0.938768185
Simplicity2,WINDPOWER,5249,2010,0.938768185
Simplicity2,WINDPOWER,5250,2010,0.938768185
Simplicity2,WINDPOWER,5251,2010,0.938768185
Simplicity2,WINDPOWER,5252,2010,0.938768185
Simplicity2,WINDPOWER,5253,2010,0.938768185
Simplicity2,WINDPOWER,5254,2010,0.938768185
Simplicity2,WINDPOWER,5255,2010,0.938768185
Simplicity2,WINDPOWER,5256,2010,0.938768185
Simplicity2,WINDPOWER,5257,2010,0.916909714
Simplicity2,WINDPOWER,5258,2010,0.596779354
Simplicity2,WINDPOWER,5259,2010,0.397775708
Simplicity2,WINDPOWER,5260,2010,0.28521727
Simplicity2,WINDPOWER,5261,2010,0.412241964
Simplicity2,WINDPOWER,5262,2010,0.436461642
Simplicity2,WINDPOWER,5263,2010,0.388488851
Simplicity2,WINDPOWER,5264,2010,0.205348486
Simplicity2,WINDPOWER,5265,2010,0.150168579
Simplicity2,WINDPOWER,5266,2010,0.089818922
Simplicity2,WINDPOWER,5267,2010,0.047975215
Simplicity2,WINDPOWER,5268,2010,0.012946632
Simplicity2,WINDPOWER,5269,2010,0.009928159
Simplicity2,WINDPOWER,5270,2010,0.010096775
Simplicity2,WINDPOWER,5271,2010,0.030836495
Simplicity2,WINDPOWER,5272,2010,0.060275497
Simplicity2,WINDPOWER,5273,2010,0.102976084
Simplicity2,WINDPOWER,5274,2010,0.140259322
Simplicity2,WINDPOWER,5275,2010,0.31106241
Simplicity2,WINDPOWER,5276,2010,0.477524287
Simplicity2,WINDPOWER,5277,2010,0.709263404
Simplicity2,WINDPOWER,5278,2010,0.863588765
Simplicity2,WINDPOWER,5279,2010,0.861265344
Simplicity2,WINDPOWER,5280,2010,0.926962141
Simplicity2,WINDPOWER,5281,2010,0.93493465
Simplicity2,WINDPOWER,5282,2010,0.9330826
Simplicity2,WINDPOWER,5283,2010,0.89729107
Simplicity2,WINDPOWER,5284,2010,0.88928399
Simplicity2,WINDPOWER,5285,2010,0.863085974
Simplicity2,WINDPOWER,5286,2010,0.858841891
Simplicity2,WINDPOWER,5287,2010,0.866735368
Simplicity2,WINDPOWER,5288,2010,0.880334021
Simplicity2,WINDPOWER,5289,2010,0.914676572
Simplicity2,WINDPOWER,5290,2010,0.925229269
Simplicity2,WINDPOWER,5291,2010,0.937174888
Simplicity2,WINDPOWER,5292,2010,0.938768185
Simplicity2,WINDPOWER,5293,2010,0.938768185
Simplicity2,WINDPOWER,5294,2010,0.938768185
Simplicity2,WINDPOWER,5295,2010,0.938768185
Simplicity2,WINDPOWER,5296,2010,0.938768185
Simplicity2,WINDPOWER,5297,2010,0.938768185
Simplicity2,WINDPOWER,5298,2010,0.938768185
Simplicity2,WINDPOWER,5299,2010,0.938768185
Simplicity2,WINDPOWER,5300,2010,0.938768185
Simplicity2,WINDPOWER,5301,2010,0.938768185
Simplicity2,WINDPOWER,5302,2010,0.938768185
Simplicity2,WINDPOWER,5303,2010,0.938768185
Simplicity2,WINDPOWER,5304,2010,0.938768185
Simplicity2,WINDPOWER,5305,2010,0.938768185
Simplicity2,WINDPOWER,5306,2010,0.938768185
Simplicity2,WINDPOWER,5307,2010,0.938768185
Simplicity2,WINDPOWER,5308,2010,0.938768185
Simplicity2,WINDPOWER,5309,2010,0.938768185
Simplicity2,WINDPOWER,5310,2010,0.938768185
Simplicity2,WINDPOWER,5311,2010,0.938768185
Simplicity2,WINDPOWER,5312,2010,0.938768185
Simplicity2,WINDPOWER,5313,2010,0.938768185
Simplicity2,WINDPOWER,5314,2010,0.938768185
Simplicity2,WINDPOWER,5315,2010,0.938768185
Simplicity2,WINDPOWER,5316,2010,0.938768185
Simplicity2,WINDPOWER,5317,2010,0.938768185
Simplicity2,WINDPOWER,5318,2010,0.938611642
Simplicity2,WINDPOWER,5319,2010,0.936989159
Simplicity2,WINDPOWER,5320,2010,0.938768185
Simplicity2,WINDPOWER,5321,2010,0.938768185
Simplicity2,WINDPOWER,5322,2010,0.938768185
Simplicity2,WINDPOWER,5323,2010,0.938768185
Simplicity2,WINDPOWER,5324,2010,0.938768185
Simplicity2,WINDPOWER,5325,2010,0.938768185
Simplicity2,WINDPOWER,5326,2010,0.938768185
Simplicity2,WINDPOWER,5327,2010,0.938768185
Simplicity2,WINDPOWER,5328,2010,0.938768185
Simplicity2,WINDPOWER,5329,2010,0.938768185
Simplicity2,WINDPOWER,5330,2010,0.938768185
Simplicity2,WINDPOWER,5331,2010,0.938768185
Simplicity2,WINDPOWER,5332,2010,0.938768185
Simplicity2,WINDPOWER,5333,2010,0.938768185
Simplicity2,WINDPOWER,5334,2010,0.938768185
Simplicity2,WINDPOWER,5335,2010,0.938768185
Simplicity2,WINDPOWER,5336,2010,0.938768185
Simplicity2,WINDPOWER,5337,2010,0.938768185
Simplicity2,WINDPOWER,5338,2010,0.938768185
Simplicity2,WINDPOWER,5339,2010,0.938768185
Simplicity2,WINDPOWER,5340,2010,0.938768185
Simplicity2,WINDPOWER,5341,2010,0.938666825
Simplicity2,WINDPOWER,5342,2010,0.92103687
Simplicity2,WINDPOWER,5343,2010,0.864868034
Simplicity2,WINDPOWER,5344,2010,0.879682465
Simplicity2,WINDPOWER,5345,2010,0.808611017
Simplicity2,WINDPOWER,5346,2010,0.698933127
Simplicity2,WINDPOWER,5347,2010,0.68345765
Simplicity2,WINDPOWER,5348,2010,0.840573092
Simplicity2,WINDPOWER,5349,2010,0.90595199
Simplicity2,WINDPOWER,5350,2010,0.908745493
Simplicity2,WINDPOWER,5351,2010,0.822110002
Simplicity2,WINDPOWER,5352,2010,0.81694063
Simplicity2,WINDPOWER,5353,2010,0.81840863
Simplicity2,WINDPOWER,5354,2010,0.708100303
Simplicity2,WINDPOWER,5355,2010,0.467266402
Simplicity2,WINDPOWER,5356,2010,0.254853726
Simplicity2,WINDPOWER,5357,2010,0.226066294
Simplicity2,WINDPOWER,5358,2010,0.340396306
Simplicity2,WINDPOWER,5359,2010,0.516416435
Simplicity2,WINDPOWER,5360,2010,0.605867262
Simplicity2,WINDPOWER,5361,2010,0.624592536
Simplicity2,WINDPOWER,5362,2010,0.476596525
Simplicity2,WINDPOWER,5363,2010,0.217983197
Simplicity2,WINDPOWER,5364,2010,0.230440773
Simplicity2,WINDPOWER,5365,2010,0.263713302
Simplicity2,WINDPOWER,5366,2010,0.310026559
Simplicity2,WINDPOWER,5367,2010,0.379895332
Simplicity2,WINDPOWER,5368,2010,0.382752112
Simplicity2,WINDPOWER,5369,2010,0.190051024
Simplicity2,WINDPOWER,5370,2010,0.306580452
Simplicity2,WINDPOWER,5371,2010,0.692640993
Simplicity2,WINDPOWER,5372,2010,0.782381733
Simplicity2,WINDPOWER,5373,2010,0.817696688
Simplicity2,WINDPOWER,5374,2010,0.837709245
Simplicity2,WINDPOWER,5375,2010,0.808006142
Simplicity2,WINDPOWER,5376,2010,0.808404174
Simplicity2,WINDPOWER,5377,2010,0.791783195
Simplicity2,WINDPOWER,5378,2010,0.734860536
Simplicity2,WINDPOWER,5379,2010,0.568658317
Simplicity2,WINDPOWER,5380,2010,0.668985108
Simplicity2,WINDPOWER,5381,2010,0.745538795
Simplicity2,WINDPOWER,5382,2010,0.807883832
Simplicity2,WINDPOWER,5383,2010,0.833376678
Simplicity2,WINDPOWER,5384,2010,0.860752838
Simplicity2,WINDPOWER,5385,2010,0.845594182
Simplicity2,WINDPOWER,5386,2010,0.858273443
Simplicity2,WINDPOWER,5387,2010,0.823263886
Simplicity2,WINDPOWER,5388,2010,0.84860359
Simplicity2,WINDPOWER,5389,2010,0.868981438
Simplicity2,WINDPOWER,5390,2010,0.888463974
Simplicity2,WINDPOWER,5391,2010,0.899483384
Simplicity2,WINDPOWER,5392,2010,0.861838245
Simplicity2,WINDPOWER,5393,2010,0.698864596
Simplicity2,WINDPOWER,5394,2010,0.930654327
Simplicity2,WINDPOWER,5395,2010,0.938638065
Simplicity2,WINDPOWER,5396,2010,0.938768185
Simplicity2,WINDPOWER,5397,2010,0.938768185
Simplicity2,WINDPOWER,5398,2010,0.938768185
Simplicity2,WINDPOWER,5399,2010,0.938558688
Simplicity2,WINDPOWER,5400,2010,0.938640285
Simplicity2,WINDPOWER,5401,2010,0.938700259
Simplicity2,WINDPOWER,5402,2010,0.938700278
Simplicity2,WINDPOWER,5403,2010,0.938768185
Simplicity2,WINDPOWER,5404,2010,0.877664435
Simplicity2,WINDPOWER,5405,2010,0.890641199
Simplicity2,WINDPOWER,5406,2010,0.91574014
Simplicity2,WINDPOWER,5407,2010,0.90792957
Simplicity2,WINDPOWER,5408,2010,0.903344739
Simplicity2,WINDPOWER,5409,2010,0.926173238
Simplicity2,WINDPOWER,5410,2010,0.932761773
Simplicity2,WINDPOWER,5411,2010,0.936877413
Simplicity2,WINDPOWER,5412,2010,0.929617179
Simplicity2,WINDPOWER,5413,2010,0.929413726
Simplicity2,WINDPOWER,5414,2010,0.923265895
Simplicity2,WINDPOWER,5415,2010,0.934134762
Simplicity2,WINDPOWER,5416,2010,0.938768185
Simplicity2,WINDPOWER,5417,2010,0.938768185
Simplicity2,WINDPOWER,5418,2010,0.938768185
Simplicity2,WINDPOWER,5419,2010,0.938768185
Simplicity2,WINDPOWER,5420,2010,0.938768185
Simplicity2,WINDPOWER,5421,2010,0.938768185
Simplicity2,WINDPOWER,5422,2010,0.938768185
Simplicity2,WINDPOWER,5423,2010,0.938768185
Simplicity2,WINDPOWER,5424,2010,0.938768185
Simplicity2,WINDPOWER,5425,2010,0.938768185
Simplicity2,WINDPOWER,5426,2010,0.938768185
Simplicity2,WINDPOWER,5427,2010,0.935865998
Simplicity2,WINDPOWER,5428,2010,0.934730144
Simplicity2,WINDPOWER,5429,2010,0.933138128
Simplicity2,WINDPOWER,5430,2010,0.931088031
Simplicity2,WINDPOWER,5431,2010,0.922531583
Simplicity2,WINDPOWER,5432,2010,0.923040817
Simplicity2,WINDPOWER,5433,2010,0.919664341
Simplicity2,WINDPOWER,5434,2010,0.919578874
Simplicity2,WINDPOWER,5435,2010,0.915563375
Simplicity2,WINDPOWER,5436,2010,0.938605638
Simplicity2,WINDPOWER,5437,2010,0.938768185
Simplicity2,WINDPOWER,5438,2010,0.938768185
Simplicity2,WINDPOWER,5439,2010,0.938768185
Simplicity2,WINDPOWER,5440,2010,0.938768185
Simplicity2,WINDPOWER,5441,2010,0.938768185
Simplicity2,WINDPOWER,5442,2010,0.938768185
Simplicity2,WINDPOWER,5443,2010,0.938768185
Simplicity2,WINDPOWER,5444,2010,0.938768185
Simplicity2,WINDPOWER,5445,2010,0.938768185
Simplicity2,WINDPOWER,5446,2010,0.938768185
Simplicity2,WINDPOWER,5447,2010,0.938768185
Simplicity2,WINDPOWER,5448,2010,0.938768185
Simplicity2,WINDPOWER,5449,2010,0.938768185
Simplicity2,WINDPOWER,5450,2010,0.938648818
Simplicity2,WINDPOWER,5451,2010,0.938768185
Simplicity2,WINDPOWER,5452,2010,0.938768185
Simplicity2,WINDPOWER,5453,2010,0.938768185
Simplicity2,WINDPOWER,5454,2010,0.938768185
Simplicity2,WINDPOWER,5455,2010,0.938768185
Simplicity2,WINDPOWER,5456,2010,0.938768185
Simplicity2,WINDPOWER,5457,2010,0.938676058
Simplicity2,WINDPOWER,5458,2010,0.937773385
Simplicity2,WINDPOWER,5459,2010,0.933781124
Simplicity2,WINDPOWER,5460,2010,0.931952844
Simplicity2,WINDPOWER,5461,2010,0.914096727
Simplicity2,WINDPOWER,5462,2010,0.808636119
Simplicity2,WINDPOWER,5463,2010,0.559006366
Simplicity2,WINDPOWER,5464,2010,0.515592704
Simplicity2,WINDPOWER,5465,2010,0.425490059
Simplicity2,WINDPOWER,5466,2010,0.200933952
Simplicity2,WINDPOWER,5467,2010,0.13017891
Simplicity2,WINDPOWER,5468,2010,0.138097073
Simplicity2,WINDPOWER,5469,2010,0.17388089
Simplicity2,WINDPOWER,5470,2010,0.199406823
Simplicity2,WINDPOWER,5471,2010,0.147750071
Simplicity2,WINDPOWER,5472,2010,0.057356033
Simplicity2,WINDPOWER,5473,2010,0.030482774
Simplicity2,WINDPOWER,5474,2010,0.012056196
Simplicity2,WINDPOWER,5475,2010,0.107431635
Simplicity2,WINDPOWER,5476,2010,0.022501274
Simplicity2,WINDPOWER,5477,2010,0.009928159
Simplicity2,WINDPOWER,5478,2010,0.009928159
Simplicity2,WINDPOWER,5479,2010,0.009928159
Simplicity2,WINDPOWER,5480,2010,0.010568214
Simplicity2,WINDPOWER,5481,2010,0.012549619
Simplicity2,WINDPOWER,5482,2010,0.012190954
Simplicity2,WINDPOWER,5483,2010,0.009928159
Simplicity2,WINDPOWER,5484,2010,0.009928159
Simplicity2,WINDPOWER,5485,2010,0.009928159
Simplicity2,WINDPOWER,5486,2010,0.009928159
Simplicity2,WINDPOWER,5487,2010,0.009928159
Simplicity2,WINDPOWER,5488,2010,0.009928159
Simplicity2,WINDPOWER,5489,2010,0.009928159
Simplicity2,WINDPOWER,5490,2010,0.009928159
Simplicity2,WINDPOWER,5491,2010,0.009928159
Simplicity2,WINDPOWER,5492,2010,0.009928159
Simplicity2,WINDPOWER,5493,2010,0.062847367
Simplicity2,WINDPOWER,5494,2010,0.185472002
Simplicity2,WINDPOWER,5495,2010,0.359880817
Simplicity2,WINDPOWER,5496,2010,0.557087997
Simplicity2,WINDPOWER,5497,2010,0.675080872
Simplicity2,WINDPOWER,5498,2010,0.766324613
Simplicity2,WINDPOWER,5499,2010,0.624207862
Simplicity2,WINDPOWER,5500,2010,0.747073001
Simplicity2,WINDPOWER,5501,2010,0.851992068
Simplicity2,WINDPOWER,5502,2010,0.889336469
Simplicity2,WINDPOWER,5503,2010,0.903212938
Simplicity2,WINDPOWER,5504,2010,0.91296117
Simplicity2,WINDPOWER,5505,2010,0.916824822
Simplicity2,WINDPOWER,5506,2010,0.900078258
Simplicity2,WINDPOWER,5507,2010,0.865606509
Simplicity2,WINDPOWER,5508,2010,0.880080005
Simplicity2,WINDPOWER,5509,2010,0.918912588
Simplicity2,WINDPOWER,5510,2010,0.928984702
Simplicity2,WINDPOWER,5511,2010,0.929124264
Simplicity2,WINDPOWER,5512,2010,0.927848071
Simplicity2,WINDPOWER,5513,2010,0.938768185
Simplicity2,WINDPOWER,5514,2010,0.938768185
Simplicity2,WINDPOWER,5515,2010,0.938768185
Simplicity2,WINDPOWER,5516,2010,0.938768185
Simplicity2,WINDPOWER,5517,2010,0.938768185
Simplicity2,WINDPOWER,5518,2010,0.938768185
Simplicity2,WINDPOWER,5519,2010,0.938768185
Simplicity2,WINDPOWER,5520,2010,0.938768185
Simplicity2,WINDPOWER,5521,2010,0.938722838
Simplicity2,WINDPOWER,5522,2010,0.933952953
Simplicity2,WINDPOWER,5523,2010,0.887420674
Simplicity2,WINDPOWER,5524,2010,0.889866142
Simplicity2,WINDPOWER,5525,2010,0.806255908
Simplicity2,WINDPOWER,5526,2010,0.673687618
Simplicity2,WINDPOWER,5527,2010,0.53053758
Simplicity2,WINDPOWER,5528,2010,0.47761058
Simplicity2,WINDPOWER,5529,2010,0.4524279
Simplicity2,WINDPOWER,5530,2010,0.360395027
Simplicity2,WINDPOWER,5531,2010,0.30509344
Simplicity2,WINDPOWER,5532,2010,0.216144133
Simplicity2,WINDPOWER,5533,2010,0.177480515
Simplicity2,WINDPOWER,5534,2010,0.153068816
Simplicity2,WINDPOWER,5535,2010,0.12023302
Simplicity2,WINDPOWER,5536,2010,0.043754625
Simplicity2,WINDPOWER,5537,2010,0.01236984
Simplicity2,WINDPOWER,5538,2010,0.014181535
Simplicity2,WINDPOWER,5539,2010,0.010891672
Simplicity2,WINDPOWER,5540,2010,0.010810378
Simplicity2,WINDPOWER,5541,2010,0.029540684
Simplicity2,WINDPOWER,5542,2010,0.045116395
Simplicity2,WINDPOWER,5543,2010,0.009928159
Simplicity2,WINDPOWER,5544,2010,0.009928159
Simplicity2,WINDPOWER,5545,2010,0.009928159
Simplicity2,WINDPOWER,5546,2010,0.009928159
Simplicity2,WINDPOWER,5547,2010,0.009928159
Simplicity2,WINDPOWER,5548,2010,0.009928159
Simplicity2,WINDPOWER,5549,2010,0.009928159
Simplicity2,WINDPOWER,5550,2010,0.009928159
Simplicity2,WINDPOWER,5551,2010,0.009928159
Simplicity2,WINDPOWER,5552,2010,0.009928159
Simplicity2,WINDPOWER,5553,2010,0.009928159
Simplicity2,WINDPOWER,5554,2010,0.009928159
Simplicity2,WINDPOWER,5555,2010,0.009928159
Simplicity2,WINDPOWER,5556,2010,0.032423912
Simplicity2,WINDPOWER,5557,2010,0.123697411
Simplicity2,WINDPOWER,5558,2010,0.128682369
Simplicity2,WINDPOWER,5559,2010,0.05717273
Simplicity2,WINDPOWER,5560,2010,0.102949429
Simplicity2,WINDPOWER,5561,2010,0.07649074
Simplicity2,WINDPOWER,5562,2010,0.045039736
Simplicity2,WINDPOWER,5563,2010,0.054278756
Simplicity2,WINDPOWER,5564,2010,0.057044246
Simplicity2,WINDPOWER,5565,2010,0.109820039
Simplicity2,WINDPOWER,5566,2010,0.18488115
Simplicity2,WINDPOWER,5567,2010,0.204437865
Simplicity2,WINDPOWER,5568,2010,0.203779974
Simplicity2,WINDPOWER,5569,2010,0.408880166
Simplicity2,WINDPOWER,5570,2010,0.261388793
Simplicity2,WINDPOWER,5571,2010,0.106988821
Simplicity2,WINDPOWER,5572,2010,0.079099325
Simplicity2,WINDPOWER,5573,2010,0.07864249
Simplicity2,WINDPOWER,5574,2010,0.067586181
Simplicity2,WINDPOWER,5575,2010,0.052113574
Simplicity2,WINDPOWER,5576,2010,0.038962954
Simplicity2,WINDPOWER,5577,2010,0.027337034
Simplicity2,WINDPOWER,5578,2010,0.022059732
Simplicity2,WINDPOWER,5579,2010,0.019871476
Simplicity2,WINDPOWER,5580,2010,0.013407664
Simplicity2,WINDPOWER,5581,2010,0.01169449
Simplicity2,WINDPOWER,5582,2010,0.038429623
Simplicity2,WINDPOWER,5583,2010,0.029339564
Simplicity2,WINDPOWER,5584,2010,0.015927972
Simplicity2,WINDPOWER,5585,2010,0.012244376
Simplicity2,WINDPOWER,5586,2010,0.009928159
Simplicity2,WINDPOWER,5587,2010,0.009928159
Simplicity2,WINDPOWER,5588,2010,0.009928159
Simplicity2,WINDPOWER,5589,2010,0.009928159
Simplicity2,WINDPOWER,5590,2010,0.009928159
Simplicity2,WINDPOWER,5591,2010,0.043583066
Simplicity2,WINDPOWER,5592,2010,0.03949141
Simplicity2,WINDPOWER,5593,2010,0.125360083
Simplicity2,WINDPOWER,5594,2010,0.103031475
Simplicity2,WINDPOWER,5595,2010,0.011723825
Simplicity2,WINDPOWER,5596,2010,0.036543025
Simplicity2,WINDPOWER,5597,2010,0.101775001
Simplicity2,WINDPOWER,5598,2010,0.07951364
Simplicity2,WINDPOWER,5599,2010,0.069687008
Simplicity2,WINDPOWER,5600,2010,0.05219021
Simplicity2,WINDPOWER,5601,2010,0.011048616
Simplicity2,WINDPOWER,5602,2010,0.009928159
Simplicity2,WINDPOWER,5603,2010,0.009928159
Simplicity2,WINDPOWER,5604,2010,0.009928159
Simplicity2,WINDPOWER,5605,2010,0.009928159
Simplicity2,WINDPOWER,5606,2010,0.009928159
Simplicity2,WINDPOWER,5607,2010,0.009928159
Simplicity2,WINDPOWER,5608,2010,0.009928159
Simplicity2,WINDPOWER,5609,2010,0.022287488
Simplicity2,WINDPOWER,5610,2010,0.129852441
Simplicity2,WINDPOWER,5611,2010,0.325016844
Simplicity2,WINDPOWER,5612,2010,0.597026923
Simplicity2,WINDPOWER,5613,2010,0.840237131
Simplicity2,WINDPOWER,5614,2010,0.927253015
Simplicity2,WINDPOWER,5615,2010,0.926407239
Simplicity2,WINDPOWER,5616,2010,0.815426819
Simplicity2,WINDPOWER,5617,2010,0.726456302
Simplicity2,WINDPOWER,5618,2010,0.764280432
Simplicity2,WINDPOWER,5619,2010,0.713668129
Simplicity2,WINDPOWER,5620,2010,0.597037947
Simplicity2,WINDPOWER,5621,2010,0.562335982
Simplicity2,WINDPOWER,5622,2010,0.70976225
Simplicity2,WINDPOWER,5623,2010,0.77531925
Simplicity2,WINDPOWER,5624,2010,0.86148341
Simplicity2,WINDPOWER,5625,2010,0.905209797
Simplicity2,WINDPOWER,5626,2010,0.91985424
Simplicity2,WINDPOWER,5627,2010,0.789568888
Simplicity2,WINDPOWER,5628,2010,0.527462612
Simplicity2,WINDPOWER,5629,2010,0.444604283
Simplicity2,WINDPOWER,5630,2010,0.383051764
Simplicity2,WINDPOWER,5631,2010,0.283653248
Simplicity2,WINDPOWER,5632,2010,0.199078681
Simplicity2,WINDPOWER,5633,2010,0.135530636
Simplicity2,WINDPOWER,5634,2010,0.074492987
Simplicity2,WINDPOWER,5635,2010,0.034441459
Simplicity2,WINDPOWER,5636,2010,0.024768549
Simplicity2,WINDPOWER,5637,2010,0.012362273
Simplicity2,WINDPOWER,5638,2010,0.009928159
Simplicity2,WINDPOWER,5639,2010,0.009928159
Simplicity2,WINDPOWER,5640,2010,0.016019811
Simplicity2,WINDPOWER,5641,2010,0.009928159
Simplicity2,WINDPOWER,5642,2010,0.009928159
Simplicity2,WINDPOWER,5643,2010,0.009928159
Simplicity2,WINDPOWER,5644,2010,0.013992067
Simplicity2,WINDPOWER,5645,2010,0.061473914
Simplicity2,WINDPOWER,5646,2010,0.194475421
Simplicity2,WINDPOWER,5647,2010,0.354754397
Simplicity2,WINDPOWER,5648,2010,0.379337483
Simplicity2,WINDPOWER,5649,2010,0.378194297
Simplicity2,WINDPOWER,5650,2010,0.396247534
Simplicity2,WINDPOWER,5651,2010,0.453547465
Simplicity2,WINDPOWER,5652,2010,0.538371501
Simplicity2,WINDPOWER,5653,2010,0.611635882
Simplicity2,WINDPOWER,5654,2010,0.606982033
Simplicity2,WINDPOWER,5655,2010,0.605002342
Simplicity2,WINDPOWER,5656,2010,0.571836239
Simplicity2,WINDPOWER,5657,2010,0.410682029
Simplicity2,WINDPOWER,5658,2010,0.912532683
Simplicity2,WINDPOWER,5659,2010,0.920070844
Simplicity2,WINDPOWER,5660,2010,0.919656835
Simplicity2,WINDPOWER,5661,2010,0.921489649
Simplicity2,WINDPOWER,5662,2010,0.927708014
Simplicity2,WINDPOWER,5663,2010,0.9229529
Simplicity2,WINDPOWER,5664,2010,0.922295357
Simplicity2,WINDPOWER,5665,2010,0.902751081
Simplicity2,WINDPOWER,5666,2010,0.706262254
Simplicity2,WINDPOWER,5667,2010,0.571488272
Simplicity2,WINDPOWER,5668,2010,0.391123978
Simplicity2,WINDPOWER,5669,2010,0.312430255
Simplicity2,WINDPOWER,5670,2010,0.310177566
Simplicity2,WINDPOWER,5671,2010,0.414256633
Simplicity2,WINDPOWER,5672,2010,0.444598215
Simplicity2,WINDPOWER,5673,2010,0.447161722
Simplicity2,WINDPOWER,5674,2010,0.406659934
Simplicity2,WINDPOWER,5675,2010,0.350646794
Simplicity2,WINDPOWER,5676,2010,0.285986364
Simplicity2,WINDPOWER,5677,2010,0.276881545
Simplicity2,WINDPOWER,5678,2010,0.283833873
Simplicity2,WINDPOWER,5679,2010,0.344844442
Simplicity2,WINDPOWER,5680,2010,0.364385429
Simplicity2,WINDPOWER,5681,2010,0.146833849
Simplicity2,WINDPOWER,5682,2010,0.375798253
Simplicity2,WINDPOWER,5683,2010,0.539819951
Simplicity2,WINDPOWER,5684,2010,0.733994615
Simplicity2,WINDPOWER,5685,2010,0.834547067
Simplicity2,WINDPOWER,5686,2010,0.855625772
Simplicity2,WINDPOWER,5687,2010,0.608355936
Simplicity2,WINDPOWER,5688,2010,0.54815412
Simplicity2,WINDPOWER,5689,2010,0.41713128
Simplicity2,WINDPOWER,5690,2010,0.25175583
Simplicity2,WINDPOWER,5691,2010,0.110237255
Simplicity2,WINDPOWER,5692,2010,0.038801333
Simplicity2,WINDPOWER,5693,2010,0.009928159
Simplicity2,WINDPOWER,5694,2010,0.009928159
Simplicity2,WINDPOWER,5695,2010,0.009928159
Simplicity2,WINDPOWER,5696,2010,0.010163795
Simplicity2,WINDPOWER,5697,2010,0.009928159
Simplicity2,WINDPOWER,5698,2010,0.009928159
Simplicity2,WINDPOWER,5699,2010,0.009928159
Simplicity2,WINDPOWER,5700,2010,0.011658449
Simplicity2,WINDPOWER,5701,2010,0.051234033
Simplicity2,WINDPOWER,5702,2010,0.154519019
Simplicity2,WINDPOWER,5703,2010,0.309872124
Simplicity2,WINDPOWER,5704,2010,0.32922701
Simplicity2,WINDPOWER,5705,2010,0.262664215
Simplicity2,WINDPOWER,5706,2010,0.121744785
Simplicity2,WINDPOWER,5707,2010,0.448209381
Simplicity2,WINDPOWER,5708,2010,0.76893437
Simplicity2,WINDPOWER,5709,2010,0.87323592
Simplicity2,WINDPOWER,5710,2010,0.878490235
Simplicity2,WINDPOWER,5711,2010,0.794285572
Simplicity2,WINDPOWER,5712,2010,0.781792007
Simplicity2,WINDPOWER,5713,2010,0.919094721
Simplicity2,WINDPOWER,5714,2010,0.785700015
Simplicity2,WINDPOWER,5715,2010,0.535617269
Simplicity2,WINDPOWER,5716,2010,0.661508535
Simplicity2,WINDPOWER,5717,2010,0.558781759
Simplicity2,WINDPOWER,5718,2010,0.58043643
Simplicity2,WINDPOWER,5719,2010,0.669271826
Simplicity2,WINDPOWER,5720,2010,0.684496082
Simplicity2,WINDPOWER,5721,2010,0.724290955
Simplicity2,WINDPOWER,5722,2010,0.757465343
Simplicity2,WINDPOWER,5723,2010,0.782176647
Simplicity2,WINDPOWER,5724,2010,0.804338448
Simplicity2,WINDPOWER,5725,2010,0.792298735
Simplicity2,WINDPOWER,5726,2010,0.753382082
Simplicity2,WINDPOWER,5727,2010,0.674381781
Simplicity2,WINDPOWER,5728,2010,0.414471454
Simplicity2,WINDPOWER,5729,2010,0.647783546
Simplicity2,WINDPOWER,5730,2010,0.893643259
Simplicity2,WINDPOWER,5731,2010,0.832899918
Simplicity2,WINDPOWER,5732,2010,0.841707439
Simplicity2,WINDPOWER,5733,2010,0.836103793
Simplicity2,WINDPOWER,5734,2010,0.828280741
Simplicity2,WINDPOWER,5735,2010,0.870232746
Simplicity2,WINDPOWER,5736,2010,0.887588813
Simplicity2,WINDPOWER,5737,2010,0.92616427
Simplicity2,WINDPOWER,5738,2010,0.855955683
Simplicity2,WINDPOWER,5739,2010,0.861106038
Simplicity2,WINDPOWER,5740,2010,0.823174008
Simplicity2,WINDPOWER,5741,2010,0.738390269
Simplicity2,WINDPOWER,5742,2010,0.788803861
Simplicity2,WINDPOWER,5743,2010,0.814390106
Simplicity2,WINDPOWER,5744,2010,0.795705984
Simplicity2,WINDPOWER,5745,2010,0.766909262
Simplicity2,WINDPOWER,5746,2010,0.758157651
Simplicity2,WINDPOWER,5747,2010,0.609891912
Simplicity2,WINDPOWER,5748,2010,0.71272025
Simplicity2,WINDPOWER,5749,2010,0.791324075
Simplicity2,WINDPOWER,5750,2010,0.872019361
Simplicity2,WINDPOWER,5751,2010,0.893387606
Simplicity2,WINDPOWER,5752,2010,0.90022691
Simplicity2,WINDPOWER,5753,2010,0.938726633
Simplicity2,WINDPOWER,5754,2010,0.938768185
Simplicity2,WINDPOWER,5755,2010,0.938768185
Simplicity2,WINDPOWER,5756,2010,0.938768185
Simplicity2,WINDPOWER,5757,2010,0.938768185
Simplicity2,WINDPOWER,5758,2010,0.938762818
Simplicity2,WINDPOWER,5759,2010,0.937370792
Simplicity2,WINDPOWER,5760,2010,0.938768185
Simplicity2,WINDPOWER,5761,2010,0.938644522
Simplicity2,WINDPOWER,5762,2010,0.929254055
Simplicity2,WINDPOWER,5763,2010,0.922542338
Simplicity2,WINDPOWER,5764,2010,0.936585283
Simplicity2,WINDPOWER,5765,2010,0.937928107
Simplicity2,WINDPOWER,5766,2010,0.936819111
Simplicity2,WINDPOWER,5767,2010,0.936776092
Simplicity2,WINDPOWER,5768,2010,0.936003236
Simplicity2,WINDPOWER,5769,2010,0.933002919
Simplicity2,WINDPOWER,5770,2010,0.920584833
Simplicity2,WINDPOWER,5771,2010,0.707593331
Simplicity2,WINDPOWER,5772,2010,0.784577397
Simplicity2,WINDPOWER,5773,2010,0.781618865
Simplicity2,WINDPOWER,5774,2010,0.728512439
Simplicity2,WINDPOWER,5775,2010,0.694906849
Simplicity2,WINDPOWER,5776,2010,0.505394318
Simplicity2,WINDPOWER,5777,2010,0.770973772
Simplicity2,WINDPOWER,5778,2010,0.828493581
Simplicity2,WINDPOWER,5779,2010,0.853074548
Simplicity2,WINDPOWER,5780,2010,0.901054262
Simplicity2,WINDPOWER,5781,2010,0.935313922
Simplicity2,WINDPOWER,5782,2010,0.938768185
Simplicity2,WINDPOWER,5783,2010,0.938768185
Simplicity2,WINDPOWER,5784,2010,0.938768185
Simplicity2,WINDPOWER,5785,2010,0.938768185
Simplicity2,WINDPOWER,5786,2010,0.937617377
Simplicity2,WINDPOWER,5787,2010,0.802901354
Simplicity2,WINDPOWER,5788,2010,0.646650803
Simplicity2,WINDPOWER,5789,2010,0.451381283
Simplicity2,WINDPOWER,5790,2010,0.418967184
Simplicity2,WINDPOWER,5791,2010,0.386910765
Simplicity2,WINDPOWER,5792,2010,0.328342748
Simplicity2,WINDPOWER,5793,2010,0.276474926
Simplicity2,WINDPOWER,5794,2010,0.239373868
Simplicity2,WINDPOWER,5795,2010,0.215663116
Simplicity2,WINDPOWER,5796,2010,0.14257854
Simplicity2,WINDPOWER,5797,2010,0.080380811
Simplicity2,WINDPOWER,5798,2010,0.035884179
Simplicity2,WINDPOWER,5799,2010,0.011120148
Simplicity2,WINDPOWER,5800,2010,0.009928159
Simplicity2,WINDPOWER,5801,2010,0.009928159
Simplicity2,WINDPOWER,5802,2010,0.009928159
Simplicity2,WINDPOWER,5803,2010,0.009928159
Simplicity2,WINDPOWER,5804,2010,0.012783136
Simplicity2,WINDPOWER,5805,2010,0.05649227
Simplicity2,WINDPOWER,5806,2010,0.145300127
Simplicity2,WINDPOWER,5807,2010,0.08730522
Simplicity2,WINDPOWER,5808,2010,0.018624663
Simplicity2,WINDPOWER,5809,2010,0.090711294
Simplicity2,WINDPOWER,5810,2010,0.462619723
Simplicity2,WINDPOWER,5811,2010,0.70752076
Simplicity2,WINDPOWER,5812,2010,0.512254261
Simplicity2,WINDPOWER,5813,2010,0.166518369
Simplicity2,WINDPOWER,5814,2010,0.115471884
Simplicity2,WINDPOWER,5815,2010,0.200638198
Simplicity2,WINDPOWER,5816,2010,0.251964815
Simplicity2,WINDPOWER,5817,2010,0.392044827
Simplicity2,WINDPOWER,5818,2010,0.582189998
Simplicity2,WINDPOWER,5819,2010,0.601641015
Simplicity2,WINDPOWER,5820,2010,0.55228546
Simplicity2,WINDPOWER,5821,2010,0.631237756
Simplicity2,WINDPOWER,5822,2010,0.594065486
Simplicity2,WINDPOWER,5823,2010,0.672593777
Simplicity2,WINDPOWER,5824,2010,0.683691183
Simplicity2,WINDPOWER,5825,2010,0.655048134
Simplicity2,WINDPOWER,5826,2010,0.733181706
Simplicity2,WINDPOWER,5827,2010,0.683498799
Simplicity2,WINDPOWER,5828,2010,0.724350711
Simplicity2,WINDPOWER,5829,2010,0.792494311
Simplicity2,WINDPOWER,5830,2010,0.544338716
Simplicity2,WINDPOWER,5831,2010,0.491000425
Simplicity2,WINDPOWER,5832,2010,0.463991084
Simplicity2,WINDPOWER,5833,2010,0.549831904
Simplicity2,WINDPOWER,5834,2010,0.600856465
Simplicity2,WINDPOWER,5835,2010,0.474571818
Simplicity2,WINDPOWER,5836,2010,0.389716928
Simplicity2,WINDPOWER,5837,2010,0.379391642
Simplicity2,WINDPOWER,5838,2010,0.426018042
Simplicity2,WINDPOWER,5839,2010,0.408523157
Simplicity2,WINDPOWER,5840,2010,0.390478817
Simplicity2,WINDPOWER,5841,2010,0.371836409
Simplicity2,WINDPOWER,5842,2010,0.351899148
Simplicity2,WINDPOWER,5843,2010,0.477913728
Simplicity2,WINDPOWER,5844,2010,0.423340664
Simplicity2,WINDPOWER,5845,2010,0.326892044
Simplicity2,WINDPOWER,5846,2010,0.304727365
Simplicity2,WINDPOWER,5847,2010,0.363985891
Simplicity2,WINDPOWER,5848,2010,0.313534988
Simplicity2,WINDPOWER,5849,2010,0.253845326
Simplicity2,WINDPOWER,5850,2010,0.199647917
Simplicity2,WINDPOWER,5851,2010,0.335415127
Simplicity2,WINDPOWER,5852,2010,0.38778144
Simplicity2,WINDPOWER,5853,2010,0.577396243
Simplicity2,WINDPOWER,5854,2010,0.649859033
Simplicity2,WINDPOWER,5855,2010,0.713598145
Simplicity2,WINDPOWER,5856,2010,0.724713516
Simplicity2,WINDPOWER,5857,2010,0.566861689
Simplicity2,WINDPOWER,5858,2010,0.313261072
Simplicity2,WINDPOWER,5859,2010,0.13521365
Simplicity2,WINDPOWER,5860,2010,0.054471217
Simplicity2,WINDPOWER,5861,2010,0.033410302
Simplicity2,WINDPOWER,5862,2010,0.043058114
Simplicity2,WINDPOWER,5863,2010,0.033994839
Simplicity2,WINDPOWER,5864,2010,0.014126496
Simplicity2,WINDPOWER,5865,2010,0.011584826
Simplicity2,WINDPOWER,5866,2010,0.014932527
Simplicity2,WINDPOWER,5867,2010,0.050299584
Simplicity2,WINDPOWER,5868,2010,0.053687943
Simplicity2,WINDPOWER,5869,2010,0.074834174
Simplicity2,WINDPOWER,5870,2010,0.090829929
Simplicity2,WINDPOWER,5871,2010,0.113575757
Simplicity2,WINDPOWER,5872,2010,0.162831371
Simplicity2,WINDPOWER,5873,2010,0.116569613
Simplicity2,WINDPOWER,5874,2010,0.092926048
Simplicity2,WINDPOWER,5875,2010,0.281971025
Simplicity2,WINDPOWER,5876,2010,0.389947085
Simplicity2,WINDPOWER,5877,2010,0.444196889
Simplicity2,WINDPOWER,5878,2010,0.452004059
Simplicity2,WINDPOWER,5879,2010,0.483402818
Simplicity2,WINDPOWER,5880,2010,0.522922747
Simplicity2,WINDPOWER,5881,2010,0.596385198
Simplicity2,WINDPOWER,5882,2010,0.545691937
Simplicity2,WINDPOWER,5883,2010,0.493554842
Simplicity2,WINDPOWER,5884,2010,0.592167444
Simplicity2,WINDPOWER,5885,2010,0.593624029
Simplicity2,WINDPOWER,5886,2010,0.544149627
Simplicity2,WINDPOWER,5887,2010,0.492587738
Simplicity2,WINDPOWER,5888,2010,0.497784143
Simplicity2,WINDPOWER,5889,2010,0.488125866
Simplicity2,WINDPOWER,5890,2010,0.449059078
Simplicity2,WINDPOWER,5891,2010,0.386727123
Simplicity2,WINDPOWER,5892,2010,0.436022611
Simplicity2,WINDPOWER,5893,2010,0.438401918
Simplicity2,WINDPOWER,5894,2010,0.417841805
Simplicity2,WINDPOWER,5895,2010,0.444888028
Simplicity2,WINDPOWER,5896,2010,0.511794455
Simplicity2,WINDPOWER,5897,2010,0.460047825
Simplicity2,WINDPOWER,5898,2010,0.676503698
Simplicity2,WINDPOWER,5899,2010,0.764922514
Simplicity2,WINDPOWER,5900,2010,0.787522657
Simplicity2,WINDPOWER,5901,2010,0.842545662
Simplicity2,WINDPOWER,5902,2010,0.855090775
Simplicity2,WINDPOWER,5903,2010,0.829450925
Simplicity2,WINDPOWER,5904,2010,0.835664549
Simplicity2,WINDPOWER,5905,2010,0.845001366
Simplicity2,WINDPOWER,5906,2010,0.683920714
Simplicity2,WINDPOWER,5907,2010,0.566912944
Simplicity2,WINDPOWER,5908,2010,0.450264032
Simplicity2,WINDPOWER,5909,2010,0.344922111
Simplicity2,WINDPOWER,5910,2010,0.223009783
Simplicity2,WINDPOWER,5911,2010,0.237352297
Simplicity2,WINDPOWER,5912,2010,0.300712476
Simplicity2,WINDPOWER,5913,2010,0.367571808
Simplicity2,WINDPOWER,5914,2010,0.337403245
Simplicity2,WINDPOWER,5915,2010,0.32506661
Simplicity2,WINDPOWER,5916,2010,0.377674783
Simplicity2,WINDPOWER,5917,2010,0.394123427
Simplicity2,WINDPOWER,5918,2010,0.370700166
Simplicity2,WINDPOWER,5919,2010,0.294034996
Simplicity2,WINDPOWER,5920,2010,0.32984155
Simplicity2,WINDPOWER,5921,2010,0.255689883
Simplicity2,WINDPOWER,5922,2010,0.230675303
Simplicity2,WINDPOWER,5923,2010,0.844542035
Simplicity2,WINDPOWER,5924,2010,0.762101338
Simplicity2,WINDPOWER,5925,2010,0.564248852
Simplicity2,WINDPOWER,5926,2010,0.860399339
Simplicity2,WINDPOWER,5927,2010,0.78880911
Simplicity2,WINDPOWER,5928,2010,0.900152398
Simplicity2,WINDPOWER,5929,2010,0.912932406
Simplicity2,WINDPOWER,5930,2010,0.835940034
Simplicity2,WINDPOWER,5931,2010,0.805366893
Simplicity2,WINDPOWER,5932,2010,0.810458384
Simplicity2,WINDPOWER,5933,2010,0.891317502
Simplicity2,WINDPOWER,5934,2010,0.932944848
Simplicity2,WINDPOWER,5935,2010,0.93826289
Simplicity2,WINDPOWER,5936,2010,0.938718173
Simplicity2,WINDPOWER,5937,2010,0.938768185
Simplicity2,WINDPOWER,5938,2010,0.938768185
Simplicity2,WINDPOWER,5939,2010,0.934551731
Simplicity2,WINDPOWER,5940,2010,0.938768185
Simplicity2,WINDPOWER,5941,2010,0.938768185
Simplicity2,WINDPOWER,5942,2010,0.938768185
Simplicity2,WINDPOWER,5943,2010,0.938768185
Simplicity2,WINDPOWER,5944,2010,0.938768185
Simplicity2,WINDPOWER,5945,2010,0.938768185
Simplicity2,WINDPOWER,5946,2010,0.938768185
Simplicity2,WINDPOWER,5947,2010,0.938768185
Simplicity2,WINDPOWER,5948,2010,0.938768185
Simplicity2,WINDPOWER,5949,2010,0.938768185
Simplicity2,WINDPOWER,5950,2010,0.938768185
Simplicity2,WINDPOWER,5951,2010,0.938768185
Simplicity2,WINDPOWER,5952,2010,0.938768185
Simplicity2,WINDPOWER,5953,2010,0.938768185
Simplicity2,WINDPOWER,5954,2010,0.934635554
Simplicity2,WINDPOWER,5955,2010,0.937832724
Simplicity2,WINDPOWER,5956,2010,0.935917822
Simplicity2,WINDPOWER,5957,2010,0.937302655
Simplicity2,WINDPOWER,5958,2010,0.937584797
Simplicity2,WINDPOWER,5959,2010,0.935380983
Simplicity2,WINDPOWER,5960,2010,0.934140698
Simplicity2,WINDPOWER,5961,2010,0.938336645
Simplicity2,WINDPOWER,5962,2010,0.938768185
Simplicity2,WINDPOWER,5963,2010,0.938656843
Simplicity2,WINDPOWER,5964,2010,0.937790347
Simplicity2,WINDPOWER,5965,2010,0.938028854
Simplicity2,WINDPOWER,5966,2010,0.938106721
Simplicity2,WINDPOWER,5967,2010,0.938768185
Simplicity2,WINDPOWER,5968,2010,0.938396846
Simplicity2,WINDPOWER,5969,2010,0.938768185
Simplicity2,WINDPOWER,5970,2010,0.938768185
Simplicity2,WINDPOWER,5971,2010,0.938768185
Simplicity2,WINDPOWER,5972,2010,0.938768185
Simplicity2,WINDPOWER,5973,2010,0.938768185
Simplicity2,WINDPOWER,5974,2010,0.938768185
Simplicity2,WINDPOWER,5975,2010,0.938768185
Simplicity2,WINDPOWER,5976,2010,0.938768185
Simplicity2,WINDPOWER,5977,2010,0.938768185
Simplicity2,WINDPOWER,5978,2010,0.938628823
Simplicity2,WINDPOWER,5979,2010,0.931423489
Simplicity2,WINDPOWER,5980,2010,0.887998451
Simplicity2,WINDPOWER,5981,2010,0.785827487
Simplicity2,WINDPOWER,5982,2010,0.814453689
Simplicity2,WINDPOWER,5983,2010,0.786825246
Simplicity2,WINDPOWER,5984,2010,0.717751923
Simplicity2,WINDPOWER,5985,2010,0.619112479
Simplicity2,WINDPOWER,5986,2010,0.505388383
Simplicity2,WINDPOWER,5987,2010,0.305451434
Simplicity2,WINDPOWER,5988,2010,0.295495021
Simplicity2,WINDPOWER,5989,2010,0.282034162
Simplicity2,WINDPOWER,5990,2010,0.275436245
Simplicity2,WINDPOWER,5991,2010,0.286026338
Simplicity2,WINDPOWER,5992,2010,0.296521625
Simplicity2,WINDPOWER,5993,2010,0.214839069
Simplicity2,WINDPOWER,5994,2010,0.224259776
Simplicity2,WINDPOWER,5995,2010,0.394940691
Simplicity2,WINDPOWER,5996,2010,0.416041717
Simplicity2,WINDPOWER,5997,2010,0.453823695
Simplicity2,WINDPOWER,5998,2010,0.738322177
Simplicity2,WINDPOWER,5999,2010,0.240524951
Simplicity2,WINDPOWER,6000,2010,0.187344208
Simplicity2,WINDPOWER,6001,2010,0.183126505
Simplicity2,WINDPOWER,6002,2010,0.141903342
Simplicity2,WINDPOWER,6003,2010,0.095137963
Simplicity2,WINDPOWER,6004,2010,0.050451621
Simplicity2,WINDPOWER,6005,2010,0.012863042
Simplicity2,WINDPOWER,6006,2010,0.023453359
Simplicity2,WINDPOWER,6007,2010,0.040419378
Simplicity2,WINDPOWER,6008,2010,0.026447931
Simplicity2,WINDPOWER,6009,2010,0.022375486
Simplicity2,WINDPOWER,6010,2010,0.011021556
Simplicity2,WINDPOWER,6011,2010,0.015152318
Simplicity2,WINDPOWER,6012,2010,0.028431089
Simplicity2,WINDPOWER,6013,2010,0.030563186
Simplicity2,WINDPOWER,6014,2010,0.011987757
Simplicity2,WINDPOWER,6015,2010,0.009928159
Simplicity2,WINDPOWER,6016,2010,0.010480395
Simplicity2,WINDPOWER,6017,2010,0.011547655
Simplicity2,WINDPOWER,6018,2010,0.009928159
Simplicity2,WINDPOWER,6019,2010,0.009928159
Simplicity2,WINDPOWER,6020,2010,0.009928159
Simplicity2,WINDPOWER,6021,2010,0.009928159
Simplicity2,WINDPOWER,6022,2010,0.009928159
Simplicity2,WINDPOWER,6023,2010,0.039684661
Simplicity2,WINDPOWER,6024,2010,0.176918339
Simplicity2,WINDPOWER,6025,2010,0.331272707
Simplicity2,WINDPOWER,6026,2010,0.278689115
Simplicity2,WINDPOWER,6027,2010,0.186875821
Simplicity2,WINDPOWER,6028,2010,0.137224543
Simplicity2,WINDPOWER,6029,2010,0.091961345
Simplicity2,WINDPOWER,6030,2010,0.098370608
Simplicity2,WINDPOWER,6031,2010,0.100229933
Simplicity2,WINDPOWER,6032,2010,0.076827419
Simplicity2,WINDPOWER,6033,2010,0.10146147
Simplicity2,WINDPOWER,6034,2010,0.297310423
Simplicity2,WINDPOWER,6035,2010,0.348096338
Simplicity2,WINDPOWER,6036,2010,0.418065641
Simplicity2,WINDPOWER,6037,2010,0.520419624
Simplicity2,WINDPOWER,6038,2010,0.565485103
Simplicity2,WINDPOWER,6039,2010,0.601341834
Simplicity2,WINDPOWER,6040,2010,0.553269982
Simplicity2,WINDPOWER,6041,2010,0.544465131
Simplicity2,WINDPOWER,6042,2010,0.832059104
Simplicity2,WINDPOWER,6043,2010,0.895989084
Simplicity2,WINDPOWER,6044,2010,0.859536488
Simplicity2,WINDPOWER,6045,2010,0.763599105
Simplicity2,WINDPOWER,6046,2010,0.740557218
Simplicity2,WINDPOWER,6047,2010,0.726994717
Simplicity2,WINDPOWER,6048,2010,0.849534321
Simplicity2,WINDPOWER,6049,2010,0.729307178
Simplicity2,WINDPOWER,6050,2010,0.381976478
Simplicity2,WINDPOWER,6051,2010,0.244018091
Simplicity2,WINDPOWER,6052,2010,0.279897372
Simplicity2,WINDPOWER,6053,2010,0.287437704
Simplicity2,WINDPOWER,6054,2010,0.179875859
Simplicity2,WINDPOWER,6055,2010,0.130788788
Simplicity2,WINDPOWER,6056,2010,0.135523943
Simplicity2,WINDPOWER,6057,2010,0.115769499
Simplicity2,WINDPOWER,6058,2010,0.087527903
Simplicity2,WINDPOWER,6059,2010,0.095454896
Simplicity2,WINDPOWER,6060,2010,0.073139318
Simplicity2,WINDPOWER,6061,2010,0.028391015
Simplicity2,WINDPOWER,6062,2010,0.014356252
Simplicity2,WINDPOWER,6063,2010,0.012451123
Simplicity2,WINDPOWER,6064,2010,0.016622664
Simplicity2,WINDPOWER,6065,2010,0.023197133
Simplicity2,WINDPOWER,6066,2010,0.010691821
Simplicity2,WINDPOWER,6067,2010,0.043499923
Simplicity2,WINDPOWER,6068,2010,0.064667064
Simplicity2,WINDPOWER,6069,2010,0.034050632
Simplicity2,WINDPOWER,6070,2010,0.050757363
Simplicity2,WINDPOWER,6071,2010,0.009928159
Simplicity2,WINDPOWER,6072,2010,0.053836341
Simplicity2,WINDPOWER,6073,2010,0.08843928
Simplicity2,WINDPOWER,6074,2010,0.050194057
Simplicity2,WINDPOWER,6075,2010,0.047774896
Simplicity2,WINDPOWER,6076,2010,0.061773305
Simplicity2,WINDPOWER,6077,2010,0.077180594
Simplicity2,WINDPOWER,6078,2010,0.109381195
Simplicity2,WINDPOWER,6079,2010,0.179540158
Simplicity2,WINDPOWER,6080,2010,0.211946837
Simplicity2,WINDPOWER,6081,2010,0.178056736
Simplicity2,WINDPOWER,6082,2010,0.201390096
Simplicity2,WINDPOWER,6083,2010,0.260142536
Simplicity2,WINDPOWER,6084,2010,0.596997968
Simplicity2,WINDPOWER,6085,2010,0.642293165
Simplicity2,WINDPOWER,6086,2010,0.595579774
Simplicity2,WINDPOWER,6087,2010,0.639578927
Simplicity2,WINDPOWER,6088,2010,0.745120196
Simplicity2,WINDPOWER,6089,2010,0.707356957
Simplicity2,WINDPOWER,6090,2010,0.887210769
Simplicity2,WINDPOWER,6091,2010,0.902438589
Simplicity2,WINDPOWER,6092,2010,0.902030628
Simplicity2,WINDPOWER,6093,2010,0.912366414
Simplicity2,WINDPOWER,6094,2010,0.92892304
Simplicity2,WINDPOWER,6095,2010,0.938329952
Simplicity2,WINDPOWER,6096,2010,0.937622565
Simplicity2,WINDPOWER,6097,2010,0.938136778
Simplicity2,WINDPOWER,6098,2010,0.926100143
Simplicity2,WINDPOWER,6099,2010,0.86440921
Simplicity2,WINDPOWER,6100,2010,0.740677416
Simplicity2,WINDPOWER,6101,2010,0.772323639
Simplicity2,WINDPOWER,6102,2010,0.807635375
Simplicity2,WINDPOWER,6103,2010,0.788122067
Simplicity2,WINDPOWER,6104,2010,0.759324004
Simplicity2,WINDPOWER,6105,2010,0.785146404
Simplicity2,WINDPOWER,6106,2010,0.82054175
Simplicity2,WINDPOWER,6107,2010,0.739948009
Simplicity2,WINDPOWER,6108,2010,0.830771131
Simplicity2,WINDPOWER,6109,2010,0.859533
Simplicity2,WINDPOWER,6110,2010,0.851031688
Simplicity2,WINDPOWER,6111,2010,0.822835538
Simplicity2,WINDPOWER,6112,2010,0.7793474
Simplicity2,WINDPOWER,6113,2010,0.541657674
Simplicity2,WINDPOWER,6114,2010,0.872794703
Simplicity2,WINDPOWER,6115,2010,0.916373826
Simplicity2,WINDPOWER,6116,2010,0.925968184
Simplicity2,WINDPOWER,6117,2010,0.928939607
Simplicity2,WINDPOWER,6118,2010,0.931395994
Simplicity2,WINDPOWER,6119,2010,0.935607425
Simplicity2,WINDPOWER,6120,2010,0.925801548
Simplicity2,WINDPOWER,6121,2010,0.936382645
Simplicity2,WINDPOWER,6122,2010,0.934185821
Simplicity2,WINDPOWER,6123,2010,0.934158226
Simplicity2,WINDPOWER,6124,2010,0.904668817
Simplicity2,WINDPOWER,6125,2010,0.870036901
Simplicity2,WINDPOWER,6126,2010,0.876746353
Simplicity2,WINDPOWER,6127,2010,0.88209749
Simplicity2,WINDPOWER,6128,2010,0.871894051
Simplicity2,WINDPOWER,6129,2010,0.84207704
Simplicity2,WINDPOWER,6130,2010,0.85627817
Simplicity2,WINDPOWER,6131,2010,0.681003491
Simplicity2,WINDPOWER,6132,2010,0.66952905
Simplicity2,WINDPOWER,6133,2010,0.751721853
Simplicity2,WINDPOWER,6134,2010,0.792477346
Simplicity2,WINDPOWER,6135,2010,0.858129805
Simplicity2,WINDPOWER,6136,2010,0.832038852
Simplicity2,WINDPOWER,6137,2010,0.635209152
Simplicity2,WINDPOWER,6138,2010,0.937789443
Simplicity2,WINDPOWER,6139,2010,0.938768185
Simplicity2,WINDPOWER,6140,2010,0.938768185
Simplicity2,WINDPOWER,6141,2010,0.938768185
Simplicity2,WINDPOWER,6142,2010,0.938768185
Simplicity2,WINDPOWER,6143,2010,0.938768185
Simplicity2,WINDPOWER,6144,2010,0.938768185
Simplicity2,WINDPOWER,6145,2010,0.938768185
Simplicity2,WINDPOWER,6146,2010,0.938768185
Simplicity2,WINDPOWER,6147,2010,0.938741696
Simplicity2,WINDPOWER,6148,2010,0.938768185
Simplicity2,WINDPOWER,6149,2010,0.938768185
Simplicity2,WINDPOWER,6150,2010,0.938768185
Simplicity2,WINDPOWER,6151,2010,0.938678979
Simplicity2,WINDPOWER,6152,2010,0.937077707
Simplicity2,WINDPOWER,6153,2010,0.935959067
Simplicity2,WINDPOWER,6154,2010,0.930706327
Simplicity2,WINDPOWER,6155,2010,0.883041115
Simplicity2,WINDPOWER,6156,2010,0.85922857
Simplicity2,WINDPOWER,6157,2010,0.835089431
Simplicity2,WINDPOWER,6158,2010,0.847795252
Simplicity2,WINDPOWER,6159,2010,0.871639211
Simplicity2,WINDPOWER,6160,2010,0.898249197
Simplicity2,WINDPOWER,6161,2010,0.935198418
Simplicity2,WINDPOWER,6162,2010,0.938746464
Simplicity2,WINDPOWER,6163,2010,0.938768185
Simplicity2,WINDPOWER,6164,2010,0.938768185
Simplicity2,WINDPOWER,6165,2010,0.938768185
Simplicity2,WINDPOWER,6166,2010,0.938768185
Simplicity2,WINDPOWER,6167,2010,0.938768185
Simplicity2,WINDPOWER,6168,2010,0.938768185
Simplicity2,WINDPOWER,6169,2010,0.93875684
Simplicity2,WINDPOWER,6170,2010,0.938768185
Simplicity2,WINDPOWER,6171,2010,0.914147446
Simplicity2,WINDPOWER,6172,2010,0.900971476
Simplicity2,WINDPOWER,6173,2010,0.902139824
Simplicity2,WINDPOWER,6174,2010,0.922705656
Simplicity2,WINDPOWER,6175,2010,0.930801854
Simplicity2,WINDPOWER,6176,2010,0.935446807
Simplicity2,WINDPOWER,6177,2010,0.93509087
Simplicity2,WINDPOWER,6178,2010,0.934665111
Simplicity2,WINDPOWER,6179,2010,0.937486135
Simplicity2,WINDPOWER,6180,2010,0.934189179
Simplicity2,WINDPOWER,6181,2010,0.93681166
Simplicity2,WINDPOWER,6182,2010,0.938667194
Simplicity2,WINDPOWER,6183,2010,0.938768185
Simplicity2,WINDPOWER,6184,2010,0.938768185
Simplicity2,WINDPOWER,6185,2010,0.938768185
Simplicity2,WINDPOWER,6186,2010,0.938768185
Simplicity2,WINDPOWER,6187,2010,0.938768185
Simplicity2,WINDPOWER,6188,2010,0.938768185
Simplicity2,WINDPOWER,6189,2010,0.938768185
Simplicity2,WINDPOWER,6190,2010,0.938768185
Simplicity2,WINDPOWER,6191,2010,0.938768185
Simplicity2,WINDPOWER,6192,2010,0.938768185
Simplicity2,WINDPOWER,6193,2010,0.938768185
Simplicity2,WINDPOWER,6194,2010,0.933521367
Simplicity2,WINDPOWER,6195,2010,0.920908266
Simplicity2,WINDPOWER,6196,2010,0.63290102
Simplicity2,WINDPOWER,6197,2010,0.26473438
Simplicity2,WINDPOWER,6198,2010,0.239088228
Simplicity2,WINDPOWER,6199,2010,0.315135341
Simplicity2,WINDPOWER,6200,2010,0.501370209
Simplicity2,WINDPOWER,6201,2010,0.56822654
Simplicity2,WINDPOWER,6202,2010,0.599661082
Simplicity2,WINDPOWER,6203,2010,0.561450547
Simplicity2,WINDPOWER,6204,2010,0.480498235
Simplicity2,WINDPOWER,6205,2010,0.415904659
Simplicity2,WINDPOWER,6206,2010,0.450828175
Simplicity2,WINDPOWER,6207,2010,0.463348536
Simplicity2,WINDPOWER,6208,2010,0.452723927
Simplicity2,WINDPOWER,6209,2010,0.307438363
Simplicity2,WINDPOWER,6210,2010,0.733468313
Simplicity2,WINDPOWER,6211,2010,0.905106218
Simplicity2,WINDPOWER,6212,2010,0.920371215
Simplicity2,WINDPOWER,6213,2010,0.924260955
Simplicity2,WINDPOWER,6214,2010,0.930465192
Simplicity2,WINDPOWER,6215,2010,0.935568414
Simplicity2,WINDPOWER,6216,2010,0.92770643
Simplicity2,WINDPOWER,6217,2010,0.911991423
Simplicity2,WINDPOWER,6218,2010,0.811680938
Simplicity2,WINDPOWER,6219,2010,0.560133515
Simplicity2,WINDPOWER,6220,2010,0.26870444
Simplicity2,WINDPOWER,6221,2010,0.241729544
Simplicity2,WINDPOWER,6222,2010,0.247088216
Simplicity2,WINDPOWER,6223,2010,0.229412711
Simplicity2,WINDPOWER,6224,2010,0.238868924
Simplicity2,WINDPOWER,6225,2010,0.210179602
Simplicity2,WINDPOWER,6226,2010,0.197287074
Simplicity2,WINDPOWER,6227,2010,0.13440821
Simplicity2,WINDPOWER,6228,2010,0.160502739
Simplicity2,WINDPOWER,6229,2010,0.138691134
Simplicity2,WINDPOWER,6230,2010,0.137176964
Simplicity2,WINDPOWER,6231,2010,0.14832371
Simplicity2,WINDPOWER,6232,2010,0.155601019
Simplicity2,WINDPOWER,6233,2010,0.10697425
Simplicity2,WINDPOWER,6234,2010,0.122848021
Simplicity2,WINDPOWER,6235,2010,0.653557442
Simplicity2,WINDPOWER,6236,2010,0.698059804
Simplicity2,WINDPOWER,6237,2010,0.869395423
Simplicity2,WINDPOWER,6238,2010,0.805928048
Simplicity2,WINDPOWER,6239,2010,0.828918178
Simplicity2,WINDPOWER,6240,2010,0.772274992
Simplicity2,WINDPOWER,6241,2010,0.686375497
Simplicity2,WINDPOWER,6242,2010,0.26153189
Simplicity2,WINDPOWER,6243,2010,0.099860643
Simplicity2,WINDPOWER,6244,2010,0.14228886
Simplicity2,WINDPOWER,6245,2010,0.097634687
Simplicity2,WINDPOWER,6246,2010,0.061820237
Simplicity2,WINDPOWER,6247,2010,0.013192121
Simplicity2,WINDPOWER,6248,2010,0.013339507
Simplicity2,WINDPOWER,6249,2010,0.029323484
Simplicity2,WINDPOWER,6250,2010,0.009928159
Simplicity2,WINDPOWER,6251,2010,0.009928159
Simplicity2,WINDPOWER,6252,2010,0.009928159
Simplicity2,WINDPOWER,6253,2010,0.010464735
Simplicity2,WINDPOWER,6254,2010,0.009928159
Simplicity2,WINDPOWER,6255,2010,0.009928159
Simplicity2,WINDPOWER,6256,2010,0.014216839
Simplicity2,WINDPOWER,6257,2010,0.013007046
Simplicity2,WINDPOWER,6258,2010,0.038401876
Simplicity2,WINDPOWER,6259,2010,0.066714564
Simplicity2,WINDPOWER,6260,2010,0.206569011
Simplicity2,WINDPOWER,6261,2010,0.130855138
Simplicity2,WINDPOWER,6262,2010,0.148505581
Simplicity2,WINDPOWER,6263,2010,0.298880334
Simplicity2,WINDPOWER,6264,2010,0.645989754
Simplicity2,WINDPOWER,6265,2010,0.890998853
Simplicity2,WINDPOWER,6266,2010,0.897335407
Simplicity2,WINDPOWER,6267,2010,0.754485987
Simplicity2,WINDPOWER,6268,2010,0.626284944
Simplicity2,WINDPOWER,6269,2010,0.561682835
Simplicity2,WINDPOWER,6270,2010,0.597389808
Simplicity2,WINDPOWER,6271,2010,0.468434428
Simplicity2,WINDPOWER,6272,2010,0.320897483
Simplicity2,WINDPOWER,6273,2010,0.345552412
Simplicity2,WINDPOWER,6274,2010,0.248586195
Simplicity2,WINDPOWER,6275,2010,0.219212818
Simplicity2,WINDPOWER,6276,2010,0.251920074
Simplicity2,WINDPOWER,6277,2010,0.324534178
Simplicity2,WINDPOWER,6278,2010,0.344807716
Simplicity2,WINDPOWER,6279,2010,0.432720713
Simplicity2,WINDPOWER,6280,2010,0.577606508
Simplicity2,WINDPOWER,6281,2010,0.722291438
Simplicity2,WINDPOWER,6282,2010,0.720903073
Simplicity2,WINDPOWER,6283,2010,0.874696456
Simplicity2,WINDPOWER,6284,2010,0.938198831
Simplicity2,WINDPOWER,6285,2010,0.938087722
Simplicity2,WINDPOWER,6286,2010,0.938768185
Simplicity2,WINDPOWER,6287,2010,0.929107981
Simplicity2,WINDPOWER,6288,2010,0.882209193
Simplicity2,WINDPOWER,6289,2010,0.906416155
Simplicity2,WINDPOWER,6290,2010,0.761666011
Simplicity2,WINDPOWER,6291,2010,0.884192586
Simplicity2,WINDPOWER,6292,2010,0.897643791
Simplicity2,WINDPOWER,6293,2010,0.882536205
Simplicity2,WINDPOWER,6294,2010,0.895771518
Simplicity2,WINDPOWER,6295,2010,0.914122046
Simplicity2,WINDPOWER,6296,2010,0.927609099
Simplicity2,WINDPOWER,6297,2010,0.923326738
Simplicity2,WINDPOWER,6298,2010,0.912024521
Simplicity2,WINDPOWER,6299,2010,0.831088362
Simplicity2,WINDPOWER,6300,2010,0.796253658
Simplicity2,WINDPOWER,6301,2010,0.798679009
Simplicity2,WINDPOWER,6302,2010,0.846553084
Simplicity2,WINDPOWER,6303,2010,0.874119902
Simplicity2,WINDPOWER,6304,2010,0.912826167
Simplicity2,WINDPOWER,6305,2010,0.938385081
Simplicity2,WINDPOWER,6306,2010,0.938768185
Simplicity2,WINDPOWER,6307,2010,0.938768185
Simplicity2,WINDPOWER,6308,2010,0.938768185
Simplicity2,WINDPOWER,6309,2010,0.938768185
Simplicity2,WINDPOWER,6310,2010,0.938768185
Simplicity2,WINDPOWER,6311,2010,0.938768185
Simplicity2,WINDPOWER,6312,2010,0.938768185
Simplicity2,WINDPOWER,6313,2010,0.93859552
Simplicity2,WINDPOWER,6314,2010,0.938768185
Simplicity2,WINDPOWER,6315,2010,0.938768185
Simplicity2,WINDPOWER,6316,2010,0.938768185
Simplicity2,WINDPOWER,6317,2010,0.938768185
Simplicity2,WINDPOWER,6318,2010,0.938768185
Simplicity2,WINDPOWER,6319,2010,0.938768185
Simplicity2,WINDPOWER,6320,2010,0.938768185
Simplicity2,WINDPOWER,6321,2010,0.938768185
Simplicity2,WINDPOWER,6322,2010,0.938768185
Simplicity2,WINDPOWER,6323,2010,0.938768185
Simplicity2,WINDPOWER,6324,2010,0.938768185
Simplicity2,WINDPOWER,6325,2010,0.938768185
Simplicity2,WINDPOWER,6326,2010,0.938768185
Simplicity2,WINDPOWER,6327,2010,0.938768185
Simplicity2,WINDPOWER,6328,2010,0.938768185
Simplicity2,WINDPOWER,6329,2010,0.938768185
Simplicity2,WINDPOWER,6330,2010,0.938768185
Simplicity2,WINDPOWER,6331,2010,0.938768185
Simplicity2,WINDPOWER,6332,2010,0.938768185
Simplicity2,WINDPOWER,6333,2010,0.938768185
Simplicity2,WINDPOWER,6334,2010,0.938768185
Simplicity2,WINDPOWER,6335,2010,0.938768185
Simplicity2,WINDPOWER,6336,2010,0.933467957
Simplicity2,WINDPOWER,6337,2010,0.8847014
Simplicity2,WINDPOWER,6338,2010,0.929783048
Simplicity2,WINDPOWER,6339,2010,0.926674326
Simplicity2,WINDPOWER,6340,2010,0.93330308
Simplicity2,WINDPOWER,6341,2010,0.938378711
Simplicity2,WINDPOWER,6342,2010,0.938743728
Simplicity2,WINDPOWER,6343,2010,0.938768185
Simplicity2,WINDPOWER,6344,2010,0.938768185
Simplicity2,WINDPOWER,6345,2010,0.938768185
Simplicity2,WINDPOWER,6346,2010,0.938768185
Simplicity2,WINDPOWER,6347,2010,0.938702822
Simplicity2,WINDPOWER,6348,2010,0.938599806
Simplicity2,WINDPOWER,6349,2010,0.937467837
Simplicity2,WINDPOWER,6350,2010,0.936073269
Simplicity2,WINDPOWER,6351,2010,0.938340153
Simplicity2,WINDPOWER,6352,2010,0.938768185
Simplicity2,WINDPOWER,6353,2010,0.938768185
Simplicity2,WINDPOWER,6354,2010,0.938768185
Simplicity2,WINDPOWER,6355,2010,0.938768185
Simplicity2,WINDPOWER,6356,2010,0.938768185
Simplicity2,WINDPOWER,6357,2010,0.938768185
Simplicity2,WINDPOWER,6358,2010,0.938768185
Simplicity2,WINDPOWER,6359,2010,0.938768185
Simplicity2,WINDPOWER,6360,2010,0.938768185
Simplicity2,WINDPOWER,6361,2010,0.938768185
Simplicity2,WINDPOWER,6362,2010,0.938768185
Simplicity2,WINDPOWER,6363,2010,0.938768185
Simplicity2,WINDPOWER,6364,2010,0.938768185
Simplicity2,WINDPOWER,6365,2010,0.938768185
Simplicity2,WINDPOWER,6366,2010,0.938367438
Simplicity2,WINDPOWER,6367,2010,0.935313305
Simplicity2,WINDPOWER,6368,2010,0.930197097
Simplicity2,WINDPOWER,6369,2010,0.930954421
Simplicity2,WINDPOWER,6370,2010,0.927707573
Simplicity2,WINDPOWER,6371,2010,0.856360986
Simplicity2,WINDPOWER,6372,2010,0.856927555
Simplicity2,WINDPOWER,6373,2010,0.81812666
Simplicity2,WINDPOWER,6374,2010,0.655209512
Simplicity2,WINDPOWER,6375,2010,0.672636465
Simplicity2,WINDPOWER,6376,2010,0.686602712
Simplicity2,WINDPOWER,6377,2010,0.391533732
Simplicity2,WINDPOWER,6378,2010,0.739721615
Simplicity2,WINDPOWER,6379,2010,0.756033584
Simplicity2,WINDPOWER,6380,2010,0.832419427
Simplicity2,WINDPOWER,6381,2010,0.895916213
Simplicity2,WINDPOWER,6382,2010,0.934514678
Simplicity2,WINDPOWER,6383,2010,0.919550959
Simplicity2,WINDPOWER,6384,2010,0.910912511
Simplicity2,WINDPOWER,6385,2010,0.872150892
Simplicity2,WINDPOWER,6386,2010,0.922748916
Simplicity2,WINDPOWER,6387,2010,0.938188142
Simplicity2,WINDPOWER,6388,2010,0.938768185
Simplicity2,WINDPOWER,6389,2010,0.938768185
Simplicity2,WINDPOWER,6390,2010,0.938768185
Simplicity2,WINDPOWER,6391,2010,0.938768185
Simplicity2,WINDPOWER,6392,2010,0.938768185
Simplicity2,WINDPOWER,6393,2010,0.938768185
Simplicity2,WINDPOWER,6394,2010,0.938768185
Simplicity2,WINDPOWER,6395,2010,0.938768185
Simplicity2,WINDPOWER,6396,2010,0.938768185
Simplicity2,WINDPOWER,6397,2010,0.938768185
Simplicity2,WINDPOWER,6398,2010,0.938768185
Simplicity2,WINDPOWER,6399,2010,0.938768185
Simplicity2,WINDPOWER,6400,2010,0.938768185
Simplicity2,WINDPOWER,6401,2010,0.938768185
Simplicity2,WINDPOWER,6402,2010,0.938768185
Simplicity2,WINDPOWER,6403,2010,0.938768185
Simplicity2,WINDPOWER,6404,2010,0.938768185
Simplicity2,WINDPOWER,6405,2010,0.938768185
Simplicity2,WINDPOWER,6406,2010,0.938768185
Simplicity2,WINDPOWER,6407,2010,0.938768185
Simplicity2,WINDPOWER,6408,2010,0.938768185
Simplicity2,WINDPOWER,6409,2010,0.938768185
Simplicity2,WINDPOWER,6410,2010,0.938768185
Simplicity2,WINDPOWER,6411,2010,0.938753294
Simplicity2,WINDPOWER,6412,2010,0.93873097
Simplicity2,WINDPOWER,6413,2010,0.938768185
Simplicity2,WINDPOWER,6414,2010,0.938768185
Simplicity2,WINDPOWER,6415,2010,0.938747938
Simplicity2,WINDPOWER,6416,2010,0.938602598
Simplicity2,WINDPOWER,6417,2010,0.937706422
Simplicity2,WINDPOWER,6418,2010,0.913929651
Simplicity2,WINDPOWER,6419,2010,0.766400878
Simplicity2,WINDPOWER,6420,2010,0.670873199
Simplicity2,WINDPOWER,6421,2010,0.590962875
Simplicity2,WINDPOWER,6422,2010,0.503679241
Simplicity2,WINDPOWER,6423,2010,0.529749759
Simplicity2,WINDPOWER,6424,2010,0.574052411
Simplicity2,WINDPOWER,6425,2010,0.307029081
Simplicity2,WINDPOWER,6426,2010,0.285798054
Simplicity2,WINDPOWER,6427,2010,0.379168651
Simplicity2,WINDPOWER,6428,2010,0.848634588
Simplicity2,WINDPOWER,6429,2010,0.924753704
Simplicity2,WINDPOWER,6430,2010,0.92723526
Simplicity2,WINDPOWER,6431,2010,0.847145218
Simplicity2,WINDPOWER,6432,2010,0.762608414
Simplicity2,WINDPOWER,6433,2010,0.473216226
Simplicity2,WINDPOWER,6434,2010,0.437286943
Simplicity2,WINDPOWER,6435,2010,0.397071183
Simplicity2,WINDPOWER,6436,2010,0.297161761
Simplicity2,WINDPOWER,6437,2010,0.209919047
Simplicity2,WINDPOWER,6438,2010,0.202796773
Simplicity2,WINDPOWER,6439,2010,0.191911578
Simplicity2,WINDPOWER,6440,2010,0.133836222
Simplicity2,WINDPOWER,6441,2010,0.088657517
Simplicity2,WINDPOWER,6442,2010,0.064318955
Simplicity2,WINDPOWER,6443,2010,0.061158973
Simplicity2,WINDPOWER,6444,2010,0.059959706
Simplicity2,WINDPOWER,6445,2010,0.055541554
Simplicity2,WINDPOWER,6446,2010,0.049502983
Simplicity2,WINDPOWER,6447,2010,0.064308691
Simplicity2,WINDPOWER,6448,2010,0.134125061
Simplicity2,WINDPOWER,6449,2010,0.226690202
Simplicity2,WINDPOWER,6450,2010,0.326669243
Simplicity2,WINDPOWER,6451,2010,0.576170818
Simplicity2,WINDPOWER,6452,2010,0.808637411
Simplicity2,WINDPOWER,6453,2010,0.93395132
Simplicity2,WINDPOWER,6454,2010,0.842154898
Simplicity2,WINDPOWER,6455,2010,0.67098244
Simplicity2,WINDPOWER,6456,2010,0.633176833
Simplicity2,WINDPOWER,6457,2010,0.15760977
Simplicity2,WINDPOWER,6458,2010,0.031129117
Simplicity2,WINDPOWER,6459,2010,0.054915327
Simplicity2,WINDPOWER,6460,2010,0.048919417
Simplicity2,WINDPOWER,6461,2010,0.010149301
Simplicity2,WINDPOWER,6462,2010,0.011741005
Simplicity2,WINDPOWER,6463,2010,0.035289523
Simplicity2,WINDPOWER,6464,2010,0.057602691
Simplicity2,WINDPOWER,6465,2010,0.038752898
Simplicity2,WINDPOWER,6466,2010,0.045551568
Simplicity2,WINDPOWER,6467,2010,0.12467126
Simplicity2,WINDPOWER,6468,2010,0.081792024
Simplicity2,WINDPOWER,6469,2010,0.01083036
Simplicity2,WINDPOWER,6470,2010,0.021532131
Simplicity2,WINDPOWER,6471,2010,0.119350566
Simplicity2,WINDPOWER,6472,2010,0.009994308
Simplicity2,WINDPOWER,6473,2010,0.011313313
Simplicity2,WINDPOWER,6474,2010,0.153216038
Simplicity2,WINDPOWER,6475,2010,0.394809103
Simplicity2,WINDPOWER,6476,2010,0.744611202
Simplicity2,WINDPOWER,6477,2010,0.779995241
Simplicity2,WINDPOWER,6478,2010,0.780742153
Simplicity2,WINDPOWER,6479,2010,0.424004451
Simplicity2,WINDPOWER,6480,2010,0.388026885
Simplicity2,WINDPOWER,6481,2010,0.378822927
Simplicity2,WINDPOWER,6482,2010,0.211148507
Simplicity2,WINDPOWER,6483,2010,0.151392355
Simplicity2,WINDPOWER,6484,2010,0.293100092
Simplicity2,WINDPOWER,6485,2010,0.366148515
Simplicity2,WINDPOWER,6486,2010,0.288725141
Simplicity2,WINDPOWER,6487,2010,0.366528454
Simplicity2,WINDPOWER,6488,2010,0.392274068
Simplicity2,WINDPOWER,6489,2010,0.513778419
Simplicity2,WINDPOWER,6490,2010,0.620488496
Simplicity2,WINDPOWER,6491,2010,0.798866776
Simplicity2,WINDPOWER,6492,2010,0.849497378
Simplicity2,WINDPOWER,6493,2010,0.863712185
Simplicity2,WINDPOWER,6494,2010,0.858018474
Simplicity2,WINDPOWER,6495,2010,0.851665359
Simplicity2,WINDPOWER,6496,2010,0.899203759
Simplicity2,WINDPOWER,6497,2010,0.858459486
Simplicity2,WINDPOWER,6498,2010,0.938768185
Simplicity2,WINDPOWER,6499,2010,0.938768185
Simplicity2,WINDPOWER,6500,2010,0.938768185
Simplicity2,WINDPOWER,6501,2010,0.938768185
Simplicity2,WINDPOWER,6502,2010,0.938750181
Simplicity2,WINDPOWER,6503,2010,0.931765257
Simplicity2,WINDPOWER,6504,2010,0.92445771
Simplicity2,WINDPOWER,6505,2010,0.909062634
Simplicity2,WINDPOWER,6506,2010,0.810789383
Simplicity2,WINDPOWER,6507,2010,0.854230424
Simplicity2,WINDPOWER,6508,2010,0.817734155
Simplicity2,WINDPOWER,6509,2010,0.761151112
Simplicity2,WINDPOWER,6510,2010,0.757038582
Simplicity2,WINDPOWER,6511,2010,0.792135668
Simplicity2,WINDPOWER,6512,2010,0.778039435
Simplicity2,WINDPOWER,6513,2010,0.737801551
Simplicity2,WINDPOWER,6514,2010,0.638633675
Simplicity2,WINDPOWER,6515,2010,0.503414834
Simplicity2,WINDPOWER,6516,2010,0.429558407
Simplicity2,WINDPOWER,6517,2010,0.403759801
Simplicity2,WINDPOWER,6518,2010,0.482299632
Simplicity2,WINDPOWER,6519,2010,0.602190462
Simplicity2,WINDPOWER,6520,2010,0.67901514
Simplicity2,WINDPOWER,6521,2010,0.736731311
Simplicity2,WINDPOWER,6522,2010,0.936274389
Simplicity2,WINDPOWER,6523,2010,0.938768185
Simplicity2,WINDPOWER,6524,2010,0.938768185
Simplicity2,WINDPOWER,6525,2010,0.938768185
Simplicity2,WINDPOWER,6526,2010,0.938768185
Simplicity2,WINDPOWER,6527,2010,0.938768185
Simplicity2,WINDPOWER,6528,2010,0.936370126
Simplicity2,WINDPOWER,6529,2010,0.865402965
Simplicity2,WINDPOWER,6530,2010,0.616451671
Simplicity2,WINDPOWER,6531,2010,0.51215396
Simplicity2,WINDPOWER,6532,2010,0.37041953
Simplicity2,WINDPOWER,6533,2010,0.232074561
Simplicity2,WINDPOWER,6534,2010,0.234645377
Simplicity2,WINDPOWER,6535,2010,0.158543785
Simplicity2,WINDPOWER,6536,2010,0.179057859
Simplicity2,WINDPOWER,6537,2010,0.249451356
Simplicity2,WINDPOWER,6538,2010,0.337215552
Simplicity2,WINDPOWER,6539,2010,0.125792256
Simplicity2,WINDPOWER,6540,2010,0.122549433
Simplicity2,WINDPOWER,6541,2010,0.453779303
Simplicity2,WINDPOWER,6542,2010,0.898295232
Simplicity2,WINDPOWER,6543,2010,0.938768185
Simplicity2,WINDPOWER,6544,2010,0.938768185
Simplicity2,WINDPOWER,6545,2010,0.938768185
Simplicity2,WINDPOWER,6546,2010,0.938768185
Simplicity2,WINDPOWER,6547,2010,0.938768185
Simplicity2,WINDPOWER,6548,2010,0.938768185
Simplicity2,WINDPOWER,6549,2010,0.938768185
Simplicity2,WINDPOWER,6550,2010,0.938768185
Simplicity2,WINDPOWER,6551,2010,0.938768185
Simplicity2,WINDPOWER,6552,2010,0.938768185
Simplicity2,WINDPOWER,6553,2010,0.938768185
Simplicity2,WINDPOWER,6554,2010,0.938768185
Simplicity2,WINDPOWER,6555,2010,0.938768185
Simplicity2,WINDPOWER,6556,2010,0.938768185
Simplicity2,WINDPOWER,6557,2010,0.938768185
Simplicity2,WINDPOWER,6558,2010,0.938768185
Simplicity2,WINDPOWER,6559,2010,0.938768185
Simplicity2,WINDPOWER,6560,2010,0.938768185
Simplicity2,WINDPOWER,6561,2010,0.938768185
Simplicity2,WINDPOWER,6562,2010,0.938768185
Simplicity2,WINDPOWER,6563,2010,0.938768185
Simplicity2,WINDPOWER,6564,2010,0.938732915
Simplicity2,WINDPOWER,6565,2010,0.938758027
Simplicity2,WINDPOWER,6566,2010,0.938768185
Simplicity2,WINDPOWER,6567,2010,0.938752518
Simplicity2,WINDPOWER,6568,2010,0.938671503
Simplicity2,WINDPOWER,6569,2010,0.938768185
Simplicity2,WINDPOWER,6570,2010,0.938768185
Simplicity2,WINDPOWER,6571,2010,0.938768185
Simplicity2,WINDPOWER,6572,2010,0.938768185
Simplicity2,WINDPOWER,6573,2010,0.938768185
Simplicity2,WINDPOWER,6574,2010,0.938768185
Simplicity2,WINDPOWER,6575,2010,0.938768185
Simplicity2,WINDPOWER,6576,2010,0.938768185
Simplicity2,WINDPOWER,6577,2010,0.938768185
Simplicity2,WINDPOWER,6578,2010,0.933665431
Simplicity2,WINDPOWER,6579,2010,0.895975448
Simplicity2,WINDPOWER,6580,2010,0.85368704
Simplicity2,WINDPOWER,6581,2010,0.841250233
Simplicity2,WINDPOWER,6582,2010,0.825150157
Simplicity2,WINDPOWER,6583,2010,0.746798353
Simplicity2,WINDPOWER,6584,2010,0.597272436
Simplicity2,WINDPOWER,6585,2010,0.650374903
Simplicity2,WINDPOWER,6586,2010,0.816034028
Simplicity2,WINDPOWER,6587,2010,0.921434671
Simplicity2,WINDPOWER,6588,2010,0.938768185
Simplicity2,WINDPOWER,6589,2010,0.938768185
Simplicity2,WINDPOWER,6590,2010,0.938768185
Simplicity2,WINDPOWER,6591,2010,0.938768185
Simplicity2,WINDPOWER,6592,2010,0.938768185
Simplicity2,WINDPOWER,6593,2010,0.938768185
Simplicity2,WINDPOWER,6594,2010,0.938768185
Simplicity2,WINDPOWER,6595,2010,0.937941476
Simplicity2,WINDPOWER,6596,2010,0.936191796
Simplicity2,WINDPOWER,6597,2010,0.938768185
Simplicity2,WINDPOWER,6598,2010,0.938768185
Simplicity2,WINDPOWER,6599,2010,0.938768185
Simplicity2,WINDPOWER,6600,2010,0.938768185
Simplicity2,WINDPOWER,6601,2010,0.937066858
Simplicity2,WINDPOWER,6602,2010,0.841478841
Simplicity2,WINDPOWER,6603,2010,0.70557583
Simplicity2,WINDPOWER,6604,2010,0.688175472
Simplicity2,WINDPOWER,6605,2010,0.764626637
Simplicity2,WINDPOWER,6606,2010,0.874566877
Simplicity2,WINDPOWER,6607,2010,0.902556523
Simplicity2,WINDPOWER,6608,2010,0.901987868
Simplicity2,WINDPOWER,6609,2010,0.902673931
Simplicity2,WINDPOWER,6610,2010,0.930172708
Simplicity2,WINDPOWER,6611,2010,0.938680903
Simplicity2,WINDPOWER,6612,2010,0.938768185
Simplicity2,WINDPOWER,6613,2010,0.938768185
Simplicity2,WINDPOWER,6614,2010,0.938768185
Simplicity2,WINDPOWER,6615,2010,0.938768185
Simplicity2,WINDPOWER,6616,2010,0.938768185
Simplicity2,WINDPOWER,6617,2010,0.938768185
Simplicity2,WINDPOWER,6618,2010,0.938768185
Simplicity2,WINDPOWER,6619,2010,0.938768185
Simplicity2,WINDPOWER,6620,2010,0.938768185
Simplicity2,WINDPOWER,6621,2010,0.938768185
Simplicity2,WINDPOWER,6622,2010,0.938768185
Simplicity2,WINDPOWER,6623,2010,0.938768185
Simplicity2,WINDPOWER,6624,2010,0.938768185
Simplicity2,WINDPOWER,6625,2010,0.938768185
Simplicity2,WINDPOWER,6626,2010,0.938768185
Simplicity2,WINDPOWER,6627,2010,0.934842508
Simplicity2,WINDPOWER,6628,2010,0.921956836
Simplicity2,WINDPOWER,6629,2010,0.901471386
Simplicity2,WINDPOWER,6630,2010,0.885678682
Simplicity2,WINDPOWER,6631,2010,0.879035443
Simplicity2,WINDPOWER,6632,2010,0.865020422
Simplicity2,WINDPOWER,6633,2010,0.850924402
Simplicity2,WINDPOWER,6634,2010,0.797513231
Simplicity2,WINDPOWER,6635,2010,0.811534659
Simplicity2,WINDPOWER,6636,2010,0.801365329
Simplicity2,WINDPOWER,6637,2010,0.840506828
Simplicity2,WINDPOWER,6638,2010,0.793936759
Simplicity2,WINDPOWER,6639,2010,0.678034078
Simplicity2,WINDPOWER,6640,2010,0.538846757
Simplicity2,WINDPOWER,6641,2010,0.316414582
Simplicity2,WINDPOWER,6642,2010,0.336247881
Simplicity2,WINDPOWER,6643,2010,0.363473376
Simplicity2,WINDPOWER,6644,2010,0.201573277
Simplicity2,WINDPOWER,6645,2010,0.131868254
Simplicity2,WINDPOWER,6646,2010,0.029422851
Simplicity2,WINDPOWER,6647,2010,0.013182846
Simplicity2,WINDPOWER,6648,2010,0.010115595
Simplicity2,WINDPOWER,6649,2010,0.009928159
Simplicity2,WINDPOWER,6650,2010,0.009928159
Simplicity2,WINDPOWER,6651,2010,0.009928159
Simplicity2,WINDPOWER,6652,2010,0.013063665
Simplicity2,WINDPOWER,6653,2010,0.092676998
Simplicity2,WINDPOWER,6654,2010,0.178538714
Simplicity2,WINDPOWER,6655,2010,0.254414135
Simplicity2,WINDPOWER,6656,2010,0.328738163
Simplicity2,WINDPOWER,6657,2010,0.422279929
Simplicity2,WINDPOWER,6658,2010,0.515959953
Simplicity2,WINDPOWER,6659,2010,0.524196206
Simplicity2,WINDPOWER,6660,2010,0.615903769
Simplicity2,WINDPOWER,6661,2010,0.696712686
Simplicity2,WINDPOWER,6662,2010,0.740850422
Simplicity2,WINDPOWER,6663,2010,0.894098954
Simplicity2,WINDPOWER,6664,2010,0.938697105
Simplicity2,WINDPOWER,6665,2010,0.938768185
Simplicity2,WINDPOWER,6666,2010,0.938768185
Simplicity2,WINDPOWER,6667,2010,0.927009731
Simplicity2,WINDPOWER,6668,2010,0.938606371
Simplicity2,WINDPOWER,6669,2010,0.901985743
Simplicity2,WINDPOWER,6670,2010,0.908379171
Simplicity2,WINDPOWER,6671,2010,0.678378189
Simplicity2,WINDPOWER,6672,2010,0.657445807
Simplicity2,WINDPOWER,6673,2010,0.57481914
Simplicity2,WINDPOWER,6674,2010,0.522181766
Simplicity2,WINDPOWER,6675,2010,0.381243599
Simplicity2,WINDPOWER,6676,2010,0.359467344
Simplicity2,WINDPOWER,6677,2010,0.370370514
Simplicity2,WINDPOWER,6678,2010,0.314023111
Simplicity2,WINDPOWER,6679,2010,0.204771918
Simplicity2,WINDPOWER,6680,2010,0.107714014
Simplicity2,WINDPOWER,6681,2010,0.036865942
Simplicity2,WINDPOWER,6682,2010,0.0121779
Simplicity2,WINDPOWER,6683,2010,0.012557243
Simplicity2,WINDPOWER,6684,2010,0.009928159
Simplicity2,WINDPOWER,6685,2010,0.009928159
Simplicity2,WINDPOWER,6686,2010,0.009928159
Simplicity2,WINDPOWER,6687,2010,0.009928159
Simplicity2,WINDPOWER,6688,2010,0.009928159
Simplicity2,WINDPOWER,6689,2010,0.009928159
Simplicity2,WINDPOWER,6690,2010,0.02445931
Simplicity2,WINDPOWER,6691,2010,0.113055399
Simplicity2,WINDPOWER,6692,2010,0.435090348
Simplicity2,WINDPOWER,6693,2010,0.600387305
Simplicity2,WINDPOWER,6694,2010,0.726035532
Simplicity2,WINDPOWER,6695,2010,0.83824655
Simplicity2,WINDPOWER,6696,2010,0.730103894
Simplicity2,WINDPOWER,6697,2010,0.544810057
Simplicity2,WINDPOWER,6698,2010,0.538114021
Simplicity2,WINDPOWER,6699,2010,0.675116486
Simplicity2,WINDPOWER,6700,2010,0.784857025
Simplicity2,WINDPOWER,6701,2010,0.838328619
Simplicity2,WINDPOWER,6702,2010,0.855381388
Simplicity2,WINDPOWER,6703,2010,0.870567797
Simplicity2,WINDPOWER,6704,2010,0.889933598
Simplicity2,WINDPOWER,6705,2010,0.914605417
Simplicity2,WINDPOWER,6706,2010,0.924832931
Simplicity2,WINDPOWER,6707,2010,0.92841398
Simplicity2,WINDPOWER,6708,2010,0.937953679
Simplicity2,WINDPOWER,6709,2010,0.938681411
Simplicity2,WINDPOWER,6710,2010,0.938753089
Simplicity2,WINDPOWER,6711,2010,0.938768185
Simplicity2,WINDPOWER,6712,2010,0.938768185
Simplicity2,WINDPOWER,6713,2010,0.938768185
Simplicity2,WINDPOWER,6714,2010,0.938768185
Simplicity2,WINDPOWER,6715,2010,0.938768185
Simplicity2,WINDPOWER,6716,2010,0.938768185
Simplicity2,WINDPOWER,6717,2010,0.938768185
Simplicity2,WINDPOWER,6718,2010,0.938768185
Simplicity2,WINDPOWER,6719,2010,0.938768185
Simplicity2,WINDPOWER,6720,2010,0.938768185
Simplicity2,WINDPOWER,6721,2010,0.938768185
Simplicity2,WINDPOWER,6722,2010,0.938768185
Simplicity2,WINDPOWER,6723,2010,0.938768185
Simplicity2,WINDPOWER,6724,2010,0.938768185
Simplicity2,WINDPOWER,6725,2010,0.938768185
Simplicity2,WINDPOWER,6726,2010,0.938768185
Simplicity2,WINDPOWER,6727,2010,0.938768185
Simplicity2,WINDPOWER,6728,2010,0.938659894
Simplicity2,WINDPOWER,6729,2010,0.938068799
Simplicity2,WINDPOWER,6730,2010,0.935202259
Simplicity2,WINDPOWER,6731,2010,0.913711579
Simplicity2,WINDPOWER,6732,2010,0.910374056
Simplicity2,WINDPOWER,6733,2010,0.915923855
Simplicity2,WINDPOWER,6734,2010,0.928174046
Simplicity2,WINDPOWER,6735,2010,0.936866555
Simplicity2,WINDPOWER,6736,2010,0.938599201
Simplicity2,WINDPOWER,6737,2010,0.938600418
Simplicity2,WINDPOWER,6738,2010,0.935329702
Simplicity2,WINDPOWER,6739,2010,0.938768185
Simplicity2,WINDPOWER,6740,2010,0.938768185
Simplicity2,WINDPOWER,6741,2010,0.938768185
Simplicity2,WINDPOWER,6742,2010,0.938768185
Simplicity2,WINDPOWER,6743,2010,0.938768185
Simplicity2,WINDPOWER,6744,2010,0.938768185
Simplicity2,WINDPOWER,6745,2010,0.938768185
Simplicity2,WINDPOWER,6746,2010,0.938768185
Simplicity2,WINDPOWER,6747,2010,0.938768185
Simplicity2,WINDPOWER,6748,2010,0.938768185
Simplicity2,WINDPOWER,6749,2010,0.938768185
Simplicity2,WINDPOWER,6750,2010,0.938768185
Simplicity2,WINDPOWER,6751,2010,0.938768185
Simplicity2,WINDPOWER,6752,2010,0.938768185
Simplicity2,WINDPOWER,6753,2010,0.938768185
Simplicity2,WINDPOWER,6754,2010,0.938768185
Simplicity2,WINDPOWER,6755,2010,0.938768185
Simplicity2,WINDPOWER,6756,2010,0.938768185
Simplicity2,WINDPOWER,6757,2010,0.938768185
Simplicity2,WINDPOWER,6758,2010,0.938768185
Simplicity2,WINDPOWER,6759,2010,0.938768185
Simplicity2,WINDPOWER,6760,2010,0.938768185
Simplicity2,WINDPOWER,6761,2010,0.938768185
Simplicity2,WINDPOWER,6762,2010,0.938768185
Simplicity2,WINDPOWER,6763,2010,0.938768185
Simplicity2,WINDPOWER,6764,2010,0.938768185
Simplicity2,WINDPOWER,6765,2010,0.938768185
Simplicity2,WINDPOWER,6766,2010,0.938768185
Simplicity2,WINDPOWER,6767,2010,0.935962647
Simplicity2,WINDPOWER,6768,2010,0.926282085
Simplicity2,WINDPOWER,6769,2010,0.924960512
Simplicity2,WINDPOWER,6770,2010,0.89163106
Simplicity2,WINDPOWER,6771,2010,0.845847805
Simplicity2,WINDPOWER,6772,2010,0.698939194
Simplicity2,WINDPOWER,6773,2010,0.622786071
Simplicity2,WINDPOWER,6774,2010,0.569583175
Simplicity2,WINDPOWER,6775,2010,0.600961001
Simplicity2,WINDPOWER,6776,2010,0.732133789
Simplicity2,WINDPOWER,6777,2010,0.690544243
Simplicity2,WINDPOWER,6778,2010,0.708210712
Simplicity2,WINDPOWER,6779,2010,0.751954209
Simplicity2,WINDPOWER,6780,2010,0.788030976
Simplicity2,WINDPOWER,6781,2010,0.82250232
Simplicity2,WINDPOWER,6782,2010,0.866027683
Simplicity2,WINDPOWER,6783,2010,0.882661508
Simplicity2,WINDPOWER,6784,2010,0.856837578
Simplicity2,WINDPOWER,6785,2010,0.747206931
Simplicity2,WINDPOWER,6786,2010,0.932614817
Simplicity2,WINDPOWER,6787,2010,0.938768185
Simplicity2,WINDPOWER,6788,2010,0.938628565
Simplicity2,WINDPOWER,6789,2010,0.930897362
Simplicity2,WINDPOWER,6790,2010,0.926567422
Simplicity2,WINDPOWER,6791,2010,0.867609389
Simplicity2,WINDPOWER,6792,2010,0.778319803
Simplicity2,WINDPOWER,6793,2010,0.730533718
Simplicity2,WINDPOWER,6794,2010,0.794134961
Simplicity2,WINDPOWER,6795,2010,0.573848609
Simplicity2,WINDPOWER,6796,2010,0.357623108
Simplicity2,WINDPOWER,6797,2010,0.359796142
Simplicity2,WINDPOWER,6798,2010,0.365376407
Simplicity2,WINDPOWER,6799,2010,0.304227058
Simplicity2,WINDPOWER,6800,2010,0.272412972
Simplicity2,WINDPOWER,6801,2010,0.259104834
Simplicity2,WINDPOWER,6802,2010,0.263387896
Simplicity2,WINDPOWER,6803,2010,0.256833952
Simplicity2,WINDPOWER,6804,2010,0.248850948
Simplicity2,WINDPOWER,6805,2010,0.216305138
Simplicity2,WINDPOWER,6806,2010,0.246520604
Simplicity2,WINDPOWER,6807,2010,0.260245999
Simplicity2,WINDPOWER,6808,2010,0.239461953
Simplicity2,WINDPOWER,6809,2010,0.226950375
Simplicity2,WINDPOWER,6810,2010,0.221705575
Simplicity2,WINDPOWER,6811,2010,0.336886823
Simplicity2,WINDPOWER,6812,2010,0.723227514
Simplicity2,WINDPOWER,6813,2010,0.783218567
Simplicity2,WINDPOWER,6814,2010,0.849130237
Simplicity2,WINDPOWER,6815,2010,0.871485493
Simplicity2,WINDPOWER,6816,2010,0.910656713
Simplicity2,WINDPOWER,6817,2010,0.788738393
Simplicity2,WINDPOWER,6818,2010,0.816100825
Simplicity2,WINDPOWER,6819,2010,0.809631317
Simplicity2,WINDPOWER,6820,2010,0.794771768
Simplicity2,WINDPOWER,6821,2010,0.841872803
Simplicity2,WINDPOWER,6822,2010,0.884620774
Simplicity2,WINDPOWER,6823,2010,0.898695979
Simplicity2,WINDPOWER,6824,2010,0.90507172
Simplicity2,WINDPOWER,6825,2010,0.924322441
Simplicity2,WINDPOWER,6826,2010,0.927523032
Simplicity2,WINDPOWER,6827,2010,0.912910191
Simplicity2,WINDPOWER,6828,2010,0.915105649
Simplicity2,WINDPOWER,6829,2010,0.927250016
Simplicity2,WINDPOWER,6830,2010,0.936739797
Simplicity2,WINDPOWER,6831,2010,0.934290329
Simplicity2,WINDPOWER,6832,2010,0.932456121
Simplicity2,WINDPOWER,6833,2010,0.934893882
Simplicity2,WINDPOWER,6834,2010,0.936254818
Simplicity2,WINDPOWER,6835,2010,0.935490599
Simplicity2,WINDPOWER,6836,2010,0.938768185
Simplicity2,WINDPOWER,6837,2010,0.938768185
Simplicity2,WINDPOWER,6838,2010,0.938768185
Simplicity2,WINDPOWER,6839,2010,0.938768185
Simplicity2,WINDPOWER,6840,2010,0.938768185
Simplicity2,WINDPOWER,6841,2010,0.93484974
Simplicity2,WINDPOWER,6842,2010,0.938768185
Simplicity2,WINDPOWER,6843,2010,0.938684744
Simplicity2,WINDPOWER,6844,2010,0.938076193
Simplicity2,WINDPOWER,6845,2010,0.934333878
Simplicity2,WINDPOWER,6846,2010,0.932214451
Simplicity2,WINDPOWER,6847,2010,0.932218269
Simplicity2,WINDPOWER,6848,2010,0.933321667
Simplicity2,WINDPOWER,6849,2010,0.937026635
Simplicity2,WINDPOWER,6850,2010,0.938379371
Simplicity2,WINDPOWER,6851,2010,0.938768185
Simplicity2,WINDPOWER,6852,2010,0.938722245
Simplicity2,WINDPOWER,6853,2010,0.937975167
Simplicity2,WINDPOWER,6854,2010,0.938075792
Simplicity2,WINDPOWER,6855,2010,0.936698913
Simplicity2,WINDPOWER,6856,2010,0.935385499
Simplicity2,WINDPOWER,6857,2010,0.938768185
Simplicity2,WINDPOWER,6858,2010,0.938768185
Simplicity2,WINDPOWER,6859,2010,0.938768185
Simplicity2,WINDPOWER,6860,2010,0.938768185
Simplicity2,WINDPOWER,6861,2010,0.938768185
Simplicity2,WINDPOWER,6862,2010,0.938768185
Simplicity2,WINDPOWER,6863,2010,0.938768185
Simplicity2,WINDPOWER,6864,2010,0.938728157
Simplicity2,WINDPOWER,6865,2010,0.935435036
Simplicity2,WINDPOWER,6866,2010,0.923733149
Simplicity2,WINDPOWER,6867,2010,0.928634666
Simplicity2,WINDPOWER,6868,2010,0.933406412
Simplicity2,WINDPOWER,6869,2010,0.934720148
Simplicity2,WINDPOWER,6870,2010,0.937998153
Simplicity2,WINDPOWER,6871,2010,0.938716116
Simplicity2,WINDPOWER,6872,2010,0.938768185
Simplicity2,WINDPOWER,6873,2010,0.938768185
Simplicity2,WINDPOWER,6874,2010,0.938768185
Simplicity2,WINDPOWER,6875,2010,0.938768185
Simplicity2,WINDPOWER,6876,2010,0.938768185
Simplicity2,WINDPOWER,6877,2010,0.938768185
Simplicity2,WINDPOWER,6878,2010,0.938768185
Simplicity2,WINDPOWER,6879,2010,0.938768185
Simplicity2,WINDPOWER,6880,2010,0.938606921
Simplicity2,WINDPOWER,6881,2010,0.925862795
Simplicity2,WINDPOWER,6882,2010,0.935342819
Simplicity2,WINDPOWER,6883,2010,0.938768185
Simplicity2,WINDPOWER,6884,2010,0.938768185
Simplicity2,WINDPOWER,6885,2010,0.938768185
Simplicity2,WINDPOWER,6886,2010,0.938768185
Simplicity2,WINDPOWER,6887,2010,0.938768185
Simplicity2,WINDPOWER,6888,2010,0.938768185
Simplicity2,WINDPOWER,6889,2010,0.910844432
Simplicity2,WINDPOWER,6890,2010,0.925833264
Simplicity2,WINDPOWER,6891,2010,0.921583308
Simplicity2,WINDPOWER,6892,2010,0.9198676
Simplicity2,WINDPOWER,6893,2010,0.930452559
Simplicity2,WINDPOWER,6894,2010,0.938182981
Simplicity2,WINDPOWER,6895,2010,0.938759829
Simplicity2,WINDPOWER,6896,2010,0.938768185
Simplicity2,WINDPOWER,6897,2010,0.938768185
Simplicity2,WINDPOWER,6898,2010,0.938768185
Simplicity2,WINDPOWER,6899,2010,0.938768185
Simplicity2,WINDPOWER,6900,2010,0.938768185
Simplicity2,WINDPOWER,6901,2010,0.938768185
Simplicity2,WINDPOWER,6902,2010,0.938768185
Simplicity2,WINDPOWER,6903,2010,0.938768185
Simplicity2,WINDPOWER,6904,2010,0.938768185
Simplicity2,WINDPOWER,6905,2010,0.938768185
Simplicity2,WINDPOWER,6906,2010,0.938768185
Simplicity2,WINDPOWER,6907,2010,0.938768185
Simplicity2,WINDPOWER,6908,2010,0.938768185
Simplicity2,WINDPOWER,6909,2010,0.938768185
Simplicity2,WINDPOWER,6910,2010,0.938768185
Simplicity2,WINDPOWER,6911,2010,0.938768185
Simplicity2,WINDPOWER,6912,2010,0.936436099
Simplicity2,WINDPOWER,6913,2010,0.904256563
Simplicity2,WINDPOWER,6914,2010,0.796186644
Simplicity2,WINDPOWER,6915,2010,0.562940556
Simplicity2,WINDPOWER,6916,2010,0.443120909
Simplicity2,WINDPOWER,6917,2010,0.329651739
Simplicity2,WINDPOWER,6918,2010,0.307383503
Simplicity2,WINDPOWER,6919,2010,0.330742823
Simplicity2,WINDPOWER,6920,2010,0.288365109
Simplicity2,WINDPOWER,6921,2010,0.201673503
Simplicity2,WINDPOWER,6922,2010,0.108573855
Simplicity2,WINDPOWER,6923,2010,0.026022536
Simplicity2,WINDPOWER,6924,2010,0.03476836
Simplicity2,WINDPOWER,6925,2010,0.009928159
Simplicity2,WINDPOWER,6926,2010,0.009928159
Simplicity2,WINDPOWER,6927,2010,0.032584448
Simplicity2,WINDPOWER,6928,2010,0.035737663
Simplicity2,WINDPOWER,6929,2010,0.010584123
Simplicity2,WINDPOWER,6930,2010,0.009928159
Simplicity2,WINDPOWER,6931,2010,0.009928159
Simplicity2,WINDPOWER,6932,2010,0.011911472
Simplicity2,WINDPOWER,6933,2010,0.011853585
Simplicity2,WINDPOWER,6934,2010,0.013206984
Simplicity2,WINDPOWER,6935,2010,0.009928159
Simplicity2,WINDPOWER,6936,2010,0.017486805
Simplicity2,WINDPOWER,6937,2010,0.01376445
Simplicity2,WINDPOWER,6938,2010,0.011415952
Simplicity2,WINDPOWER,6939,2010,0.041335409
Simplicity2,WINDPOWER,6940,2010,0.047306418
Simplicity2,WINDPOWER,6941,2010,0.035931568
Simplicity2,WINDPOWER,6942,2010,0.064148199
Simplicity2,WINDPOWER,6943,2010,0.120963691
Simplicity2,WINDPOWER,6944,2010,0.098433614
Simplicity2,WINDPOWER,6945,2010,0.105408729
Simplicity2,WINDPOWER,6946,2010,0.092031406
Simplicity2,WINDPOWER,6947,2010,0.114083677
Simplicity2,WINDPOWER,6948,2010,0.078665974
Simplicity2,WINDPOWER,6949,2010,0.047678393
Simplicity2,WINDPOWER,6950,2010,0.012996967
Simplicity2,WINDPOWER,6951,2010,0.009928159
Simplicity2,WINDPOWER,6952,2010,0.009928159
Simplicity2,WINDPOWER,6953,2010,0.009928159
Simplicity2,WINDPOWER,6954,2010,0.011806416
Simplicity2,WINDPOWER,6955,2010,0.046649204
Simplicity2,WINDPOWER,6956,2010,0.08290137
Simplicity2,WINDPOWER,6957,2010,0.071103089
Simplicity2,WINDPOWER,6958,2010,0.072529753
Simplicity2,WINDPOWER,6959,2010,0.126064735
Simplicity2,WINDPOWER,6960,2010,0.091956276
Simplicity2,WINDPOWER,6961,2010,0.100441303
Simplicity2,WINDPOWER,6962,2010,0.070978776
Simplicity2,WINDPOWER,6963,2010,0.040421539
Simplicity2,WINDPOWER,6964,2010,0.023959228
Simplicity2,WINDPOWER,6965,2010,0.012987209
Simplicity2,WINDPOWER,6966,2010,0.010051089
Simplicity2,WINDPOWER,6967,2010,0.009928159
Simplicity2,WINDPOWER,6968,2010,0.009928159
Simplicity2,WINDPOWER,6969,2010,0.009928159
Simplicity2,WINDPOWER,6970,2010,0.009928159
Simplicity2,WINDPOWER,6971,2010,0.009928159
Simplicity2,WINDPOWER,6972,2010,0.009928159
Simplicity2,WINDPOWER,6973,2010,0.009928159
Simplicity2,WINDPOWER,6974,2010,0.009928159
Simplicity2,WINDPOWER,6975,2010,0.010710314
Simplicity2,WINDPOWER,6976,2010,0.009928159
Simplicity2,WINDPOWER,6977,2010,0.009928159
Simplicity2,WINDPOWER,6978,2010,0.009928159
Simplicity2,WINDPOWER,6979,2010,0.009928159
Simplicity2,WINDPOWER,6980,2010,0.012312614
Simplicity2,WINDPOWER,6981,2010,0.082682876
Simplicity2,WINDPOWER,6982,2010,0.155858226
Simplicity2,WINDPOWER,6983,2010,0.028371261
Simplicity2,WINDPOWER,6984,2010,0.09148143
Simplicity2,WINDPOWER,6985,2010,0.064895532
Simplicity2,WINDPOWER,6986,2010,0.05604871
Simplicity2,WINDPOWER,6987,2010,0.049199989
Simplicity2,WINDPOWER,6988,2010,0.054405175
Simplicity2,WINDPOWER,6989,2010,0.067018515
Simplicity2,WINDPOWER,6990,2010,0.055516554
Simplicity2,WINDPOWER,6991,2010,0.039127834
Simplicity2,WINDPOWER,6992,2010,0.025759708
Simplicity2,WINDPOWER,6993,2010,0.020076474
Simplicity2,WINDPOWER,6994,2010,0.027123765
Simplicity2,WINDPOWER,6995,2010,0.011582018
Simplicity2,WINDPOWER,6996,2010,0.012957242
Simplicity2,WINDPOWER,6997,2010,0.014134458
Simplicity2,WINDPOWER,6998,2010,0.021218555
Simplicity2,WINDPOWER,6999,2010,0.021707051
Simplicity2,WINDPOWER,7000,2010,0.012326711
Simplicity2,WINDPOWER,7001,2010,0.010733491
Simplicity2,WINDPOWER,7002,2010,0.009928159
Simplicity2,WINDPOWER,7003,2010,0.009928159
Simplicity2,WINDPOWER,7004,2010,0.009928159
Simplicity2,WINDPOWER,7005,2010,0.011076144
Simplicity2,WINDPOWER,7006,2010,0.020690232
Simplicity2,WINDPOWER,7007,2010,0.013006104
Simplicity2,WINDPOWER,7008,2010,0.078034833
Simplicity2,WINDPOWER,7009,2010,0.132286784
Simplicity2,WINDPOWER,7010,2010,0.109601553
Simplicity2,WINDPOWER,7011,2010,0.082983211
Simplicity2,WINDPOWER,7012,2010,0.060082355
Simplicity2,WINDPOWER,7013,2010,0.042485183
Simplicity2,WINDPOWER,7014,2010,0.036244919
Simplicity2,WINDPOWER,7015,2010,0.020499873
Simplicity2,WINDPOWER,7016,2010,0.010611519
Simplicity2,WINDPOWER,7017,2010,0.009928159
Simplicity2,WINDPOWER,7018,2010,0.009928159
Simplicity2,WINDPOWER,7019,2010,0.009928159
Simplicity2,WINDPOWER,7020,2010,0.010654116
Simplicity2,WINDPOWER,7021,2010,0.010790797
Simplicity2,WINDPOWER,7022,2010,0.010724374
Simplicity2,WINDPOWER,7023,2010,0.010740029
Simplicity2,WINDPOWER,7024,2010,0.011385185
Simplicity2,WINDPOWER,7025,2010,0.012250862
Simplicity2,WINDPOWER,7026,2010,0.010794272
Simplicity2,WINDPOWER,7027,2010,0.009928159
Simplicity2,WINDPOWER,7028,2010,0.009928159
Simplicity2,WINDPOWER,7029,2010,0.009928159
Simplicity2,WINDPOWER,7030,2010,0.010612902
Simplicity2,WINDPOWER,7031,2010,0.009928159
Simplicity2,WINDPOWER,7032,2010,0.01296128
Simplicity2,WINDPOWER,7033,2010,0.01169103
Simplicity2,WINDPOWER,7034,2010,0.009928159
Simplicity2,WINDPOWER,7035,2010,0.017495032
Simplicity2,WINDPOWER,7036,2010,0.090912313
Simplicity2,WINDPOWER,7037,2010,0.194989346
Simplicity2,WINDPOWER,7038,2010,0.39032738
Simplicity2,WINDPOWER,7039,2010,0.710929111
Simplicity2,WINDPOWER,7040,2010,0.784458917
Simplicity2,WINDPOWER,7041,2010,0.771527951
Simplicity2,WINDPOWER,7042,2010,0.719488609
Simplicity2,WINDPOWER,7043,2010,0.513707108
Simplicity2,WINDPOWER,7044,2010,0.396998124
Simplicity2,WINDPOWER,7045,2010,0.254662086
Simplicity2,WINDPOWER,7046,2010,0.248640499
Simplicity2,WINDPOWER,7047,2010,0.17114333
Simplicity2,WINDPOWER,7048,2010,0.068087666
Simplicity2,WINDPOWER,7049,2010,0.069274008
Simplicity2,WINDPOWER,7050,2010,0.074752426
Simplicity2,WINDPOWER,7051,2010,0.040429423
Simplicity2,WINDPOWER,7052,2010,0.035671768
Simplicity2,WINDPOWER,7053,2010,0.02590989
Simplicity2,WINDPOWER,7054,2010,0.025321183
Simplicity2,WINDPOWER,7055,2010,0.045299173
Simplicity2,WINDPOWER,7056,2010,0.128438449
Simplicity2,WINDPOWER,7057,2010,0.195335969
Simplicity2,WINDPOWER,7058,2010,0.230070405
Simplicity2,WINDPOWER,7059,2010,0.264680787
Simplicity2,WINDPOWER,7060,2010,0.252415193
Simplicity2,WINDPOWER,7061,2010,0.207177341
Simplicity2,WINDPOWER,7062,2010,0.09142216
Simplicity2,WINDPOWER,7063,2010,0.10080961
Simplicity2,WINDPOWER,7064,2010,0.119167844
Simplicity2,WINDPOWER,7065,2010,0.101439232
Simplicity2,WINDPOWER,7066,2010,0.112510224
Simplicity2,WINDPOWER,7067,2010,0.202394286
Simplicity2,WINDPOWER,7068,2010,0.42372964
Simplicity2,WINDPOWER,7069,2010,0.462494815
Simplicity2,WINDPOWER,7070,2010,0.333640442
Simplicity2,WINDPOWER,7071,2010,0.323527514
Simplicity2,WINDPOWER,7072,2010,0.255936267
Simplicity2,WINDPOWER,7073,2010,0.350186992
Simplicity2,WINDPOWER,7074,2010,0.39165931
Simplicity2,WINDPOWER,7075,2010,0.539747401
Simplicity2,WINDPOWER,7076,2010,0.761493334
Simplicity2,WINDPOWER,7077,2010,0.914413726
Simplicity2,WINDPOWER,7078,2010,0.860318776
Simplicity2,WINDPOWER,7079,2010,0.746520825
Simplicity2,WINDPOWER,7080,2010,0.480171515
Simplicity2,WINDPOWER,7081,2010,0.399765092
Simplicity2,WINDPOWER,7082,2010,0.284377149
Simplicity2,WINDPOWER,7083,2010,0.207770534
Simplicity2,WINDPOWER,7084,2010,0.155782968
Simplicity2,WINDPOWER,7085,2010,0.124109909
Simplicity2,WINDPOWER,7086,2010,0.087814847
Simplicity2,WINDPOWER,7087,2010,0.07038597
Simplicity2,WINDPOWER,7088,2010,0.069718191
Simplicity2,WINDPOWER,7089,2010,0.082754082
Simplicity2,WINDPOWER,7090,2010,0.086405936
Simplicity2,WINDPOWER,7091,2010,0.158710304
Simplicity2,WINDPOWER,7092,2010,0.195370875
Simplicity2,WINDPOWER,7093,2010,0.18391063
Simplicity2,WINDPOWER,7094,2010,0.178341509
Simplicity2,WINDPOWER,7095,2010,0.142263935
Simplicity2,WINDPOWER,7096,2010,0.125206742
Simplicity2,WINDPOWER,7097,2010,0.10850865
Simplicity2,WINDPOWER,7098,2010,0.099725469
Simplicity2,WINDPOWER,7099,2010,0.081940617
Simplicity2,WINDPOWER,7100,2010,0.025969478
Simplicity2,WINDPOWER,7101,2010,0.135254794
Simplicity2,WINDPOWER,7102,2010,0.198775441
Simplicity2,WINDPOWER,7103,2010,0.10078019
Simplicity2,WINDPOWER,7104,2010,0.120265953
Simplicity2,WINDPOWER,7105,2010,0.185702491
Simplicity2,WINDPOWER,7106,2010,0.350554458
Simplicity2,WINDPOWER,7107,2010,0.35545148
Simplicity2,WINDPOWER,7108,2010,0.202898379
Simplicity2,WINDPOWER,7109,2010,0.200661215
Simplicity2,WINDPOWER,7110,2010,0.252072544
Simplicity2,WINDPOWER,7111,2010,0.233950665
Simplicity2,WINDPOWER,7112,2010,0.116406401
Simplicity2,WINDPOWER,7113,2010,0.040999377
Simplicity2,WINDPOWER,7114,2010,0.026240358
Simplicity2,WINDPOWER,7115,2010,0.04540746
Simplicity2,WINDPOWER,7116,2010,0.046048407
Simplicity2,WINDPOWER,7117,2010,0.024006147
Simplicity2,WINDPOWER,7118,2010,0.013744908
Simplicity2,WINDPOWER,7119,2010,0.01171955
Simplicity2,WINDPOWER,7120,2010,0.013975978
Simplicity2,WINDPOWER,7121,2010,0.028818911
Simplicity2,WINDPOWER,7122,2010,0.061750142
Simplicity2,WINDPOWER,7123,2010,0.041067201
Simplicity2,WINDPOWER,7124,2010,0.157530205
Simplicity2,WINDPOWER,7125,2010,0.523149626
Simplicity2,WINDPOWER,7126,2010,0.804807372
Simplicity2,WINDPOWER,7127,2010,0.841360438
Simplicity2,WINDPOWER,7128,2010,0.863061334
Simplicity2,WINDPOWER,7129,2010,0.812755013
Simplicity2,WINDPOWER,7130,2010,0.579131084
Simplicity2,WINDPOWER,7131,2010,0.43676465
Simplicity2,WINDPOWER,7132,2010,0.33088938
Simplicity2,WINDPOWER,7133,2010,0.267818663
Simplicity2,WINDPOWER,7134,2010,0.235443324
Simplicity2,WINDPOWER,7135,2010,0.198128386
Simplicity2,WINDPOWER,7136,2010,0.13301777
Simplicity2,WINDPOWER,7137,2010,0.082466122
Simplicity2,WINDPOWER,7138,2010,0.062020442
Simplicity2,WINDPOWER,7139,2010,0.023111491
Simplicity2,WINDPOWER,7140,2010,0.009928159
Simplicity2,WINDPOWER,7141,2010,0.009928159
Simplicity2,WINDPOWER,7142,2010,0.009928159
Simplicity2,WINDPOWER,7143,2010,0.009928159
Simplicity2,WINDPOWER,7144,2010,0.009928159
Simplicity2,WINDPOWER,7145,2010,0.009928159
Simplicity2,WINDPOWER,7146,2010,0.009928159
Simplicity2,WINDPOWER,7147,2010,0.009928159
Simplicity2,WINDPOWER,7148,2010,0.01165901
Simplicity2,WINDPOWER,7149,2010,0.181721029
Simplicity2,WINDPOWER,7150,2010,0.242932977
Simplicity2,WINDPOWER,7151,2010,0.009928159
Simplicity2,WINDPOWER,7152,2010,0.024349657
Simplicity2,WINDPOWER,7153,2010,0.059004966
Simplicity2,WINDPOWER,7154,2010,0.07158404
Simplicity2,WINDPOWER,7155,2010,0.133193569
Simplicity2,WINDPOWER,7156,2010,0.164474529
Simplicity2,WINDPOWER,7157,2010,0.24599464
Simplicity2,WINDPOWER,7158,2010,0.403203304
Simplicity2,WINDPOWER,7159,2010,0.378823173
Simplicity2,WINDPOWER,7160,2010,0.332531731
Simplicity2,WINDPOWER,7161,2010,0.234148063
Simplicity2,WINDPOWER,7162,2010,0.265502462
Simplicity2,WINDPOWER,7163,2010,0.318980446
Simplicity2,WINDPOWER,7164,2010,0.39080224
Simplicity2,WINDPOWER,7165,2010,0.481566278
Simplicity2,WINDPOWER,7166,2010,0.565587082
Simplicity2,WINDPOWER,7167,2010,0.653919779
Simplicity2,WINDPOWER,7168,2010,0.753494172
Simplicity2,WINDPOWER,7169,2010,0.819473691
Simplicity2,WINDPOWER,7170,2010,0.854893547
Simplicity2,WINDPOWER,7171,2010,0.929433145
Simplicity2,WINDPOWER,7172,2010,0.93875232
Simplicity2,WINDPOWER,7173,2010,0.938768185
Simplicity2,WINDPOWER,7174,2010,0.901225146
Simplicity2,WINDPOWER,7175,2010,0.555784999
Simplicity2,WINDPOWER,7176,2010,0.322552399
Simplicity2,WINDPOWER,7177,2010,0.273519457
Simplicity2,WINDPOWER,7178,2010,0.180323833
Simplicity2,WINDPOWER,7179,2010,0.097473597
Simplicity2,WINDPOWER,7180,2010,0.065367832
Simplicity2,WINDPOWER,7181,2010,0.138455311
Simplicity2,WINDPOWER,7182,2010,0.282496286
Simplicity2,WINDPOWER,7183,2010,0.40322227
Simplicity2,WINDPOWER,7184,2010,0.53444649
Simplicity2,WINDPOWER,7185,2010,0.825940678
Simplicity2,WINDPOWER,7186,2010,0.931430516
Simplicity2,WINDPOWER,7187,2010,0.936641288
Simplicity2,WINDPOWER,7188,2010,0.936552935
Simplicity2,WINDPOWER,7189,2010,0.937465511
Simplicity2,WINDPOWER,7190,2010,0.938767014
Simplicity2,WINDPOWER,7191,2010,0.938768185
Simplicity2,WINDPOWER,7192,2010,0.938768185
Simplicity2,WINDPOWER,7193,2010,0.938768185
Simplicity2,WINDPOWER,7194,2010,0.938768185
Simplicity2,WINDPOWER,7195,2010,0.938768185
Simplicity2,WINDPOWER,7196,2010,0.938768185
Simplicity2,WINDPOWER,7197,2010,0.938768185
Simplicity2,WINDPOWER,7198,2010,0.938768185
Simplicity2,WINDPOWER,7199,2010,0.938768185
Simplicity2,WINDPOWER,7200,2010,0.938768185
Simplicity2,WINDPOWER,7201,2010,0.938768185
Simplicity2,WINDPOWER,7202,2010,0.938768185
Simplicity2,WINDPOWER,7203,2010,0.938768185
Simplicity2,WINDPOWER,7204,2010,0.938768185
Simplicity2,WINDPOWER,7205,2010,0.938768185
Simplicity2,WINDPOWER,7206,2010,0.938768185
Simplicity2,WINDPOWER,7207,2010,0.938768185
Simplicity2,WINDPOWER,7208,2010,0.938768185
Simplicity2,WINDPOWER,7209,2010,0.938768185
Simplicity2,WINDPOWER,7210,2010,0.938768185
Simplicity2,WINDPOWER,7211,2010,0.938732218
Simplicity2,WINDPOWER,7212,2010,0.937954199
Simplicity2,WINDPOWER,7213,2010,0.934336938
Simplicity2,WINDPOWER,7214,2010,0.907062521
Simplicity2,WINDPOWER,7215,2010,0.868329529
Simplicity2,WINDPOWER,7216,2010,0.850717611
Simplicity2,WINDPOWER,7217,2010,0.863940504
Simplicity2,WINDPOWER,7218,2010,0.787983248
Simplicity2,WINDPOWER,7219,2010,0.933735354
Simplicity2,WINDPOWER,7220,2010,0.938643572
Simplicity2,WINDPOWER,7221,2010,0.938768185
Simplicity2,WINDPOWER,7222,2010,0.938745548
Simplicity2,WINDPOWER,7223,2010,0.919360612
Simplicity2,WINDPOWER,7224,2010,0.802255542
Simplicity2,WINDPOWER,7225,2010,0.805020338
Simplicity2,WINDPOWER,7226,2010,0.748966802
Simplicity2,WINDPOWER,7227,2010,0.645566084
Simplicity2,WINDPOWER,7228,2010,0.55897582
Simplicity2,WINDPOWER,7229,2010,0.53459696
Simplicity2,WINDPOWER,7230,2010,0.606489966
Simplicity2,WINDPOWER,7231,2010,0.670543344
Simplicity2,WINDPOWER,7232,2010,0.691424724
Simplicity2,WINDPOWER,7233,2010,0.665047116
Simplicity2,WINDPOWER,7234,2010,0.684104082
Simplicity2,WINDPOWER,7235,2010,0.695441965
Simplicity2,WINDPOWER,7236,2010,0.697502932
Simplicity2,WINDPOWER,7237,2010,0.752298797
Simplicity2,WINDPOWER,7238,2010,0.730719641
Simplicity2,WINDPOWER,7239,2010,0.672483053
Simplicity2,WINDPOWER,7240,2010,0.631760928
Simplicity2,WINDPOWER,7241,2010,0.598608832
Simplicity2,WINDPOWER,7242,2010,0.744196848
Simplicity2,WINDPOWER,7243,2010,0.843170523
Simplicity2,WINDPOWER,7244,2010,0.892012853
Simplicity2,WINDPOWER,7245,2010,0.920653485
Simplicity2,WINDPOWER,7246,2010,0.93439291
Simplicity2,WINDPOWER,7247,2010,0.932445221
Simplicity2,WINDPOWER,7248,2010,0.923025517
Simplicity2,WINDPOWER,7249,2010,0.930581584
Simplicity2,WINDPOWER,7250,2010,0.927099651
Simplicity2,WINDPOWER,7251,2010,0.920529762
Simplicity2,WINDPOWER,7252,2010,0.893430245
Simplicity2,WINDPOWER,7253,2010,0.839756099
Simplicity2,WINDPOWER,7254,2010,0.765895017
Simplicity2,WINDPOWER,7255,2010,0.757409813
Simplicity2,WINDPOWER,7256,2010,0.735744728
Simplicity2,WINDPOWER,7257,2010,0.670809219
Simplicity2,WINDPOWER,7258,2010,0.614728458
Simplicity2,WINDPOWER,7259,2010,0.5294274
Simplicity2,WINDPOWER,7260,2010,0.549543334
Simplicity2,WINDPOWER,7261,2010,0.57257988
Simplicity2,WINDPOWER,7262,2010,0.573386243
Simplicity2,WINDPOWER,7263,2010,0.624005454
Simplicity2,WINDPOWER,7264,2010,0.574524415
Simplicity2,WINDPOWER,7265,2010,0.511819701
Simplicity2,WINDPOWER,7266,2010,0.27774019
Simplicity2,WINDPOWER,7267,2010,0.221534254
Simplicity2,WINDPOWER,7268,2010,0.323276889
Simplicity2,WINDPOWER,7269,2010,0.52771721
Simplicity2,WINDPOWER,7270,2010,0.527866281
Simplicity2,WINDPOWER,7271,2010,0.520238861
Simplicity2,WINDPOWER,7272,2010,0.346004745
Simplicity2,WINDPOWER,7273,2010,0.269753972
Simplicity2,WINDPOWER,7274,2010,0.267413763
Simplicity2,WINDPOWER,7275,2010,0.224432592
Simplicity2,WINDPOWER,7276,2010,0.124321297
Simplicity2,WINDPOWER,7277,2010,0.077454179
Simplicity2,WINDPOWER,7278,2010,0.074173828
Simplicity2,WINDPOWER,7279,2010,0.07073038
Simplicity2,WINDPOWER,7280,2010,0.088579193
Simplicity2,WINDPOWER,7281,2010,0.098139682
Simplicity2,WINDPOWER,7282,2010,0.090206248
Simplicity2,WINDPOWER,7283,2010,0.122266829
Simplicity2,WINDPOWER,7284,2010,0.138754053
Simplicity2,WINDPOWER,7285,2010,0.147805351
Simplicity2,WINDPOWER,7286,2010,0.132300005
Simplicity2,WINDPOWER,7287,2010,0.164265311
Simplicity2,WINDPOWER,7288,2010,0.178182801
Simplicity2,WINDPOWER,7289,2010,0.208282896
Simplicity2,WINDPOWER,7290,2010,0.175849758
Simplicity2,WINDPOWER,7291,2010,0.026192837
Simplicity2,WINDPOWER,7292,2010,0.010841524
Simplicity2,WINDPOWER,7293,2010,0.009928159
Simplicity2,WINDPOWER,7294,2010,0.009928159
Simplicity2,WINDPOWER,7295,2010,0.011283397
Simplicity2,WINDPOWER,7296,2010,0.009928159
Simplicity2,WINDPOWER,7297,2010,0.009928159
Simplicity2,WINDPOWER,7298,2010,0.010360023
Simplicity2,WINDPOWER,7299,2010,0.01945595
Simplicity2,WINDPOWER,7300,2010,0.034395629
Simplicity2,WINDPOWER,7301,2010,0.048674718
Simplicity2,WINDPOWER,7302,2010,0.070193857
Simplicity2,WINDPOWER,7303,2010,0.094048755
Simplicity2,WINDPOWER,7304,2010,0.122853396
Simplicity2,WINDPOWER,7305,2010,0.122832259
Simplicity2,WINDPOWER,7306,2010,0.113867674
Simplicity2,WINDPOWER,7307,2010,0.178776157
Simplicity2,WINDPOWER,7308,2010,0.152652254
Simplicity2,WINDPOWER,7309,2010,0.146170479
Simplicity2,WINDPOWER,7310,2010,0.152998795
Simplicity2,WINDPOWER,7311,2010,0.148678022
Simplicity2,WINDPOWER,7312,2010,0.122493616
Simplicity2,WINDPOWER,7313,2010,0.090487808
Simplicity2,WINDPOWER,7314,2010,0.059376637
Simplicity2,WINDPOWER,7315,2010,0.040211586
Simplicity2,WINDPOWER,7316,2010,0.013777677
Simplicity2,WINDPOWER,7317,2010,0.009928159
Simplicity2,WINDPOWER,7318,2010,0.009928159
Simplicity2,WINDPOWER,7319,2010,0.009928159
Simplicity2,WINDPOWER,7320,2010,0.009928159
Simplicity2,WINDPOWER,7321,2010,0.009928159
Simplicity2,WINDPOWER,7322,2010,0.009928159
Simplicity2,WINDPOWER,7323,2010,0.009928159
Simplicity2,WINDPOWER,7324,2010,0.009928159
Simplicity2,WINDPOWER,7325,2010,0.009928159
Simplicity2,WINDPOWER,7326,2010,0.009928159
Simplicity2,WINDPOWER,7327,2010,0.009928159
Simplicity2,WINDPOWER,7328,2010,0.009928159
Simplicity2,WINDPOWER,7329,2010,0.027928736
Simplicity2,WINDPOWER,7330,2010,0.079511448
Simplicity2,WINDPOWER,7331,2010,0.264709212
Simplicity2,WINDPOWER,7332,2010,0.576838081
Simplicity2,WINDPOWER,7333,2010,0.878254522
Simplicity2,WINDPOWER,7334,2010,0.929349512
Simplicity2,WINDPOWER,7335,2010,0.93560201
Simplicity2,WINDPOWER,7336,2010,0.924876883
Simplicity2,WINDPOWER,7337,2010,0.922824226
Simplicity2,WINDPOWER,7338,2010,0.9071521
Simplicity2,WINDPOWER,7339,2010,0.756584265
Simplicity2,WINDPOWER,7340,2010,0.837921982
Simplicity2,WINDPOWER,7341,2010,0.927767255
Simplicity2,WINDPOWER,7342,2010,0.904891798
Simplicity2,WINDPOWER,7343,2010,0.791342877
Simplicity2,WINDPOWER,7344,2010,0.687258222
Simplicity2,WINDPOWER,7345,2010,0.465091134
Simplicity2,WINDPOWER,7346,2010,0.364438999
Simplicity2,WINDPOWER,7347,2010,0.289791947
Simplicity2,WINDPOWER,7348,2010,0.331831175
Simplicity2,WINDPOWER,7349,2010,0.448280327
Simplicity2,WINDPOWER,7350,2010,0.286894058
Simplicity2,WINDPOWER,7351,2010,0.25708143
Simplicity2,WINDPOWER,7352,2010,0.252977262
Simplicity2,WINDPOWER,7353,2010,0.270802143
Simplicity2,WINDPOWER,7354,2010,0.321352559
Simplicity2,WINDPOWER,7355,2010,0.303579775
Simplicity2,WINDPOWER,7356,2010,0.466712392
Simplicity2,WINDPOWER,7357,2010,0.525339942
Simplicity2,WINDPOWER,7358,2010,0.617236738
Simplicity2,WINDPOWER,7359,2010,0.727100565
Simplicity2,WINDPOWER,7360,2010,0.821178654
Simplicity2,WINDPOWER,7361,2010,0.852906839
Simplicity2,WINDPOWER,7362,2010,0.93441938
Simplicity2,WINDPOWER,7363,2010,0.938768185
Simplicity2,WINDPOWER,7364,2010,0.938768185
Simplicity2,WINDPOWER,7365,2010,0.938331394
Simplicity2,WINDPOWER,7366,2010,0.937227989
Simplicity2,WINDPOWER,7367,2010,0.938641751
Simplicity2,WINDPOWER,7368,2010,0.938768185
Simplicity2,WINDPOWER,7369,2010,0.927588422
Simplicity2,WINDPOWER,7370,2010,0.700702291
Simplicity2,WINDPOWER,7371,2010,0.459318915
Simplicity2,WINDPOWER,7372,2010,0.432074006
Simplicity2,WINDPOWER,7373,2010,0.531019717
Simplicity2,WINDPOWER,7374,2010,0.458233224
Simplicity2,WINDPOWER,7375,2010,0.32939133
Simplicity2,WINDPOWER,7376,2010,0.256605346
Simplicity2,WINDPOWER,7377,2010,0.144848933
Simplicity2,WINDPOWER,7378,2010,0.054036937
Simplicity2,WINDPOWER,7379,2010,0.009928159
Simplicity2,WINDPOWER,7380,2010,0.009928159
Simplicity2,WINDPOWER,7381,2010,0.036273885
Simplicity2,WINDPOWER,7382,2010,0.067415288
Simplicity2,WINDPOWER,7383,2010,0.094193443
Simplicity2,WINDPOWER,7384,2010,0.119460759
Simplicity2,WINDPOWER,7385,2010,0.122966577
Simplicity2,WINDPOWER,7386,2010,0.082636223
Simplicity2,WINDPOWER,7387,2010,0.073871612
Simplicity2,WINDPOWER,7388,2010,0.040018201
Simplicity2,WINDPOWER,7389,2010,0.017324146
Simplicity2,WINDPOWER,7390,2010,0.010326015
Simplicity2,WINDPOWER,7391,2010,0.011712765
Simplicity2,WINDPOWER,7392,2010,0.009928159
Simplicity2,WINDPOWER,7393,2010,0.009928159
Simplicity2,WINDPOWER,7394,2010,0.009928159
Simplicity2,WINDPOWER,7395,2010,0.009928159
Simplicity2,WINDPOWER,7396,2010,0.009928159
Simplicity2,WINDPOWER,7397,2010,0.009928159
Simplicity2,WINDPOWER,7398,2010,0.009928159
Simplicity2,WINDPOWER,7399,2010,0.011619969
Simplicity2,WINDPOWER,7400,2010,0.090388997
Simplicity2,WINDPOWER,7401,2010,0.306471157
Simplicity2,WINDPOWER,7402,2010,0.592567238
Simplicity2,WINDPOWER,7403,2010,0.617486021
Simplicity2,WINDPOWER,7404,2010,0.830021559
Simplicity2,WINDPOWER,7405,2010,0.831002674
Simplicity2,WINDPOWER,7406,2010,0.515716238
Simplicity2,WINDPOWER,7407,2010,0.422557663
Simplicity2,WINDPOWER,7408,2010,0.248794
Simplicity2,WINDPOWER,7409,2010,0.092772775
Simplicity2,WINDPOWER,7410,2010,0.029601965
Simplicity2,WINDPOWER,7411,2010,0.009928159
Simplicity2,WINDPOWER,7412,2010,0.009928159
Simplicity2,WINDPOWER,7413,2010,0.009928159
Simplicity2,WINDPOWER,7414,2010,0.012593931
Simplicity2,WINDPOWER,7415,2010,0.009928159
Simplicity2,WINDPOWER,7416,2010,0.01032264
Simplicity2,WINDPOWER,7417,2010,0.030429779
Simplicity2,WINDPOWER,7418,2010,0.04505404
Simplicity2,WINDPOWER,7419,2010,0.165260147
Simplicity2,WINDPOWER,7420,2010,0.859072275
Simplicity2,WINDPOWER,7421,2010,0.931096844
Simplicity2,WINDPOWER,7422,2010,0.938768185
Simplicity2,WINDPOWER,7423,2010,0.938433039
Simplicity2,WINDPOWER,7424,2010,0.932967531
Simplicity2,WINDPOWER,7425,2010,0.936681428
Simplicity2,WINDPOWER,7426,2010,0.933288383
Simplicity2,WINDPOWER,7427,2010,0.907347923
Simplicity2,WINDPOWER,7428,2010,0.847258426
Simplicity2,WINDPOWER,7429,2010,0.689725787
Simplicity2,WINDPOWER,7430,2010,0.54201153
Simplicity2,WINDPOWER,7431,2010,0.52969588
Simplicity2,WINDPOWER,7432,2010,0.458265784
Simplicity2,WINDPOWER,7433,2010,0.396495151
Simplicity2,WINDPOWER,7434,2010,0.280659281
Simplicity2,WINDPOWER,7435,2010,0.204832646
Simplicity2,WINDPOWER,7436,2010,0.349403296
Simplicity2,WINDPOWER,7437,2010,0.567012823
Simplicity2,WINDPOWER,7438,2010,0.509669875
Simplicity2,WINDPOWER,7439,2010,0.246094089
Simplicity2,WINDPOWER,7440,2010,0.13747668
Simplicity2,WINDPOWER,7441,2010,0.156871797
Simplicity2,WINDPOWER,7442,2010,0.193594338
Simplicity2,WINDPOWER,7443,2010,0.186861079
Simplicity2,WINDPOWER,7444,2010,0.175593535
Simplicity2,WINDPOWER,7445,2010,0.18673084
Simplicity2,WINDPOWER,7446,2010,0.267313725
Simplicity2,WINDPOWER,7447,2010,0.403478966
Simplicity2,WINDPOWER,7448,2010,0.509003619
Simplicity2,WINDPOWER,7449,2010,0.630363107
Simplicity2,WINDPOWER,7450,2010,0.634835607
Simplicity2,WINDPOWER,7451,2010,0.538735547
Simplicity2,WINDPOWER,7452,2010,0.666537032
Simplicity2,WINDPOWER,7453,2010,0.566979167
Simplicity2,WINDPOWER,7454,2010,0.642033134
Simplicity2,WINDPOWER,7455,2010,0.589498523
Simplicity2,WINDPOWER,7456,2010,0.630134343
Simplicity2,WINDPOWER,7457,2010,0.841372548
Simplicity2,WINDPOWER,7458,2010,0.938653628
Simplicity2,WINDPOWER,7459,2010,0.938768185
Simplicity2,WINDPOWER,7460,2010,0.938768185
Simplicity2,WINDPOWER,7461,2010,0.938768185
Simplicity2,WINDPOWER,7462,2010,0.938768185
Simplicity2,WINDPOWER,7463,2010,0.93352941
Simplicity2,WINDPOWER,7464,2010,0.656342525
Simplicity2,WINDPOWER,7465,2010,0.492344692
Simplicity2,WINDPOWER,7466,2010,0.328642613
Simplicity2,WINDPOWER,7467,2010,0.12950557
Simplicity2,WINDPOWER,7468,2010,0.045836622
Simplicity2,WINDPOWER,7469,2010,0.02891163
Simplicity2,WINDPOWER,7470,2010,0.045860416
Simplicity2,WINDPOWER,7471,2010,0.051271856
Simplicity2,WINDPOWER,7472,2010,0.070717806
Simplicity2,WINDPOWER,7473,2010,0.090833983
Simplicity2,WINDPOWER,7474,2010,0.113976002
Simplicity2,WINDPOWER,7475,2010,0.094897184
Simplicity2,WINDPOWER,7476,2010,0.087178433
Simplicity2,WINDPOWER,7477,2010,0.098975338
Simplicity2,WINDPOWER,7478,2010,0.176281041
Simplicity2,WINDPOWER,7479,2010,0.320162918
Simplicity2,WINDPOWER,7480,2010,0.577742013
Simplicity2,WINDPOWER,7481,2010,0.71580354
Simplicity2,WINDPOWER,7482,2010,0.659517214
Simplicity2,WINDPOWER,7483,2010,0.92386855
Simplicity2,WINDPOWER,7484,2010,0.875797812
Simplicity2,WINDPOWER,7485,2010,0.682113025
Simplicity2,WINDPOWER,7486,2010,0.464737929
Simplicity2,WINDPOWER,7487,2010,0.230302415
Simplicity2,WINDPOWER,7488,2010,0.046947686
Simplicity2,WINDPOWER,7489,2010,0.055318054
Simplicity2,WINDPOWER,7490,2010,0.08949424
Simplicity2,WINDPOWER,7491,2010,0.186501841
Simplicity2,WINDPOWER,7492,2010,0.253448028
Simplicity2,WINDPOWER,7493,2010,0.27196784
Simplicity2,WINDPOWER,7494,2010,0.181838366
Simplicity2,WINDPOWER,7495,2010,0.205953381
Simplicity2,WINDPOWER,7496,2010,0.192856749
Simplicity2,WINDPOWER,7497,2010,0.226598889
Simplicity2,WINDPOWER,7498,2010,0.232008237
Simplicity2,WINDPOWER,7499,2010,0.260093567
Simplicity2,WINDPOWER,7500,2010,0.285934178
Simplicity2,WINDPOWER,7501,2010,0.258684822
Simplicity2,WINDPOWER,7502,2010,0.212775174
Simplicity2,WINDPOWER,7503,2010,0.195081307
Simplicity2,WINDPOWER,7504,2010,0.235025171
Simplicity2,WINDPOWER,7505,2010,0.198357967
Simplicity2,WINDPOWER,7506,2010,0.174130296
Simplicity2,WINDPOWER,7507,2010,0.175226643
Simplicity2,WINDPOWER,7508,2010,0.150197942
Simplicity2,WINDPOWER,7509,2010,0.092066485
Simplicity2,WINDPOWER,7510,2010,0.028507069
Simplicity2,WINDPOWER,7511,2010,0.012357772
Simplicity2,WINDPOWER,7512,2010,0.011803948
Simplicity2,WINDPOWER,7513,2010,0.019392266
Simplicity2,WINDPOWER,7514,2010,0.043268759
Simplicity2,WINDPOWER,7515,2010,0.081790257
Simplicity2,WINDPOWER,7516,2010,0.079841395
Simplicity2,WINDPOWER,7517,2010,0.081180417
Simplicity2,WINDPOWER,7518,2010,0.125371912
Simplicity2,WINDPOWER,7519,2010,0.292098331
Simplicity2,WINDPOWER,7520,2010,0.724906656
Simplicity2,WINDPOWER,7521,2010,0.933295557
Simplicity2,WINDPOWER,7522,2010,0.938744694
Simplicity2,WINDPOWER,7523,2010,0.938768185
Simplicity2,WINDPOWER,7524,2010,0.938768185
Simplicity2,WINDPOWER,7525,2010,0.938768185
Simplicity2,WINDPOWER,7526,2010,0.938768185
Simplicity2,WINDPOWER,7527,2010,0.938768185
Simplicity2,WINDPOWER,7528,2010,0.938768185
Simplicity2,WINDPOWER,7529,2010,0.938768185
Simplicity2,WINDPOWER,7530,2010,0.938610212
Simplicity2,WINDPOWER,7531,2010,0.937725116
Simplicity2,WINDPOWER,7532,2010,0.938704749
Simplicity2,WINDPOWER,7533,2010,0.938488512
Simplicity2,WINDPOWER,7534,2010,0.93322852
Simplicity2,WINDPOWER,7535,2010,0.921840825
Simplicity2,WINDPOWER,7536,2010,0.920759614
Simplicity2,WINDPOWER,7537,2010,0.887103354
Simplicity2,WINDPOWER,7538,2010,0.819514139
Simplicity2,WINDPOWER,7539,2010,0.753016942
Simplicity2,WINDPOWER,7540,2010,0.6945924
Simplicity2,WINDPOWER,7541,2010,0.621631983
Simplicity2,WINDPOWER,7542,2010,0.540721885
Simplicity2,WINDPOWER,7543,2010,0.327342381
Simplicity2,WINDPOWER,7544,2010,0.343521625
Simplicity2,WINDPOWER,7545,2010,0.363703993
Simplicity2,WINDPOWER,7546,2010,0.208963492
Simplicity2,WINDPOWER,7547,2010,0.149331423
Simplicity2,WINDPOWER,7548,2010,0.141521491
Simplicity2,WINDPOWER,7549,2010,0.104629888
Simplicity2,WINDPOWER,7550,2010,0.159806933
Simplicity2,WINDPOWER,7551,2010,0.155107264
Simplicity2,WINDPOWER,7552,2010,0.128641352
Simplicity2,WINDPOWER,7553,2010,0.132303315
Simplicity2,WINDPOWER,7554,2010,0.137094025
Simplicity2,WINDPOWER,7555,2010,0.149798283
Simplicity2,WINDPOWER,7556,2010,0.054220247
Simplicity2,WINDPOWER,7557,2010,0.143570204
Simplicity2,WINDPOWER,7558,2010,0.312236029
Simplicity2,WINDPOWER,7559,2010,0.16868425
Simplicity2,WINDPOWER,7560,2010,0.200466915
Simplicity2,WINDPOWER,7561,2010,0.161767964
Simplicity2,WINDPOWER,7562,2010,0.201077419
Simplicity2,WINDPOWER,7563,2010,0.223144596
Simplicity2,WINDPOWER,7564,2010,0.300175912
Simplicity2,WINDPOWER,7565,2010,0.16811881
Simplicity2,WINDPOWER,7566,2010,0.079745381
Simplicity2,WINDPOWER,7567,2010,0.107935034
Simplicity2,WINDPOWER,7568,2010,0.158775159
Simplicity2,WINDPOWER,7569,2010,0.348851589
Simplicity2,WINDPOWER,7570,2010,0.657117546
Simplicity2,WINDPOWER,7571,2010,0.919013468
Simplicity2,WINDPOWER,7572,2010,0.93866949
Simplicity2,WINDPOWER,7573,2010,0.926473853
Simplicity2,WINDPOWER,7574,2010,0.926340249
Simplicity2,WINDPOWER,7575,2010,0.934477223
Simplicity2,WINDPOWER,7576,2010,0.936619521
Simplicity2,WINDPOWER,7577,2010,0.938679743
Simplicity2,WINDPOWER,7578,2010,0.938768185
Simplicity2,WINDPOWER,7579,2010,0.938768185
Simplicity2,WINDPOWER,7580,2010,0.938768185
Simplicity2,WINDPOWER,7581,2010,0.938768185
Simplicity2,WINDPOWER,7582,2010,0.938768185
Simplicity2,WINDPOWER,7583,2010,0.938768185
Simplicity2,WINDPOWER,7584,2010,0.938768185
Simplicity2,WINDPOWER,7585,2010,0.938768185
Simplicity2,WINDPOWER,7586,2010,0.938768185
Simplicity2,WINDPOWER,7587,2010,0.938768185
Simplicity2,WINDPOWER,7588,2010,0.938768185
Simplicity2,WINDPOWER,7589,2010,0.938768185
Simplicity2,WINDPOWER,7590,2010,0.938768185
Simplicity2,WINDPOWER,7591,2010,0.938768185
Simplicity2,WINDPOWER,7592,2010,0.938768185
Simplicity2,WINDPOWER,7593,2010,0.938768185
Simplicity2,WINDPOWER,7594,2010,0.938768185
Simplicity2,WINDPOWER,7595,2010,0.938768185
Simplicity2,WINDPOWER,7596,2010,0.938768185
Simplicity2,WINDPOWER,7597,2010,0.938768185
Simplicity2,WINDPOWER,7598,2010,0.938768185
Simplicity2,WINDPOWER,7599,2010,0.938768185
Simplicity2,WINDPOWER,7600,2010,0.938768185
Simplicity2,WINDPOWER,7601,2010,0.938768185
Simplicity2,WINDPOWER,7602,2010,0.938768185
Simplicity2,WINDPOWER,7603,2010,0.938768185
Simplicity2,WINDPOWER,7604,2010,0.938768185
Simplicity2,WINDPOWER,7605,2010,0.938768185
Simplicity2,WINDPOWER,7606,2010,0.938768185
Simplicity2,WINDPOWER,7607,2010,0.938183108
Simplicity2,WINDPOWER,7608,2010,0.88777596
Simplicity2,WINDPOWER,7609,2010,0.85952522
Simplicity2,WINDPOWER,7610,2010,0.712745258
Simplicity2,WINDPOWER,7611,2010,0.597023939
Simplicity2,WINDPOWER,7612,2010,0.409781858
Simplicity2,WINDPOWER,7613,2010,0.202185469
Simplicity2,WINDPOWER,7614,2010,0.109129551
Simplicity2,WINDPOWER,7615,2010,0.080987494
Simplicity2,WINDPOWER,7616,2010,0.043088295
Simplicity2,WINDPOWER,7617,2010,0.012525384
Simplicity2,WINDPOWER,7618,2010,0.013007856
Simplicity2,WINDPOWER,7619,2010,0.026955032
Simplicity2,WINDPOWER,7620,2010,0.092360584
Simplicity2,WINDPOWER,7621,2010,0.098386368
Simplicity2,WINDPOWER,7622,2010,0.199899856
Simplicity2,WINDPOWER,7623,2010,0.233458795
Simplicity2,WINDPOWER,7624,2010,0.230312876
Simplicity2,WINDPOWER,7625,2010,0.19582338
Simplicity2,WINDPOWER,7626,2010,0.134302767
Simplicity2,WINDPOWER,7627,2010,0.119067961
Simplicity2,WINDPOWER,7628,2010,0.096242945
Simplicity2,WINDPOWER,7629,2010,0.079793842
Simplicity2,WINDPOWER,7630,2010,0.028591724
Simplicity2,WINDPOWER,7631,2010,0.009928159
Simplicity2,WINDPOWER,7632,2010,0.009928159
Simplicity2,WINDPOWER,7633,2010,0.009928159
Simplicity2,WINDPOWER,7634,2010,0.009928159
Simplicity2,WINDPOWER,7635,2010,0.012679895
Simplicity2,WINDPOWER,7636,2010,0.030079806
Simplicity2,WINDPOWER,7637,2010,0.01192993
Simplicity2,WINDPOWER,7638,2010,0.05435803
Simplicity2,WINDPOWER,7639,2010,0.112242945
Simplicity2,WINDPOWER,7640,2010,0.107549182
Simplicity2,WINDPOWER,7641,2010,0.111519554
Simplicity2,WINDPOWER,7642,2010,0.115913903
Simplicity2,WINDPOWER,7643,2010,0.034403382
Simplicity2,WINDPOWER,7644,2010,0.035898944
Simplicity2,WINDPOWER,7645,2010,0.043825409
Simplicity2,WINDPOWER,7646,2010,0.045773115
Simplicity2,WINDPOWER,7647,2010,0.067242179
Simplicity2,WINDPOWER,7648,2010,0.086556884
Simplicity2,WINDPOWER,7649,2010,0.080454444
Simplicity2,WINDPOWER,7650,2010,0.068892449
Simplicity2,WINDPOWER,7651,2010,0.126681591
Simplicity2,WINDPOWER,7652,2010,0.265623084
Simplicity2,WINDPOWER,7653,2010,0.372644063
Simplicity2,WINDPOWER,7654,2010,0.43877447
Simplicity2,WINDPOWER,7655,2010,0.44421175
Simplicity2,WINDPOWER,7656,2010,0.820435515
Simplicity2,WINDPOWER,7657,2010,0.925910811
Simplicity2,WINDPOWER,7658,2010,0.859101123
Simplicity2,WINDPOWER,7659,2010,0.605263249
Simplicity2,WINDPOWER,7660,2010,0.435376565
Simplicity2,WINDPOWER,7661,2010,0.303119113
Simplicity2,WINDPOWER,7662,2010,0.366304115
Simplicity2,WINDPOWER,7663,2010,0.485537542
Simplicity2,WINDPOWER,7664,2010,0.465733729
Simplicity2,WINDPOWER,7665,2010,0.36429522
Simplicity2,WINDPOWER,7666,2010,0.202812917
Simplicity2,WINDPOWER,7667,2010,0.10386853
Simplicity2,WINDPOWER,7668,2010,0.035034729
Simplicity2,WINDPOWER,7669,2010,0.020936733
Simplicity2,WINDPOWER,7670,2010,0.013758557
Simplicity2,WINDPOWER,7671,2010,0.009928159
Simplicity2,WINDPOWER,7672,2010,0.014705887
Simplicity2,WINDPOWER,7673,2010,0.115250706
Simplicity2,WINDPOWER,7674,2010,0.254003943
Simplicity2,WINDPOWER,7675,2010,0.439368782
Simplicity2,WINDPOWER,7676,2010,0.364542813
Simplicity2,WINDPOWER,7677,2010,0.379847951
Simplicity2,WINDPOWER,7678,2010,0.877806278
Simplicity2,WINDPOWER,7679,2010,0.937743101
Simplicity2,WINDPOWER,7680,2010,0.932771531
Simplicity2,WINDPOWER,7681,2010,0.938593587
Simplicity2,WINDPOWER,7682,2010,0.938611568
Simplicity2,WINDPOWER,7683,2010,0.93761501
Simplicity2,WINDPOWER,7684,2010,0.934663606
Simplicity2,WINDPOWER,7685,2010,0.930531046
Simplicity2,WINDPOWER,7686,2010,0.926966191
Simplicity2,WINDPOWER,7687,2010,0.906952886
Simplicity2,WINDPOWER,7688,2010,0.92549386
Simplicity2,WINDPOWER,7689,2010,0.936672207
Simplicity2,WINDPOWER,7690,2010,0.93864825
Simplicity2,WINDPOWER,7691,2010,0.938619867
Simplicity2,WINDPOWER,7692,2010,0.938768185
Simplicity2,WINDPOWER,7693,2010,0.938768185
Simplicity2,WINDPOWER,7694,2010,0.938768185
Simplicity2,WINDPOWER,7695,2010,0.938768185
Simplicity2,WINDPOWER,7696,2010,0.938768185
Simplicity2,WINDPOWER,7697,2010,0.938768185
Simplicity2,WINDPOWER,7698,2010,0.938768185
Simplicity2,WINDPOWER,7699,2010,0.938768185
Simplicity2,WINDPOWER,7700,2010,0.938768185
Simplicity2,WINDPOWER,7701,2010,0.938768185
Simplicity2,WINDPOWER,7702,2010,0.938768185
Simplicity2,WINDPOWER,7703,2010,0.938768185
Simplicity2,WINDPOWER,7704,2010,0.938768185
Simplicity2,WINDPOWER,7705,2010,0.938768185
Simplicity2,WINDPOWER,7706,2010,0.938768185
Simplicity2,WINDPOWER,7707,2010,0.938768185
Simplicity2,WINDPOWER,7708,2010,0.938768185
Simplicity2,WINDPOWER,7709,2010,0.938768185
Simplicity2,WINDPOWER,7710,2010,0.938768185
Simplicity2,WINDPOWER,7711,2010,0.938757345
Simplicity2,WINDPOWER,7712,2010,0.938599792
Simplicity2,WINDPOWER,7713,2010,0.937696901
Simplicity2,WINDPOWER,7714,2010,0.938554939
Simplicity2,WINDPOWER,7715,2010,0.935102661
Simplicity2,WINDPOWER,7716,2010,0.93401713
Simplicity2,WINDPOWER,7717,2010,0.935675941
Simplicity2,WINDPOWER,7718,2010,0.93789687
Simplicity2,WINDPOWER,7719,2010,0.936674641
Simplicity2,WINDPOWER,7720,2010,0.930551301
Simplicity2,WINDPOWER,7721,2010,0.929909692
Simplicity2,WINDPOWER,7722,2010,0.924582029
Simplicity2,WINDPOWER,7723,2010,0.909623707
Simplicity2,WINDPOWER,7724,2010,0.815087006
Simplicity2,WINDPOWER,7725,2010,0.880998341
Simplicity2,WINDPOWER,7726,2010,0.932253224
Simplicity2,WINDPOWER,7727,2010,0.794612482
Simplicity2,WINDPOWER,7728,2010,0.837887284
Simplicity2,WINDPOWER,7729,2010,0.889774181
Simplicity2,WINDPOWER,7730,2010,0.913563836
Simplicity2,WINDPOWER,7731,2010,0.927772505
Simplicity2,WINDPOWER,7732,2010,0.929565488
Simplicity2,WINDPOWER,7733,2010,0.934126146
Simplicity2,WINDPOWER,7734,2010,0.931421222
Simplicity2,WINDPOWER,7735,2010,0.925197751
Simplicity2,WINDPOWER,7736,2010,0.907904885
Simplicity2,WINDPOWER,7737,2010,0.892611144
Simplicity2,WINDPOWER,7738,2010,0.887996781
Simplicity2,WINDPOWER,7739,2010,0.858497751
Simplicity2,WINDPOWER,7740,2010,0.8897618
Simplicity2,WINDPOWER,7741,2010,0.928181565
Simplicity2,WINDPOWER,7742,2010,0.936911611
Simplicity2,WINDPOWER,7743,2010,0.938642386
Simplicity2,WINDPOWER,7744,2010,0.938768185
Simplicity2,WINDPOWER,7745,2010,0.938768185
Simplicity2,WINDPOWER,7746,2010,0.938768185
Simplicity2,WINDPOWER,7747,2010,0.938354645
Simplicity2,WINDPOWER,7748,2010,0.938768185
Simplicity2,WINDPOWER,7749,2010,0.938768185
Simplicity2,WINDPOWER,7750,2010,0.938768185
Simplicity2,WINDPOWER,7751,2010,0.935545563
Simplicity2,WINDPOWER,7752,2010,0.911816628
Simplicity2,WINDPOWER,7753,2010,0.879150807
Simplicity2,WINDPOWER,7754,2010,0.910228396
Simplicity2,WINDPOWER,7755,2010,0.931614471
Simplicity2,WINDPOWER,7756,2010,0.938622286
Simplicity2,WINDPOWER,7757,2010,0.938602123
Simplicity2,WINDPOWER,7758,2010,0.928976994
Simplicity2,WINDPOWER,7759,2010,0.820699739
Simplicity2,WINDPOWER,7760,2010,0.367926284
Simplicity2,WINDPOWER,7761,2010,0.126040617
Simplicity2,WINDPOWER,7762,2010,0.431296586
Simplicity2,WINDPOWER,7763,2010,0.658509198
Simplicity2,WINDPOWER,7764,2010,0.58226961
Simplicity2,WINDPOWER,7765,2010,0.162583011
Simplicity2,WINDPOWER,7766,2010,0.009928159
Simplicity2,WINDPOWER,7767,2010,0.012727235
Simplicity2,WINDPOWER,7768,2010,0.010007658
Simplicity2,WINDPOWER,7769,2010,0.011809008
Simplicity2,WINDPOWER,7770,2010,0.009928159
Simplicity2,WINDPOWER,7771,2010,0.009928159
Simplicity2,WINDPOWER,7772,2010,0.009928159
Simplicity2,WINDPOWER,7773,2010,0.009928159
Simplicity2,WINDPOWER,7774,2010,0.010728813
Simplicity2,WINDPOWER,7775,2010,0.030827758
Simplicity2,WINDPOWER,7776,2010,0.068579951
Simplicity2,WINDPOWER,7777,2010,0.15330826
Simplicity2,WINDPOWER,7778,2010,0.189944828
Simplicity2,WINDPOWER,7779,2010,0.299218334
Simplicity2,WINDPOWER,7780,2010,0.511763406
Simplicity2,WINDPOWER,7781,2010,0.712796613
Simplicity2,WINDPOWER,7782,2010,0.913492657
Simplicity2,WINDPOWER,7783,2010,0.938340042
Simplicity2,WINDPOWER,7784,2010,0.938768185
Simplicity2,WINDPOWER,7785,2010,0.938768185
Simplicity2,WINDPOWER,7786,2010,0.938768185
Simplicity2,WINDPOWER,7787,2010,0.938768185
Simplicity2,WINDPOWER,7788,2010,0.938768185
Simplicity2,WINDPOWER,7789,2010,0.938768185
Simplicity2,WINDPOWER,7790,2010,0.938768185
Simplicity2,WINDPOWER,7791,2010,0.938768185
Simplicity2,WINDPOWER,7792,2010,0.938768185
Simplicity2,WINDPOWER,7793,2010,0.938768185
Simplicity2,WINDPOWER,7794,2010,0.938768185
Simplicity2,WINDPOWER,7795,2010,0.938768185
Simplicity2,WINDPOWER,7796,2010,0.938768185
Simplicity2,WINDPOWER,7797,2010,0.938768185
Simplicity2,WINDPOWER,7798,2010,0.938768185
Simplicity2,WINDPOWER,7799,2010,0.938768185
Simplicity2,WINDPOWER,7800,2010,0.938768185
Simplicity2,WINDPOWER,7801,2010,0.938768185
Simplicity2,WINDPOWER,7802,2010,0.938664956
Simplicity2,WINDPOWER,7803,2010,0.938433507
Simplicity2,WINDPOWER,7804,2010,0.935404058
Simplicity2,WINDPOWER,7805,2010,0.938011021
Simplicity2,WINDPOWER,7806,2010,0.937574896
Simplicity2,WINDPOWER,7807,2010,0.938402373
Simplicity2,WINDPOWER,7808,2010,0.938264013
Simplicity2,WINDPOWER,7809,2010,0.938732256
Simplicity2,WINDPOWER,7810,2010,0.937412365
Simplicity2,WINDPOWER,7811,2010,0.914090531
Simplicity2,WINDPOWER,7812,2010,0.802170599
Simplicity2,WINDPOWER,7813,2010,0.749019714
Simplicity2,WINDPOWER,7814,2010,0.604611153
Simplicity2,WINDPOWER,7815,2010,0.786661971
Simplicity2,WINDPOWER,7816,2010,0.90543
Simplicity2,WINDPOWER,7817,2010,0.929577287
Simplicity2,WINDPOWER,7818,2010,0.935387315
Simplicity2,WINDPOWER,7819,2010,0.938768185
Simplicity2,WINDPOWER,7820,2010,0.938768185
Simplicity2,WINDPOWER,7821,2010,0.938768185
Simplicity2,WINDPOWER,7822,2010,0.938768185
Simplicity2,WINDPOWER,7823,2010,0.938768185
Simplicity2,WINDPOWER,7824,2010,0.938768185
Simplicity2,WINDPOWER,7825,2010,0.938768185
Simplicity2,WINDPOWER,7826,2010,0.938768185
Simplicity2,WINDPOWER,7827,2010,0.938768185
Simplicity2,WINDPOWER,7828,2010,0.938768185
Simplicity2,WINDPOWER,7829,2010,0.938768185
Simplicity2,WINDPOWER,7830,2010,0.938768185
Simplicity2,WINDPOWER,7831,2010,0.938768185
Simplicity2,WINDPOWER,7832,2010,0.938572084
Simplicity2,WINDPOWER,7833,2010,0.837382364
Simplicity2,WINDPOWER,7834,2010,0.211995923
Simplicity2,WINDPOWER,7835,2010,0.065477394
Simplicity2,WINDPOWER,7836,2010,0.284552054
Simplicity2,WINDPOWER,7837,2010,0.229346494
Simplicity2,WINDPOWER,7838,2010,0.176807556
Simplicity2,WINDPOWER,7839,2010,0.09348488
Simplicity2,WINDPOWER,7840,2010,0.039323056
Simplicity2,WINDPOWER,7841,2010,0.009928159
Simplicity2,WINDPOWER,7842,2010,0.009928159
Simplicity2,WINDPOWER,7843,2010,0.009928159
Simplicity2,WINDPOWER,7844,2010,0.009928159
Simplicity2,WINDPOWER,7845,2010,0.009928159
Simplicity2,WINDPOWER,7846,2010,0.009928159
Simplicity2,WINDPOWER,7847,2010,0.009928159
Simplicity2,WINDPOWER,7848,2010,0.023312299
Simplicity2,WINDPOWER,7849,2010,0.116783907
Simplicity2,WINDPOWER,7850,2010,0.252903532
Simplicity2,WINDPOWER,7851,2010,0.398999605
Simplicity2,WINDPOWER,7852,2010,0.519687382
Simplicity2,WINDPOWER,7853,2010,0.676134792
Simplicity2,WINDPOWER,7854,2010,0.792561453
Simplicity2,WINDPOWER,7855,2010,0.870410614
Simplicity2,WINDPOWER,7856,2010,0.904236151
Simplicity2,WINDPOWER,7857,2010,0.925218763
Simplicity2,WINDPOWER,7858,2010,0.930400393
Simplicity2,WINDPOWER,7859,2010,0.857938943
Simplicity2,WINDPOWER,7860,2010,0.864367779
Simplicity2,WINDPOWER,7861,2010,0.909835776
Simplicity2,WINDPOWER,7862,2010,0.902969741
Simplicity2,WINDPOWER,7863,2010,0.881719774
Simplicity2,WINDPOWER,7864,2010,0.926625713
Simplicity2,WINDPOWER,7865,2010,0.933757692
Simplicity2,WINDPOWER,7866,2010,0.909227886
Simplicity2,WINDPOWER,7867,2010,0.926449609
Simplicity2,WINDPOWER,7868,2010,0.911964908
Simplicity2,WINDPOWER,7869,2010,0.869434215
Simplicity2,WINDPOWER,7870,2010,0.918403544
Simplicity2,WINDPOWER,7871,2010,0.933206149
Simplicity2,WINDPOWER,7872,2010,0.938768185
Simplicity2,WINDPOWER,7873,2010,0.938768185
Simplicity2,WINDPOWER,7874,2010,0.938768185
Simplicity2,WINDPOWER,7875,2010,0.938768185
Simplicity2,WINDPOWER,7876,2010,0.938768185
Simplicity2,WINDPOWER,7877,2010,0.938768185
Simplicity2,WINDPOWER,7878,2010,0.938768185
Simplicity2,WINDPOWER,7879,2010,0.938768185
Simplicity2,WINDPOWER,7880,2010,0.938768185
Simplicity2,WINDPOWER,7881,2010,0.938768185
Simplicity2,WINDPOWER,7882,2010,0.938768185
Simplicity2,WINDPOWER,7883,2010,0.938768185
Simplicity2,WINDPOWER,7884,2010,0.938768185
Simplicity2,WINDPOWER,7885,2010,0.938768185
Simplicity2,WINDPOWER,7886,2010,0.938768185
Simplicity2,WINDPOWER,7887,2010,0.938768185
Simplicity2,WINDPOWER,7888,2010,0.938768185
Simplicity2,WINDPOWER,7889,2010,0.938768185
Simplicity2,WINDPOWER,7890,2010,0.938768185
Simplicity2,WINDPOWER,7891,2010,0.938768185
Simplicity2,WINDPOWER,7892,2010,0.938768185
Simplicity2,WINDPOWER,7893,2010,0.938768185
Simplicity2,WINDPOWER,7894,2010,0.938768185
Simplicity2,WINDPOWER,7895,2010,0.938768185
Simplicity2,WINDPOWER,7896,2010,0.938768185
Simplicity2,WINDPOWER,7897,2010,0.938768185
Simplicity2,WINDPOWER,7898,2010,0.938768185
Simplicity2,WINDPOWER,7899,2010,0.938768185
Simplicity2,WINDPOWER,7900,2010,0.938768185
Simplicity2,WINDPOWER,7901,2010,0.938768185
Simplicity2,WINDPOWER,7902,2010,0.938768185
Simplicity2,WINDPOWER,7903,2010,0.938768185
Simplicity2,WINDPOWER,7904,2010,0.938768185
Simplicity2,WINDPOWER,7905,2010,0.938768185
Simplicity2,WINDPOWER,7906,2010,0.938768185
Simplicity2,WINDPOWER,7907,2010,0.938768185
Simplicity2,WINDPOWER,7908,2010,0.938768185
Simplicity2,WINDPOWER,7909,2010,0.938768185
Simplicity2,WINDPOWER,7910,2010,0.938768185
Simplicity2,WINDPOWER,7911,2010,0.938768185
Simplicity2,WINDPOWER,7912,2010,0.938768185
Simplicity2,WINDPOWER,7913,2010,0.938768185
Simplicity2,WINDPOWER,7914,2010,0.938768185
Simplicity2,WINDPOWER,7915,2010,0.938768185
Simplicity2,WINDPOWER,7916,2010,0.938768185
Simplicity2,WINDPOWER,7917,2010,0.938768185
Simplicity2,WINDPOWER,7918,2010,0.938768185
Simplicity2,WINDPOWER,7919,2010,0.938768185
Simplicity2,WINDPOWER,7920,2010,0.938768185
Simplicity2,WINDPOWER,7921,2010,0.938768185
Simplicity2,WINDPOWER,7922,2010,0.938696731
Simplicity2,WINDPOWER,7923,2010,0.938624716
Simplicity2,WINDPOWER,7924,2010,0.937535538
Simplicity2,WINDPOWER,7925,2010,0.936884348
Simplicity2,WINDPOWER,7926,2010,0.933369357
Simplicity2,WINDPOWER,7927,2010,0.929283725
Simplicity2,WINDPOWER,7928,2010,0.924064049
Simplicity2,WINDPOWER,7929,2010,0.895098573
Simplicity2,WINDPOWER,7930,2010,0.853212741
Simplicity2,WINDPOWER,7931,2010,0.519314926
Simplicity2,WINDPOWER,7932,2010,0.395711821
Simplicity2,WINDPOWER,7933,2010,0.372650877
Simplicity2,WINDPOWER,7934,2010,0.341171751
Simplicity2,WINDPOWER,7935,2010,0.235337729
Simplicity2,WINDPOWER,7936,2010,0.276821731
Simplicity2,WINDPOWER,7937,2010,0.230357664
Simplicity2,WINDPOWER,7938,2010,0.233098447
Simplicity2,WINDPOWER,7939,2010,0.259191899
Simplicity2,WINDPOWER,7940,2010,0.217859704
Simplicity2,WINDPOWER,7941,2010,0.187790065
Simplicity2,WINDPOWER,7942,2010,0.296197773
Simplicity2,WINDPOWER,7943,2010,0.575054766
Simplicity2,WINDPOWER,7944,2010,0.905913454
Simplicity2,WINDPOWER,7945,2010,0.938646946
Simplicity2,WINDPOWER,7946,2010,0.938768185
Simplicity2,WINDPOWER,7947,2010,0.938767507
Simplicity2,WINDPOWER,7948,2010,0.938768185
Simplicity2,WINDPOWER,7949,2010,0.938768185
Simplicity2,WINDPOWER,7950,2010,0.938768185
Simplicity2,WINDPOWER,7951,2010,0.938768185
Simplicity2,WINDPOWER,7952,2010,0.938768185
Simplicity2,WINDPOWER,7953,2010,0.938768185
Simplicity2,WINDPOWER,7954,2010,0.938768185
Simplicity2,WINDPOWER,7955,2010,0.938731505
Simplicity2,WINDPOWER,7956,2010,0.938642458
Simplicity2,WINDPOWER,7957,2010,0.936926323
Simplicity2,WINDPOWER,7958,2010,0.937732425
Simplicity2,WINDPOWER,7959,2010,0.938666097
Simplicity2,WINDPOWER,7960,2010,0.938768185
Simplicity2,WINDPOWER,7961,2010,0.938768185
Simplicity2,WINDPOWER,7962,2010,0.938768185
Simplicity2,WINDPOWER,7963,2010,0.938768185
Simplicity2,WINDPOWER,7964,2010,0.938768185
Simplicity2,WINDPOWER,7965,2010,0.938756944
Simplicity2,WINDPOWER,7966,2010,0.938768185
Simplicity2,WINDPOWER,7967,2010,0.938768185
Simplicity2,WINDPOWER,7968,2010,0.938768185
Simplicity2,WINDPOWER,7969,2010,0.938768185
Simplicity2,WINDPOWER,7970,2010,0.938768185
Simplicity2,WINDPOWER,7971,2010,0.938768185
Simplicity2,WINDPOWER,7972,2010,0.938768185
Simplicity2,WINDPOWER,7973,2010,0.938768185
Simplicity2,WINDPOWER,7974,2010,0.938768185
Simplicity2,WINDPOWER,7975,2010,0.938768185
Simplicity2,WINDPOWER,7976,2010,0.938768185
Simplicity2,WINDPOWER,7977,2010,0.938768185
Simplicity2,WINDPOWER,7978,2010,0.938768185
Simplicity2,WINDPOWER,7979,2010,0.938768185
Simplicity2,WINDPOWER,7980,2010,0.938768185
Simplicity2,WINDPOWER,7981,2010,0.938768185
Simplicity2,WINDPOWER,7982,2010,0.938768185
Simplicity2,WINDPOWER,7983,2010,0.938768185
Simplicity2,WINDPOWER,7984,2010,0.938728397
Simplicity2,WINDPOWER,7985,2010,0.926922204
Simplicity2,WINDPOWER,7986,2010,0.870624349
Simplicity2,WINDPOWER,7987,2010,0.83536923
Simplicity2,WINDPOWER,7988,2010,0.578679172
Simplicity2,WINDPOWER,7989,2010,0.51664842
Simplicity2,WINDPOWER,7990,2010,0.848463383
Simplicity2,WINDPOWER,7991,2010,0.814836007
Simplicity2,WINDPOWER,7992,2010,0.686622821
Simplicity2,WINDPOWER,7993,2010,0.821942447
Simplicity2,WINDPOWER,7994,2010,0.835118236
Simplicity2,WINDPOWER,7995,2010,0.87979667
Simplicity2,WINDPOWER,7996,2010,0.928026963
Simplicity2,WINDPOWER,7997,2010,0.938240999
Simplicity2,WINDPOWER,7998,2010,0.938768185
Simplicity2,WINDPOWER,7999,2010,0.938768185
Simplicity2,WINDPOWER,8000,2010,0.938768185
Simplicity2,WINDPOWER,8001,2010,0.938768185
Simplicity2,WINDPOWER,8002,2010,0.938768185
Simplicity2,WINDPOWER,8003,2010,0.938768185
Simplicity2,WINDPOWER,8004,2010,0.938768185
Simplicity2,WINDPOWER,8005,2010,0.938768185
Simplicity2,WINDPOWER,8006,2010,0.938768185
Simplicity2,WINDPOWER,8007,2010,0.938768185
Simplicity2,WINDPOWER,8008,2010,0.937147807
Simplicity2,WINDPOWER,8009,2010,0.928675494
Simplicity2,WINDPOWER,8010,2010,0.9335881
Simplicity2,WINDPOWER,8011,2010,0.860763801
Simplicity2,WINDPOWER,8012,2010,0.845502471
Simplicity2,WINDPOWER,8013,2010,0.914091979
Simplicity2,WINDPOWER,8014,2010,0.938687382
Simplicity2,WINDPOWER,8015,2010,0.938768185
Simplicity2,WINDPOWER,8016,2010,0.938768185
Simplicity2,WINDPOWER,8017,2010,0.938768185
Simplicity2,WINDPOWER,8018,2010,0.938768185
Simplicity2,WINDPOWER,8019,2010,0.938768185
Simplicity2,WINDPOWER,8020,2010,0.938768185
Simplicity2,WINDPOWER,8021,2010,0.938768185
Simplicity2,WINDPOWER,8022,2010,0.938768185
Simplicity2,WINDPOWER,8023,2010,0.938768185
Simplicity2,WINDPOWER,8024,2010,0.938768185
Simplicity2,WINDPOWER,8025,2010,0.938768185
Simplicity2,WINDPOWER,8026,2010,0.938768185
Simplicity2,WINDPOWER,8027,2010,0.938768185
Simplicity2,WINDPOWER,8028,2010,0.938768185
Simplicity2,WINDPOWER,8029,2010,0.938768185
Simplicity2,WINDPOWER,8030,2010,0.938768185
Simplicity2,WINDPOWER,8031,2010,0.938761195
Simplicity2,WINDPOWER,8032,2010,0.936988125
Simplicity2,WINDPOWER,8033,2010,0.934404023
Simplicity2,WINDPOWER,8034,2010,0.936456273
Simplicity2,WINDPOWER,8035,2010,0.937756122
Simplicity2,WINDPOWER,8036,2010,0.93865498
Simplicity2,WINDPOWER,8037,2010,0.938689037
Simplicity2,WINDPOWER,8038,2010,0.938768185
Simplicity2,WINDPOWER,8039,2010,0.938768185
Simplicity2,WINDPOWER,8040,2010,0.938768185
Simplicity2,WINDPOWER,8041,2010,0.938768185
Simplicity2,WINDPOWER,8042,2010,0.938768185
Simplicity2,WINDPOWER,8043,2010,0.938768185
Simplicity2,WINDPOWER,8044,2010,0.938768185
Simplicity2,WINDPOWER,8045,2010,0.938370652
Simplicity2,WINDPOWER,8046,2010,0.935152679
Simplicity2,WINDPOWER,8047,2010,0.938768185
Simplicity2,WINDPOWER,8048,2010,0.938768185
Simplicity2,WINDPOWER,8049,2010,0.938768185
Simplicity2,WINDPOWER,8050,2010,0.938768185
Simplicity2,WINDPOWER,8051,2010,0.938768185
Simplicity2,WINDPOWER,8052,2010,0.938768185
Simplicity2,WINDPOWER,8053,2010,0.938768185
Simplicity2,WINDPOWER,8054,2010,0.938768185
Simplicity2,WINDPOWER,8055,2010,0.938768185
Simplicity2,WINDPOWER,8056,2010,0.938768185
Simplicity2,WINDPOWER,8057,2010,0.938768185
Simplicity2,WINDPOWER,8058,2010,0.938768185
Simplicity2,WINDPOWER,8059,2010,0.938768185
Simplicity2,WINDPOWER,8060,2010,0.938768185
Simplicity2,WINDPOWER,8061,2010,0.930702133
Simplicity2,WINDPOWER,8062,2010,0.928379774
Simplicity2,WINDPOWER,8063,2010,0.938670842
Simplicity2,WINDPOWER,8064,2010,0.935085523
Simplicity2,WINDPOWER,8065,2010,0.925484669
Simplicity2,WINDPOWER,8066,2010,0.907274492
Simplicity2,WINDPOWER,8067,2010,0.884068403
Simplicity2,WINDPOWER,8068,2010,0.873746608
Simplicity2,WINDPOWER,8069,2010,0.913980678
Simplicity2,WINDPOWER,8070,2010,0.931983641
Simplicity2,WINDPOWER,8071,2010,0.935308732
Simplicity2,WINDPOWER,8072,2010,0.938210877
Simplicity2,WINDPOWER,8073,2010,0.938655044
Simplicity2,WINDPOWER,8074,2010,0.938500256
Simplicity2,WINDPOWER,8075,2010,0.936809745
Simplicity2,WINDPOWER,8076,2010,0.938172455
Simplicity2,WINDPOWER,8077,2010,0.938285238
Simplicity2,WINDPOWER,8078,2010,0.933977953
Simplicity2,WINDPOWER,8079,2010,0.934233776
Simplicity2,WINDPOWER,8080,2010,0.936343267
Simplicity2,WINDPOWER,8081,2010,0.932536842
Simplicity2,WINDPOWER,8082,2010,0.919111574
Simplicity2,WINDPOWER,8083,2010,0.893816205
Simplicity2,WINDPOWER,8084,2010,0.861711922
Simplicity2,WINDPOWER,8085,2010,0.831018701
Simplicity2,WINDPOWER,8086,2010,0.777712582
Simplicity2,WINDPOWER,8087,2010,0.837108943
Simplicity2,WINDPOWER,8088,2010,0.912120544
Simplicity2,WINDPOWER,8089,2010,0.892860449
Simplicity2,WINDPOWER,8090,2010,0.843603669
Simplicity2,WINDPOWER,8091,2010,0.809988588
Simplicity2,WINDPOWER,8092,2010,0.829180641
Simplicity2,WINDPOWER,8093,2010,0.862990827
Simplicity2,WINDPOWER,8094,2010,0.919183757
Simplicity2,WINDPOWER,8095,2010,0.924667802
Simplicity2,WINDPOWER,8096,2010,0.914597493
Simplicity2,WINDPOWER,8097,2010,0.905780401
Simplicity2,WINDPOWER,8098,2010,0.878223119
Simplicity2,WINDPOWER,8099,2010,0.712291289
Simplicity2,WINDPOWER,8100,2010,0.583643553
Simplicity2,WINDPOWER,8101,2010,0.352871211
Simplicity2,WINDPOWER,8102,2010,0.149145786
Simplicity2,WINDPOWER,8103,2010,0.021214814
Simplicity2,WINDPOWER,8104,2010,0.009928159
Simplicity2,WINDPOWER,8105,2010,0.009928159
Simplicity2,WINDPOWER,8106,2010,0.013063249
Simplicity2,WINDPOWER,8107,2010,0.021634441
Simplicity2,WINDPOWER,8108,2010,0.011217975
Simplicity2,WINDPOWER,8109,2010,0.012546283
Simplicity2,WINDPOWER,8110,2010,0.027864776
Simplicity2,WINDPOWER,8111,2010,0.050378002
Simplicity2,WINDPOWER,8112,2010,0.112854923
Simplicity2,WINDPOWER,8113,2010,0.136638874
Simplicity2,WINDPOWER,8114,2010,0.03483574
Simplicity2,WINDPOWER,8115,2010,0.011098394
Simplicity2,WINDPOWER,8116,2010,0.021203434
Simplicity2,WINDPOWER,8117,2010,0.01541528
Simplicity2,WINDPOWER,8118,2010,0.013227899
Simplicity2,WINDPOWER,8119,2010,0.009928159
Simplicity2,WINDPOWER,8120,2010,0.010523349
Simplicity2,WINDPOWER,8121,2010,0.018823385
Simplicity2,WINDPOWER,8122,2010,0.011327364
Simplicity2,WINDPOWER,8123,2010,0.009928159
Simplicity2,WINDPOWER,8124,2010,0.009928159
Simplicity2,WINDPOWER,8125,2010,0.012830038
Simplicity2,WINDPOWER,8126,2010,0.079006218
Simplicity2,WINDPOWER,8127,2010,0.159104515
Simplicity2,WINDPOWER,8128,2010,0.242564092
Simplicity2,WINDPOWER,8129,2010,0.314585309
Simplicity2,WINDPOWER,8130,2010,0.353553373
Simplicity2,WINDPOWER,8131,2010,0.430275188
Simplicity2,WINDPOWER,8132,2010,0.477007793
Simplicity2,WINDPOWER,8133,2010,0.546767842
Simplicity2,WINDPOWER,8134,2010,0.600407901
Simplicity2,WINDPOWER,8135,2010,0.758498874
Simplicity2,WINDPOWER,8136,2010,0.859304386
Simplicity2,WINDPOWER,8137,2010,0.899958835
Simplicity2,WINDPOWER,8138,2010,0.892540583
Simplicity2,WINDPOWER,8139,2010,0.886860475
Simplicity2,WINDPOWER,8140,2010,0.913200771
Simplicity2,WINDPOWER,8141,2010,0.913232697
Simplicity2,WINDPOWER,8142,2010,0.886341504
Simplicity2,WINDPOWER,8143,2010,0.885978483
Simplicity2,WINDPOWER,8144,2010,0.917661915
Simplicity2,WINDPOWER,8145,2010,0.91209279
Simplicity2,WINDPOWER,8146,2010,0.904137544
Simplicity2,WINDPOWER,8147,2010,0.919406369
Simplicity2,WINDPOWER,8148,2010,0.926168948
Simplicity2,WINDPOWER,8149,2010,0.926168038
Simplicity2,WINDPOWER,8150,2010,0.910133991
Simplicity2,WINDPOWER,8151,2010,0.877698857
Simplicity2,WINDPOWER,8152,2010,0.847479693
Simplicity2,WINDPOWER,8153,2010,0.8570057
Simplicity2,WINDPOWER,8154,2010,0.85914497
Simplicity2,WINDPOWER,8155,2010,0.863325233
Simplicity2,WINDPOWER,8156,2010,0.75141972
Simplicity2,WINDPOWER,8157,2010,0.880047902
Simplicity2,WINDPOWER,8158,2010,0.912399481
Simplicity2,WINDPOWER,8159,2010,0.859623515
Simplicity2,WINDPOWER,8160,2010,0.889739928
Simplicity2,WINDPOWER,8161,2010,0.914552092
Simplicity2,WINDPOWER,8162,2010,0.931328173
Simplicity2,WINDPOWER,8163,2010,0.9344516
Simplicity2,WINDPOWER,8164,2010,0.93393214
Simplicity2,WINDPOWER,8165,2010,0.932940641
Simplicity2,WINDPOWER,8166,2010,0.937472632
Simplicity2,WINDPOWER,8167,2010,0.938661172
Simplicity2,WINDPOWER,8168,2010,0.938768185
Simplicity2,WINDPOWER,8169,2010,0.938768185
Simplicity2,WINDPOWER,8170,2010,0.938768185
Simplicity2,WINDPOWER,8171,2010,0.938682882
Simplicity2,WINDPOWER,8172,2010,0.938655553
Simplicity2,WINDPOWER,8173,2010,0.938471686
Simplicity2,WINDPOWER,8174,2010,0.938768185
Simplicity2,WINDPOWER,8175,2010,0.938659578
Simplicity2,WINDPOWER,8176,2010,0.937693486
Simplicity2,WINDPOWER,8177,2010,0.938652093
Simplicity2,WINDPOWER,8178,2010,0.938768185
Simplicity2,WINDPOWER,8179,2010,0.938768185
Simplicity2,WINDPOWER,8180,2010,0.938768185
Simplicity2,WINDPOWER,8181,2010,0.938768185
Simplicity2,WINDPOWER,8182,2010,0.938768185
Simplicity2,WINDPOWER,8183,2010,0.938768185
Simplicity2,WINDPOWER,8184,2010,0.938768185
Simplicity2,WINDPOWER,8185,2010,0.938768185
Simplicity2,WINDPOWER,8186,2010,0.938768185
Simplicity2,WINDPOWER,8187,2010,0.938768185
Simplicity2,WINDPOWER,8188,2010,0.938768185
Simplicity2,WINDPOWER,8189,2010,0.938768185
Simplicity2,WINDPOWER,8190,2010,0.938768185
Simplicity2,WINDPOWER,8191,2010,0.938768185
Simplicity2,WINDPOWER,8192,2010,0.938768185
Simplicity2,WINDPOWER,8193,2010,0.938768185
Simplicity2,WINDPOWER,8194,2010,0.938768185
Simplicity2,WINDPOWER,8195,2010,0.931971442
Simplicity2,WINDPOWER,8196,2010,0.929707098
Simplicity2,WINDPOWER,8197,2010,0.925480667
Simplicity2,WINDPOWER,8198,2010,0.933091163
Simplicity2,WINDPOWER,8199,2010,0.938629566
Simplicity2,WINDPOWER,8200,2010,0.938701419
Simplicity2,WINDPOWER,8201,2010,0.938768185
Simplicity2,WINDPOWER,8202,2010,0.938768185
Simplicity2,WINDPOWER,8203,2010,0.938768185
Simplicity2,WINDPOWER,8204,2010,0.938768185
Simplicity2,WINDPOWER,8205,2010,0.938768185
Simplicity2,WINDPOWER,8206,2010,0.938768185
Simplicity2,WINDPOWER,8207,2010,0.938768185
Simplicity2,WINDPOWER,8208,2010,0.938768185
Simplicity2,WINDPOWER,8209,2010,0.938768185
Simplicity2,WINDPOWER,8210,2010,0.938768185
Simplicity2,WINDPOWER,8211,2010,0.938768185
Simplicity2,WINDPOWER,8212,2010,0.938768185
Simplicity2,WINDPOWER,8213,2010,0.938768185
Simplicity2,WINDPOWER,8214,2010,0.938768185
Simplicity2,WINDPOWER,8215,2010,0.938768185
Simplicity2,WINDPOWER,8216,2010,0.938768185
Simplicity2,WINDPOWER,8217,2010,0.938768185
Simplicity2,WINDPOWER,8218,2010,0.938768185
Simplicity2,WINDPOWER,8219,2010,0.938768185
Simplicity2,WINDPOWER,8220,2010,0.938768185
Simplicity2,WINDPOWER,8221,2010,0.938746033
Simplicity2,WINDPOWER,8222,2010,0.938645588
Simplicity2,WINDPOWER,8223,2010,0.938630248
Simplicity2,WINDPOWER,8224,2010,0.937762751
Simplicity2,WINDPOWER,8225,2010,0.9378335
Simplicity2,WINDPOWER,8226,2010,0.936770338
Simplicity2,WINDPOWER,8227,2010,0.937826231
Simplicity2,WINDPOWER,8228,2010,0.930665445
Simplicity2,WINDPOWER,8229,2010,0.938768185
Simplicity2,WINDPOWER,8230,2010,0.938768185
Simplicity2,WINDPOWER,8231,2010,0.937000488
Simplicity2,WINDPOWER,8232,2010,0.938645852
Simplicity2,WINDPOWER,8233,2010,0.938326343
Simplicity2,WINDPOWER,8234,2010,0.935501913
Simplicity2,WINDPOWER,8235,2010,0.931795828
Simplicity2,WINDPOWER,8236,2010,0.923348189
Simplicity2,WINDPOWER,8237,2010,0.924855146
Simplicity2,WINDPOWER,8238,2010,0.925395557
Simplicity2,WINDPOWER,8239,2010,0.928846762
Simplicity2,WINDPOWER,8240,2010,0.931675307
Simplicity2,WINDPOWER,8241,2010,0.928913864
Simplicity2,WINDPOWER,8242,2010,0.931223463
Simplicity2,WINDPOWER,8243,2010,0.933666255
Simplicity2,WINDPOWER,8244,2010,0.937725739
Simplicity2,WINDPOWER,8245,2010,0.938753715
Simplicity2,WINDPOWER,8246,2010,0.938768185
Simplicity2,WINDPOWER,8247,2010,0.938768185
Simplicity2,WINDPOWER,8248,2010,0.938768185
Simplicity2,WINDPOWER,8249,2010,0.938768185
Simplicity2,WINDPOWER,8250,2010,0.938768185
Simplicity2,WINDPOWER,8251,2010,0.938768185
Simplicity2,WINDPOWER,8252,2010,0.938768185
Simplicity2,WINDPOWER,8253,2010,0.938768185
Simplicity2,WINDPOWER,8254,2010,0.938768185
Simplicity2,WINDPOWER,8255,2010,0.938768185
Simplicity2,WINDPOWER,8256,2010,0.938768185
Simplicity2,WINDPOWER,8257,2010,0.938768185
Simplicity2,WINDPOWER,8258,2010,0.938768185
Simplicity2,WINDPOWER,8259,2010,0.938768185
Simplicity2,WINDPOWER,8260,2010,0.938768185
Simplicity2,WINDPOWER,8261,2010,0.938768185
Simplicity2,WINDPOWER,8262,2010,0.938768185
Simplicity2,WINDPOWER,8263,2010,0.938768185
Simplicity2,WINDPOWER,8264,2010,0.938768185
Simplicity2,WINDPOWER,8265,2010,0.938768185
Simplicity2,WINDPOWER,8266,2010,0.938637107
Simplicity2,WINDPOWER,8267,2010,0.926013446
Simplicity2,WINDPOWER,8268,2010,0.923475378
Simplicity2,WINDPOWER,8269,2010,0.937924027
Simplicity2,WINDPOWER,8270,2010,0.938768185
Simplicity2,WINDPOWER,8271,2010,0.938647309
Simplicity2,WINDPOWER,8272,2010,0.938433483
Simplicity2,WINDPOWER,8273,2010,0.93801697
Simplicity2,WINDPOWER,8274,2010,0.925159982
Simplicity2,WINDPOWER,8275,2010,0.914136001
Simplicity2,WINDPOWER,8276,2010,0.897819546
Simplicity2,WINDPOWER,8277,2010,0.910616133
Simplicity2,WINDPOWER,8278,2010,0.913008324
Simplicity2,WINDPOWER,8279,2010,0.860922242
Simplicity2,WINDPOWER,8280,2010,0.855953485
Simplicity2,WINDPOWER,8281,2010,0.82473598
Simplicity2,WINDPOWER,8282,2010,0.787662744
Simplicity2,WINDPOWER,8283,2010,0.840838587
Simplicity2,WINDPOWER,8284,2010,0.867178454
Simplicity2,WINDPOWER,8285,2010,0.864423341
Simplicity2,WINDPOWER,8286,2010,0.881803964
Simplicity2,WINDPOWER,8287,2010,0.871988692
Simplicity2,WINDPOWER,8288,2010,0.896197095
Simplicity2,WINDPOWER,8289,2010,0.892893326
Simplicity2,WINDPOWER,8290,2010,0.847204682
Simplicity2,WINDPOWER,8291,2010,0.566908108
Simplicity2,WINDPOWER,8292,2010,0.386756287
Simplicity2,WINDPOWER,8293,2010,0.203308661
Simplicity2,WINDPOWER,8294,2010,0.109490145
Simplicity2,WINDPOWER,8295,2010,0.05528602
Simplicity2,WINDPOWER,8296,2010,0.047028448
Simplicity2,WINDPOWER,8297,2010,0.076869116
Simplicity2,WINDPOWER,8298,2010,0.090022309
Simplicity2,WINDPOWER,8299,2010,0.034498054
Simplicity2,WINDPOWER,8300,2010,0.009928159
Simplicity2,WINDPOWER,8301,2010,0.009928159
Simplicity2,WINDPOWER,8302,2010,0.009928159
Simplicity2,WINDPOWER,8303,2010,0.028414349
Simplicity2,WINDPOWER,8304,2010,0.06529459
Simplicity2,WINDPOWER,8305,2010,0.120600959
Simplicity2,WINDPOWER,8306,2010,0.191285798
Simplicity2,WINDPOWER,8307,2010,0.194998013
Simplicity2,WINDPOWER,8308,2010,0.163191884
Simplicity2,WINDPOWER,8309,2010,0.143808088
Simplicity2,WINDPOWER,8310,2010,0.105512686
Simplicity2,WINDPOWER,8311,2010,0.091043251
Simplicity2,WINDPOWER,8312,2010,0.099673083
Simplicity2,WINDPOWER,8313,2010,0.101196398
Simplicity2,WINDPOWER,8314,2010,0.100108578
Simplicity2,WINDPOWER,8315,2010,0.176011739
Simplicity2,WINDPOWER,8316,2010,0.156107327
Simplicity2,WINDPOWER,8317,2010,0.178194228
Simplicity2,WINDPOWER,8318,2010,0.269895267
Simplicity2,WINDPOWER,8319,2010,0.296779004
Simplicity2,WINDPOWER,8320,2010,0.309851373
Simplicity2,WINDPOWER,8321,2010,0.304449833
Simplicity2,WINDPOWER,8322,2010,0.355891573
Simplicity2,WINDPOWER,8323,2010,0.376388409
Simplicity2,WINDPOWER,8324,2010,0.37669215
Simplicity2,WINDPOWER,8325,2010,0.356645546
Simplicity2,WINDPOWER,8326,2010,0.374097708
Simplicity2,WINDPOWER,8327,2010,0.755596721
Simplicity2,WINDPOWER,8328,2010,0.703809571
Simplicity2,WINDPOWER,8329,2010,0.66336493
Simplicity2,WINDPOWER,8330,2010,0.599122353
Simplicity2,WINDPOWER,8331,2010,0.620140756
Simplicity2,WINDPOWER,8332,2010,0.587874127
Simplicity2,WINDPOWER,8333,2010,0.541764767
Simplicity2,WINDPOWER,8334,2010,0.546561725
Simplicity2,WINDPOWER,8335,2010,0.452340798
Simplicity2,WINDPOWER,8336,2010,0.492972121
Simplicity2,WINDPOWER,8337,2010,0.496748949
Simplicity2,WINDPOWER,8338,2010,0.450981881
Simplicity2,WINDPOWER,8339,2010,0.534310777
Simplicity2,WINDPOWER,8340,2010,0.349939711
Simplicity2,WINDPOWER,8341,2010,0.275470472
Simplicity2,WINDPOWER,8342,2010,0.235786466
Simplicity2,WINDPOWER,8343,2010,0.214627129
Simplicity2,WINDPOWER,8344,2010,0.173773225
Simplicity2,WINDPOWER,8345,2010,0.130892343
Simplicity2,WINDPOWER,8346,2010,0.086997423
Simplicity2,WINDPOWER,8347,2010,0.045259606
Simplicity2,WINDPOWER,8348,2010,0.009928159
Simplicity2,WINDPOWER,8349,2010,0.009928159
Simplicity2,WINDPOWER,8350,2010,0.009928159
Simplicity2,WINDPOWER,8351,2010,0.01136938
Simplicity2,WINDPOWER,8352,2010,0.012487154
Simplicity2,WINDPOWER,8353,2010,0.013164822
Simplicity2,WINDPOWER,8354,2010,0.010430153
Simplicity2,WINDPOWER,8355,2010,0.009928159
Simplicity2,WINDPOWER,8356,2010,0.009928159
Simplicity2,WINDPOWER,8357,2010,0.009975715
Simplicity2,WINDPOWER,8358,2010,0.01271403
Simplicity2,WINDPOWER,8359,2010,0.021196948
Simplicity2,WINDPOWER,8360,2010,0.026075694
Simplicity2,WINDPOWER,8361,2010,0.031156363
Simplicity2,WINDPOWER,8362,2010,0.045842158
Simplicity2,WINDPOWER,8363,2010,0.064189858
Simplicity2,WINDPOWER,8364,2010,0.078103667
Simplicity2,WINDPOWER,8365,2010,0.082378201
Simplicity2,WINDPOWER,8366,2010,0.074073662
Simplicity2,WINDPOWER,8367,2010,0.081643676
Simplicity2,WINDPOWER,8368,2010,0.115637707
Simplicity2,WINDPOWER,8369,2010,0.116287962
Simplicity2,WINDPOWER,8370,2010,0.088801173
Simplicity2,WINDPOWER,8371,2010,0.055059181
Simplicity2,WINDPOWER,8372,2010,0.044766647
Simplicity2,WINDPOWER,8373,2010,0.060436085
Simplicity2,WINDPOWER,8374,2010,0.061588241
Simplicity2,WINDPOWER,8375,2010,0.036062132
Simplicity2,WINDPOWER,8376,2010,0.01132846
Simplicity2,WINDPOWER,8377,2010,0.009928159
Simplicity2,WINDPOWER,8378,2010,0.009928159
Simplicity2,WINDPOWER,8379,2010,0.064396707
Simplicity2,WINDPOWER,8380,2010,0.163802004
Simplicity2,WINDPOWER,8381,2010,0.198348259
Simplicity2,WINDPOWER,8382,2010,0.235765617
Simplicity2,WINDPOWER,8383,2010,0.213982644
Simplicity2,WINDPOWER,8384,2010,0.208150036
Simplicity2,WINDPOWER,8385,2010,0.235680579
Simplicity2,WINDPOWER,8386,2010,0.306852703
Simplicity2,WINDPOWER,8387,2010,0.418121924
Simplicity2,WINDPOWER,8388,2010,0.494205522
Simplicity2,WINDPOWER,8389,2010,0.460635876
Simplicity2,WINDPOWER,8390,2010,0.335514694
Simplicity2,WINDPOWER,8391,2010,0.273654115
Simplicity2,WINDPOWER,8392,2010,0.248283688
Simplicity2,WINDPOWER,8393,2010,0.236531611
Simplicity2,WINDPOWER,8394,2010,0.221880989
Simplicity2,WINDPOWER,8395,2010,0.151409259
Simplicity2,WINDPOWER,8396,2010,0.095424106
Simplicity2,WINDPOWER,8397,2010,0.069999307
Simplicity2,WINDPOWER,8398,2010,0.045434905
Simplicity2,WINDPOWER,8399,2010,0.012617377
Simplicity2,WINDPOWER,8400,2010,0.009928159
Simplicity2,WINDPOWER,8401,2010,0.009928159
Simplicity2,WINDPOWER,8402,2010,0.009928159
Simplicity2,WINDPOWER,8403,2010,0.009928159
Simplicity2,WINDPOWER,8404,2010,0.010002188
Simplicity2,WINDPOWER,8405,2010,0.040880107
Simplicity2,WINDPOWER,8406,2010,0.095650939
Simplicity2,WINDPOWER,8407,2010,0.166704153
Simplicity2,WINDPOWER,8408,2010,0.324557088
Simplicity2,WINDPOWER,8409,2010,0.526641805
Simplicity2,WINDPOWER,8410,2010,0.722453114
Simplicity2,WINDPOWER,8411,2010,0.839713959
Simplicity2,WINDPOWER,8412,2010,0.906198354
Simplicity2,WINDPOWER,8413,2010,0.928430101
Simplicity2,WINDPOWER,8414,2010,0.937216629
Simplicity2,WINDPOWER,8415,2010,0.938603589
Simplicity2,WINDPOWER,8416,2010,0.938661435
Simplicity2,WINDPOWER,8417,2010,0.938634074
Simplicity2,WINDPOWER,8418,2010,0.938595339
Simplicity2,WINDPOWER,8419,2010,0.938595971
Simplicity2,WINDPOWER,8420,2010,0.938596742
Simplicity2,WINDPOWER,8421,2010,0.937559653
Simplicity2,WINDPOWER,8422,2010,0.936726736
Simplicity2,WINDPOWER,8423,2010,0.936468299
Simplicity2,WINDPOWER,8424,2010,0.936203851
Simplicity2,WINDPOWER,8425,2010,0.935698237
Simplicity2,WINDPOWER,8426,2010,0.937183408
Simplicity2,WINDPOWER,8427,2010,0.936680716
Simplicity2,WINDPOWER,8428,2010,0.935606786
Simplicity2,WINDPOWER,8429,2010,0.935543895
Simplicity2,WINDPOWER,8430,2010,0.932033788
Simplicity2,WINDPOWER,8431,2010,0.930496362
Simplicity2,WINDPOWER,8432,2010,0.923596425
Simplicity2,WINDPOWER,8433,2010,0.891916637
Simplicity2,WINDPOWER,8434,2010,0.870312245
Simplicity2,WINDPOWER,8435,2010,0.858362797
Simplicity2,WINDPOWER,8436,2010,0.799701239
Simplicity2,WINDPOWER,8437,2010,0.721093352
Simplicity2,WINDPOWER,8438,2010,0.550874096
Simplicity2,WINDPOWER,8439,2010,0.50984617
Simplicity2,WINDPOWER,8440,2010,0.32064222
Simplicity2,WINDPOWER,8441,2010,0.10439147
Simplicity2,WINDPOWER,8442,2010,0.011671439
Simplicity2,WINDPOWER,8443,2010,0.009928159
Simplicity2,WINDPOWER,8444,2010,0.013659754
Simplicity2,WINDPOWER,8445,2010,0.091962348
Simplicity2,WINDPOWER,8446,2010,0.112732444
Simplicity2,WINDPOWER,8447,2010,0.195762455
Simplicity2,WINDPOWER,8448,2010,0.21594339
Simplicity2,WINDPOWER,8449,2010,0.182533808
Simplicity2,WINDPOWER,8450,2010,0.147268623
Simplicity2,WINDPOWER,8451,2010,0.142411488
Simplicity2,WINDPOWER,8452,2010,0.148524903
Simplicity2,WINDPOWER,8453,2010,0.151566738
Simplicity2,WINDPOWER,8454,2010,0.103167767
Simplicity2,WINDPOWER,8455,2010,0.054330737
Simplicity2,WINDPOWER,8456,2010,0.015091486
Simplicity2,WINDPOWER,8457,2010,0.009928159
Simplicity2,WINDPOWER,8458,2010,0.009928159
Simplicity2,WINDPOWER,8459,2010,0.009928159
Simplicity2,WINDPOWER,8460,2010,0.010784794
Simplicity2,WINDPOWER,8461,2010,0.021521172
Simplicity2,WINDPOWER,8462,2010,0.061994097
Simplicity2,WINDPOWER,8463,2010,0.119454925
Simplicity2,WINDPOWER,8464,2010,0.136176438
Simplicity2,WINDPOWER,8465,2010,0.131458027
Simplicity2,WINDPOWER,8466,2010,0.145031006
Simplicity2,WINDPOWER,8467,2010,0.16404539
Simplicity2,WINDPOWER,8468,2010,0.178651404
Simplicity2,WINDPOWER,8469,2010,0.194860876
Simplicity2,WINDPOWER,8470,2010,0.238816797
Simplicity2,WINDPOWER,8471,2010,0.241248744
Simplicity2,WINDPOWER,8472,2010,0.264393082
Simplicity2,WINDPOWER,8473,2010,0.29076998
Simplicity2,WINDPOWER,8474,2010,0.318498711
Simplicity2,WINDPOWER,8475,2010,0.345209362
Simplicity2,WINDPOWER,8476,2010,0.401274849
Simplicity2,WINDPOWER,8477,2010,0.433844055
Simplicity2,WINDPOWER,8478,2010,0.398256136
Simplicity2,WINDPOWER,8479,2010,0.401995523
Simplicity2,WINDPOWER,8480,2010,0.431169093
Simplicity2,WINDPOWER,8481,2010,0.437194613
Simplicity2,WINDPOWER,8482,2010,0.470674662
Simplicity2,WINDPOWER,8483,2010,0.500706452
Simplicity2,WINDPOWER,8484,2010,0.592171273
Simplicity2,WINDPOWER,8485,2010,0.644283027
Simplicity2,WINDPOWER,8486,2010,0.740935377
Simplicity2,WINDPOWER,8487,2010,0.816778253
Simplicity2,WINDPOWER,8488,2010,0.840115768
Simplicity2,WINDPOWER,8489,2010,0.867924266
Simplicity2,WINDPOWER,8490,2010,0.904310506
Simplicity2,WINDPOWER,8491,2010,0.923754309
Simplicity2,WINDPOWER,8492,2010,0.931496881
Simplicity2,WINDPOWER,8493,2010,0.909565403
Simplicity2,WINDPOWER,8494,2010,0.906652424
Simplicity2,WINDPOWER,8495,2010,0.930293111
Simplicity2,WINDPOWER,8496,2010,0.936307272
Simplicity2,WINDPOWER,8497,2010,0.938702695
Simplicity2,WINDPOWER,8498,2010,0.938768185
Simplicity2,WINDPOWER,8499,2010,0.938768185
Simplicity2,WINDPOWER,8500,2010,0.938768185
Simplicity2,WINDPOWER,8501,2010,0.938768185
Simplicity2,WINDPOWER,8502,2010,0.938768185
Simplicity2,WINDPOWER,8503,2010,0.938768185
Simplicity2,WINDPOWER,8504,2010,0.938768185
Simplicity2,WINDPOWER,8505,2010,0.938768185
Simplicity2,WINDPOWER,8506,2010,0.938768185
Simplicity2,WINDPOWER,8507,2010,0.938768185
Simplicity2,WINDPOWER,8508,2010,0.938768185
Simplicity2,WINDPOWER,8509,2010,0.938768185
Simplicity2,WINDPOWER,8510,2010,0.938768185
Simplicity2,WINDPOWER,8511,2010,0.938768185
Simplicity2,WINDPOWER,8512,2010,0.938768185
Simplicity2,WINDPOWER,8513,2010,0.938768185
Simplicity2,WINDPOWER,8514,2010,0.938768185
Simplicity2,WINDPOWER,8515,2010,0.938768185
Simplicity2,WINDPOWER,8516,2010,0.937501846
Simplicity2,WINDPOWER,8517,2010,0.932821671
Simplicity2,WINDPOWER,8518,2010,0.910268733
Simplicity2,WINDPOWER,8519,2010,0.896493183
Simplicity2,WINDPOWER,8520,2010,0.867945205
Simplicity2,WINDPOWER,8521,2010,0.808768513
Simplicity2,WINDPOWER,8522,2010,0.555249812
Simplicity2,WINDPOWER,8523,2010,0.410348406
Simplicity2,WINDPOWER,8524,2010,0.237631395
Simplicity2,WINDPOWER,8525,2010,0.131277403
Simplicity2,WINDPOWER,8526,2010,0.043714317
Simplicity2,WINDPOWER,8527,2010,0.009928159
Simplicity2,WINDPOWER,8528,2010,0.009928159
Simplicity2,WINDPOWER,8529,2010,0.010271914
Simplicity2,WINDPOWER,8530,2010,0.02453303
Simplicity2,WINDPOWER,8531,2010,0.123942793
Simplicity2,WINDPOWER,8532,2010,0.164007903
Simplicity2,WINDPOWER,8533,2010,0.205457033
Simplicity2,WINDPOWER,8534,2010,0.165922198
Simplicity2,WINDPOWER,8535,2010,0.192049858
Simplicity2,WINDPOWER,8536,2010,0.296169549
Simplicity2,WINDPOWER,8537,2010,0.326900853
Simplicity2,WINDPOWER,8538,2010,0.278737065
Simplicity2,WINDPOWER,8539,2010,0.245924667
Simplicity2,WINDPOWER,8540,2010,0.237602633
Simplicity2,WINDPOWER,8541,2010,0.264597653
Simplicity2,WINDPOWER,8542,2010,0.242713749
Simplicity2,WINDPOWER,8543,2010,0.269383018
Simplicity2,WINDPOWER,8544,2010,0.187642757
Simplicity2,WINDPOWER,8545,2010,0.146625238
Simplicity2,WINDPOWER,8546,2010,0.146755514
Simplicity2,WINDPOWER,8547,2010,0.126015157
Simplicity2,WINDPOWER,8548,2010,0.086617261
Simplicity2,WINDPOWER,8549,2010,0.095135988
Simplicity2,WINDPOWER,8550,2010,0.088165262
Simplicity2,WINDPOWER,8551,2010,0.071696073
Simplicity2,WINDPOWER,8552,2010,0.036418902
Simplicity2,WINDPOWER,8553,2010,0.01789262
Simplicity2,WINDPOWER,8554,2010,0.020546366
Simplicity2,WINDPOWER,8555,2010,0.025079278
Simplicity2,WINDPOWER,8556,2010,0.036438772
Simplicity2,WINDPOWER,8557,2010,0.048081934
Simplicity2,WINDPOWER,8558,2010,0.011405284
Simplicity2,WINDPOWER,8559,2010,0.009928159
Simplicity2,WINDPOWER,8560,2010,0.009928159
Simplicity2,WINDPOWER,8561,2010,0.01218759
Simplicity2,WINDPOWER,8562,2010,0.039349878
Simplicity2,WINDPOWER,8563,2010,0.044025349
Simplicity2,WINDPOWER,8564,2010,0.046722055
Simplicity2,WINDPOWER,8565,2010,0.044057399
Simplicity2,WINDPOWER,8566,2010,0.023227428
Simplicity2,WINDPOWER,8567,2010,0.121224566
Simplicity2,WINDPOWER,8568,2010,0.111476107
Simplicity2,WINDPOWER,8569,2010,0.113838608
Simplicity2,WINDPOWER,8570,2010,0.097170416
Simplicity2,WINDPOWER,8571,2010,0.110787968
Simplicity2,WINDPOWER,8572,2010,0.145597729
Simplicity2,WINDPOWER,8573,2010,0.191076908
Simplicity2,WINDPOWER,8574,2010,0.213531297
Simplicity2,WINDPOWER,8575,2010,0.191903317
Simplicity2,WINDPOWER,8576,2010,0.159803739
Simplicity2,WINDPOWER,8577,2010,0.166027281
Simplicity2,WINDPOWER,8578,2010,0.208765265
Simplicity2,WINDPOWER,8579,2010,0.360827241
Simplicity2,WINDPOWER,8580,2010,0.377975058
Simplicity2,WINDPOWER,8581,2010,0.36480625
Simplicity2,WINDPOWER,8582,2010,0.347292423
Simplicity2,WINDPOWER,8583,2010,0.347848088
Simplicity2,WINDPOWER,8584,2010,0.343168682
Simplicity2,WINDPOWER,8585,2010,0.326567562
Simplicity2,WINDPOWER,8586,2010,0.279428548
Simplicity2,WINDPOWER,8587,2010,0.220574582
Simplicity2,WINDPOWER,8588,2010,0.261607323
Simplicity2,WINDPOWER,8589,2010,0.261781966
Simplicity2,WINDPOWER,8590,2010,0.275487192
Simplicity2,WINDPOWER,8591,2010,0.446393574
Simplicity2,WINDPOWER,8592,2010,0.393547084
Simplicity2,WINDPOWER,8593,2010,0.378124199
Simplicity2,WINDPOWER,8594,2010,0.343562289
Simplicity2,WINDPOWER,8595,2010,0.37837547
Simplicity2,WINDPOWER,8596,2010,0.40890973
Simplicity2,WINDPOWER,8597,2010,0.444526257
Simplicity2,WINDPOWER,8598,2010,0.3675148
Simplicity2,WINDPOWER,8599,2010,0.365291161
Simplicity2,WINDPOWER,8600,2010,0.369187527
Simplicity2,WINDPOWER,8601,2010,0.416865035
Simplicity2,WINDPOWER,8602,2010,0.469251968
Simplicity2,WINDPOWER,8603,2010,0.585322443
Simplicity2,WINDPOWER,8604,2010,0.533797152
Simplicity2,WINDPOWER,8605,2010,0.463745543
Simplicity2,WINDPOWER,8606,2010,0.442628013
Simplicity2,WINDPOWER,8607,2010,0.490488238
Simplicity2,WINDPOWER,8608,2010,0.52710699
Simplicity2,WINDPOWER,8609,2010,0.478174498
Simplicity2,WINDPOWER,8610,2010,0.426591019
Simplicity2,WINDPOWER,8611,2010,0.359250393
Simplicity2,WINDPOWER,8612,2010,0.335135763
Simplicity2,WINDPOWER,8613,2010,0.409010896
Simplicity2,WINDPOWER,8614,2010,0.402328759
Simplicity2,WINDPOWER,8615,2010,0.484934759
Simplicity2,WINDPOWER,8616,2010,0.368602451
Simplicity2,WINDPOWER,8617,2010,0.278211962
Simplicity2,WINDPOWER,8618,2010,0.220262602
Simplicity2,WINDPOWER,8619,2010,0.208770267
Simplicity2,WINDPOWER,8620,2010,0.216250153
Simplicity2,WINDPOWER,8621,2010,0.201896148
Simplicity2,WINDPOWER,8622,2010,0.205577147
Simplicity2,WINDPOWER,8623,2010,0.20448898
Simplicity2,WINDPOWER,8624,2010,0.180618109
Simplicity2,WINDPOWER,8625,2010,0.186059197
Simplicity2,WINDPOWER,8626,2010,0.195163714
Simplicity2,WINDPOWER,8627,2010,0.354509732
Simplicity2,WINDPOWER,8628,2010,0.350749211
Simplicity2,WINDPOWER,8629,2010,0.334070086
Simplicity2,WINDPOWER,8630,2010,0.294451242
Simplicity2,WINDPOWER,8631,2010,0.263981033
Simplicity2,WINDPOWER,8632,2010,0.267524636
Simplicity2,WINDPOWER,8633,2010,0.274551156
Simplicity2,WINDPOWER,8634,2010,0.296745477
Simplicity2,WINDPOWER,8635,2010,0.273044933
Simplicity2,WINDPOWER,8636,2010,0.201540795
Simplicity2,WINDPOWER,8637,2010,0.163831569
Simplicity2,WINDPOWER,8638,2010,0.11153584
Simplicity2,WINDPOWER,8639,2010,0.200335531
Simplicity2,WINDPOWER,8640,2010,0.193579511
Simplicity2,WINDPOWER,8641,2010,0.088091952
Simplicity2,WINDPOWER,8642,2010,0.021652867
Simplicity2,WINDPOWER,8643,2010,0.009928159
Simplicity2,WINDPOWER,8644,2010,0.009928159
Simplicity2,WINDPOWER,8645,2010,0.009928159
Simplicity2,WINDPOWER,8646,2010,0.010039224
Simplicity2,WINDPOWER,8647,2010,0.069219191
Simplicity2,WINDPOWER,8648,2010,0.168869992
Simplicity2,WINDPOWER,8649,2010,0.351046078
Simplicity2,WINDPOWER,8650,2010,0.713448255
Simplicity2,WINDPOWER,8651,2010,0.896034514
Simplicity2,WINDPOWER,8652,2010,0.937577768
Simplicity2,WINDPOWER,8653,2010,0.938768185
Simplicity2,WINDPOWER,8654,2010,0.938768185
Simplicity2,WINDPOWER,8655,2010,0.938768185
Simplicity2,WINDPOWER,8656,2010,0.938768185
Simplicity2,WINDPOWER,8657,2010,0.938768185
Simplicity2,WINDPOWER,8658,2010,0.938768185
Simplicity2,WINDPOWER,8659,2010,0.938768185
Simplicity2,WINDPOWER,8660,2010,0.938721033
Simplicity2,WINDPOWER,8661,2010,0.935186846
Simplicity2,WINDPOWER,8662,2010,0.916468355
Simplicity2,WINDPOWER,8663,2010,0.891870617
Simplicity2,WINDPOWER,8664,2010,0.904977598
Simplicity2,WINDPOWER,8665,2010,0.916009761
Simplicity2,WINDPOWER,8666,2010,0.899213102
Simplicity2,WINDPOWER,8667,2010,0.864945679
Simplicity2,WINDPOWER,8668,2010,0.863021176
Simplicity2,WINDPOWER,8669,2010,0.903799425
Simplicity2,WINDPOWER,8670,2010,0.919746371
Simplicity2,WINDPOWER,8671,2010,0.916208359
Simplicity2,WINDPOWER,8672,2010,0.915457919
Simplicity2,WINDPOWER,8673,2010,0.912272298
Simplicity2,WINDPOWER,8674,2010,0.893630038
Simplicity2,WINDPOWER,8675,2010,0.875953268
Simplicity2,WINDPOWER,8676,2010,0.853077995
Simplicity2,WINDPOWER,8677,2010,0.775738435
Simplicity2,WINDPOWER,8678,2010,0.553609017
Simplicity2,WINDPOWER,8679,2010,0.382654314
Simplicity2,WINDPOWER,8680,2010,0.185682105
Simplicity2,WINDPOWER,8681,2010,0.069226732
Simplicity2,WINDPOWER,8682,2010,0.126688217
Simplicity2,WINDPOWER,8683,2010,0.282404823
Simplicity2,WINDPOWER,8684,2010,0.278137871
Simplicity2,WINDPOWER,8685,2010,0.302541831
Simplicity2,WINDPOWER,8686,2010,0.306566163
Simplicity2,WINDPOWER,8687,2010,0.448333282
Simplicity2,WINDPOWER,8688,2010,0.403406062
Simplicity2,WINDPOWER,8689,2010,0.212548175
Simplicity2,WINDPOWER,8690,2010,0.198949916
Simplicity2,WINDPOWER,8691,2010,0.207917591
Simplicity2,WINDPOWER,8692,2010,0.170100642
Simplicity2,WINDPOWER,8693,2010,0.059952952
Simplicity2,WINDPOWER,8694,2010,0.031567249
Simplicity2,WINDPOWER,8695,2010,0.059212489
Simplicity2,WINDPOWER,8696,2010,0.112621406
Simplicity2,WINDPOWER,8697,2010,0.201292514
Simplicity2,WINDPOWER,8698,2010,0.374335843
Simplicity2,WINDPOWER,8699,2010,0.552095246
Simplicity2,WINDPOWER,8700,2010,0.687767875
Simplicity2,WINDPOWER,8701,2010,0.851847518
Simplicity2,WINDPOWER,8702,2010,0.928388716
Simplicity2,WINDPOWER,8703,2010,0.938215773
Simplicity2,WINDPOWER,8704,2010,0.938691538
Simplicity2,WINDPOWER,8705,2010,0.938768185
Simplicity2,WINDPOWER,8706,2010,0.938768185
Simplicity2,WINDPOWER,8707,2010,0.938768185
Simplicity2,WINDPOWER,8708,2010,0.938768185
Simplicity2,WINDPOWER,8709,2010,0.938768185
Simplicity2,WINDPOWER,8710,2010,0.938768185
Simplicity2,WINDPOWER,8711,2010,0.938768185
Simplicity2,WINDPOWER,8712,2010,0.938768185
Simplicity2,WINDPOWER,8713,2010,0.938768185
Simplicity2,WINDPOWER,8714,2010,0.938597365
Simplicity2,WINDPOWER,8715,2010,0.910850377
Simplicity2,WINDPOWER,8716,2010,0.813534976
Simplicity2,WINDPOWER,8717,2010,0.520746033
Simplicity2,WINDPOWER,8718,2010,0.284614911
Simplicity2,WINDPOWER,8719,2010,0.155584675
Simplicity2,WINDPOWER,8720,2010,0.110309559
Simplicity2,WINDPOWER,8721,2010,0.072874508
Simplicity2,WINDPOWER,8722,2010,0.014889792
Simplicity2,WINDPOWER,8723,2010,0.052155895
Simplicity2,WINDPOWER,8724,2010,0.148506492
Simplicity2,WINDPOWER,8725,2010,0.160268637
Simplicity2,WINDPOWER,8726,2010,0.126509276
Simplicity2,WINDPOWER,8727,2010,0.078993862
Simplicity2,WINDPOWER,8728,2010,0.040565134
Simplicity2,WINDPOWER,8729,2010,0.009928159
Simplicity2,WINDPOWER,8730,2010,0.009928159
Simplicity2,WINDPOWER,8731,2010,0.009928159
Simplicity2,WINDPOWER,8732,2010,0.009928159
Simplicity2,WINDPOWER,8733,2010,0.009928159
Simplicity2,WINDPOWER,8734,2010,0.009928159
Simplicity2,WINDPOWER,8735,2010,0.009928159
Simplicity2,WINDPOWER,8736,2010,0.009928159
Simplicity2,WINDPOWER,8737,2010,0.009928159
Simplicity2,WINDPOWER,8738,2010,0.009928159
Simplicity2,WINDPOWER,8739,2010,0.009928159
Simplicity2,WINDPOWER,8740,2010,0.009928159
Simplicity2,WINDPOWER,8741,2010,0.009928159
Simplicity2,WINDPOWER,8742,2010,0.009928159
Simplicity2,WINDPOWER,8743,2010,0.009928159
Simplicity2,WINDPOWER,8744,2010,0.009928159
Simplicity2,WINDPOWER,8745,2010,0.009928159
Simplicity2,WINDPOWER,8746,2010,0.009928159
Simplicity2,WINDPOWER,8747,2010,0.009928159
Simplicity2,WINDPOWER,8748,2010,0.009928159
Simplicity2,WINDPOWER,8749,2010,0.009928159
Simplicity2,WINDPOWER,8750,2010,0.020119717
Simplicity2,WINDPOWER,8751,2010,0.116014757
Simplicity2,WINDPOWER,8752,2010,0.2269384
Simplicity2,WINDPOWER,8753,2010,0.406177415
Simplicity2,WINDPOWER,8754,2010,0.655678031
Simplicity2,WINDPOWER,8755,2010,0.79940566
Simplicity2,WINDPOWER,8756,2010,0.870414098
Simplicity2,WINDPOWER,8757,2010,0.896093313
Simplicity2,WINDPOWER,8758,2010,0.905506537
Simplicity2,WINDPOWER,8759,2010,0.918768061
Simplicity2,WINDPOWER,8760,2010,0.931624529
