REGION,TECHNOLOGY,TIMESLICE,YEAR,VALUE
Simplicity2,WINDPOWER,1,2010,0.061225094
Simplicity2,WINDPOWER,2,2010,0
Simplicity2,WINDPOWER,3,2010,0
Simplicity2,WINDPOWER,4,2010,0
Simplicity2,WINDPOWER,5,2010,0
Simplicity2,WINDPOWER,6,2010,0
Simplicity2,WINDPOWER,7,2010,0
Simplicity2,WINDPOWER,8,2010,0
Simplicity2,WINDPOWER,9,2010,0
Simplicity2,WINDPOWER,10,2010,0
Simplicity2,WINDPOWER,11,2010,0
Simplicity2,WINDPOWER,12,2010,0
Simplicity2,WINDPOWER,13,2010,0
Simplicity2,WINDPOWER,14,2010,0
Simplicity2,WINDPOWER,15,2010,0
Simplicity2,WINDPOWER,16,2010,0
Simplicity2,WINDPOWER,17,2010,0
Simplicity2,WINDPOWER,18,2010,0.01986189
Simplicity2,WINDPOWER,19,2010,0.062012837
Simplicity2,WINDPOWER,20,2010,0.161404502
Simplicity2,WINDPOWER,21,2010,0.137536043
Simplicity2,WINDPOWER,22,2010,0.111694543
Simplicity2,WINDPOWER,23,2010,0.085433202
Simplicity2,WINDPOWER,24,2010,0.050881348
Simplicity2,WINDPOWER,25,2010,0.037140024
Simplicity2,WINDPOWER,26,2010,0
Simplicity2,WINDPOWER,27,2010,0
Simplicity2,WINDPOWER,28,2010,0
Simplicity2,WINDPOWER,29,2010,0
Simplicity2,WINDPOWER,30,2010,0
Simplicity2,WINDPOWER,31,2010,0
Simplicity2,WINDPOWER,32,2010,0
Simplicity2,WINDPOWER,33,2010,0
Simplicity2,WINDPOWER,34,2010,0
Simplicity2,WINDPOWER,35,2010,0
Simplicity2,WINDPOWER,36,2010,0
Simplicity2,WINDPOWER,37,2010,0
Simplicity2,WINDPOWER,38,2010,0
Simplicity2,WINDPOWER,39,2010,0
Simplicity2,WINDPOWER,40,2010,0
Simplicity2,WINDPOWER,41,2010,0
Simplicity2,WINDPOWER,42,2010,0.063944213
Simplicity2,WINDPOWER,43,2010,0.174507521
Simplicity2,WINDPOWER,44,2010,0.131151743
Simplicity2,WINDPOWER,45,2010,0.273688678
Simplicity2,WINDPOWER,46,2010,0.188914526
Simplicity2,WINDPOWER,47,2010,0.226818832
Simplicity2,WINDPOWER,48,2010,0.098139837
Simplicity2,WINDPOWER,49,2010,0.031179672
Simplicity2,WINDPOWER,50,2010,0
Simplicity2,WINDPOWER,51,2010,0
Simplicity2,WINDPOWER,52,2010,0
Simplicity2,WINDPOWER,53,2010,0
Simplicity2,WINDPOWER,54,2010,0
Simplicity2,WINDPOWER,55,2010,0
Simplicity2,WINDPOWER,56,2010,0
Simplicity2,WINDPOWER,57,2010,0
Simplicity2,WINDPOWER,58,2010,0
Simplicity2,WINDPOWER,59,2010,0
Simplicity2,WINDPOWER,60,2010,0
Simplicity2,WINDPOWER,61,2010,0
Simplicity2,WINDPOWER,62,2010,0
Simplicity2,WINDPOWER,63,2010,0
Simplicity2,WINDPOWER,64,2010,0
Simplicity2,WINDPOWER,65,2010,0
Simplicity2,WINDPOWER,66,2010,0.097977621
Simplicity2,WINDPOWER,67,2010,0.391746824
Simplicity2,WINDPOWER,68,2010,0.614831051
Simplicity2,WINDPOWER,69,2010,0.634237214
Simplicity2,WINDPOWER,70,2010,0.540325481
Simplicity2,WINDPOWER,71,2010,0.297034857
Simplicity2,WINDPOWER,72,2010,0.190969064
Simplicity2,WINDPOWER,73,2010,0.047309571
Simplicity2,WINDPOWER,74,2010,0
Simplicity2,WINDPOWER,75,2010,0
Simplicity2,WINDPOWER,76,2010,0
Simplicity2,WINDPOWER,77,2010,0
Simplicity2,WINDPOWER,78,2010,0
Simplicity2,WINDPOWER,79,2010,0
Simplicity2,WINDPOWER,80,2010,0
Simplicity2,WINDPOWER,81,2010,0
Simplicity2,WINDPOWER,82,2010,0
Simplicity2,WINDPOWER,83,2010,0
Simplicity2,WINDPOWER,84,2010,0
Simplicity2,WINDPOWER,85,2010,0
Simplicity2,WINDPOWER,86,2010,0
Simplicity2,WINDPOWER,87,2010,0
Simplicity2,WINDPOWER,88,2010,0
Simplicity2,WINDPOWER,89,2010,0
Simplicity2,WINDPOWER,90,2010,0.029669704
Simplicity2,WINDPOWER,91,2010,0.074044671
Simplicity2,WINDPOWER,92,2010,0.100435757
Simplicity2,WINDPOWER,93,2010,0.121605904
Simplicity2,WINDPOWER,94,2010,0.071139575
Simplicity2,WINDPOWER,95,2010,0.048061881
Simplicity2,WINDPOWER,96,2010,0.043665694
Simplicity2,WINDPOWER,97,2010,0.013044018
Simplicity2,WINDPOWER,98,2010,0
Simplicity2,WINDPOWER,99,2010,0
Simplicity2,WINDPOWER,100,2010,0
Simplicity2,WINDPOWER,101,2010,0
Simplicity2,WINDPOWER,102,2010,0
Simplicity2,WINDPOWER,103,2010,0
Simplicity2,WINDPOWER,104,2010,0
Simplicity2,WINDPOWER,105,2010,0
Simplicity2,WINDPOWER,106,2010,0
Simplicity2,WINDPOWER,107,2010,0
Simplicity2,WINDPOWER,108,2010,0
Simplicity2,WINDPOWER,109,2010,0
Simplicity2,WINDPOWER,110,2010,0
Simplicity2,WINDPOWER,111,2010,0
Simplicity2,WINDPOWER,112,2010,0
Simplicity2,WINDPOWER,113,2010,0
Simplicity2,WINDPOWER,114,2010,0.121596014
Simplicity2,WINDPOWER,115,2010,0.200177614
Simplicity2,WINDPOWER,116,2010,0.396050698
Simplicity2,WINDPOWER,117,2010,0.227798252
Simplicity2,WINDPOWER,118,2010,0.333319032
Simplicity2,WINDPOWER,119,2010,0.146354111
Simplicity2,WINDPOWER,120,2010,0.075907628
Simplicity2,WINDPOWER,121,2010,0.026247772
Simplicity2,WINDPOWER,122,2010,0
Simplicity2,WINDPOWER,123,2010,0
Simplicity2,WINDPOWER,124,2010,0
Simplicity2,WINDPOWER,125,2010,0
Simplicity2,WINDPOWER,126,2010,0
Simplicity2,WINDPOWER,127,2010,0
Simplicity2,WINDPOWER,128,2010,0
Simplicity2,WINDPOWER,129,2010,0
Simplicity2,WINDPOWER,130,2010,0
Simplicity2,WINDPOWER,131,2010,0
Simplicity2,WINDPOWER,132,2010,0
Simplicity2,WINDPOWER,133,2010,0
Simplicity2,WINDPOWER,134,2010,0
Simplicity2,WINDPOWER,135,2010,0
Simplicity2,WINDPOWER,136,2010,0
Simplicity2,WINDPOWER,137,2010,0
Simplicity2,WINDPOWER,138,2010,0.035552326
Simplicity2,WINDPOWER,139,2010,0.118043008
Simplicity2,WINDPOWER,140,2010,0.093317889
Simplicity2,WINDPOWER,141,2010,0.123254262
Simplicity2,WINDPOWER,142,2010,0.12437546
Simplicity2,WINDPOWER,143,2010,0.118413717
Simplicity2,WINDPOWER,144,2010,0.095014045
Simplicity2,WINDPOWER,145,2010,0.040350909
Simplicity2,WINDPOWER,146,2010,0
Simplicity2,WINDPOWER,147,2010,0
Simplicity2,WINDPOWER,148,2010,0
Simplicity2,WINDPOWER,149,2010,0
Simplicity2,WINDPOWER,150,2010,0
Simplicity2,WINDPOWER,151,2010,0
Simplicity2,WINDPOWER,152,2010,0
Simplicity2,WINDPOWER,153,2010,0
Simplicity2,WINDPOWER,154,2010,0
Simplicity2,WINDPOWER,155,2010,0
Simplicity2,WINDPOWER,156,2010,0
Simplicity2,WINDPOWER,157,2010,0
Simplicity2,WINDPOWER,158,2010,0
Simplicity2,WINDPOWER,159,2010,0
Simplicity2,WINDPOWER,160,2010,0
Simplicity2,WINDPOWER,161,2010,0
Simplicity2,WINDPOWER,162,2010,0.245203525
Simplicity2,WINDPOWER,163,2010,0.383034566
Simplicity2,WINDPOWER,164,2010,0.485281839
Simplicity2,WINDPOWER,165,2010,0.623745225
Simplicity2,WINDPOWER,166,2010,0.581008964
Simplicity2,WINDPOWER,167,2010,0.569074101
Simplicity2,WINDPOWER,168,2010,0.378068661
Simplicity2,WINDPOWER,169,2010,0.187165633
Simplicity2,WINDPOWER,170,2010,0
Simplicity2,WINDPOWER,171,2010,0
Simplicity2,WINDPOWER,172,2010,0
Simplicity2,WINDPOWER,173,2010,0
Simplicity2,WINDPOWER,174,2010,0
Simplicity2,WINDPOWER,175,2010,0
Simplicity2,WINDPOWER,176,2010,0
Simplicity2,WINDPOWER,177,2010,0
Simplicity2,WINDPOWER,178,2010,0
Simplicity2,WINDPOWER,179,2010,0
Simplicity2,WINDPOWER,180,2010,0
Simplicity2,WINDPOWER,181,2010,0
Simplicity2,WINDPOWER,182,2010,0
Simplicity2,WINDPOWER,183,2010,0
Simplicity2,WINDPOWER,184,2010,0
Simplicity2,WINDPOWER,185,2010,0
Simplicity2,WINDPOWER,186,2010,0.202949263
Simplicity2,WINDPOWER,187,2010,0.331816074
Simplicity2,WINDPOWER,188,2010,0.542441227
Simplicity2,WINDPOWER,189,2010,0.504604267
Simplicity2,WINDPOWER,190,2010,0.515779159
Simplicity2,WINDPOWER,191,2010,0.457349731
Simplicity2,WINDPOWER,192,2010,0.247597024
Simplicity2,WINDPOWER,193,2010,0.134899319
Simplicity2,WINDPOWER,194,2010,0
Simplicity2,WINDPOWER,195,2010,0
Simplicity2,WINDPOWER,196,2010,0
Simplicity2,WINDPOWER,197,2010,0
Simplicity2,WINDPOWER,198,2010,0
Simplicity2,WINDPOWER,199,2010,0
Simplicity2,WINDPOWER,200,2010,0
Simplicity2,WINDPOWER,201,2010,0
Simplicity2,WINDPOWER,202,2010,0
Simplicity2,WINDPOWER,203,2010,0
Simplicity2,WINDPOWER,204,2010,0
Simplicity2,WINDPOWER,205,2010,0
Simplicity2,WINDPOWER,206,2010,0
Simplicity2,WINDPOWER,207,2010,0
Simplicity2,WINDPOWER,208,2010,0
Simplicity2,WINDPOWER,209,2010,0
Simplicity2,WINDPOWER,210,2010,0.259246342
Simplicity2,WINDPOWER,211,2010,0.463015531
Simplicity2,WINDPOWER,212,2010,0.531683622
Simplicity2,WINDPOWER,213,2010,0.608439174
Simplicity2,WINDPOWER,214,2010,0.60189176
Simplicity2,WINDPOWER,215,2010,0.410874762
Simplicity2,WINDPOWER,216,2010,0.329315956
Simplicity2,WINDPOWER,217,2010,0.182493679
Simplicity2,WINDPOWER,218,2010,0
Simplicity2,WINDPOWER,219,2010,0
Simplicity2,WINDPOWER,220,2010,0
Simplicity2,WINDPOWER,221,2010,0
Simplicity2,WINDPOWER,222,2010,0
Simplicity2,WINDPOWER,223,2010,0
Simplicity2,WINDPOWER,224,2010,0
Simplicity2,WINDPOWER,225,2010,0
Simplicity2,WINDPOWER,226,2010,0
Simplicity2,WINDPOWER,227,2010,0
Simplicity2,WINDPOWER,228,2010,0
Simplicity2,WINDPOWER,229,2010,0
Simplicity2,WINDPOWER,230,2010,0
Simplicity2,WINDPOWER,231,2010,0
Simplicity2,WINDPOWER,232,2010,0
Simplicity2,WINDPOWER,233,2010,0
Simplicity2,WINDPOWER,234,2010,0.152671309
Simplicity2,WINDPOWER,235,2010,0.232753169
Simplicity2,WINDPOWER,236,2010,0.186240956
Simplicity2,WINDPOWER,237,2010,0.220834328
Simplicity2,WINDPOWER,238,2010,0.404482019
Simplicity2,WINDPOWER,239,2010,0.44036652
Simplicity2,WINDPOWER,240,2010,0.242161609
Simplicity2,WINDPOWER,241,2010,0.137591689
Simplicity2,WINDPOWER,242,2010,0
Simplicity2,WINDPOWER,243,2010,0
Simplicity2,WINDPOWER,244,2010,0
Simplicity2,WINDPOWER,245,2010,0
Simplicity2,WINDPOWER,246,2010,0
Simplicity2,WINDPOWER,247,2010,0
Simplicity2,WINDPOWER,248,2010,0
Simplicity2,WINDPOWER,249,2010,0
Simplicity2,WINDPOWER,250,2010,0
Simplicity2,WINDPOWER,251,2010,0
Simplicity2,WINDPOWER,252,2010,0
Simplicity2,WINDPOWER,253,2010,0
Simplicity2,WINDPOWER,254,2010,0
Simplicity2,WINDPOWER,255,2010,0
Simplicity2,WINDPOWER,256,2010,0
Simplicity2,WINDPOWER,257,2010,0
Simplicity2,WINDPOWER,258,2010,0.104663826
Simplicity2,WINDPOWER,259,2010,0.171213883
Simplicity2,WINDPOWER,260,2010,0.206107254
Simplicity2,WINDPOWER,261,2010,0.342580368
Simplicity2,WINDPOWER,262,2010,0.331691805
Simplicity2,WINDPOWER,263,2010,0.23215546
Simplicity2,WINDPOWER,264,2010,0.10341686
Simplicity2,WINDPOWER,265,2010,0.110263952
Simplicity2,WINDPOWER,266,2010,0
Simplicity2,WINDPOWER,267,2010,0
Simplicity2,WINDPOWER,268,2010,0
Simplicity2,WINDPOWER,269,2010,0
Simplicity2,WINDPOWER,270,2010,0
Simplicity2,WINDPOWER,271,2010,0
Simplicity2,WINDPOWER,272,2010,0
Simplicity2,WINDPOWER,273,2010,0
Simplicity2,WINDPOWER,274,2010,0
Simplicity2,WINDPOWER,275,2010,0
Simplicity2,WINDPOWER,276,2010,0
Simplicity2,WINDPOWER,277,2010,0
Simplicity2,WINDPOWER,278,2010,0
Simplicity2,WINDPOWER,279,2010,0
Simplicity2,WINDPOWER,280,2010,0
Simplicity2,WINDPOWER,281,2010,0
Simplicity2,WINDPOWER,282,2010,0.01672466
Simplicity2,WINDPOWER,283,2010,0.056818504
Simplicity2,WINDPOWER,284,2010,0.078138862
Simplicity2,WINDPOWER,285,2010,0.074313455
Simplicity2,WINDPOWER,286,2010,0.062745114
Simplicity2,WINDPOWER,287,2010,0.077380103
Simplicity2,WINDPOWER,288,2010,0.075121966
Simplicity2,WINDPOWER,289,2010,0.030603262
Simplicity2,WINDPOWER,290,2010,0
Simplicity2,WINDPOWER,291,2010,0
Simplicity2,WINDPOWER,292,2010,0
Simplicity2,WINDPOWER,293,2010,0
Simplicity2,WINDPOWER,294,2010,0
Simplicity2,WINDPOWER,295,2010,0
Simplicity2,WINDPOWER,296,2010,0
Simplicity2,WINDPOWER,297,2010,0
Simplicity2,WINDPOWER,298,2010,0
Simplicity2,WINDPOWER,299,2010,0
Simplicity2,WINDPOWER,300,2010,0
Simplicity2,WINDPOWER,301,2010,0
Simplicity2,WINDPOWER,302,2010,0
Simplicity2,WINDPOWER,303,2010,0
Simplicity2,WINDPOWER,304,2010,0
Simplicity2,WINDPOWER,305,2010,0
Simplicity2,WINDPOWER,306,2010,0.155088178
Simplicity2,WINDPOWER,307,2010,0.255744985
Simplicity2,WINDPOWER,308,2010,0.49000194
Simplicity2,WINDPOWER,309,2010,0.375067498
Simplicity2,WINDPOWER,310,2010,0.281513651
Simplicity2,WINDPOWER,311,2010,0.249959496
Simplicity2,WINDPOWER,312,2010,0.316664313
Simplicity2,WINDPOWER,313,2010,0.204651089
Simplicity2,WINDPOWER,314,2010,0
Simplicity2,WINDPOWER,315,2010,0
Simplicity2,WINDPOWER,316,2010,0
Simplicity2,WINDPOWER,317,2010,0
Simplicity2,WINDPOWER,318,2010,0
Simplicity2,WINDPOWER,319,2010,0
Simplicity2,WINDPOWER,320,2010,0
Simplicity2,WINDPOWER,321,2010,0
Simplicity2,WINDPOWER,322,2010,0
Simplicity2,WINDPOWER,323,2010,0
Simplicity2,WINDPOWER,324,2010,0
Simplicity2,WINDPOWER,325,2010,0
Simplicity2,WINDPOWER,326,2010,0
Simplicity2,WINDPOWER,327,2010,0
Simplicity2,WINDPOWER,328,2010,0
Simplicity2,WINDPOWER,329,2010,0
Simplicity2,WINDPOWER,330,2010,0.264358057
Simplicity2,WINDPOWER,331,2010,0.441442128
Simplicity2,WINDPOWER,332,2010,0.557192267
Simplicity2,WINDPOWER,333,2010,0.663539989
Simplicity2,WINDPOWER,334,2010,0.627509581
Simplicity2,WINDPOWER,335,2010,0.552622249
Simplicity2,WINDPOWER,336,2010,0.4411241
Simplicity2,WINDPOWER,337,2010,0.20198969
Simplicity2,WINDPOWER,338,2010,0
Simplicity2,WINDPOWER,339,2010,0
Simplicity2,WINDPOWER,340,2010,0
Simplicity2,WINDPOWER,341,2010,0
Simplicity2,WINDPOWER,342,2010,0
Simplicity2,WINDPOWER,343,2010,0
Simplicity2,WINDPOWER,344,2010,0
Simplicity2,WINDPOWER,345,2010,0
Simplicity2,WINDPOWER,346,2010,0
Simplicity2,WINDPOWER,347,2010,0
Simplicity2,WINDPOWER,348,2010,0
Simplicity2,WINDPOWER,349,2010,0
Simplicity2,WINDPOWER,350,2010,0
Simplicity2,WINDPOWER,351,2010,0
Simplicity2,WINDPOWER,352,2010,0
Simplicity2,WINDPOWER,353,2010,0
Simplicity2,WINDPOWER,354,2010,0.101687226
Simplicity2,WINDPOWER,355,2010,0.187043565
Simplicity2,WINDPOWER,356,2010,0.331554631
Simplicity2,WINDPOWER,357,2010,0.389450018
Simplicity2,WINDPOWER,358,2010,0.545496759
Simplicity2,WINDPOWER,359,2010,0.582860863
Simplicity2,WINDPOWER,360,2010,0.369428994
Simplicity2,WINDPOWER,361,2010,0.217807278
Simplicity2,WINDPOWER,362,2010,0
Simplicity2,WINDPOWER,363,2010,0
Simplicity2,WINDPOWER,364,2010,0
Simplicity2,WINDPOWER,365,2010,0
Simplicity2,WINDPOWER,366,2010,0
Simplicity2,WINDPOWER,367,2010,0
Simplicity2,WINDPOWER,368,2010,0
Simplicity2,WINDPOWER,369,2010,0
Simplicity2,WINDPOWER,370,2010,0
Simplicity2,WINDPOWER,371,2010,0
Simplicity2,WINDPOWER,372,2010,0
Simplicity2,WINDPOWER,373,2010,0
Simplicity2,WINDPOWER,374,2010,0
Simplicity2,WINDPOWER,375,2010,0
Simplicity2,WINDPOWER,376,2010,0
Simplicity2,WINDPOWER,377,2010,0
Simplicity2,WINDPOWER,378,2010,0.153676355
Simplicity2,WINDPOWER,379,2010,0.264948521
Simplicity2,WINDPOWER,380,2010,0.299873547
Simplicity2,WINDPOWER,381,2010,0.366633955
Simplicity2,WINDPOWER,382,2010,0.336736548
Simplicity2,WINDPOWER,383,2010,0.301792312
Simplicity2,WINDPOWER,384,2010,0.259551652
Simplicity2,WINDPOWER,385,2010,0.192414041
Simplicity2,WINDPOWER,386,2010,0
Simplicity2,WINDPOWER,387,2010,0
Simplicity2,WINDPOWER,388,2010,0
Simplicity2,WINDPOWER,389,2010,0
Simplicity2,WINDPOWER,390,2010,0
Simplicity2,WINDPOWER,391,2010,0
Simplicity2,WINDPOWER,392,2010,0
Simplicity2,WINDPOWER,393,2010,0
Simplicity2,WINDPOWER,394,2010,0
Simplicity2,WINDPOWER,395,2010,0
Simplicity2,WINDPOWER,396,2010,0
Simplicity2,WINDPOWER,397,2010,0
Simplicity2,WINDPOWER,398,2010,0
Simplicity2,WINDPOWER,399,2010,0
Simplicity2,WINDPOWER,400,2010,0
Simplicity2,WINDPOWER,401,2010,0
Simplicity2,WINDPOWER,402,2010,0.038090702
Simplicity2,WINDPOWER,403,2010,0.195707051
Simplicity2,WINDPOWER,404,2010,0.336731153
Simplicity2,WINDPOWER,405,2010,0.411341788
Simplicity2,WINDPOWER,406,2010,0.520833724
Simplicity2,WINDPOWER,407,2010,0.459740318
Simplicity2,WINDPOWER,408,2010,0.38382884
Simplicity2,WINDPOWER,409,2010,0.192702562
Simplicity2,WINDPOWER,410,2010,0
Simplicity2,WINDPOWER,411,2010,0
Simplicity2,WINDPOWER,412,2010,0
Simplicity2,WINDPOWER,413,2010,0
Simplicity2,WINDPOWER,414,2010,0
Simplicity2,WINDPOWER,415,2010,0
Simplicity2,WINDPOWER,416,2010,0
Simplicity2,WINDPOWER,417,2010,0
Simplicity2,WINDPOWER,418,2010,0
Simplicity2,WINDPOWER,419,2010,0
Simplicity2,WINDPOWER,420,2010,0
Simplicity2,WINDPOWER,421,2010,0
Simplicity2,WINDPOWER,422,2010,0
Simplicity2,WINDPOWER,423,2010,0
Simplicity2,WINDPOWER,424,2010,0
Simplicity2,WINDPOWER,425,2010,0
Simplicity2,WINDPOWER,426,2010,0.231618262
Simplicity2,WINDPOWER,427,2010,0.358124724
Simplicity2,WINDPOWER,428,2010,0.647933011
Simplicity2,WINDPOWER,429,2010,0.73905802
Simplicity2,WINDPOWER,430,2010,0.708118016
Simplicity2,WINDPOWER,431,2010,0.59492146
Simplicity2,WINDPOWER,432,2010,0.468392537
Simplicity2,WINDPOWER,433,2010,0.258359314
Simplicity2,WINDPOWER,434,2010,0
Simplicity2,WINDPOWER,435,2010,0
Simplicity2,WINDPOWER,436,2010,0
Simplicity2,WINDPOWER,437,2010,0
Simplicity2,WINDPOWER,438,2010,0
Simplicity2,WINDPOWER,439,2010,0
Simplicity2,WINDPOWER,440,2010,0
Simplicity2,WINDPOWER,441,2010,0
Simplicity2,WINDPOWER,442,2010,0
Simplicity2,WINDPOWER,443,2010,0
Simplicity2,WINDPOWER,444,2010,0
Simplicity2,WINDPOWER,445,2010,0
Simplicity2,WINDPOWER,446,2010,0
Simplicity2,WINDPOWER,447,2010,0
Simplicity2,WINDPOWER,448,2010,0
Simplicity2,WINDPOWER,449,2010,0
Simplicity2,WINDPOWER,450,2010,0.065749562
Simplicity2,WINDPOWER,451,2010,0.106469059
Simplicity2,WINDPOWER,452,2010,0.149331819
Simplicity2,WINDPOWER,453,2010,0.215451009
Simplicity2,WINDPOWER,454,2010,0.314640271
Simplicity2,WINDPOWER,455,2010,0.31483596
Simplicity2,WINDPOWER,456,2010,0.290080078
Simplicity2,WINDPOWER,457,2010,0.179894753
Simplicity2,WINDPOWER,458,2010,0
Simplicity2,WINDPOWER,459,2010,0
Simplicity2,WINDPOWER,460,2010,0
Simplicity2,WINDPOWER,461,2010,0
Simplicity2,WINDPOWER,462,2010,0
Simplicity2,WINDPOWER,463,2010,0
Simplicity2,WINDPOWER,464,2010,0
Simplicity2,WINDPOWER,465,2010,0
Simplicity2,WINDPOWER,466,2010,0
Simplicity2,WINDPOWER,467,2010,0
Simplicity2,WINDPOWER,468,2010,0
Simplicity2,WINDPOWER,469,2010,0
Simplicity2,WINDPOWER,470,2010,0
Simplicity2,WINDPOWER,471,2010,0
Simplicity2,WINDPOWER,472,2010,0
Simplicity2,WINDPOWER,473,2010,0
Simplicity2,WINDPOWER,474,2010,0.158053414
Simplicity2,WINDPOWER,475,2010,0.278132557
Simplicity2,WINDPOWER,476,2010,0.43614518
Simplicity2,WINDPOWER,477,2010,0.577452953
Simplicity2,WINDPOWER,478,2010,0.614109651
Simplicity2,WINDPOWER,479,2010,0.440142701
Simplicity2,WINDPOWER,480,2010,0.303683783
Simplicity2,WINDPOWER,481,2010,0.18246916
Simplicity2,WINDPOWER,482,2010,0
Simplicity2,WINDPOWER,483,2010,0
Simplicity2,WINDPOWER,484,2010,0
Simplicity2,WINDPOWER,485,2010,0
Simplicity2,WINDPOWER,486,2010,0
Simplicity2,WINDPOWER,487,2010,0
Simplicity2,WINDPOWER,488,2010,0
Simplicity2,WINDPOWER,489,2010,0
Simplicity2,WINDPOWER,490,2010,0
Simplicity2,WINDPOWER,491,2010,0
Simplicity2,WINDPOWER,492,2010,0
Simplicity2,WINDPOWER,493,2010,0
Simplicity2,WINDPOWER,494,2010,0
Simplicity2,WINDPOWER,495,2010,0
Simplicity2,WINDPOWER,496,2010,0
Simplicity2,WINDPOWER,497,2010,0
Simplicity2,WINDPOWER,498,2010,0.123957249
Simplicity2,WINDPOWER,499,2010,0.278709323
Simplicity2,WINDPOWER,500,2010,0.488859054
Simplicity2,WINDPOWER,501,2010,0.534616234
Simplicity2,WINDPOWER,502,2010,0.596826751
Simplicity2,WINDPOWER,503,2010,0.610939678
Simplicity2,WINDPOWER,504,2010,0.42284642
Simplicity2,WINDPOWER,505,2010,0.248840999
Simplicity2,WINDPOWER,506,2010,0
Simplicity2,WINDPOWER,507,2010,0
Simplicity2,WINDPOWER,508,2010,0
Simplicity2,WINDPOWER,509,2010,0
Simplicity2,WINDPOWER,510,2010,0
Simplicity2,WINDPOWER,511,2010,0
Simplicity2,WINDPOWER,512,2010,0
Simplicity2,WINDPOWER,513,2010,0
Simplicity2,WINDPOWER,514,2010,0
Simplicity2,WINDPOWER,515,2010,0
Simplicity2,WINDPOWER,516,2010,0
Simplicity2,WINDPOWER,517,2010,0
Simplicity2,WINDPOWER,518,2010,0
Simplicity2,WINDPOWER,519,2010,0
Simplicity2,WINDPOWER,520,2010,0
Simplicity2,WINDPOWER,521,2010,0
Simplicity2,WINDPOWER,522,2010,0.326681416
Simplicity2,WINDPOWER,523,2010,0.541371809
Simplicity2,WINDPOWER,524,2010,0.687878907
Simplicity2,WINDPOWER,525,2010,0.762108793
Simplicity2,WINDPOWER,526,2010,0.740178371
Simplicity2,WINDPOWER,527,2010,0.676325088
Simplicity2,WINDPOWER,528,2010,0.522586222
Simplicity2,WINDPOWER,529,2010,0.289241878
Simplicity2,WINDPOWER,530,2010,0
Simplicity2,WINDPOWER,531,2010,0
Simplicity2,WINDPOWER,532,2010,0
Simplicity2,WINDPOWER,533,2010,0
Simplicity2,WINDPOWER,534,2010,0
Simplicity2,WINDPOWER,535,2010,0
Simplicity2,WINDPOWER,536,2010,0
Simplicity2,WINDPOWER,537,2010,0
Simplicity2,WINDPOWER,538,2010,0
Simplicity2,WINDPOWER,539,2010,0
Simplicity2,WINDPOWER,540,2010,0
Simplicity2,WINDPOWER,541,2010,0
Simplicity2,WINDPOWER,542,2010,0
Simplicity2,WINDPOWER,543,2010,0
Simplicity2,WINDPOWER,544,2010,0
Simplicity2,WINDPOWER,545,2010,0
Simplicity2,WINDPOWER,546,2010,0.325738506
Simplicity2,WINDPOWER,547,2010,0.54053918
Simplicity2,WINDPOWER,548,2010,0.690223305
Simplicity2,WINDPOWER,549,2010,0.761464206
Simplicity2,WINDPOWER,550,2010,0.756493582
Simplicity2,WINDPOWER,551,2010,0.678809196
Simplicity2,WINDPOWER,552,2010,0.5281665
Simplicity2,WINDPOWER,553,2010,0.300915227
Simplicity2,WINDPOWER,554,2010,0
Simplicity2,WINDPOWER,555,2010,0
Simplicity2,WINDPOWER,556,2010,0
Simplicity2,WINDPOWER,557,2010,0
Simplicity2,WINDPOWER,558,2010,0
Simplicity2,WINDPOWER,559,2010,0
Simplicity2,WINDPOWER,560,2010,0
Simplicity2,WINDPOWER,561,2010,0
Simplicity2,WINDPOWER,562,2010,0
Simplicity2,WINDPOWER,563,2010,0
Simplicity2,WINDPOWER,564,2010,0
Simplicity2,WINDPOWER,565,2010,0
Simplicity2,WINDPOWER,566,2010,0
Simplicity2,WINDPOWER,567,2010,0
Simplicity2,WINDPOWER,568,2010,0
Simplicity2,WINDPOWER,569,2010,0
Simplicity2,WINDPOWER,570,2010,0.070886559
Simplicity2,WINDPOWER,571,2010,0.167684198
Simplicity2,WINDPOWER,572,2010,0.307632622
Simplicity2,WINDPOWER,573,2010,0.421185464
Simplicity2,WINDPOWER,574,2010,0.618242986
Simplicity2,WINDPOWER,575,2010,0.551276056
Simplicity2,WINDPOWER,576,2010,0.408390201
Simplicity2,WINDPOWER,577,2010,0.243411109
Simplicity2,WINDPOWER,578,2010,0
Simplicity2,WINDPOWER,579,2010,0
Simplicity2,WINDPOWER,580,2010,0
Simplicity2,WINDPOWER,581,2010,0
Simplicity2,WINDPOWER,582,2010,0
Simplicity2,WINDPOWER,583,2010,0
Simplicity2,WINDPOWER,584,2010,0
Simplicity2,WINDPOWER,585,2010,0
Simplicity2,WINDPOWER,586,2010,0
Simplicity2,WINDPOWER,587,2010,0
Simplicity2,WINDPOWER,588,2010,0
Simplicity2,WINDPOWER,589,2010,0
Simplicity2,WINDPOWER,590,2010,0
Simplicity2,WINDPOWER,591,2010,0
Simplicity2,WINDPOWER,592,2010,0
Simplicity2,WINDPOWER,593,2010,0
Simplicity2,WINDPOWER,594,2010,0.188304599
Simplicity2,WINDPOWER,595,2010,0.26230591
Simplicity2,WINDPOWER,596,2010,0.386005555
Simplicity2,WINDPOWER,597,2010,0.334205681
Simplicity2,WINDPOWER,598,2010,0.320217346
Simplicity2,WINDPOWER,599,2010,0.240469254
Simplicity2,WINDPOWER,600,2010,0.142471089
Simplicity2,WINDPOWER,601,2010,0.073966158
Simplicity2,WINDPOWER,602,2010,0
Simplicity2,WINDPOWER,603,2010,0
Simplicity2,WINDPOWER,604,2010,0
Simplicity2,WINDPOWER,605,2010,0
Simplicity2,WINDPOWER,606,2010,0
Simplicity2,WINDPOWER,607,2010,0
Simplicity2,WINDPOWER,608,2010,0
Simplicity2,WINDPOWER,609,2010,0
Simplicity2,WINDPOWER,610,2010,0
Simplicity2,WINDPOWER,611,2010,0
Simplicity2,WINDPOWER,612,2010,0
Simplicity2,WINDPOWER,613,2010,0
Simplicity2,WINDPOWER,614,2010,0
Simplicity2,WINDPOWER,615,2010,0
Simplicity2,WINDPOWER,616,2010,0
Simplicity2,WINDPOWER,617,2010,0
Simplicity2,WINDPOWER,618,2010,0.093111844
Simplicity2,WINDPOWER,619,2010,0.213088483
Simplicity2,WINDPOWER,620,2010,0.321952766
Simplicity2,WINDPOWER,621,2010,0.362535421
Simplicity2,WINDPOWER,622,2010,0.442751231
Simplicity2,WINDPOWER,623,2010,0.327433888
Simplicity2,WINDPOWER,624,2010,0.223743262
Simplicity2,WINDPOWER,625,2010,0.095394959
Simplicity2,WINDPOWER,626,2010,0
Simplicity2,WINDPOWER,627,2010,0
Simplicity2,WINDPOWER,628,2010,0
Simplicity2,WINDPOWER,629,2010,0
Simplicity2,WINDPOWER,630,2010,0
Simplicity2,WINDPOWER,631,2010,0
Simplicity2,WINDPOWER,632,2010,0
Simplicity2,WINDPOWER,633,2010,0
Simplicity2,WINDPOWER,634,2010,0
Simplicity2,WINDPOWER,635,2010,0
Simplicity2,WINDPOWER,636,2010,0
Simplicity2,WINDPOWER,637,2010,0
Simplicity2,WINDPOWER,638,2010,0
Simplicity2,WINDPOWER,639,2010,0
Simplicity2,WINDPOWER,640,2010,0
Simplicity2,WINDPOWER,641,2010,0
Simplicity2,WINDPOWER,642,2010,0.069263312
Simplicity2,WINDPOWER,643,2010,0.124891941
Simplicity2,WINDPOWER,644,2010,0.305038484
Simplicity2,WINDPOWER,645,2010,0.336781627
Simplicity2,WINDPOWER,646,2010,0.339736012
Simplicity2,WINDPOWER,647,2010,0.189535373
Simplicity2,WINDPOWER,648,2010,0.120854595
Simplicity2,WINDPOWER,649,2010,0.047156361
Simplicity2,WINDPOWER,650,2010,0
Simplicity2,WINDPOWER,651,2010,0
Simplicity2,WINDPOWER,652,2010,0
Simplicity2,WINDPOWER,653,2010,0
Simplicity2,WINDPOWER,654,2010,0
Simplicity2,WINDPOWER,655,2010,0
Simplicity2,WINDPOWER,656,2010,0
Simplicity2,WINDPOWER,657,2010,0
Simplicity2,WINDPOWER,658,2010,0
Simplicity2,WINDPOWER,659,2010,0
Simplicity2,WINDPOWER,660,2010,0
Simplicity2,WINDPOWER,661,2010,0
Simplicity2,WINDPOWER,662,2010,0
Simplicity2,WINDPOWER,663,2010,0
Simplicity2,WINDPOWER,664,2010,0
Simplicity2,WINDPOWER,665,2010,0
Simplicity2,WINDPOWER,666,2010,0.03323986
Simplicity2,WINDPOWER,667,2010,0.064739487
Simplicity2,WINDPOWER,668,2010,0.141253469
Simplicity2,WINDPOWER,669,2010,0.248515877
Simplicity2,WINDPOWER,670,2010,0.314501643
Simplicity2,WINDPOWER,671,2010,0.292931579
Simplicity2,WINDPOWER,672,2010,0.160023037
Simplicity2,WINDPOWER,673,2010,0.093393663
Simplicity2,WINDPOWER,674,2010,0
Simplicity2,WINDPOWER,675,2010,0
Simplicity2,WINDPOWER,676,2010,0
Simplicity2,WINDPOWER,677,2010,0
Simplicity2,WINDPOWER,678,2010,0
Simplicity2,WINDPOWER,679,2010,0
Simplicity2,WINDPOWER,680,2010,0
Simplicity2,WINDPOWER,681,2010,0
Simplicity2,WINDPOWER,682,2010,0
Simplicity2,WINDPOWER,683,2010,0
Simplicity2,WINDPOWER,684,2010,0
Simplicity2,WINDPOWER,685,2010,0
Simplicity2,WINDPOWER,686,2010,0
Simplicity2,WINDPOWER,687,2010,0
Simplicity2,WINDPOWER,688,2010,0
Simplicity2,WINDPOWER,689,2010,0
Simplicity2,WINDPOWER,690,2010,0.146776922
Simplicity2,WINDPOWER,691,2010,0.19843244
Simplicity2,WINDPOWER,692,2010,0.229517481
Simplicity2,WINDPOWER,693,2010,0.220230701
Simplicity2,WINDPOWER,694,2010,0.378061842
Simplicity2,WINDPOWER,695,2010,0.355005484
Simplicity2,WINDPOWER,696,2010,0.156791113
Simplicity2,WINDPOWER,697,2010,0.186706636
Simplicity2,WINDPOWER,698,2010,0
Simplicity2,WINDPOWER,699,2010,0
Simplicity2,WINDPOWER,700,2010,0
Simplicity2,WINDPOWER,701,2010,0
Simplicity2,WINDPOWER,702,2010,0
Simplicity2,WINDPOWER,703,2010,0
Simplicity2,WINDPOWER,704,2010,0
Simplicity2,WINDPOWER,705,2010,0
Simplicity2,WINDPOWER,706,2010,0
Simplicity2,WINDPOWER,707,2010,0
Simplicity2,WINDPOWER,708,2010,0
Simplicity2,WINDPOWER,709,2010,0
Simplicity2,WINDPOWER,710,2010,0
Simplicity2,WINDPOWER,711,2010,0
Simplicity2,WINDPOWER,712,2010,0
Simplicity2,WINDPOWER,713,2010,0
Simplicity2,WINDPOWER,714,2010,0.103784411
Simplicity2,WINDPOWER,715,2010,0.217188281
Simplicity2,WINDPOWER,716,2010,0.34471094
Simplicity2,WINDPOWER,717,2010,0.549106431
Simplicity2,WINDPOWER,718,2010,0.469943574
Simplicity2,WINDPOWER,719,2010,0.341950116
Simplicity2,WINDPOWER,720,2010,0.358023624
Simplicity2,WINDPOWER,721,2010,0.128070742
Simplicity2,WINDPOWER,722,2010,0
Simplicity2,WINDPOWER,723,2010,0
Simplicity2,WINDPOWER,724,2010,0
Simplicity2,WINDPOWER,725,2010,0
Simplicity2,WINDPOWER,726,2010,0
Simplicity2,WINDPOWER,727,2010,0
Simplicity2,WINDPOWER,728,2010,0
Simplicity2,WINDPOWER,729,2010,0
Simplicity2,WINDPOWER,730,2010,0
Simplicity2,WINDPOWER,731,2010,0
Simplicity2,WINDPOWER,732,2010,0
Simplicity2,WINDPOWER,733,2010,0
Simplicity2,WINDPOWER,734,2010,0
Simplicity2,WINDPOWER,735,2010,0
Simplicity2,WINDPOWER,736,2010,0
Simplicity2,WINDPOWER,737,2010,0
Simplicity2,WINDPOWER,738,2010,0.118764468
Simplicity2,WINDPOWER,739,2010,0.158691022
Simplicity2,WINDPOWER,740,2010,0.185755061
Simplicity2,WINDPOWER,741,2010,0.174351725
Simplicity2,WINDPOWER,742,2010,0.116950939
Simplicity2,WINDPOWER,743,2010,0.096485242
Simplicity2,WINDPOWER,744,2010,0.059740286
Simplicity2,WINDPOWER,745,2010,0.039993591
Simplicity2,WINDPOWER,746,2010,0
Simplicity2,WINDPOWER,747,2010,0
Simplicity2,WINDPOWER,748,2010,0
Simplicity2,WINDPOWER,749,2010,0
Simplicity2,WINDPOWER,750,2010,0
Simplicity2,WINDPOWER,751,2010,0
Simplicity2,WINDPOWER,752,2010,0
Simplicity2,WINDPOWER,753,2010,0
Simplicity2,WINDPOWER,754,2010,0
Simplicity2,WINDPOWER,755,2010,0
Simplicity2,WINDPOWER,756,2010,0
Simplicity2,WINDPOWER,757,2010,0
Simplicity2,WINDPOWER,758,2010,0
Simplicity2,WINDPOWER,759,2010,0
Simplicity2,WINDPOWER,760,2010,0
Simplicity2,WINDPOWER,761,2010,0.006081612
Simplicity2,WINDPOWER,762,2010,0.062085372
Simplicity2,WINDPOWER,763,2010,0.171741306
Simplicity2,WINDPOWER,764,2010,0.168533868
Simplicity2,WINDPOWER,765,2010,0.112393158
Simplicity2,WINDPOWER,766,2010,0.192842543
Simplicity2,WINDPOWER,767,2010,0.332550915
Simplicity2,WINDPOWER,768,2010,0.20649451
Simplicity2,WINDPOWER,769,2010,0.075484751
Simplicity2,WINDPOWER,770,2010,0
Simplicity2,WINDPOWER,771,2010,0
Simplicity2,WINDPOWER,772,2010,0
Simplicity2,WINDPOWER,773,2010,0
Simplicity2,WINDPOWER,774,2010,0
Simplicity2,WINDPOWER,775,2010,0
Simplicity2,WINDPOWER,776,2010,0
Simplicity2,WINDPOWER,777,2010,0
Simplicity2,WINDPOWER,778,2010,0
Simplicity2,WINDPOWER,779,2010,0
Simplicity2,WINDPOWER,780,2010,0
Simplicity2,WINDPOWER,781,2010,0
Simplicity2,WINDPOWER,782,2010,0
Simplicity2,WINDPOWER,783,2010,0
Simplicity2,WINDPOWER,784,2010,0
Simplicity2,WINDPOWER,785,2010,0.043712483
Simplicity2,WINDPOWER,786,2010,0.094569258
Simplicity2,WINDPOWER,787,2010,0.160033548
Simplicity2,WINDPOWER,788,2010,0.360730436
Simplicity2,WINDPOWER,789,2010,0.345430272
Simplicity2,WINDPOWER,790,2010,0.303626959
Simplicity2,WINDPOWER,791,2010,0.360023315
Simplicity2,WINDPOWER,792,2010,0.224748702
Simplicity2,WINDPOWER,793,2010,0.098548687
Simplicity2,WINDPOWER,794,2010,0
Simplicity2,WINDPOWER,795,2010,0
Simplicity2,WINDPOWER,796,2010,0
Simplicity2,WINDPOWER,797,2010,0
Simplicity2,WINDPOWER,798,2010,0
Simplicity2,WINDPOWER,799,2010,0
Simplicity2,WINDPOWER,800,2010,0
Simplicity2,WINDPOWER,801,2010,0
Simplicity2,WINDPOWER,802,2010,0
Simplicity2,WINDPOWER,803,2010,0
Simplicity2,WINDPOWER,804,2010,0
Simplicity2,WINDPOWER,805,2010,0
Simplicity2,WINDPOWER,806,2010,0
Simplicity2,WINDPOWER,807,2010,0
Simplicity2,WINDPOWER,808,2010,0
Simplicity2,WINDPOWER,809,2010,0.023312741
Simplicity2,WINDPOWER,810,2010,0.151817725
Simplicity2,WINDPOWER,811,2010,0.339138697
Simplicity2,WINDPOWER,812,2010,0.383837817
Simplicity2,WINDPOWER,813,2010,0.683727682
Simplicity2,WINDPOWER,814,2010,0.740121249
Simplicity2,WINDPOWER,815,2010,0.648807153
Simplicity2,WINDPOWER,816,2010,0.51248181
Simplicity2,WINDPOWER,817,2010,0.30923572
Simplicity2,WINDPOWER,818,2010,0.149247683
Simplicity2,WINDPOWER,819,2010,0
Simplicity2,WINDPOWER,820,2010,0
Simplicity2,WINDPOWER,821,2010,0
Simplicity2,WINDPOWER,822,2010,0
Simplicity2,WINDPOWER,823,2010,0
Simplicity2,WINDPOWER,824,2010,0
Simplicity2,WINDPOWER,825,2010,0
Simplicity2,WINDPOWER,826,2010,0
Simplicity2,WINDPOWER,827,2010,0
Simplicity2,WINDPOWER,828,2010,0
Simplicity2,WINDPOWER,829,2010,0
Simplicity2,WINDPOWER,830,2010,0
Simplicity2,WINDPOWER,831,2010,0
Simplicity2,WINDPOWER,832,2010,0
Simplicity2,WINDPOWER,833,2010,0.05429293
Simplicity2,WINDPOWER,834,2010,0.144088488
Simplicity2,WINDPOWER,835,2010,0.258430268
Simplicity2,WINDPOWER,836,2010,0.393838462
Simplicity2,WINDPOWER,837,2010,0.414489916
Simplicity2,WINDPOWER,838,2010,0.442309649
Simplicity2,WINDPOWER,839,2010,0.315543174
Simplicity2,WINDPOWER,840,2010,0.298468636
Simplicity2,WINDPOWER,841,2010,0.138486446
Simplicity2,WINDPOWER,842,2010,0.087750986
Simplicity2,WINDPOWER,843,2010,0
Simplicity2,WINDPOWER,844,2010,0
Simplicity2,WINDPOWER,845,2010,0
Simplicity2,WINDPOWER,846,2010,0
Simplicity2,WINDPOWER,847,2010,0
Simplicity2,WINDPOWER,848,2010,0
Simplicity2,WINDPOWER,849,2010,0
Simplicity2,WINDPOWER,850,2010,0
Simplicity2,WINDPOWER,851,2010,0
Simplicity2,WINDPOWER,852,2010,0
Simplicity2,WINDPOWER,853,2010,0
Simplicity2,WINDPOWER,854,2010,0
Simplicity2,WINDPOWER,855,2010,0
Simplicity2,WINDPOWER,856,2010,0
Simplicity2,WINDPOWER,857,2010,0.039861446
Simplicity2,WINDPOWER,858,2010,0.237301968
Simplicity2,WINDPOWER,859,2010,0.436513646
Simplicity2,WINDPOWER,860,2010,0.624334067
Simplicity2,WINDPOWER,861,2010,0.609894975
Simplicity2,WINDPOWER,862,2010,0.679478863
Simplicity2,WINDPOWER,863,2010,0.670387946
Simplicity2,WINDPOWER,864,2010,0.531460009
Simplicity2,WINDPOWER,865,2010,0.318438998
Simplicity2,WINDPOWER,866,2010,0.141537573
Simplicity2,WINDPOWER,867,2010,0
Simplicity2,WINDPOWER,868,2010,0
Simplicity2,WINDPOWER,869,2010,0
Simplicity2,WINDPOWER,870,2010,0
Simplicity2,WINDPOWER,871,2010,0
Simplicity2,WINDPOWER,872,2010,0
Simplicity2,WINDPOWER,873,2010,0
Simplicity2,WINDPOWER,874,2010,0
Simplicity2,WINDPOWER,875,2010,0
Simplicity2,WINDPOWER,876,2010,0
Simplicity2,WINDPOWER,877,2010,0
Simplicity2,WINDPOWER,878,2010,0
Simplicity2,WINDPOWER,879,2010,0
Simplicity2,WINDPOWER,880,2010,0
Simplicity2,WINDPOWER,881,2010,0.018034314
Simplicity2,WINDPOWER,882,2010,0.07333796
Simplicity2,WINDPOWER,883,2010,0.092892714
Simplicity2,WINDPOWER,884,2010,0.15365749
Simplicity2,WINDPOWER,885,2010,0.153968349
Simplicity2,WINDPOWER,886,2010,0.207235644
Simplicity2,WINDPOWER,887,2010,0.129093137
Simplicity2,WINDPOWER,888,2010,0.100188145
Simplicity2,WINDPOWER,889,2010,0.060111229
Simplicity2,WINDPOWER,890,2010,0.015864898
Simplicity2,WINDPOWER,891,2010,0
Simplicity2,WINDPOWER,892,2010,0
Simplicity2,WINDPOWER,893,2010,0
Simplicity2,WINDPOWER,894,2010,0
Simplicity2,WINDPOWER,895,2010,0
Simplicity2,WINDPOWER,896,2010,0
Simplicity2,WINDPOWER,897,2010,0
Simplicity2,WINDPOWER,898,2010,0
Simplicity2,WINDPOWER,899,2010,0
Simplicity2,WINDPOWER,900,2010,0
Simplicity2,WINDPOWER,901,2010,0
Simplicity2,WINDPOWER,902,2010,0
Simplicity2,WINDPOWER,903,2010,0
Simplicity2,WINDPOWER,904,2010,0
Simplicity2,WINDPOWER,905,2010,0.085953782
Simplicity2,WINDPOWER,906,2010,0.233607842
Simplicity2,WINDPOWER,907,2010,0.341380892
Simplicity2,WINDPOWER,908,2010,0.568438768
Simplicity2,WINDPOWER,909,2010,0.547389244
Simplicity2,WINDPOWER,910,2010,0.378671047
Simplicity2,WINDPOWER,911,2010,0.452847339
Simplicity2,WINDPOWER,912,2010,0.336096148
Simplicity2,WINDPOWER,913,2010,0.230131367
Simplicity2,WINDPOWER,914,2010,0.100259594
Simplicity2,WINDPOWER,915,2010,0
Simplicity2,WINDPOWER,916,2010,0
Simplicity2,WINDPOWER,917,2010,0
Simplicity2,WINDPOWER,918,2010,0
Simplicity2,WINDPOWER,919,2010,0
Simplicity2,WINDPOWER,920,2010,0
Simplicity2,WINDPOWER,921,2010,0
Simplicity2,WINDPOWER,922,2010,0
Simplicity2,WINDPOWER,923,2010,0
Simplicity2,WINDPOWER,924,2010,0
Simplicity2,WINDPOWER,925,2010,0
Simplicity2,WINDPOWER,926,2010,0
Simplicity2,WINDPOWER,927,2010,0
Simplicity2,WINDPOWER,928,2010,0
Simplicity2,WINDPOWER,929,2010,0.063036308
Simplicity2,WINDPOWER,930,2010,0.128341252
Simplicity2,WINDPOWER,931,2010,0.217228386
Simplicity2,WINDPOWER,932,2010,0.334392989
Simplicity2,WINDPOWER,933,2010,0.24411576
Simplicity2,WINDPOWER,934,2010,0.25316241
Simplicity2,WINDPOWER,935,2010,0.330858124
Simplicity2,WINDPOWER,936,2010,0.245337334
Simplicity2,WINDPOWER,937,2010,0.16915481
Simplicity2,WINDPOWER,938,2010,0.068780976
Simplicity2,WINDPOWER,939,2010,0
Simplicity2,WINDPOWER,940,2010,0
Simplicity2,WINDPOWER,941,2010,0
Simplicity2,WINDPOWER,942,2010,0
Simplicity2,WINDPOWER,943,2010,0
Simplicity2,WINDPOWER,944,2010,0
Simplicity2,WINDPOWER,945,2010,0
Simplicity2,WINDPOWER,946,2010,0
Simplicity2,WINDPOWER,947,2010,0
Simplicity2,WINDPOWER,948,2010,0
Simplicity2,WINDPOWER,949,2010,0
Simplicity2,WINDPOWER,950,2010,0
Simplicity2,WINDPOWER,951,2010,0
Simplicity2,WINDPOWER,952,2010,0
Simplicity2,WINDPOWER,953,2010,0.165805356
Simplicity2,WINDPOWER,954,2010,0.397829858
Simplicity2,WINDPOWER,955,2010,0.619178808
Simplicity2,WINDPOWER,956,2010,0.763509285
Simplicity2,WINDPOWER,957,2010,0.830583207
Simplicity2,WINDPOWER,958,2010,0.826060027
Simplicity2,WINDPOWER,959,2010,0.744497944
Simplicity2,WINDPOWER,960,2010,0.587781833
Simplicity2,WINDPOWER,961,2010,0.383221629
Simplicity2,WINDPOWER,962,2010,0.171766485
Simplicity2,WINDPOWER,963,2010,0
Simplicity2,WINDPOWER,964,2010,0
Simplicity2,WINDPOWER,965,2010,0
Simplicity2,WINDPOWER,966,2010,0
Simplicity2,WINDPOWER,967,2010,0
Simplicity2,WINDPOWER,968,2010,0
Simplicity2,WINDPOWER,969,2010,0
Simplicity2,WINDPOWER,970,2010,0
Simplicity2,WINDPOWER,971,2010,0
Simplicity2,WINDPOWER,972,2010,0
Simplicity2,WINDPOWER,973,2010,0
Simplicity2,WINDPOWER,974,2010,0
Simplicity2,WINDPOWER,975,2010,0
Simplicity2,WINDPOWER,976,2010,0
Simplicity2,WINDPOWER,977,2010,0.094963273
Simplicity2,WINDPOWER,978,2010,0.27881412
Simplicity2,WINDPOWER,979,2010,0.533374516
Simplicity2,WINDPOWER,980,2010,0.685575428
Simplicity2,WINDPOWER,981,2010,0.720801578
Simplicity2,WINDPOWER,982,2010,0.646224554
Simplicity2,WINDPOWER,983,2010,0.571345724
Simplicity2,WINDPOWER,984,2010,0.447175943
Simplicity2,WINDPOWER,985,2010,0.268870218
Simplicity2,WINDPOWER,986,2010,0.101589552
Simplicity2,WINDPOWER,987,2010,0
Simplicity2,WINDPOWER,988,2010,0
Simplicity2,WINDPOWER,989,2010,0
Simplicity2,WINDPOWER,990,2010,0
Simplicity2,WINDPOWER,991,2010,0
Simplicity2,WINDPOWER,992,2010,0
Simplicity2,WINDPOWER,993,2010,0
Simplicity2,WINDPOWER,994,2010,0
Simplicity2,WINDPOWER,995,2010,0
Simplicity2,WINDPOWER,996,2010,0
Simplicity2,WINDPOWER,997,2010,0
Simplicity2,WINDPOWER,998,2010,0
Simplicity2,WINDPOWER,999,2010,0
Simplicity2,WINDPOWER,1000,2010,0
Simplicity2,WINDPOWER,1001,2010,0.135199157
Simplicity2,WINDPOWER,1002,2010,0.358588587
Simplicity2,WINDPOWER,1003,2010,0.597539512
Simplicity2,WINDPOWER,1004,2010,0.701171028
Simplicity2,WINDPOWER,1005,2010,0.782125556
Simplicity2,WINDPOWER,1006,2010,0.844478753
Simplicity2,WINDPOWER,1007,2010,0.775561745
Simplicity2,WINDPOWER,1008,2010,0.619848322
Simplicity2,WINDPOWER,1009,2010,0.340970373
Simplicity2,WINDPOWER,1010,2010,0.184854638
Simplicity2,WINDPOWER,1011,2010,0
Simplicity2,WINDPOWER,1012,2010,0
Simplicity2,WINDPOWER,1013,2010,0
Simplicity2,WINDPOWER,1014,2010,0
Simplicity2,WINDPOWER,1015,2010,0
Simplicity2,WINDPOWER,1016,2010,0
Simplicity2,WINDPOWER,1017,2010,0
Simplicity2,WINDPOWER,1018,2010,0
Simplicity2,WINDPOWER,1019,2010,0
Simplicity2,WINDPOWER,1020,2010,0
Simplicity2,WINDPOWER,1021,2010,0
Simplicity2,WINDPOWER,1022,2010,0
Simplicity2,WINDPOWER,1023,2010,0
Simplicity2,WINDPOWER,1024,2010,0
Simplicity2,WINDPOWER,1025,2010,0.197283563
Simplicity2,WINDPOWER,1026,2010,0.445505677
Simplicity2,WINDPOWER,1027,2010,0.662036371
Simplicity2,WINDPOWER,1028,2010,0.811115932
Simplicity2,WINDPOWER,1029,2010,0.88492728
Simplicity2,WINDPOWER,1030,2010,0.879183415
Simplicity2,WINDPOWER,1031,2010,0.800564206
Simplicity2,WINDPOWER,1032,2010,0.650529897
Simplicity2,WINDPOWER,1033,2010,0.429385258
Simplicity2,WINDPOWER,1034,2010,0.18484079
Simplicity2,WINDPOWER,1035,2010,0
Simplicity2,WINDPOWER,1036,2010,0
Simplicity2,WINDPOWER,1037,2010,0
Simplicity2,WINDPOWER,1038,2010,0
Simplicity2,WINDPOWER,1039,2010,0
Simplicity2,WINDPOWER,1040,2010,0
Simplicity2,WINDPOWER,1041,2010,0
Simplicity2,WINDPOWER,1042,2010,0
Simplicity2,WINDPOWER,1043,2010,0
Simplicity2,WINDPOWER,1044,2010,0
Simplicity2,WINDPOWER,1045,2010,0
Simplicity2,WINDPOWER,1046,2010,0
Simplicity2,WINDPOWER,1047,2010,0
Simplicity2,WINDPOWER,1048,2010,0
Simplicity2,WINDPOWER,1049,2010,0.141220772
Simplicity2,WINDPOWER,1050,2010,0.315540185
Simplicity2,WINDPOWER,1051,2010,0.483222782
Simplicity2,WINDPOWER,1052,2010,0.334799942
Simplicity2,WINDPOWER,1053,2010,0.352637853
Simplicity2,WINDPOWER,1054,2010,0.400066156
Simplicity2,WINDPOWER,1055,2010,0.376342036
Simplicity2,WINDPOWER,1056,2010,0.315430503
Simplicity2,WINDPOWER,1057,2010,0.196877417
Simplicity2,WINDPOWER,1058,2010,0.058641879
Simplicity2,WINDPOWER,1059,2010,0
Simplicity2,WINDPOWER,1060,2010,0
Simplicity2,WINDPOWER,1061,2010,0
Simplicity2,WINDPOWER,1062,2010,0
Simplicity2,WINDPOWER,1063,2010,0
Simplicity2,WINDPOWER,1064,2010,0
Simplicity2,WINDPOWER,1065,2010,0
Simplicity2,WINDPOWER,1066,2010,0
Simplicity2,WINDPOWER,1067,2010,0
Simplicity2,WINDPOWER,1068,2010,0
Simplicity2,WINDPOWER,1069,2010,0
Simplicity2,WINDPOWER,1070,2010,0
Simplicity2,WINDPOWER,1071,2010,0
Simplicity2,WINDPOWER,1072,2010,0
Simplicity2,WINDPOWER,1073,2010,0.126044596
Simplicity2,WINDPOWER,1074,2010,0.316882162
Simplicity2,WINDPOWER,1075,2010,0.472452987
Simplicity2,WINDPOWER,1076,2010,0.592365377
Simplicity2,WINDPOWER,1077,2010,0.710568554
Simplicity2,WINDPOWER,1078,2010,0.638281421
Simplicity2,WINDPOWER,1079,2010,0.553357396
Simplicity2,WINDPOWER,1080,2010,0.461498046
Simplicity2,WINDPOWER,1081,2010,0.280727771
Simplicity2,WINDPOWER,1082,2010,0.118109929
Simplicity2,WINDPOWER,1083,2010,0
Simplicity2,WINDPOWER,1084,2010,0
Simplicity2,WINDPOWER,1085,2010,0
Simplicity2,WINDPOWER,1086,2010,0
Simplicity2,WINDPOWER,1087,2010,0
Simplicity2,WINDPOWER,1088,2010,0
Simplicity2,WINDPOWER,1089,2010,0
Simplicity2,WINDPOWER,1090,2010,0
Simplicity2,WINDPOWER,1091,2010,0
Simplicity2,WINDPOWER,1092,2010,0
Simplicity2,WINDPOWER,1093,2010,0
Simplicity2,WINDPOWER,1094,2010,0
Simplicity2,WINDPOWER,1095,2010,0
Simplicity2,WINDPOWER,1096,2010,0
Simplicity2,WINDPOWER,1097,2010,0.079241154
Simplicity2,WINDPOWER,1098,2010,0.172722193
Simplicity2,WINDPOWER,1099,2010,0.304928784
Simplicity2,WINDPOWER,1100,2010,0.373845282
Simplicity2,WINDPOWER,1101,2010,0.459938356
Simplicity2,WINDPOWER,1102,2010,0.403072361
Simplicity2,WINDPOWER,1103,2010,0.372411924
Simplicity2,WINDPOWER,1104,2010,0.315303811
Simplicity2,WINDPOWER,1105,2010,0.265746378
Simplicity2,WINDPOWER,1106,2010,0.094184118
Simplicity2,WINDPOWER,1107,2010,0
Simplicity2,WINDPOWER,1108,2010,0
Simplicity2,WINDPOWER,1109,2010,0
Simplicity2,WINDPOWER,1110,2010,0
Simplicity2,WINDPOWER,1111,2010,0
Simplicity2,WINDPOWER,1112,2010,0
Simplicity2,WINDPOWER,1113,2010,0
Simplicity2,WINDPOWER,1114,2010,0
Simplicity2,WINDPOWER,1115,2010,0
Simplicity2,WINDPOWER,1116,2010,0
Simplicity2,WINDPOWER,1117,2010,0
Simplicity2,WINDPOWER,1118,2010,0
Simplicity2,WINDPOWER,1119,2010,0
Simplicity2,WINDPOWER,1120,2010,0
Simplicity2,WINDPOWER,1121,2010,0.1654244
Simplicity2,WINDPOWER,1122,2010,0.364829313
Simplicity2,WINDPOWER,1123,2010,0.547545175
Simplicity2,WINDPOWER,1124,2010,0.689274458
Simplicity2,WINDPOWER,1125,2010,0.580666095
Simplicity2,WINDPOWER,1126,2010,0.533118034
Simplicity2,WINDPOWER,1127,2010,0.366016732
Simplicity2,WINDPOWER,1128,2010,0.267705969
Simplicity2,WINDPOWER,1129,2010,0.191853368
Simplicity2,WINDPOWER,1130,2010,0.057275473
Simplicity2,WINDPOWER,1131,2010,0
Simplicity2,WINDPOWER,1132,2010,0
Simplicity2,WINDPOWER,1133,2010,0
Simplicity2,WINDPOWER,1134,2010,0
Simplicity2,WINDPOWER,1135,2010,0
Simplicity2,WINDPOWER,1136,2010,0
Simplicity2,WINDPOWER,1137,2010,0
Simplicity2,WINDPOWER,1138,2010,0
Simplicity2,WINDPOWER,1139,2010,0
Simplicity2,WINDPOWER,1140,2010,0
Simplicity2,WINDPOWER,1141,2010,0
Simplicity2,WINDPOWER,1142,2010,0
Simplicity2,WINDPOWER,1143,2010,0
Simplicity2,WINDPOWER,1144,2010,0
Simplicity2,WINDPOWER,1145,2010,0.089269533
Simplicity2,WINDPOWER,1146,2010,0.201993655
Simplicity2,WINDPOWER,1147,2010,0.337653315
Simplicity2,WINDPOWER,1148,2010,0.585089416
Simplicity2,WINDPOWER,1149,2010,0.623833118
Simplicity2,WINDPOWER,1150,2010,0.462870066
Simplicity2,WINDPOWER,1151,2010,0.416506133
Simplicity2,WINDPOWER,1152,2010,0.327963327
Simplicity2,WINDPOWER,1153,2010,0.219750156
Simplicity2,WINDPOWER,1154,2010,0.121156944
Simplicity2,WINDPOWER,1155,2010,0
Simplicity2,WINDPOWER,1156,2010,0
Simplicity2,WINDPOWER,1157,2010,0
Simplicity2,WINDPOWER,1158,2010,0
Simplicity2,WINDPOWER,1159,2010,0
Simplicity2,WINDPOWER,1160,2010,0
Simplicity2,WINDPOWER,1161,2010,0
Simplicity2,WINDPOWER,1162,2010,0
Simplicity2,WINDPOWER,1163,2010,0
Simplicity2,WINDPOWER,1164,2010,0
Simplicity2,WINDPOWER,1165,2010,0
Simplicity2,WINDPOWER,1166,2010,0
Simplicity2,WINDPOWER,1167,2010,0
Simplicity2,WINDPOWER,1168,2010,0
Simplicity2,WINDPOWER,1169,2010,0.136049136
Simplicity2,WINDPOWER,1170,2010,0.325441638
Simplicity2,WINDPOWER,1171,2010,0.580298908
Simplicity2,WINDPOWER,1172,2010,0.74485708
Simplicity2,WINDPOWER,1173,2010,0.707615766
Simplicity2,WINDPOWER,1174,2010,0.605884083
Simplicity2,WINDPOWER,1175,2010,0.524614262
Simplicity2,WINDPOWER,1176,2010,0.446362039
Simplicity2,WINDPOWER,1177,2010,0.164633386
Simplicity2,WINDPOWER,1178,2010,0.037740158
Simplicity2,WINDPOWER,1179,2010,0
Simplicity2,WINDPOWER,1180,2010,0
Simplicity2,WINDPOWER,1181,2010,0
Simplicity2,WINDPOWER,1182,2010,0
Simplicity2,WINDPOWER,1183,2010,0
Simplicity2,WINDPOWER,1184,2010,0
Simplicity2,WINDPOWER,1185,2010,0
Simplicity2,WINDPOWER,1186,2010,0
Simplicity2,WINDPOWER,1187,2010,0
Simplicity2,WINDPOWER,1188,2010,0
Simplicity2,WINDPOWER,1189,2010,0
Simplicity2,WINDPOWER,1190,2010,0
Simplicity2,WINDPOWER,1191,2010,0
Simplicity2,WINDPOWER,1192,2010,0
Simplicity2,WINDPOWER,1193,2010,0.142980622
Simplicity2,WINDPOWER,1194,2010,0.268605527
Simplicity2,WINDPOWER,1195,2010,0.360690033
Simplicity2,WINDPOWER,1196,2010,0.625147443
Simplicity2,WINDPOWER,1197,2010,0.661141446
Simplicity2,WINDPOWER,1198,2010,0.676914275
Simplicity2,WINDPOWER,1199,2010,0.587176697
Simplicity2,WINDPOWER,1200,2010,0.427330581
Simplicity2,WINDPOWER,1201,2010,0.28327759
Simplicity2,WINDPOWER,1202,2010,0.165117967
Simplicity2,WINDPOWER,1203,2010,0
Simplicity2,WINDPOWER,1204,2010,0
Simplicity2,WINDPOWER,1205,2010,0
Simplicity2,WINDPOWER,1206,2010,0
Simplicity2,WINDPOWER,1207,2010,0
Simplicity2,WINDPOWER,1208,2010,0
Simplicity2,WINDPOWER,1209,2010,0
Simplicity2,WINDPOWER,1210,2010,0
Simplicity2,WINDPOWER,1211,2010,0
Simplicity2,WINDPOWER,1212,2010,0
Simplicity2,WINDPOWER,1213,2010,0
Simplicity2,WINDPOWER,1214,2010,0
Simplicity2,WINDPOWER,1215,2010,0
Simplicity2,WINDPOWER,1216,2010,0
Simplicity2,WINDPOWER,1217,2010,0.082132293
Simplicity2,WINDPOWER,1218,2010,0.202881989
Simplicity2,WINDPOWER,1219,2010,0.460671405
Simplicity2,WINDPOWER,1220,2010,0.661998463
Simplicity2,WINDPOWER,1221,2010,0.710753085
Simplicity2,WINDPOWER,1222,2010,0.734622861
Simplicity2,WINDPOWER,1223,2010,0.678891172
Simplicity2,WINDPOWER,1224,2010,0.508442208
Simplicity2,WINDPOWER,1225,2010,0.348682632
Simplicity2,WINDPOWER,1226,2010,0.14288637
Simplicity2,WINDPOWER,1227,2010,0
Simplicity2,WINDPOWER,1228,2010,0
Simplicity2,WINDPOWER,1229,2010,0
Simplicity2,WINDPOWER,1230,2010,0
Simplicity2,WINDPOWER,1231,2010,0
Simplicity2,WINDPOWER,1232,2010,0
Simplicity2,WINDPOWER,1233,2010,0
Simplicity2,WINDPOWER,1234,2010,0
Simplicity2,WINDPOWER,1235,2010,0
Simplicity2,WINDPOWER,1236,2010,0
Simplicity2,WINDPOWER,1237,2010,0
Simplicity2,WINDPOWER,1238,2010,0
Simplicity2,WINDPOWER,1239,2010,0
Simplicity2,WINDPOWER,1240,2010,0
Simplicity2,WINDPOWER,1241,2010,0.04195367
Simplicity2,WINDPOWER,1242,2010,0.111016305
Simplicity2,WINDPOWER,1243,2010,0.173312386
Simplicity2,WINDPOWER,1244,2010,0.205399905
Simplicity2,WINDPOWER,1245,2010,0.252563918
Simplicity2,WINDPOWER,1246,2010,0.245224213
Simplicity2,WINDPOWER,1247,2010,0.310760696
Simplicity2,WINDPOWER,1248,2010,0.270396556
Simplicity2,WINDPOWER,1249,2010,0.127899021
Simplicity2,WINDPOWER,1250,2010,0.084530366
Simplicity2,WINDPOWER,1251,2010,0
Simplicity2,WINDPOWER,1252,2010,0
Simplicity2,WINDPOWER,1253,2010,0
Simplicity2,WINDPOWER,1254,2010,0
Simplicity2,WINDPOWER,1255,2010,0
Simplicity2,WINDPOWER,1256,2010,0
Simplicity2,WINDPOWER,1257,2010,0
Simplicity2,WINDPOWER,1258,2010,0
Simplicity2,WINDPOWER,1259,2010,0
Simplicity2,WINDPOWER,1260,2010,0
Simplicity2,WINDPOWER,1261,2010,0
Simplicity2,WINDPOWER,1262,2010,0
Simplicity2,WINDPOWER,1263,2010,0
Simplicity2,WINDPOWER,1264,2010,0
Simplicity2,WINDPOWER,1265,2010,0.102094162
Simplicity2,WINDPOWER,1266,2010,0.275133206
Simplicity2,WINDPOWER,1267,2010,0.468997232
Simplicity2,WINDPOWER,1268,2010,0.465777504
Simplicity2,WINDPOWER,1269,2010,0.321880011
Simplicity2,WINDPOWER,1270,2010,0.290229533
Simplicity2,WINDPOWER,1271,2010,0.187026372
Simplicity2,WINDPOWER,1272,2010,0.206671524
Simplicity2,WINDPOWER,1273,2010,0.181669714
Simplicity2,WINDPOWER,1274,2010,0.100960242
Simplicity2,WINDPOWER,1275,2010,0
Simplicity2,WINDPOWER,1276,2010,0
Simplicity2,WINDPOWER,1277,2010,0
Simplicity2,WINDPOWER,1278,2010,0
Simplicity2,WINDPOWER,1279,2010,0
Simplicity2,WINDPOWER,1280,2010,0
Simplicity2,WINDPOWER,1281,2010,0
Simplicity2,WINDPOWER,1282,2010,0
Simplicity2,WINDPOWER,1283,2010,0
Simplicity2,WINDPOWER,1284,2010,0
Simplicity2,WINDPOWER,1285,2010,0
Simplicity2,WINDPOWER,1286,2010,0
Simplicity2,WINDPOWER,1287,2010,0
Simplicity2,WINDPOWER,1288,2010,0
Simplicity2,WINDPOWER,1289,2010,0.079845494
Simplicity2,WINDPOWER,1290,2010,0.288859783
Simplicity2,WINDPOWER,1291,2010,0.522985054
Simplicity2,WINDPOWER,1292,2010,0.640188339
Simplicity2,WINDPOWER,1293,2010,0.639745891
Simplicity2,WINDPOWER,1294,2010,0.695714035
Simplicity2,WINDPOWER,1295,2010,0.609628993
Simplicity2,WINDPOWER,1296,2010,0.357441756
Simplicity2,WINDPOWER,1297,2010,0.207373134
Simplicity2,WINDPOWER,1298,2010,0.086989189
Simplicity2,WINDPOWER,1299,2010,0
Simplicity2,WINDPOWER,1300,2010,0
Simplicity2,WINDPOWER,1301,2010,0
Simplicity2,WINDPOWER,1302,2010,0
Simplicity2,WINDPOWER,1303,2010,0
Simplicity2,WINDPOWER,1304,2010,0
Simplicity2,WINDPOWER,1305,2010,0
Simplicity2,WINDPOWER,1306,2010,0
Simplicity2,WINDPOWER,1307,2010,0
Simplicity2,WINDPOWER,1308,2010,0
Simplicity2,WINDPOWER,1309,2010,0
Simplicity2,WINDPOWER,1310,2010,0
Simplicity2,WINDPOWER,1311,2010,0
Simplicity2,WINDPOWER,1312,2010,0
Simplicity2,WINDPOWER,1313,2010,0.243450693
Simplicity2,WINDPOWER,1314,2010,0.463508534
Simplicity2,WINDPOWER,1315,2010,0.698507232
Simplicity2,WINDPOWER,1316,2010,0.813774989
Simplicity2,WINDPOWER,1317,2010,0.855776674
Simplicity2,WINDPOWER,1318,2010,0.862740396
Simplicity2,WINDPOWER,1319,2010,0.792829101
Simplicity2,WINDPOWER,1320,2010,0.665308294
Simplicity2,WINDPOWER,1321,2010,0.467574273
Simplicity2,WINDPOWER,1322,2010,0.214403268
Simplicity2,WINDPOWER,1323,2010,0
Simplicity2,WINDPOWER,1324,2010,0
Simplicity2,WINDPOWER,1325,2010,0
Simplicity2,WINDPOWER,1326,2010,0
Simplicity2,WINDPOWER,1327,2010,0
Simplicity2,WINDPOWER,1328,2010,0
Simplicity2,WINDPOWER,1329,2010,0
Simplicity2,WINDPOWER,1330,2010,0
Simplicity2,WINDPOWER,1331,2010,0
Simplicity2,WINDPOWER,1332,2010,0
Simplicity2,WINDPOWER,1333,2010,0
Simplicity2,WINDPOWER,1334,2010,0
Simplicity2,WINDPOWER,1335,2010,0
Simplicity2,WINDPOWER,1336,2010,0
Simplicity2,WINDPOWER,1337,2010,0.038519893
Simplicity2,WINDPOWER,1338,2010,0.128548709
Simplicity2,WINDPOWER,1339,2010,0.216912463
Simplicity2,WINDPOWER,1340,2010,0.295719088
Simplicity2,WINDPOWER,1341,2010,0.401253498
Simplicity2,WINDPOWER,1342,2010,0.403741008
Simplicity2,WINDPOWER,1343,2010,0.425518006
Simplicity2,WINDPOWER,1344,2010,0.4242813
Simplicity2,WINDPOWER,1345,2010,0.302833748
Simplicity2,WINDPOWER,1346,2010,0.130808721
Simplicity2,WINDPOWER,1347,2010,0
Simplicity2,WINDPOWER,1348,2010,0
Simplicity2,WINDPOWER,1349,2010,0
Simplicity2,WINDPOWER,1350,2010,0
Simplicity2,WINDPOWER,1351,2010,0
Simplicity2,WINDPOWER,1352,2010,0
Simplicity2,WINDPOWER,1353,2010,0
Simplicity2,WINDPOWER,1354,2010,0
Simplicity2,WINDPOWER,1355,2010,0
Simplicity2,WINDPOWER,1356,2010,0
Simplicity2,WINDPOWER,1357,2010,0
Simplicity2,WINDPOWER,1358,2010,0
Simplicity2,WINDPOWER,1359,2010,0
Simplicity2,WINDPOWER,1360,2010,0
Simplicity2,WINDPOWER,1361,2010,0.073952012
Simplicity2,WINDPOWER,1362,2010,0.167561092
Simplicity2,WINDPOWER,1363,2010,0.294312547
Simplicity2,WINDPOWER,1364,2010,0.411969764
Simplicity2,WINDPOWER,1365,2010,0.494210409
Simplicity2,WINDPOWER,1366,2010,0.531026799
Simplicity2,WINDPOWER,1367,2010,0.48481197
Simplicity2,WINDPOWER,1368,2010,0.479406897
Simplicity2,WINDPOWER,1369,2010,0.313504849
Simplicity2,WINDPOWER,1370,2010,0.107917366
Simplicity2,WINDPOWER,1371,2010,0
Simplicity2,WINDPOWER,1372,2010,0
Simplicity2,WINDPOWER,1373,2010,0
Simplicity2,WINDPOWER,1374,2010,0
Simplicity2,WINDPOWER,1375,2010,0
Simplicity2,WINDPOWER,1376,2010,0
Simplicity2,WINDPOWER,1377,2010,0
Simplicity2,WINDPOWER,1378,2010,0
Simplicity2,WINDPOWER,1379,2010,0
Simplicity2,WINDPOWER,1380,2010,0
Simplicity2,WINDPOWER,1381,2010,0
Simplicity2,WINDPOWER,1382,2010,0
Simplicity2,WINDPOWER,1383,2010,0
Simplicity2,WINDPOWER,1384,2010,0
Simplicity2,WINDPOWER,1385,2010,0.188038581
Simplicity2,WINDPOWER,1386,2010,0.409938431
Simplicity2,WINDPOWER,1387,2010,0.589651269
Simplicity2,WINDPOWER,1388,2010,0.771931684
Simplicity2,WINDPOWER,1389,2010,0.7238389
Simplicity2,WINDPOWER,1390,2010,0.756945918
Simplicity2,WINDPOWER,1391,2010,0.62669503
Simplicity2,WINDPOWER,1392,2010,0.526645377
Simplicity2,WINDPOWER,1393,2010,0.430545027
Simplicity2,WINDPOWER,1394,2010,0.201528236
Simplicity2,WINDPOWER,1395,2010,0
Simplicity2,WINDPOWER,1396,2010,0
Simplicity2,WINDPOWER,1397,2010,0
Simplicity2,WINDPOWER,1398,2010,0
Simplicity2,WINDPOWER,1399,2010,0
Simplicity2,WINDPOWER,1400,2010,0
Simplicity2,WINDPOWER,1401,2010,0
Simplicity2,WINDPOWER,1402,2010,0
Simplicity2,WINDPOWER,1403,2010,0
Simplicity2,WINDPOWER,1404,2010,0
Simplicity2,WINDPOWER,1405,2010,0
Simplicity2,WINDPOWER,1406,2010,0
Simplicity2,WINDPOWER,1407,2010,0
Simplicity2,WINDPOWER,1408,2010,0
Simplicity2,WINDPOWER,1409,2010,0.12404525
Simplicity2,WINDPOWER,1410,2010,0.255069329
Simplicity2,WINDPOWER,1411,2010,0.397936468
Simplicity2,WINDPOWER,1412,2010,0.554194289
Simplicity2,WINDPOWER,1413,2010,0.521876833
Simplicity2,WINDPOWER,1414,2010,0.558384731
Simplicity2,WINDPOWER,1415,2010,0.551652891
Simplicity2,WINDPOWER,1416,2010,0.468193634
Simplicity2,WINDPOWER,1417,2010,0.328745018
Simplicity2,WINDPOWER,1418,2010,0.183564769
Simplicity2,WINDPOWER,1419,2010,0
Simplicity2,WINDPOWER,1420,2010,0
Simplicity2,WINDPOWER,1421,2010,0
Simplicity2,WINDPOWER,1422,2010,0
Simplicity2,WINDPOWER,1423,2010,0
Simplicity2,WINDPOWER,1424,2010,0
Simplicity2,WINDPOWER,1425,2010,0
Simplicity2,WINDPOWER,1426,2010,0
Simplicity2,WINDPOWER,1427,2010,0
Simplicity2,WINDPOWER,1428,2010,0
Simplicity2,WINDPOWER,1429,2010,0
Simplicity2,WINDPOWER,1430,2010,0
Simplicity2,WINDPOWER,1431,2010,0
Simplicity2,WINDPOWER,1432,2010,0
Simplicity2,WINDPOWER,1433,2010,0.123057986
Simplicity2,WINDPOWER,1434,2010,0.226579468
Simplicity2,WINDPOWER,1435,2010,0.429924629
Simplicity2,WINDPOWER,1436,2010,0.492598503
Simplicity2,WINDPOWER,1437,2010,0.513100042
Simplicity2,WINDPOWER,1438,2010,0.587973218
Simplicity2,WINDPOWER,1439,2010,0.477722176
Simplicity2,WINDPOWER,1440,2010,0.373813572
Simplicity2,WINDPOWER,1441,2010,0.232366511
Simplicity2,WINDPOWER,1442,2010,0.114139082
Simplicity2,WINDPOWER,1443,2010,0
Simplicity2,WINDPOWER,1444,2010,0
Simplicity2,WINDPOWER,1445,2010,0
Simplicity2,WINDPOWER,1446,2010,0
Simplicity2,WINDPOWER,1447,2010,0
Simplicity2,WINDPOWER,1448,2010,0
Simplicity2,WINDPOWER,1449,2010,0
Simplicity2,WINDPOWER,1450,2010,0
Simplicity2,WINDPOWER,1451,2010,0
Simplicity2,WINDPOWER,1452,2010,0
Simplicity2,WINDPOWER,1453,2010,0
Simplicity2,WINDPOWER,1454,2010,0
Simplicity2,WINDPOWER,1455,2010,0
Simplicity2,WINDPOWER,1456,2010,0
Simplicity2,WINDPOWER,1457,2010,0.150301171
Simplicity2,WINDPOWER,1458,2010,0.337676711
Simplicity2,WINDPOWER,1459,2010,0.574012661
Simplicity2,WINDPOWER,1460,2010,0.589072924
Simplicity2,WINDPOWER,1461,2010,0.713497792
Simplicity2,WINDPOWER,1462,2010,0.746343781
Simplicity2,WINDPOWER,1463,2010,0.561353847
Simplicity2,WINDPOWER,1464,2010,0.429457277
Simplicity2,WINDPOWER,1465,2010,0.270618713
Simplicity2,WINDPOWER,1466,2010,0.184621256
Simplicity2,WINDPOWER,1467,2010,0
Simplicity2,WINDPOWER,1468,2010,0
Simplicity2,WINDPOWER,1469,2010,0
Simplicity2,WINDPOWER,1470,2010,0
Simplicity2,WINDPOWER,1471,2010,0
Simplicity2,WINDPOWER,1472,2010,0
Simplicity2,WINDPOWER,1473,2010,0
Simplicity2,WINDPOWER,1474,2010,0
Simplicity2,WINDPOWER,1475,2010,0
Simplicity2,WINDPOWER,1476,2010,0
Simplicity2,WINDPOWER,1477,2010,0
Simplicity2,WINDPOWER,1478,2010,0
Simplicity2,WINDPOWER,1479,2010,0
Simplicity2,WINDPOWER,1480,2010,0
Simplicity2,WINDPOWER,1481,2010,0.242298915
Simplicity2,WINDPOWER,1482,2010,0.480448044
Simplicity2,WINDPOWER,1483,2010,0.687932434
Simplicity2,WINDPOWER,1484,2010,0.755100915
Simplicity2,WINDPOWER,1485,2010,0.694172035
Simplicity2,WINDPOWER,1486,2010,0.74092508
Simplicity2,WINDPOWER,1487,2010,0.611813235
Simplicity2,WINDPOWER,1488,2010,0.530060699
Simplicity2,WINDPOWER,1489,2010,0.468078313
Simplicity2,WINDPOWER,1490,2010,0.220940413
Simplicity2,WINDPOWER,1491,2010,0
Simplicity2,WINDPOWER,1492,2010,0
Simplicity2,WINDPOWER,1493,2010,0
Simplicity2,WINDPOWER,1494,2010,0
Simplicity2,WINDPOWER,1495,2010,0
Simplicity2,WINDPOWER,1496,2010,0
Simplicity2,WINDPOWER,1497,2010,0
Simplicity2,WINDPOWER,1498,2010,0
Simplicity2,WINDPOWER,1499,2010,0
Simplicity2,WINDPOWER,1500,2010,0
Simplicity2,WINDPOWER,1501,2010,0
Simplicity2,WINDPOWER,1502,2010,0
Simplicity2,WINDPOWER,1503,2010,0
Simplicity2,WINDPOWER,1504,2010,0
Simplicity2,WINDPOWER,1505,2010,0.264556799
Simplicity2,WINDPOWER,1506,2010,0.504584779
Simplicity2,WINDPOWER,1507,2010,0.701470979
Simplicity2,WINDPOWER,1508,2010,0.816261678
Simplicity2,WINDPOWER,1509,2010,0.848302764
Simplicity2,WINDPOWER,1510,2010,0.812764454
Simplicity2,WINDPOWER,1511,2010,0.759449998
Simplicity2,WINDPOWER,1512,2010,0.620785351
Simplicity2,WINDPOWER,1513,2010,0.440405189
Simplicity2,WINDPOWER,1514,2010,0.219367209
Simplicity2,WINDPOWER,1515,2010,0
Simplicity2,WINDPOWER,1516,2010,0
Simplicity2,WINDPOWER,1517,2010,0
Simplicity2,WINDPOWER,1518,2010,0
Simplicity2,WINDPOWER,1519,2010,0
Simplicity2,WINDPOWER,1520,2010,0
Simplicity2,WINDPOWER,1521,2010,0
Simplicity2,WINDPOWER,1522,2010,0
Simplicity2,WINDPOWER,1523,2010,0
Simplicity2,WINDPOWER,1524,2010,0
Simplicity2,WINDPOWER,1525,2010,0
Simplicity2,WINDPOWER,1526,2010,0
Simplicity2,WINDPOWER,1527,2010,0
Simplicity2,WINDPOWER,1528,2010,0.088832701
Simplicity2,WINDPOWER,1529,2010,0.229177264
Simplicity2,WINDPOWER,1530,2010,0.417072354
Simplicity2,WINDPOWER,1531,2010,0.601442192
Simplicity2,WINDPOWER,1532,2010,0.745146268
Simplicity2,WINDPOWER,1533,2010,0.82933036
Simplicity2,WINDPOWER,1534,2010,0.836275039
Simplicity2,WINDPOWER,1535,2010,0.77480677
Simplicity2,WINDPOWER,1536,2010,0.637648297
Simplicity2,WINDPOWER,1537,2010,0.375455308
Simplicity2,WINDPOWER,1538,2010,0.158113156
Simplicity2,WINDPOWER,1539,2010,0
Simplicity2,WINDPOWER,1540,2010,0
Simplicity2,WINDPOWER,1541,2010,0
Simplicity2,WINDPOWER,1542,2010,0
Simplicity2,WINDPOWER,1543,2010,0
Simplicity2,WINDPOWER,1544,2010,0
Simplicity2,WINDPOWER,1545,2010,0
Simplicity2,WINDPOWER,1546,2010,0
Simplicity2,WINDPOWER,1547,2010,0
Simplicity2,WINDPOWER,1548,2010,0
Simplicity2,WINDPOWER,1549,2010,0
Simplicity2,WINDPOWER,1550,2010,0
Simplicity2,WINDPOWER,1551,2010,0
Simplicity2,WINDPOWER,1552,2010,0.007463561
Simplicity2,WINDPOWER,1553,2010,0.060633886
Simplicity2,WINDPOWER,1554,2010,0.189409241
Simplicity2,WINDPOWER,1555,2010,0.259057595
Simplicity2,WINDPOWER,1556,2010,0.436041389
Simplicity2,WINDPOWER,1557,2010,0.488943235
Simplicity2,WINDPOWER,1558,2010,0.400660601
Simplicity2,WINDPOWER,1559,2010,0.602157936
Simplicity2,WINDPOWER,1560,2010,0.580312605
Simplicity2,WINDPOWER,1561,2010,0.398103918
Simplicity2,WINDPOWER,1562,2010,0.200754868
Simplicity2,WINDPOWER,1563,2010,0
Simplicity2,WINDPOWER,1564,2010,0
Simplicity2,WINDPOWER,1565,2010,0
Simplicity2,WINDPOWER,1566,2010,0
Simplicity2,WINDPOWER,1567,2010,0
Simplicity2,WINDPOWER,1568,2010,0
Simplicity2,WINDPOWER,1569,2010,0
Simplicity2,WINDPOWER,1570,2010,0
Simplicity2,WINDPOWER,1571,2010,0
Simplicity2,WINDPOWER,1572,2010,0
Simplicity2,WINDPOWER,1573,2010,0
Simplicity2,WINDPOWER,1574,2010,0
Simplicity2,WINDPOWER,1575,2010,0
Simplicity2,WINDPOWER,1576,2010,0.030302907
Simplicity2,WINDPOWER,1577,2010,0.144800475
Simplicity2,WINDPOWER,1578,2010,0.260259635
Simplicity2,WINDPOWER,1579,2010,0.37099511
Simplicity2,WINDPOWER,1580,2010,0.411160544
Simplicity2,WINDPOWER,1581,2010,0.489795109
Simplicity2,WINDPOWER,1582,2010,0.438851214
Simplicity2,WINDPOWER,1583,2010,0.442046379
Simplicity2,WINDPOWER,1584,2010,0.306296017
Simplicity2,WINDPOWER,1585,2010,0.222120678
Simplicity2,WINDPOWER,1586,2010,0.128577277
Simplicity2,WINDPOWER,1587,2010,0
Simplicity2,WINDPOWER,1588,2010,0
Simplicity2,WINDPOWER,1589,2010,0
Simplicity2,WINDPOWER,1590,2010,0
Simplicity2,WINDPOWER,1591,2010,0
Simplicity2,WINDPOWER,1592,2010,0
Simplicity2,WINDPOWER,1593,2010,0
Simplicity2,WINDPOWER,1594,2010,0
Simplicity2,WINDPOWER,1595,2010,0
Simplicity2,WINDPOWER,1596,2010,0
Simplicity2,WINDPOWER,1597,2010,0
Simplicity2,WINDPOWER,1598,2010,0
Simplicity2,WINDPOWER,1599,2010,0
Simplicity2,WINDPOWER,1600,2010,0.065220117
Simplicity2,WINDPOWER,1601,2010,0.215118605
Simplicity2,WINDPOWER,1602,2010,0.423983397
Simplicity2,WINDPOWER,1603,2010,0.669067491
Simplicity2,WINDPOWER,1604,2010,0.781053755
Simplicity2,WINDPOWER,1605,2010,0.789293013
Simplicity2,WINDPOWER,1606,2010,0.785597145
Simplicity2,WINDPOWER,1607,2010,0.663751248
Simplicity2,WINDPOWER,1608,2010,0.517840855
Simplicity2,WINDPOWER,1609,2010,0.316873435
Simplicity2,WINDPOWER,1610,2010,0.149760605
Simplicity2,WINDPOWER,1611,2010,0
Simplicity2,WINDPOWER,1612,2010,0
Simplicity2,WINDPOWER,1613,2010,0
Simplicity2,WINDPOWER,1614,2010,0
Simplicity2,WINDPOWER,1615,2010,0
Simplicity2,WINDPOWER,1616,2010,0
Simplicity2,WINDPOWER,1617,2010,0
Simplicity2,WINDPOWER,1618,2010,0
Simplicity2,WINDPOWER,1619,2010,0
Simplicity2,WINDPOWER,1620,2010,0
Simplicity2,WINDPOWER,1621,2010,0
Simplicity2,WINDPOWER,1622,2010,0
Simplicity2,WINDPOWER,1623,2010,0
Simplicity2,WINDPOWER,1624,2010,0.041107891
Simplicity2,WINDPOWER,1625,2010,0.208453529
Simplicity2,WINDPOWER,1626,2010,0.448112032
Simplicity2,WINDPOWER,1627,2010,0.633322676
Simplicity2,WINDPOWER,1628,2010,0.768770697
Simplicity2,WINDPOWER,1629,2010,0.878871891
Simplicity2,WINDPOWER,1630,2010,0.868542815
Simplicity2,WINDPOWER,1631,2010,0.76965235
Simplicity2,WINDPOWER,1632,2010,0.574547105
Simplicity2,WINDPOWER,1633,2010,0.422350774
Simplicity2,WINDPOWER,1634,2010,0.212076113
Simplicity2,WINDPOWER,1635,2010,0
Simplicity2,WINDPOWER,1636,2010,0
Simplicity2,WINDPOWER,1637,2010,0
Simplicity2,WINDPOWER,1638,2010,0
Simplicity2,WINDPOWER,1639,2010,0
Simplicity2,WINDPOWER,1640,2010,0
Simplicity2,WINDPOWER,1641,2010,0
Simplicity2,WINDPOWER,1642,2010,0
Simplicity2,WINDPOWER,1643,2010,0
Simplicity2,WINDPOWER,1644,2010,0
Simplicity2,WINDPOWER,1645,2010,0
Simplicity2,WINDPOWER,1646,2010,0
Simplicity2,WINDPOWER,1647,2010,0
Simplicity2,WINDPOWER,1648,2010,0.071697872
Simplicity2,WINDPOWER,1649,2010,0.264995817
Simplicity2,WINDPOWER,1650,2010,0.507893491
Simplicity2,WINDPOWER,1651,2010,0.593352479
Simplicity2,WINDPOWER,1652,2010,0.664679689
Simplicity2,WINDPOWER,1653,2010,0.746344572
Simplicity2,WINDPOWER,1654,2010,0.74071828
Simplicity2,WINDPOWER,1655,2010,0.624086708
Simplicity2,WINDPOWER,1656,2010,0.491506782
Simplicity2,WINDPOWER,1657,2010,0.30606141
Simplicity2,WINDPOWER,1658,2010,0.171462771
Simplicity2,WINDPOWER,1659,2010,0.041278994
Simplicity2,WINDPOWER,1660,2010,0
Simplicity2,WINDPOWER,1661,2010,0
Simplicity2,WINDPOWER,1662,2010,0
Simplicity2,WINDPOWER,1663,2010,0
Simplicity2,WINDPOWER,1664,2010,0
Simplicity2,WINDPOWER,1665,2010,0
Simplicity2,WINDPOWER,1666,2010,0
Simplicity2,WINDPOWER,1667,2010,0
Simplicity2,WINDPOWER,1668,2010,0
Simplicity2,WINDPOWER,1669,2010,0
Simplicity2,WINDPOWER,1670,2010,0
Simplicity2,WINDPOWER,1671,2010,0
Simplicity2,WINDPOWER,1672,2010,0.076397719
Simplicity2,WINDPOWER,1673,2010,0.28917088
Simplicity2,WINDPOWER,1674,2010,0.526988733
Simplicity2,WINDPOWER,1675,2010,0.712631647
Simplicity2,WINDPOWER,1676,2010,0.773352117
Simplicity2,WINDPOWER,1677,2010,0.807192867
Simplicity2,WINDPOWER,1678,2010,0.868195135
Simplicity2,WINDPOWER,1679,2010,0.824483625
Simplicity2,WINDPOWER,1680,2010,0.700064088
Simplicity2,WINDPOWER,1681,2010,0.50490324
Simplicity2,WINDPOWER,1682,2010,0.262299728
Simplicity2,WINDPOWER,1683,2010,0.066929695
Simplicity2,WINDPOWER,1684,2010,0
Simplicity2,WINDPOWER,1685,2010,0
Simplicity2,WINDPOWER,1686,2010,0
Simplicity2,WINDPOWER,1687,2010,0
Simplicity2,WINDPOWER,1688,2010,0
Simplicity2,WINDPOWER,1689,2010,0
Simplicity2,WINDPOWER,1690,2010,0
Simplicity2,WINDPOWER,1691,2010,0
Simplicity2,WINDPOWER,1692,2010,0
Simplicity2,WINDPOWER,1693,2010,0
Simplicity2,WINDPOWER,1694,2010,0
Simplicity2,WINDPOWER,1695,2010,0
Simplicity2,WINDPOWER,1696,2010,0.082944394
Simplicity2,WINDPOWER,1697,2010,0.299668998
Simplicity2,WINDPOWER,1698,2010,0.524058999
Simplicity2,WINDPOWER,1699,2010,0.698941965
Simplicity2,WINDPOWER,1700,2010,0.820058548
Simplicity2,WINDPOWER,1701,2010,0.879464033
Simplicity2,WINDPOWER,1702,2010,0.874221943
Simplicity2,WINDPOWER,1703,2010,0.807302619
Simplicity2,WINDPOWER,1704,2010,0.674910928
Simplicity2,WINDPOWER,1705,2010,0.463039179
Simplicity2,WINDPOWER,1706,2010,0.221847914
Simplicity2,WINDPOWER,1707,2010,0.039165237
Simplicity2,WINDPOWER,1708,2010,0
Simplicity2,WINDPOWER,1709,2010,0
Simplicity2,WINDPOWER,1710,2010,0
Simplicity2,WINDPOWER,1711,2010,0
Simplicity2,WINDPOWER,1712,2010,0
Simplicity2,WINDPOWER,1713,2010,0
Simplicity2,WINDPOWER,1714,2010,0
Simplicity2,WINDPOWER,1715,2010,0
Simplicity2,WINDPOWER,1716,2010,0
Simplicity2,WINDPOWER,1717,2010,0
Simplicity2,WINDPOWER,1718,2010,0
Simplicity2,WINDPOWER,1719,2010,0
Simplicity2,WINDPOWER,1720,2010,0.088630427
Simplicity2,WINDPOWER,1721,2010,0.313074004
Simplicity2,WINDPOWER,1722,2010,0.54361013
Simplicity2,WINDPOWER,1723,2010,0.722365097
Simplicity2,WINDPOWER,1724,2010,0.835602313
Simplicity2,WINDPOWER,1725,2010,0.879464707
Simplicity2,WINDPOWER,1726,2010,0.870016689
Simplicity2,WINDPOWER,1727,2010,0.803491685
Simplicity2,WINDPOWER,1728,2010,0.660885465
Simplicity2,WINDPOWER,1729,2010,0.407102855
Simplicity2,WINDPOWER,1730,2010,0.167535391
Simplicity2,WINDPOWER,1731,2010,0.029407153
Simplicity2,WINDPOWER,1732,2010,0
Simplicity2,WINDPOWER,1733,2010,0
Simplicity2,WINDPOWER,1734,2010,0
Simplicity2,WINDPOWER,1735,2010,0
Simplicity2,WINDPOWER,1736,2010,0
Simplicity2,WINDPOWER,1737,2010,0
Simplicity2,WINDPOWER,1738,2010,0
Simplicity2,WINDPOWER,1739,2010,0
Simplicity2,WINDPOWER,1740,2010,0
Simplicity2,WINDPOWER,1741,2010,0
Simplicity2,WINDPOWER,1742,2010,0
Simplicity2,WINDPOWER,1743,2010,0
Simplicity2,WINDPOWER,1744,2010,0.070958784
Simplicity2,WINDPOWER,1745,2010,0.259150195
Simplicity2,WINDPOWER,1746,2010,0.453271134
Simplicity2,WINDPOWER,1747,2010,0.625950555
Simplicity2,WINDPOWER,1748,2010,0.752699563
Simplicity2,WINDPOWER,1749,2010,0.828985106
Simplicity2,WINDPOWER,1750,2010,0.820296927
Simplicity2,WINDPOWER,1751,2010,0.70806619
Simplicity2,WINDPOWER,1752,2010,0.542534795
Simplicity2,WINDPOWER,1753,2010,0.302485696
Simplicity2,WINDPOWER,1754,2010,0.118135799
Simplicity2,WINDPOWER,1755,2010,0.019268278
Simplicity2,WINDPOWER,1756,2010,0
Simplicity2,WINDPOWER,1757,2010,0
Simplicity2,WINDPOWER,1758,2010,0
Simplicity2,WINDPOWER,1759,2010,0
Simplicity2,WINDPOWER,1760,2010,0
Simplicity2,WINDPOWER,1761,2010,0
Simplicity2,WINDPOWER,1762,2010,0
Simplicity2,WINDPOWER,1763,2010,0
Simplicity2,WINDPOWER,1764,2010,0
Simplicity2,WINDPOWER,1765,2010,0
Simplicity2,WINDPOWER,1766,2010,0
Simplicity2,WINDPOWER,1767,2010,0
Simplicity2,WINDPOWER,1768,2010,0.086097149
Simplicity2,WINDPOWER,1769,2010,0.287834378
Simplicity2,WINDPOWER,1770,2010,0.505505696
Simplicity2,WINDPOWER,1771,2010,0.639536711
Simplicity2,WINDPOWER,1772,2010,0.671858225
Simplicity2,WINDPOWER,1773,2010,0.759884573
Simplicity2,WINDPOWER,1774,2010,0.758024562
Simplicity2,WINDPOWER,1775,2010,0.615060697
Simplicity2,WINDPOWER,1776,2010,0.613821149
Simplicity2,WINDPOWER,1777,2010,0.419905487
Simplicity2,WINDPOWER,1778,2010,0.192434745
Simplicity2,WINDPOWER,1779,2010,0.046831148
Simplicity2,WINDPOWER,1780,2010,0
Simplicity2,WINDPOWER,1781,2010,0
Simplicity2,WINDPOWER,1782,2010,0
Simplicity2,WINDPOWER,1783,2010,0
Simplicity2,WINDPOWER,1784,2010,0
Simplicity2,WINDPOWER,1785,2010,0
Simplicity2,WINDPOWER,1786,2010,0
Simplicity2,WINDPOWER,1787,2010,0
Simplicity2,WINDPOWER,1788,2010,0
Simplicity2,WINDPOWER,1789,2010,0
Simplicity2,WINDPOWER,1790,2010,0
Simplicity2,WINDPOWER,1791,2010,0
Simplicity2,WINDPOWER,1792,2010,0.086836331
Simplicity2,WINDPOWER,1793,2010,0.26825721
Simplicity2,WINDPOWER,1794,2010,0.441758237
Simplicity2,WINDPOWER,1795,2010,0.631274011
Simplicity2,WINDPOWER,1796,2010,0.738021024
Simplicity2,WINDPOWER,1797,2010,0.801404987
Simplicity2,WINDPOWER,1798,2010,0.802988787
Simplicity2,WINDPOWER,1799,2010,0.795759611
Simplicity2,WINDPOWER,1800,2010,0.652599947
Simplicity2,WINDPOWER,1801,2010,0.488271937
Simplicity2,WINDPOWER,1802,2010,0.264923856
Simplicity2,WINDPOWER,1803,2010,0.057124415
Simplicity2,WINDPOWER,1804,2010,0
Simplicity2,WINDPOWER,1805,2010,0
Simplicity2,WINDPOWER,1806,2010,0
Simplicity2,WINDPOWER,1807,2010,0
Simplicity2,WINDPOWER,1808,2010,0
Simplicity2,WINDPOWER,1809,2010,0
Simplicity2,WINDPOWER,1810,2010,0
Simplicity2,WINDPOWER,1811,2010,0
Simplicity2,WINDPOWER,1812,2010,0
Simplicity2,WINDPOWER,1813,2010,0
Simplicity2,WINDPOWER,1814,2010,0
Simplicity2,WINDPOWER,1815,2010,0
Simplicity2,WINDPOWER,1816,2010,0.103769893
Simplicity2,WINDPOWER,1817,2010,0.338561834
Simplicity2,WINDPOWER,1818,2010,0.569418457
Simplicity2,WINDPOWER,1819,2010,0.745355646
Simplicity2,WINDPOWER,1820,2010,0.853273482
Simplicity2,WINDPOWER,1821,2010,0.896078072
Simplicity2,WINDPOWER,1822,2010,0.887934143
Simplicity2,WINDPOWER,1823,2010,0.818805592
Simplicity2,WINDPOWER,1824,2010,0.696946261
Simplicity2,WINDPOWER,1825,2010,0.504238415
Simplicity2,WINDPOWER,1826,2010,0.264650278
Simplicity2,WINDPOWER,1827,2010,0.049018615
Simplicity2,WINDPOWER,1828,2010,0
Simplicity2,WINDPOWER,1829,2010,0
Simplicity2,WINDPOWER,1830,2010,0
Simplicity2,WINDPOWER,1831,2010,0
Simplicity2,WINDPOWER,1832,2010,0
Simplicity2,WINDPOWER,1833,2010,0
Simplicity2,WINDPOWER,1834,2010,0
Simplicity2,WINDPOWER,1835,2010,0
Simplicity2,WINDPOWER,1836,2010,0
Simplicity2,WINDPOWER,1837,2010,0
Simplicity2,WINDPOWER,1838,2010,0
Simplicity2,WINDPOWER,1839,2010,0
Simplicity2,WINDPOWER,1840,2010,0.103443048
Simplicity2,WINDPOWER,1841,2010,0.336045174
Simplicity2,WINDPOWER,1842,2010,0.553110073
Simplicity2,WINDPOWER,1843,2010,0.677793822
Simplicity2,WINDPOWER,1844,2010,0.767423592
Simplicity2,WINDPOWER,1845,2010,0.824961352
Simplicity2,WINDPOWER,1846,2010,0.84200157
Simplicity2,WINDPOWER,1847,2010,0.75086131
Simplicity2,WINDPOWER,1848,2010,0.615341478
Simplicity2,WINDPOWER,1849,2010,0.447224284
Simplicity2,WINDPOWER,1850,2010,0.25570414
Simplicity2,WINDPOWER,1851,2010,0.050236766
Simplicity2,WINDPOWER,1852,2010,0
Simplicity2,WINDPOWER,1853,2010,0
Simplicity2,WINDPOWER,1854,2010,0
Simplicity2,WINDPOWER,1855,2010,0
Simplicity2,WINDPOWER,1856,2010,0
Simplicity2,WINDPOWER,1857,2010,0
Simplicity2,WINDPOWER,1858,2010,0
Simplicity2,WINDPOWER,1859,2010,0
Simplicity2,WINDPOWER,1860,2010,0
Simplicity2,WINDPOWER,1861,2010,0
Simplicity2,WINDPOWER,1862,2010,0
Simplicity2,WINDPOWER,1863,2010,0
Simplicity2,WINDPOWER,1864,2010,0.071399552
Simplicity2,WINDPOWER,1865,2010,0.270274265
Simplicity2,WINDPOWER,1866,2010,0.423482029
Simplicity2,WINDPOWER,1867,2010,0.620468273
Simplicity2,WINDPOWER,1868,2010,0.718708159
Simplicity2,WINDPOWER,1869,2010,0.611447338
Simplicity2,WINDPOWER,1870,2010,0.624666412
Simplicity2,WINDPOWER,1871,2010,0.576750016
Simplicity2,WINDPOWER,1872,2010,0.491817208
Simplicity2,WINDPOWER,1873,2010,0.361488538
Simplicity2,WINDPOWER,1874,2010,0.181857483
Simplicity2,WINDPOWER,1875,2010,0.045405545
Simplicity2,WINDPOWER,1876,2010,0
Simplicity2,WINDPOWER,1877,2010,0
Simplicity2,WINDPOWER,1878,2010,0
Simplicity2,WINDPOWER,1879,2010,0
Simplicity2,WINDPOWER,1880,2010,0
Simplicity2,WINDPOWER,1881,2010,0
Simplicity2,WINDPOWER,1882,2010,0
Simplicity2,WINDPOWER,1883,2010,0
Simplicity2,WINDPOWER,1884,2010,0
Simplicity2,WINDPOWER,1885,2010,0
Simplicity2,WINDPOWER,1886,2010,0
Simplicity2,WINDPOWER,1887,2010,0
Simplicity2,WINDPOWER,1888,2010,0.06608555
Simplicity2,WINDPOWER,1889,2010,0.235804024
Simplicity2,WINDPOWER,1890,2010,0.365799015
Simplicity2,WINDPOWER,1891,2010,0.517097637
Simplicity2,WINDPOWER,1892,2010,0.613239636
Simplicity2,WINDPOWER,1893,2010,0.737352322
Simplicity2,WINDPOWER,1894,2010,0.690745871
Simplicity2,WINDPOWER,1895,2010,0.60187617
Simplicity2,WINDPOWER,1896,2010,0.541026526
Simplicity2,WINDPOWER,1897,2010,0.359987642
Simplicity2,WINDPOWER,1898,2010,0.206336306
Simplicity2,WINDPOWER,1899,2010,0.049717243
Simplicity2,WINDPOWER,1900,2010,0
Simplicity2,WINDPOWER,1901,2010,0
Simplicity2,WINDPOWER,1902,2010,0
Simplicity2,WINDPOWER,1903,2010,0
Simplicity2,WINDPOWER,1904,2010,0
Simplicity2,WINDPOWER,1905,2010,0
Simplicity2,WINDPOWER,1906,2010,0
Simplicity2,WINDPOWER,1907,2010,0
Simplicity2,WINDPOWER,1908,2010,0
Simplicity2,WINDPOWER,1909,2010,0
Simplicity2,WINDPOWER,1910,2010,0
Simplicity2,WINDPOWER,1911,2010,0
Simplicity2,WINDPOWER,1912,2010,0.058723495
Simplicity2,WINDPOWER,1913,2010,0.190607824
Simplicity2,WINDPOWER,1914,2010,0.274371804
Simplicity2,WINDPOWER,1915,2010,0.508920566
Simplicity2,WINDPOWER,1916,2010,0.458958341
Simplicity2,WINDPOWER,1917,2010,0.491273946
Simplicity2,WINDPOWER,1918,2010,0.458979312
Simplicity2,WINDPOWER,1919,2010,0.374798565
Simplicity2,WINDPOWER,1920,2010,0.258484463
Simplicity2,WINDPOWER,1921,2010,0.230223888
Simplicity2,WINDPOWER,1922,2010,0.144961841
Simplicity2,WINDPOWER,1923,2010,0.034072649
Simplicity2,WINDPOWER,1924,2010,0
Simplicity2,WINDPOWER,1925,2010,0
Simplicity2,WINDPOWER,1926,2010,0
Simplicity2,WINDPOWER,1927,2010,0
Simplicity2,WINDPOWER,1928,2010,0
Simplicity2,WINDPOWER,1929,2010,0
Simplicity2,WINDPOWER,1930,2010,0
Simplicity2,WINDPOWER,1931,2010,0
Simplicity2,WINDPOWER,1932,2010,0
Simplicity2,WINDPOWER,1933,2010,0
Simplicity2,WINDPOWER,1934,2010,0
Simplicity2,WINDPOWER,1935,2010,0
Simplicity2,WINDPOWER,1936,2010,0.073218702
Simplicity2,WINDPOWER,1937,2010,0.231689504
Simplicity2,WINDPOWER,1938,2010,0.454276256
Simplicity2,WINDPOWER,1939,2010,0.702552765
Simplicity2,WINDPOWER,1940,2010,0.689526588
Simplicity2,WINDPOWER,1941,2010,0.685542248
Simplicity2,WINDPOWER,1942,2010,0.615896025
Simplicity2,WINDPOWER,1943,2010,0.516833456
Simplicity2,WINDPOWER,1944,2010,0.485589395
Simplicity2,WINDPOWER,1945,2010,0.268063352
Simplicity2,WINDPOWER,1946,2010,0.16351691
Simplicity2,WINDPOWER,1947,2010,0.04692619
Simplicity2,WINDPOWER,1948,2010,0
Simplicity2,WINDPOWER,1949,2010,0
Simplicity2,WINDPOWER,1950,2010,0
Simplicity2,WINDPOWER,1951,2010,0
Simplicity2,WINDPOWER,1952,2010,0
Simplicity2,WINDPOWER,1953,2010,0
Simplicity2,WINDPOWER,1954,2010,0
Simplicity2,WINDPOWER,1955,2010,0
Simplicity2,WINDPOWER,1956,2010,0
Simplicity2,WINDPOWER,1957,2010,0
Simplicity2,WINDPOWER,1958,2010,0
Simplicity2,WINDPOWER,1959,2010,0
Simplicity2,WINDPOWER,1960,2010,0.122972813
Simplicity2,WINDPOWER,1961,2010,0.364649057
Simplicity2,WINDPOWER,1962,2010,0.592627413
Simplicity2,WINDPOWER,1963,2010,0.649001786
Simplicity2,WINDPOWER,1964,2010,0.707967512
Simplicity2,WINDPOWER,1965,2010,0.802861367
Simplicity2,WINDPOWER,1966,2010,0.797674965
Simplicity2,WINDPOWER,1967,2010,0.733939051
Simplicity2,WINDPOWER,1968,2010,0.690362932
Simplicity2,WINDPOWER,1969,2010,0.515468648
Simplicity2,WINDPOWER,1970,2010,0.278104858
Simplicity2,WINDPOWER,1971,2010,0.061652755
Simplicity2,WINDPOWER,1972,2010,0
Simplicity2,WINDPOWER,1973,2010,0
Simplicity2,WINDPOWER,1974,2010,0
Simplicity2,WINDPOWER,1975,2010,0
Simplicity2,WINDPOWER,1976,2010,0
Simplicity2,WINDPOWER,1977,2010,0
Simplicity2,WINDPOWER,1978,2010,0
Simplicity2,WINDPOWER,1979,2010,0
Simplicity2,WINDPOWER,1980,2010,0
Simplicity2,WINDPOWER,1981,2010,0
Simplicity2,WINDPOWER,1982,2010,0
Simplicity2,WINDPOWER,1983,2010,0
Simplicity2,WINDPOWER,1984,2010,0.049944903
Simplicity2,WINDPOWER,1985,2010,0.141348992
Simplicity2,WINDPOWER,1986,2010,0.27954827
Simplicity2,WINDPOWER,1987,2010,0.310256664
Simplicity2,WINDPOWER,1988,2010,0.295181914
Simplicity2,WINDPOWER,1989,2010,0.296001445
Simplicity2,WINDPOWER,1990,2010,0.342204068
Simplicity2,WINDPOWER,1991,2010,0.41578806
Simplicity2,WINDPOWER,1992,2010,0.341601162
Simplicity2,WINDPOWER,1993,2010,0.200470382
Simplicity2,WINDPOWER,1994,2010,0.085396682
Simplicity2,WINDPOWER,1995,2010,0.023314956
Simplicity2,WINDPOWER,1996,2010,0
Simplicity2,WINDPOWER,1997,2010,0
Simplicity2,WINDPOWER,1998,2010,0
Simplicity2,WINDPOWER,1999,2010,0
Simplicity2,WINDPOWER,2000,2010,0
Simplicity2,WINDPOWER,2001,2010,0
Simplicity2,WINDPOWER,2002,2010,0
Simplicity2,WINDPOWER,2003,2010,0
Simplicity2,WINDPOWER,2004,2010,0
Simplicity2,WINDPOWER,2005,2010,0
Simplicity2,WINDPOWER,2006,2010,0
Simplicity2,WINDPOWER,2007,2010,0
Simplicity2,WINDPOWER,2008,2010,0.098084495
Simplicity2,WINDPOWER,2009,2010,0.251196112
Simplicity2,WINDPOWER,2010,2010,0.411273454
Simplicity2,WINDPOWER,2011,2010,0.463576781
Simplicity2,WINDPOWER,2012,2010,0.683168077
Simplicity2,WINDPOWER,2013,2010,0.691039883
Simplicity2,WINDPOWER,2014,2010,0.605173402
Simplicity2,WINDPOWER,2015,2010,0.474866062
Simplicity2,WINDPOWER,2016,2010,0.369883506
Simplicity2,WINDPOWER,2017,2010,0.295296424
Simplicity2,WINDPOWER,2018,2010,0.174551595
Simplicity2,WINDPOWER,2019,2010,0.05456808
Simplicity2,WINDPOWER,2020,2010,0
Simplicity2,WINDPOWER,2021,2010,0
Simplicity2,WINDPOWER,2022,2010,0
Simplicity2,WINDPOWER,2023,2010,0
Simplicity2,WINDPOWER,2024,2010,0
Simplicity2,WINDPOWER,2025,2010,0
Simplicity2,WINDPOWER,2026,2010,0
Simplicity2,WINDPOWER,2027,2010,0
Simplicity2,WINDPOWER,2028,2010,0
Simplicity2,WINDPOWER,2029,2010,0
Simplicity2,WINDPOWER,2030,2010,0
Simplicity2,WINDPOWER,2031,2010,0
Simplicity2,WINDPOWER,2032,2010,0.123999733
Simplicity2,WINDPOWER,2033,2010,0.329702745
Simplicity2,WINDPOWER,2034,2010,0.55255173
Simplicity2,WINDPOWER,2035,2010,0.652773792
Simplicity2,WINDPOWER,2036,2010,0.646510039
Simplicity2,WINDPOWER,2037,2010,0.630643591
Simplicity2,WINDPOWER,2038,2010,0.658790105
Simplicity2,WINDPOWER,2039,2010,0.638344995
Simplicity2,WINDPOWER,2040,2010,0.528942843
Simplicity2,WINDPOWER,2041,2010,0.397504425
Simplicity2,WINDPOWER,2042,2010,0.237885082
Simplicity2,WINDPOWER,2043,2010,0.059006404
Simplicity2,WINDPOWER,2044,2010,0
Simplicity2,WINDPOWER,2045,2010,0
Simplicity2,WINDPOWER,2046,2010,0
Simplicity2,WINDPOWER,2047,2010,0
Simplicity2,WINDPOWER,2048,2010,0
Simplicity2,WINDPOWER,2049,2010,0
Simplicity2,WINDPOWER,2050,2010,0
Simplicity2,WINDPOWER,2051,2010,0
Simplicity2,WINDPOWER,2052,2010,0
Simplicity2,WINDPOWER,2053,2010,0
Simplicity2,WINDPOWER,2054,2010,0
Simplicity2,WINDPOWER,2055,2010,0
Simplicity2,WINDPOWER,2056,2010,0.118121713
Simplicity2,WINDPOWER,2057,2010,0.310651844
Simplicity2,WINDPOWER,2058,2010,0.533269804
Simplicity2,WINDPOWER,2059,2010,0.723491863
Simplicity2,WINDPOWER,2060,2010,0.711135745
Simplicity2,WINDPOWER,2061,2010,0.655099889
Simplicity2,WINDPOWER,2062,2010,0.783792332
Simplicity2,WINDPOWER,2063,2010,0.664857779
Simplicity2,WINDPOWER,2064,2010,0.546353432
Simplicity2,WINDPOWER,2065,2010,0.379647057
Simplicity2,WINDPOWER,2066,2010,0.196782221
Simplicity2,WINDPOWER,2067,2010,0.041190282
Simplicity2,WINDPOWER,2068,2010,0
Simplicity2,WINDPOWER,2069,2010,0
Simplicity2,WINDPOWER,2070,2010,0
Simplicity2,WINDPOWER,2071,2010,0
Simplicity2,WINDPOWER,2072,2010,0
Simplicity2,WINDPOWER,2073,2010,0
Simplicity2,WINDPOWER,2074,2010,0
Simplicity2,WINDPOWER,2075,2010,0
Simplicity2,WINDPOWER,2076,2010,0
Simplicity2,WINDPOWER,2077,2010,0
Simplicity2,WINDPOWER,2078,2010,0
Simplicity2,WINDPOWER,2079,2010,0
Simplicity2,WINDPOWER,2080,2010,0.030243433
Simplicity2,WINDPOWER,2081,2010,0.097043253
Simplicity2,WINDPOWER,2082,2010,0.15725896
Simplicity2,WINDPOWER,2083,2010,0.298474513
Simplicity2,WINDPOWER,2084,2010,0.305120129
Simplicity2,WINDPOWER,2085,2010,0.342717493
Simplicity2,WINDPOWER,2086,2010,0.292221438
Simplicity2,WINDPOWER,2087,2010,0.283235347
Simplicity2,WINDPOWER,2088,2010,0.173783092
Simplicity2,WINDPOWER,2089,2010,0.097778554
Simplicity2,WINDPOWER,2090,2010,0.059464563
Simplicity2,WINDPOWER,2091,2010,0.02099417
Simplicity2,WINDPOWER,2092,2010,0
Simplicity2,WINDPOWER,2093,2010,0
Simplicity2,WINDPOWER,2094,2010,0
Simplicity2,WINDPOWER,2095,2010,0
Simplicity2,WINDPOWER,2096,2010,0
Simplicity2,WINDPOWER,2097,2010,0
Simplicity2,WINDPOWER,2098,2010,0
Simplicity2,WINDPOWER,2099,2010,0
Simplicity2,WINDPOWER,2100,2010,0
Simplicity2,WINDPOWER,2101,2010,0
Simplicity2,WINDPOWER,2102,2010,0
Simplicity2,WINDPOWER,2103,2010,0
Simplicity2,WINDPOWER,2104,2010,0.090050204
Simplicity2,WINDPOWER,2105,2010,0.304046501
Simplicity2,WINDPOWER,2106,2010,0.57020624
Simplicity2,WINDPOWER,2107,2010,0.729566546
Simplicity2,WINDPOWER,2108,2010,0.787413741
Simplicity2,WINDPOWER,2109,2010,0.789200984
Simplicity2,WINDPOWER,2110,2010,0.714646142
Simplicity2,WINDPOWER,2111,2010,0.679128018
Simplicity2,WINDPOWER,2112,2010,0.583671816
Simplicity2,WINDPOWER,2113,2010,0.398993489
Simplicity2,WINDPOWER,2114,2010,0.218155807
Simplicity2,WINDPOWER,2115,2010,0.07031001
Simplicity2,WINDPOWER,2116,2010,0
Simplicity2,WINDPOWER,2117,2010,0
Simplicity2,WINDPOWER,2118,2010,0
Simplicity2,WINDPOWER,2119,2010,0
Simplicity2,WINDPOWER,2120,2010,0
Simplicity2,WINDPOWER,2121,2010,0
Simplicity2,WINDPOWER,2122,2010,0
Simplicity2,WINDPOWER,2123,2010,0
Simplicity2,WINDPOWER,2124,2010,0
Simplicity2,WINDPOWER,2125,2010,0
Simplicity2,WINDPOWER,2126,2010,0
Simplicity2,WINDPOWER,2127,2010,0
Simplicity2,WINDPOWER,2128,2010,0.156676068
Simplicity2,WINDPOWER,2129,2010,0.396937327
Simplicity2,WINDPOWER,2130,2010,0.625646838
Simplicity2,WINDPOWER,2131,2010,0.793651963
Simplicity2,WINDPOWER,2132,2010,0.8388091
Simplicity2,WINDPOWER,2133,2010,0.754076069
Simplicity2,WINDPOWER,2134,2010,0.757187996
Simplicity2,WINDPOWER,2135,2010,0.755618442
Simplicity2,WINDPOWER,2136,2010,0.707279165
Simplicity2,WINDPOWER,2137,2010,0.508779091
Simplicity2,WINDPOWER,2138,2010,0.283425168
Simplicity2,WINDPOWER,2139,2010,0.073486088
Simplicity2,WINDPOWER,2140,2010,0
Simplicity2,WINDPOWER,2141,2010,0
Simplicity2,WINDPOWER,2142,2010,0
Simplicity2,WINDPOWER,2143,2010,0
Simplicity2,WINDPOWER,2144,2010,0
Simplicity2,WINDPOWER,2145,2010,0
Simplicity2,WINDPOWER,2146,2010,0
Simplicity2,WINDPOWER,2147,2010,0
Simplicity2,WINDPOWER,2148,2010,0
Simplicity2,WINDPOWER,2149,2010,0
Simplicity2,WINDPOWER,2150,2010,0
Simplicity2,WINDPOWER,2151,2010,0
Simplicity2,WINDPOWER,2152,2010,0.151457788
Simplicity2,WINDPOWER,2153,2010,0.390285025
Simplicity2,WINDPOWER,2154,2010,0.612703121
Simplicity2,WINDPOWER,2155,2010,0.775336987
Simplicity2,WINDPOWER,2156,2010,0.87478136
Simplicity2,WINDPOWER,2157,2010,0.912792655
Simplicity2,WINDPOWER,2158,2010,0.903124861
Simplicity2,WINDPOWER,2159,2010,0.837127507
Simplicity2,WINDPOWER,2160,2010,0.712673258
Simplicity2,WINDPOWER,2161,2010,0.524751795
Simplicity2,WINDPOWER,2162,2010,0.287455056
Simplicity2,WINDPOWER,2163,2010,0.068563677
Simplicity2,WINDPOWER,2164,2010,0
Simplicity2,WINDPOWER,2165,2010,0
Simplicity2,WINDPOWER,2166,2010,0
Simplicity2,WINDPOWER,2167,2010,0
Simplicity2,WINDPOWER,2168,2010,0
Simplicity2,WINDPOWER,2169,2010,0
Simplicity2,WINDPOWER,2170,2010,0
Simplicity2,WINDPOWER,2171,2010,0
Simplicity2,WINDPOWER,2172,2010,0
Simplicity2,WINDPOWER,2173,2010,0
Simplicity2,WINDPOWER,2174,2010,0
Simplicity2,WINDPOWER,2175,2010,0
Simplicity2,WINDPOWER,2176,2010,0.127374905
Simplicity2,WINDPOWER,2177,2010,0.338057217
Simplicity2,WINDPOWER,2178,2010,0.458381827
Simplicity2,WINDPOWER,2179,2010,0.471625179
Simplicity2,WINDPOWER,2180,2010,0.599866936
Simplicity2,WINDPOWER,2181,2010,0.57968102
Simplicity2,WINDPOWER,2182,2010,0.500711004
Simplicity2,WINDPOWER,2183,2010,0.432441778
Simplicity2,WINDPOWER,2184,2010,0.414672706
Simplicity2,WINDPOWER,2185,2010,0.296559117
Simplicity2,WINDPOWER,2186,2010,0.12783428
Simplicity2,WINDPOWER,2187,2010,0.042388119
Simplicity2,WINDPOWER,2188,2010,0
Simplicity2,WINDPOWER,2189,2010,0
Simplicity2,WINDPOWER,2190,2010,0
Simplicity2,WINDPOWER,2191,2010,0
Simplicity2,WINDPOWER,2192,2010,0
Simplicity2,WINDPOWER,2193,2010,0
Simplicity2,WINDPOWER,2194,2010,0
Simplicity2,WINDPOWER,2195,2010,0
Simplicity2,WINDPOWER,2196,2010,0
Simplicity2,WINDPOWER,2197,2010,0
Simplicity2,WINDPOWER,2198,2010,0
Simplicity2,WINDPOWER,2199,2010,0.008885068
Simplicity2,WINDPOWER,2200,2010,0.16042062
Simplicity2,WINDPOWER,2201,2010,0.4059416
Simplicity2,WINDPOWER,2202,2010,0.61223786
Simplicity2,WINDPOWER,2203,2010,0.764327943
Simplicity2,WINDPOWER,2204,2010,0.616101898
Simplicity2,WINDPOWER,2205,2010,0.729909629
Simplicity2,WINDPOWER,2206,2010,0.7173398
Simplicity2,WINDPOWER,2207,2010,0.743584229
Simplicity2,WINDPOWER,2208,2010,0.566768104
Simplicity2,WINDPOWER,2209,2010,0.441019359
Simplicity2,WINDPOWER,2210,2010,0.232595734
Simplicity2,WINDPOWER,2211,2010,0.063073649
Simplicity2,WINDPOWER,2212,2010,0
Simplicity2,WINDPOWER,2213,2010,0
Simplicity2,WINDPOWER,2214,2010,0
Simplicity2,WINDPOWER,2215,2010,0
Simplicity2,WINDPOWER,2216,2010,0
Simplicity2,WINDPOWER,2217,2010,0
Simplicity2,WINDPOWER,2218,2010,0
Simplicity2,WINDPOWER,2219,2010,0
Simplicity2,WINDPOWER,2220,2010,0
Simplicity2,WINDPOWER,2221,2010,0
Simplicity2,WINDPOWER,2222,2010,0
Simplicity2,WINDPOWER,2223,2010,0.012750873
Simplicity2,WINDPOWER,2224,2010,0.126059011
Simplicity2,WINDPOWER,2225,2010,0.28544543
Simplicity2,WINDPOWER,2226,2010,0.433852294
Simplicity2,WINDPOWER,2227,2010,0.588229122
Simplicity2,WINDPOWER,2228,2010,0.630616834
Simplicity2,WINDPOWER,2229,2010,0.618624788
Simplicity2,WINDPOWER,2230,2010,0.650250389
Simplicity2,WINDPOWER,2231,2010,0.67203603
Simplicity2,WINDPOWER,2232,2010,0.644986992
Simplicity2,WINDPOWER,2233,2010,0.417934104
Simplicity2,WINDPOWER,2234,2010,0.206700003
Simplicity2,WINDPOWER,2235,2010,0.063187123
Simplicity2,WINDPOWER,2236,2010,0
Simplicity2,WINDPOWER,2237,2010,0
Simplicity2,WINDPOWER,2238,2010,0
Simplicity2,WINDPOWER,2239,2010,0
Simplicity2,WINDPOWER,2240,2010,0
Simplicity2,WINDPOWER,2241,2010,0
Simplicity2,WINDPOWER,2242,2010,0
Simplicity2,WINDPOWER,2243,2010,0
Simplicity2,WINDPOWER,2244,2010,0
Simplicity2,WINDPOWER,2245,2010,0
Simplicity2,WINDPOWER,2246,2010,0
Simplicity2,WINDPOWER,2247,2010,0.012155833
Simplicity2,WINDPOWER,2248,2010,0.080426843
Simplicity2,WINDPOWER,2249,2010,0.182288576
Simplicity2,WINDPOWER,2250,2010,0.331098481
Simplicity2,WINDPOWER,2251,2010,0.327727904
Simplicity2,WINDPOWER,2252,2010,0.211406001
Simplicity2,WINDPOWER,2253,2010,0.255153833
Simplicity2,WINDPOWER,2254,2010,0.234713492
Simplicity2,WINDPOWER,2255,2010,0.249862362
Simplicity2,WINDPOWER,2256,2010,0.276526766
Simplicity2,WINDPOWER,2257,2010,0.285743779
Simplicity2,WINDPOWER,2258,2010,0.205442379
Simplicity2,WINDPOWER,2259,2010,0.054800289
Simplicity2,WINDPOWER,2260,2010,0
Simplicity2,WINDPOWER,2261,2010,0
Simplicity2,WINDPOWER,2262,2010,0
Simplicity2,WINDPOWER,2263,2010,0
Simplicity2,WINDPOWER,2264,2010,0
Simplicity2,WINDPOWER,2265,2010,0
Simplicity2,WINDPOWER,2266,2010,0
Simplicity2,WINDPOWER,2267,2010,0
Simplicity2,WINDPOWER,2268,2010,0
Simplicity2,WINDPOWER,2269,2010,0
Simplicity2,WINDPOWER,2270,2010,0
Simplicity2,WINDPOWER,2271,2010,0.014397305
Simplicity2,WINDPOWER,2272,2010,0.158610224
Simplicity2,WINDPOWER,2273,2010,0.413906645
Simplicity2,WINDPOWER,2274,2010,0.62660807
Simplicity2,WINDPOWER,2275,2010,0.798407048
Simplicity2,WINDPOWER,2276,2010,0.902822285
Simplicity2,WINDPOWER,2277,2010,0.934038313
Simplicity2,WINDPOWER,2278,2010,0.920254582
Simplicity2,WINDPOWER,2279,2010,0.852778697
Simplicity2,WINDPOWER,2280,2010,0.724521676
Simplicity2,WINDPOWER,2281,2010,0.540209114
Simplicity2,WINDPOWER,2282,2010,0.308113633
Simplicity2,WINDPOWER,2283,2010,0.081276701
Simplicity2,WINDPOWER,2284,2010,0
Simplicity2,WINDPOWER,2285,2010,0
Simplicity2,WINDPOWER,2286,2010,0
Simplicity2,WINDPOWER,2287,2010,0
Simplicity2,WINDPOWER,2288,2010,0
Simplicity2,WINDPOWER,2289,2010,0
Simplicity2,WINDPOWER,2290,2010,0
Simplicity2,WINDPOWER,2291,2010,0
Simplicity2,WINDPOWER,2292,2010,0
Simplicity2,WINDPOWER,2293,2010,0
Simplicity2,WINDPOWER,2294,2010,0
Simplicity2,WINDPOWER,2295,2010,0.012105721
Simplicity2,WINDPOWER,2296,2010,0.1775609
Simplicity2,WINDPOWER,2297,2010,0.413672511
Simplicity2,WINDPOWER,2298,2010,0.623935547
Simplicity2,WINDPOWER,2299,2010,0.780570297
Simplicity2,WINDPOWER,2300,2010,0.87813491
Simplicity2,WINDPOWER,2301,2010,0.909700112
Simplicity2,WINDPOWER,2302,2010,0.89828136
Simplicity2,WINDPOWER,2303,2010,0.835282835
Simplicity2,WINDPOWER,2304,2010,0.71462073
Simplicity2,WINDPOWER,2305,2010,0.531508019
Simplicity2,WINDPOWER,2306,2010,0.305081371
Simplicity2,WINDPOWER,2307,2010,0.080750978
Simplicity2,WINDPOWER,2308,2010,0
Simplicity2,WINDPOWER,2309,2010,0
Simplicity2,WINDPOWER,2310,2010,0
Simplicity2,WINDPOWER,2311,2010,0
Simplicity2,WINDPOWER,2312,2010,0
Simplicity2,WINDPOWER,2313,2010,0
Simplicity2,WINDPOWER,2314,2010,0
Simplicity2,WINDPOWER,2315,2010,0
Simplicity2,WINDPOWER,2316,2010,0
Simplicity2,WINDPOWER,2317,2010,0
Simplicity2,WINDPOWER,2318,2010,0
Simplicity2,WINDPOWER,2319,2010,0.013500007
Simplicity2,WINDPOWER,2320,2010,0.162770974
Simplicity2,WINDPOWER,2321,2010,0.374662149
Simplicity2,WINDPOWER,2322,2010,0.561735169
Simplicity2,WINDPOWER,2323,2010,0.69694423
Simplicity2,WINDPOWER,2324,2010,0.784322212
Simplicity2,WINDPOWER,2325,2010,0.696552784
Simplicity2,WINDPOWER,2326,2010,0.438011222
Simplicity2,WINDPOWER,2327,2010,0.377560783
Simplicity2,WINDPOWER,2328,2010,0.362222882
Simplicity2,WINDPOWER,2329,2010,0.200859967
Simplicity2,WINDPOWER,2330,2010,0.091557578
Simplicity2,WINDPOWER,2331,2010,0.031075649
Simplicity2,WINDPOWER,2332,2010,0
Simplicity2,WINDPOWER,2333,2010,0
Simplicity2,WINDPOWER,2334,2010,0
Simplicity2,WINDPOWER,2335,2010,0
Simplicity2,WINDPOWER,2336,2010,0
Simplicity2,WINDPOWER,2337,2010,0
Simplicity2,WINDPOWER,2338,2010,0
Simplicity2,WINDPOWER,2339,2010,0
Simplicity2,WINDPOWER,2340,2010,0
Simplicity2,WINDPOWER,2341,2010,0
Simplicity2,WINDPOWER,2342,2010,0
Simplicity2,WINDPOWER,2343,2010,0.018192978
Simplicity2,WINDPOWER,2344,2010,0.127740765
Simplicity2,WINDPOWER,2345,2010,0.256209966
Simplicity2,WINDPOWER,2346,2010,0.458809497
Simplicity2,WINDPOWER,2347,2010,0.671408333
Simplicity2,WINDPOWER,2348,2010,0.656443266
Simplicity2,WINDPOWER,2349,2010,0.66863157
Simplicity2,WINDPOWER,2350,2010,0.636854401
Simplicity2,WINDPOWER,2351,2010,0.63473169
Simplicity2,WINDPOWER,2352,2010,0.582743714
Simplicity2,WINDPOWER,2353,2010,0.434229343
Simplicity2,WINDPOWER,2354,2010,0.284898142
Simplicity2,WINDPOWER,2355,2010,0.089054157
Simplicity2,WINDPOWER,2356,2010,0
Simplicity2,WINDPOWER,2357,2010,0
Simplicity2,WINDPOWER,2358,2010,0
Simplicity2,WINDPOWER,2359,2010,0
Simplicity2,WINDPOWER,2360,2010,0
Simplicity2,WINDPOWER,2361,2010,0
Simplicity2,WINDPOWER,2362,2010,0
Simplicity2,WINDPOWER,2363,2010,0
Simplicity2,WINDPOWER,2364,2010,0
Simplicity2,WINDPOWER,2365,2010,0
Simplicity2,WINDPOWER,2366,2010,0
Simplicity2,WINDPOWER,2367,2010,0.019796344
Simplicity2,WINDPOWER,2368,2010,0.186323217
Simplicity2,WINDPOWER,2369,2010,0.424804444
Simplicity2,WINDPOWER,2370,2010,0.636617509
Simplicity2,WINDPOWER,2371,2010,0.790596951
Simplicity2,WINDPOWER,2372,2010,0.760286239
Simplicity2,WINDPOWER,2373,2010,0.636803512
Simplicity2,WINDPOWER,2374,2010,0.662200351
Simplicity2,WINDPOWER,2375,2010,0.597856415
Simplicity2,WINDPOWER,2376,2010,0.391826226
Simplicity2,WINDPOWER,2377,2010,0.274584049
Simplicity2,WINDPOWER,2378,2010,0.12993887
Simplicity2,WINDPOWER,2379,2010,0.056852109
Simplicity2,WINDPOWER,2380,2010,0
Simplicity2,WINDPOWER,2381,2010,0
Simplicity2,WINDPOWER,2382,2010,0
Simplicity2,WINDPOWER,2383,2010,0
Simplicity2,WINDPOWER,2384,2010,0
Simplicity2,WINDPOWER,2385,2010,0
Simplicity2,WINDPOWER,2386,2010,0
Simplicity2,WINDPOWER,2387,2010,0
Simplicity2,WINDPOWER,2388,2010,0
Simplicity2,WINDPOWER,2389,2010,0
Simplicity2,WINDPOWER,2390,2010,0
Simplicity2,WINDPOWER,2391,2010,0.016855133
Simplicity2,WINDPOWER,2392,2010,0.099631101
Simplicity2,WINDPOWER,2393,2010,0.207587049
Simplicity2,WINDPOWER,2394,2010,0.351015016
Simplicity2,WINDPOWER,2395,2010,0.520417835
Simplicity2,WINDPOWER,2396,2010,0.686493513
Simplicity2,WINDPOWER,2397,2010,0.7434989
Simplicity2,WINDPOWER,2398,2010,0.671639668
Simplicity2,WINDPOWER,2399,2010,0.525476126
Simplicity2,WINDPOWER,2400,2010,0.441964024
Simplicity2,WINDPOWER,2401,2010,0.346333214
Simplicity2,WINDPOWER,2402,2010,0.195236065
Simplicity2,WINDPOWER,2403,2010,0.077178781
Simplicity2,WINDPOWER,2404,2010,0
Simplicity2,WINDPOWER,2405,2010,0
Simplicity2,WINDPOWER,2406,2010,0
Simplicity2,WINDPOWER,2407,2010,0
Simplicity2,WINDPOWER,2408,2010,0
Simplicity2,WINDPOWER,2409,2010,0
Simplicity2,WINDPOWER,2410,2010,0
Simplicity2,WINDPOWER,2411,2010,0
Simplicity2,WINDPOWER,2412,2010,0
Simplicity2,WINDPOWER,2413,2010,0
Simplicity2,WINDPOWER,2414,2010,0
Simplicity2,WINDPOWER,2415,2010,0.023539849
Simplicity2,WINDPOWER,2416,2010,0.173025137
Simplicity2,WINDPOWER,2417,2010,0.319712377
Simplicity2,WINDPOWER,2418,2010,0.453056508
Simplicity2,WINDPOWER,2419,2010,0.580727765
Simplicity2,WINDPOWER,2420,2010,0.704264201
Simplicity2,WINDPOWER,2421,2010,0.641217492
Simplicity2,WINDPOWER,2422,2010,0.721701669
Simplicity2,WINDPOWER,2423,2010,0.631355908
Simplicity2,WINDPOWER,2424,2010,0.568616204
Simplicity2,WINDPOWER,2425,2010,0.403338401
Simplicity2,WINDPOWER,2426,2010,0.22085648
Simplicity2,WINDPOWER,2427,2010,0.08163447
Simplicity2,WINDPOWER,2428,2010,0
Simplicity2,WINDPOWER,2429,2010,0
Simplicity2,WINDPOWER,2430,2010,0
Simplicity2,WINDPOWER,2431,2010,0
Simplicity2,WINDPOWER,2432,2010,0
Simplicity2,WINDPOWER,2433,2010,0
Simplicity2,WINDPOWER,2434,2010,0
Simplicity2,WINDPOWER,2435,2010,0
Simplicity2,WINDPOWER,2436,2010,0
Simplicity2,WINDPOWER,2437,2010,0
Simplicity2,WINDPOWER,2438,2010,0
Simplicity2,WINDPOWER,2439,2010,0.023753632
Simplicity2,WINDPOWER,2440,2010,0.132388183
Simplicity2,WINDPOWER,2441,2010,0.262570037
Simplicity2,WINDPOWER,2442,2010,0.330609223
Simplicity2,WINDPOWER,2443,2010,0.550564761
Simplicity2,WINDPOWER,2444,2010,0.767006562
Simplicity2,WINDPOWER,2445,2010,0.829379839
Simplicity2,WINDPOWER,2446,2010,0.744870888
Simplicity2,WINDPOWER,2447,2010,0.73815402
Simplicity2,WINDPOWER,2448,2010,0.62713783
Simplicity2,WINDPOWER,2449,2010,0.483620819
Simplicity2,WINDPOWER,2450,2010,0.266677192
Simplicity2,WINDPOWER,2451,2010,0.09084376
Simplicity2,WINDPOWER,2452,2010,0
Simplicity2,WINDPOWER,2453,2010,0
Simplicity2,WINDPOWER,2454,2010,0
Simplicity2,WINDPOWER,2455,2010,0
Simplicity2,WINDPOWER,2456,2010,0
Simplicity2,WINDPOWER,2457,2010,0
Simplicity2,WINDPOWER,2458,2010,0
Simplicity2,WINDPOWER,2459,2010,0
Simplicity2,WINDPOWER,2460,2010,0
Simplicity2,WINDPOWER,2461,2010,0
Simplicity2,WINDPOWER,2462,2010,0
Simplicity2,WINDPOWER,2463,2010,0.021126122
Simplicity2,WINDPOWER,2464,2010,0.192753381
Simplicity2,WINDPOWER,2465,2010,0.43477279
Simplicity2,WINDPOWER,2466,2010,0.6335275
Simplicity2,WINDPOWER,2467,2010,0.795481604
Simplicity2,WINDPOWER,2468,2010,0.904070948
Simplicity2,WINDPOWER,2469,2010,0.940936134
Simplicity2,WINDPOWER,2470,2010,0.927520727
Simplicity2,WINDPOWER,2471,2010,0.858180839
Simplicity2,WINDPOWER,2472,2010,0.731163821
Simplicity2,WINDPOWER,2473,2010,0.546250799
Simplicity2,WINDPOWER,2474,2010,0.314541569
Simplicity2,WINDPOWER,2475,2010,0.090880391
Simplicity2,WINDPOWER,2476,2010,0
Simplicity2,WINDPOWER,2477,2010,0
Simplicity2,WINDPOWER,2478,2010,0
Simplicity2,WINDPOWER,2479,2010,0
Simplicity2,WINDPOWER,2480,2010,0
Simplicity2,WINDPOWER,2481,2010,0
Simplicity2,WINDPOWER,2482,2010,0
Simplicity2,WINDPOWER,2483,2010,0
Simplicity2,WINDPOWER,2484,2010,0
Simplicity2,WINDPOWER,2485,2010,0
Simplicity2,WINDPOWER,2486,2010,0
Simplicity2,WINDPOWER,2487,2010,0.021194716
Simplicity2,WINDPOWER,2488,2010,0.206931857
Simplicity2,WINDPOWER,2489,2010,0.442257621
Simplicity2,WINDPOWER,2490,2010,0.647583424
Simplicity2,WINDPOWER,2491,2010,0.799923635
Simplicity2,WINDPOWER,2492,2010,0.880879827
Simplicity2,WINDPOWER,2493,2010,0.910112472
Simplicity2,WINDPOWER,2494,2010,0.896173409
Simplicity2,WINDPOWER,2495,2010,0.832665339
Simplicity2,WINDPOWER,2496,2010,0.712972815
Simplicity2,WINDPOWER,2497,2010,0.535568234
Simplicity2,WINDPOWER,2498,2010,0.313026779
Simplicity2,WINDPOWER,2499,2010,0.090866194
Simplicity2,WINDPOWER,2500,2010,0
Simplicity2,WINDPOWER,2501,2010,0
Simplicity2,WINDPOWER,2502,2010,0
Simplicity2,WINDPOWER,2503,2010,0
Simplicity2,WINDPOWER,2504,2010,0
Simplicity2,WINDPOWER,2505,2010,0
Simplicity2,WINDPOWER,2506,2010,0
Simplicity2,WINDPOWER,2507,2010,0
Simplicity2,WINDPOWER,2508,2010,0
Simplicity2,WINDPOWER,2509,2010,0
Simplicity2,WINDPOWER,2510,2010,0
Simplicity2,WINDPOWER,2511,2010,0.021894048
Simplicity2,WINDPOWER,2512,2010,0.211731689
Simplicity2,WINDPOWER,2513,2010,0.447225476
Simplicity2,WINDPOWER,2514,2010,0.649666361
Simplicity2,WINDPOWER,2515,2010,0.797654737
Simplicity2,WINDPOWER,2516,2010,0.887487565
Simplicity2,WINDPOWER,2517,2010,0.915253711
Simplicity2,WINDPOWER,2518,2010,0.901594025
Simplicity2,WINDPOWER,2519,2010,0.839464774
Simplicity2,WINDPOWER,2520,2010,0.720582655
Simplicity2,WINDPOWER,2521,2010,0.542680187
Simplicity2,WINDPOWER,2522,2010,0.31977954
Simplicity2,WINDPOWER,2523,2010,0.094105695
Simplicity2,WINDPOWER,2524,2010,0
Simplicity2,WINDPOWER,2525,2010,0
Simplicity2,WINDPOWER,2526,2010,0
Simplicity2,WINDPOWER,2527,2010,0
Simplicity2,WINDPOWER,2528,2010,0
Simplicity2,WINDPOWER,2529,2010,0
Simplicity2,WINDPOWER,2530,2010,0
Simplicity2,WINDPOWER,2531,2010,0
Simplicity2,WINDPOWER,2532,2010,0
Simplicity2,WINDPOWER,2533,2010,0
Simplicity2,WINDPOWER,2534,2010,0
Simplicity2,WINDPOWER,2535,2010,0.023176817
Simplicity2,WINDPOWER,2536,2010,0.213529979
Simplicity2,WINDPOWER,2537,2010,0.446844825
Simplicity2,WINDPOWER,2538,2010,0.647262688
Simplicity2,WINDPOWER,2539,2010,0.79315575
Simplicity2,WINDPOWER,2540,2010,0.879733267
Simplicity2,WINDPOWER,2541,2010,0.906241262
Simplicity2,WINDPOWER,2542,2010,0.891323892
Simplicity2,WINDPOWER,2543,2010,0.827930517
Simplicity2,WINDPOWER,2544,2010,0.712031917
Simplicity2,WINDPOWER,2545,2010,0.537444492
Simplicity2,WINDPOWER,2546,2010,0.316397811
Simplicity2,WINDPOWER,2547,2010,0.093244657
Simplicity2,WINDPOWER,2548,2010,0
Simplicity2,WINDPOWER,2549,2010,0
Simplicity2,WINDPOWER,2550,2010,0
Simplicity2,WINDPOWER,2551,2010,0
Simplicity2,WINDPOWER,2552,2010,0
Simplicity2,WINDPOWER,2553,2010,0
Simplicity2,WINDPOWER,2554,2010,0
Simplicity2,WINDPOWER,2555,2010,0
Simplicity2,WINDPOWER,2556,2010,0
Simplicity2,WINDPOWER,2557,2010,0
Simplicity2,WINDPOWER,2558,2010,0
Simplicity2,WINDPOWER,2559,2010,0.024002516
Simplicity2,WINDPOWER,2560,2010,0.214675321
Simplicity2,WINDPOWER,2561,2010,0.446535014
Simplicity2,WINDPOWER,2562,2010,0.644375357
Simplicity2,WINDPOWER,2563,2010,0.787096236
Simplicity2,WINDPOWER,2564,2010,0.872758857
Simplicity2,WINDPOWER,2565,2010,0.900514646
Simplicity2,WINDPOWER,2566,2010,0.887560701
Simplicity2,WINDPOWER,2567,2010,0.825560716
Simplicity2,WINDPOWER,2568,2010,0.709724775
Simplicity2,WINDPOWER,2569,2010,0.537155792
Simplicity2,WINDPOWER,2570,2010,0.316897814
Simplicity2,WINDPOWER,2571,2010,0.093515754
Simplicity2,WINDPOWER,2572,2010,0
Simplicity2,WINDPOWER,2573,2010,0
Simplicity2,WINDPOWER,2574,2010,0
Simplicity2,WINDPOWER,2575,2010,0
Simplicity2,WINDPOWER,2576,2010,0
Simplicity2,WINDPOWER,2577,2010,0
Simplicity2,WINDPOWER,2578,2010,0
Simplicity2,WINDPOWER,2579,2010,0
Simplicity2,WINDPOWER,2580,2010,0
Simplicity2,WINDPOWER,2581,2010,0
Simplicity2,WINDPOWER,2582,2010,0
Simplicity2,WINDPOWER,2583,2010,0.025324618
Simplicity2,WINDPOWER,2584,2010,0.216084145
Simplicity2,WINDPOWER,2585,2010,0.445080817
Simplicity2,WINDPOWER,2586,2010,0.622097412
Simplicity2,WINDPOWER,2587,2010,0.694276588
Simplicity2,WINDPOWER,2588,2010,0.789025991
Simplicity2,WINDPOWER,2589,2010,0.5311189
Simplicity2,WINDPOWER,2590,2010,0.281258818
Simplicity2,WINDPOWER,2591,2010,0.153559133
Simplicity2,WINDPOWER,2592,2010,0.128757842
Simplicity2,WINDPOWER,2593,2010,0.08345077
Simplicity2,WINDPOWER,2594,2010,0.053528493
Simplicity2,WINDPOWER,2595,2010,0.040048333
Simplicity2,WINDPOWER,2596,2010,0.006844385
Simplicity2,WINDPOWER,2597,2010,0
Simplicity2,WINDPOWER,2598,2010,0
Simplicity2,WINDPOWER,2599,2010,0
Simplicity2,WINDPOWER,2600,2010,0
Simplicity2,WINDPOWER,2601,2010,0
Simplicity2,WINDPOWER,2602,2010,0
Simplicity2,WINDPOWER,2603,2010,0
Simplicity2,WINDPOWER,2604,2010,0
Simplicity2,WINDPOWER,2605,2010,0
Simplicity2,WINDPOWER,2606,2010,0
Simplicity2,WINDPOWER,2607,2010,0.030417763
Simplicity2,WINDPOWER,2608,2010,0.223909948
Simplicity2,WINDPOWER,2609,2010,0.437651052
Simplicity2,WINDPOWER,2610,2010,0.532896287
Simplicity2,WINDPOWER,2611,2010,0.552978152
Simplicity2,WINDPOWER,2612,2010,0.69342581
Simplicity2,WINDPOWER,2613,2010,0.702617576
Simplicity2,WINDPOWER,2614,2010,0.689952341
Simplicity2,WINDPOWER,2615,2010,0.739904544
Simplicity2,WINDPOWER,2616,2010,0.626859476
Simplicity2,WINDPOWER,2617,2010,0.489348165
Simplicity2,WINDPOWER,2618,2010,0.299097421
Simplicity2,WINDPOWER,2619,2010,0.099852931
Simplicity2,WINDPOWER,2620,2010,0.008630077
Simplicity2,WINDPOWER,2621,2010,0
Simplicity2,WINDPOWER,2622,2010,0
Simplicity2,WINDPOWER,2623,2010,0
Simplicity2,WINDPOWER,2624,2010,0
Simplicity2,WINDPOWER,2625,2010,0
Simplicity2,WINDPOWER,2626,2010,0
Simplicity2,WINDPOWER,2627,2010,0
Simplicity2,WINDPOWER,2628,2010,0
Simplicity2,WINDPOWER,2629,2010,0
Simplicity2,WINDPOWER,2630,2010,0
Simplicity2,WINDPOWER,2631,2010,0.029299495
Simplicity2,WINDPOWER,2632,2010,0.22583196
Simplicity2,WINDPOWER,2633,2010,0.458520903
Simplicity2,WINDPOWER,2634,2010,0.661209382
Simplicity2,WINDPOWER,2635,2010,0.810793414
Simplicity2,WINDPOWER,2636,2010,0.882949987
Simplicity2,WINDPOWER,2637,2010,0.824183116
Simplicity2,WINDPOWER,2638,2010,0.838488657
Simplicity2,WINDPOWER,2639,2010,0.79195378
Simplicity2,WINDPOWER,2640,2010,0.71017344
Simplicity2,WINDPOWER,2641,2010,0.551953733
Simplicity2,WINDPOWER,2642,2010,0.326482247
Simplicity2,WINDPOWER,2643,2010,0.099764811
Simplicity2,WINDPOWER,2644,2010,0.009168837
Simplicity2,WINDPOWER,2645,2010,0
Simplicity2,WINDPOWER,2646,2010,0
Simplicity2,WINDPOWER,2647,2010,0
Simplicity2,WINDPOWER,2648,2010,0
Simplicity2,WINDPOWER,2649,2010,0
Simplicity2,WINDPOWER,2650,2010,0
Simplicity2,WINDPOWER,2651,2010,0
Simplicity2,WINDPOWER,2652,2010,0
Simplicity2,WINDPOWER,2653,2010,0
Simplicity2,WINDPOWER,2654,2010,0
Simplicity2,WINDPOWER,2655,2010,0.029741386
Simplicity2,WINDPOWER,2656,2010,0.229151313
Simplicity2,WINDPOWER,2657,2010,0.461567711
Simplicity2,WINDPOWER,2658,2010,0.659602829
Simplicity2,WINDPOWER,2659,2010,0.803800312
Simplicity2,WINDPOWER,2660,2010,0.888878485
Simplicity2,WINDPOWER,2661,2010,0.912891104
Simplicity2,WINDPOWER,2662,2010,0.89597914
Simplicity2,WINDPOWER,2663,2010,0.832106639
Simplicity2,WINDPOWER,2664,2010,0.714904849
Simplicity2,WINDPOWER,2665,2010,0.540135133
Simplicity2,WINDPOWER,2666,2010,0.318564978
Simplicity2,WINDPOWER,2667,2010,0.099097208
Simplicity2,WINDPOWER,2668,2010,0.010285464
Simplicity2,WINDPOWER,2669,2010,0
Simplicity2,WINDPOWER,2670,2010,0
Simplicity2,WINDPOWER,2671,2010,0
Simplicity2,WINDPOWER,2672,2010,0
Simplicity2,WINDPOWER,2673,2010,0
Simplicity2,WINDPOWER,2674,2010,0
Simplicity2,WINDPOWER,2675,2010,0
Simplicity2,WINDPOWER,2676,2010,0
Simplicity2,WINDPOWER,2677,2010,0
Simplicity2,WINDPOWER,2678,2010,0
Simplicity2,WINDPOWER,2679,2010,0.031544646
Simplicity2,WINDPOWER,2680,2010,0.139225245
Simplicity2,WINDPOWER,2681,2010,0.172493359
Simplicity2,WINDPOWER,2682,2010,0.264604139
Simplicity2,WINDPOWER,2683,2010,0.315314623
Simplicity2,WINDPOWER,2684,2010,0.310394522
Simplicity2,WINDPOWER,2685,2010,0.36510836
Simplicity2,WINDPOWER,2686,2010,0.270994768
Simplicity2,WINDPOWER,2687,2010,0.32920818
Simplicity2,WINDPOWER,2688,2010,0.390492784
Simplicity2,WINDPOWER,2689,2010,0.239732463
Simplicity2,WINDPOWER,2690,2010,0.147568082
Simplicity2,WINDPOWER,2691,2010,0.077494878
Simplicity2,WINDPOWER,2692,2010,0.009289806
Simplicity2,WINDPOWER,2693,2010,0
Simplicity2,WINDPOWER,2694,2010,0
Simplicity2,WINDPOWER,2695,2010,0
Simplicity2,WINDPOWER,2696,2010,0
Simplicity2,WINDPOWER,2697,2010,0
Simplicity2,WINDPOWER,2698,2010,0
Simplicity2,WINDPOWER,2699,2010,0
Simplicity2,WINDPOWER,2700,2010,0
Simplicity2,WINDPOWER,2701,2010,0
Simplicity2,WINDPOWER,2702,2010,0
Simplicity2,WINDPOWER,2703,2010,0.030596004
Simplicity2,WINDPOWER,2704,2010,0.107174692
Simplicity2,WINDPOWER,2705,2010,0.296718384
Simplicity2,WINDPOWER,2706,2010,0.432410019
Simplicity2,WINDPOWER,2707,2010,0.570353921
Simplicity2,WINDPOWER,2708,2010,0.507595072
Simplicity2,WINDPOWER,2709,2010,0.551298839
Simplicity2,WINDPOWER,2710,2010,0.494007746
Simplicity2,WINDPOWER,2711,2010,0.457456777
Simplicity2,WINDPOWER,2712,2010,0.326341458
Simplicity2,WINDPOWER,2713,2010,0.342636701
Simplicity2,WINDPOWER,2714,2010,0.250286638
Simplicity2,WINDPOWER,2715,2010,0.092086399
Simplicity2,WINDPOWER,2716,2010,0.013654637
Simplicity2,WINDPOWER,2717,2010,0
Simplicity2,WINDPOWER,2718,2010,0
Simplicity2,WINDPOWER,2719,2010,0
Simplicity2,WINDPOWER,2720,2010,0
Simplicity2,WINDPOWER,2721,2010,0
Simplicity2,WINDPOWER,2722,2010,0
Simplicity2,WINDPOWER,2723,2010,0
Simplicity2,WINDPOWER,2724,2010,0
Simplicity2,WINDPOWER,2725,2010,0
Simplicity2,WINDPOWER,2726,2010,0
Simplicity2,WINDPOWER,2727,2010,0.018080911
Simplicity2,WINDPOWER,2728,2010,0.046100678
Simplicity2,WINDPOWER,2729,2010,0.12228696
Simplicity2,WINDPOWER,2730,2010,0.215736128
Simplicity2,WINDPOWER,2731,2010,0.176950186
Simplicity2,WINDPOWER,2732,2010,0.241758337
Simplicity2,WINDPOWER,2733,2010,0.293890952
Simplicity2,WINDPOWER,2734,2010,0.282910289
Simplicity2,WINDPOWER,2735,2010,0.255741853
Simplicity2,WINDPOWER,2736,2010,0.183758752
Simplicity2,WINDPOWER,2737,2010,0.174846305
Simplicity2,WINDPOWER,2738,2010,0.124236386
Simplicity2,WINDPOWER,2739,2010,0.053123011
Simplicity2,WINDPOWER,2740,2010,0.009150735
Simplicity2,WINDPOWER,2741,2010,0
Simplicity2,WINDPOWER,2742,2010,0
Simplicity2,WINDPOWER,2743,2010,0
Simplicity2,WINDPOWER,2744,2010,0
Simplicity2,WINDPOWER,2745,2010,0
Simplicity2,WINDPOWER,2746,2010,0
Simplicity2,WINDPOWER,2747,2010,0
Simplicity2,WINDPOWER,2748,2010,0
Simplicity2,WINDPOWER,2749,2010,0
Simplicity2,WINDPOWER,2750,2010,0
Simplicity2,WINDPOWER,2751,2010,0.030305346
Simplicity2,WINDPOWER,2752,2010,0.077081888
Simplicity2,WINDPOWER,2753,2010,0.117834942
Simplicity2,WINDPOWER,2754,2010,0.165598959
Simplicity2,WINDPOWER,2755,2010,0.27462077
Simplicity2,WINDPOWER,2756,2010,0.461044455
Simplicity2,WINDPOWER,2757,2010,0.421194442
Simplicity2,WINDPOWER,2758,2010,0.306239258
Simplicity2,WINDPOWER,2759,2010,0.36195328
Simplicity2,WINDPOWER,2760,2010,0.31321199
Simplicity2,WINDPOWER,2761,2010,0.170539823
Simplicity2,WINDPOWER,2762,2010,0.143718142
Simplicity2,WINDPOWER,2763,2010,0.059407729
Simplicity2,WINDPOWER,2764,2010,0.01253376
Simplicity2,WINDPOWER,2765,2010,0
Simplicity2,WINDPOWER,2766,2010,0
Simplicity2,WINDPOWER,2767,2010,0
Simplicity2,WINDPOWER,2768,2010,0
Simplicity2,WINDPOWER,2769,2010,0
Simplicity2,WINDPOWER,2770,2010,0
Simplicity2,WINDPOWER,2771,2010,0
Simplicity2,WINDPOWER,2772,2010,0
Simplicity2,WINDPOWER,2773,2010,0
Simplicity2,WINDPOWER,2774,2010,0
Simplicity2,WINDPOWER,2775,2010,0.042906265
Simplicity2,WINDPOWER,2776,2010,0.176686633
Simplicity2,WINDPOWER,2777,2010,0.311285368
Simplicity2,WINDPOWER,2778,2010,0.547739868
Simplicity2,WINDPOWER,2779,2010,0.766047437
Simplicity2,WINDPOWER,2780,2010,0.816007757
Simplicity2,WINDPOWER,2781,2010,0.759341642
Simplicity2,WINDPOWER,2782,2010,0.788639322
Simplicity2,WINDPOWER,2783,2010,0.727044751
Simplicity2,WINDPOWER,2784,2010,0.644930855
Simplicity2,WINDPOWER,2785,2010,0.463952398
Simplicity2,WINDPOWER,2786,2010,0.304953657
Simplicity2,WINDPOWER,2787,2010,0.108246355
Simplicity2,WINDPOWER,2788,2010,0.012710408
Simplicity2,WINDPOWER,2789,2010,0
Simplicity2,WINDPOWER,2790,2010,0
Simplicity2,WINDPOWER,2791,2010,0
Simplicity2,WINDPOWER,2792,2010,0
Simplicity2,WINDPOWER,2793,2010,0
Simplicity2,WINDPOWER,2794,2010,0
Simplicity2,WINDPOWER,2795,2010,0
Simplicity2,WINDPOWER,2796,2010,0
Simplicity2,WINDPOWER,2797,2010,0
Simplicity2,WINDPOWER,2798,2010,0
Simplicity2,WINDPOWER,2799,2010,0.036459552
Simplicity2,WINDPOWER,2800,2010,0.239541611
Simplicity2,WINDPOWER,2801,2010,0.469398376
Simplicity2,WINDPOWER,2802,2010,0.665820195
Simplicity2,WINDPOWER,2803,2010,0.806008815
Simplicity2,WINDPOWER,2804,2010,0.844606176
Simplicity2,WINDPOWER,2805,2010,0.866658814
Simplicity2,WINDPOWER,2806,2010,0.744809834
Simplicity2,WINDPOWER,2807,2010,0.625221924
Simplicity2,WINDPOWER,2808,2010,0.511006404
Simplicity2,WINDPOWER,2809,2010,0.299684071
Simplicity2,WINDPOWER,2810,2010,0.168940153
Simplicity2,WINDPOWER,2811,2010,0.091731867
Simplicity2,WINDPOWER,2812,2010,0.018673883
Simplicity2,WINDPOWER,2813,2010,0
Simplicity2,WINDPOWER,2814,2010,0
Simplicity2,WINDPOWER,2815,2010,0
Simplicity2,WINDPOWER,2816,2010,0
Simplicity2,WINDPOWER,2817,2010,0
Simplicity2,WINDPOWER,2818,2010,0
Simplicity2,WINDPOWER,2819,2010,0
Simplicity2,WINDPOWER,2820,2010,0
Simplicity2,WINDPOWER,2821,2010,0
Simplicity2,WINDPOWER,2822,2010,0
Simplicity2,WINDPOWER,2823,2010,0.045591356
Simplicity2,WINDPOWER,2824,2010,0.212583946
Simplicity2,WINDPOWER,2825,2010,0.40269355
Simplicity2,WINDPOWER,2826,2010,0.528221723
Simplicity2,WINDPOWER,2827,2010,0.681321556
Simplicity2,WINDPOWER,2828,2010,0.678859557
Simplicity2,WINDPOWER,2829,2010,0.67459093
Simplicity2,WINDPOWER,2830,2010,0.653144226
Simplicity2,WINDPOWER,2831,2010,0.60217631
Simplicity2,WINDPOWER,2832,2010,0.533047151
Simplicity2,WINDPOWER,2833,2010,0.374058974
Simplicity2,WINDPOWER,2834,2010,0.232571365
Simplicity2,WINDPOWER,2835,2010,0.085343955
Simplicity2,WINDPOWER,2836,2010,0.015861703
Simplicity2,WINDPOWER,2837,2010,0
Simplicity2,WINDPOWER,2838,2010,0
Simplicity2,WINDPOWER,2839,2010,0
Simplicity2,WINDPOWER,2840,2010,0
Simplicity2,WINDPOWER,2841,2010,0
Simplicity2,WINDPOWER,2842,2010,0
Simplicity2,WINDPOWER,2843,2010,0
Simplicity2,WINDPOWER,2844,2010,0
Simplicity2,WINDPOWER,2845,2010,0
Simplicity2,WINDPOWER,2846,2010,0
Simplicity2,WINDPOWER,2847,2010,0.033973948
Simplicity2,WINDPOWER,2848,2010,0.120596183
Simplicity2,WINDPOWER,2849,2010,0.29339413
Simplicity2,WINDPOWER,2850,2010,0.313240547
Simplicity2,WINDPOWER,2851,2010,0.268935678
Simplicity2,WINDPOWER,2852,2010,0.477459777
Simplicity2,WINDPOWER,2853,2010,0.499542671
Simplicity2,WINDPOWER,2854,2010,0.481332271
Simplicity2,WINDPOWER,2855,2010,0.392154913
Simplicity2,WINDPOWER,2856,2010,0.316671616
Simplicity2,WINDPOWER,2857,2010,0.33171097
Simplicity2,WINDPOWER,2858,2010,0.216522179
Simplicity2,WINDPOWER,2859,2010,0.100518397
Simplicity2,WINDPOWER,2860,2010,0.022048623
Simplicity2,WINDPOWER,2861,2010,0
Simplicity2,WINDPOWER,2862,2010,0
Simplicity2,WINDPOWER,2863,2010,0
Simplicity2,WINDPOWER,2864,2010,0
Simplicity2,WINDPOWER,2865,2010,0
Simplicity2,WINDPOWER,2866,2010,0
Simplicity2,WINDPOWER,2867,2010,0
Simplicity2,WINDPOWER,2868,2010,0
Simplicity2,WINDPOWER,2869,2010,0
Simplicity2,WINDPOWER,2870,2010,0
Simplicity2,WINDPOWER,2871,2010,0.044439869
Simplicity2,WINDPOWER,2872,2010,0.213865351
Simplicity2,WINDPOWER,2873,2010,0.447485275
Simplicity2,WINDPOWER,2874,2010,0.440362982
Simplicity2,WINDPOWER,2875,2010,0.613170364
Simplicity2,WINDPOWER,2876,2010,0.671389675
Simplicity2,WINDPOWER,2877,2010,0.706869028
Simplicity2,WINDPOWER,2878,2010,0.711375632
Simplicity2,WINDPOWER,2879,2010,0.69419368
Simplicity2,WINDPOWER,2880,2010,0.629872407
Simplicity2,WINDPOWER,2881,2010,0.484065151
Simplicity2,WINDPOWER,2882,2010,0.307268186
Simplicity2,WINDPOWER,2883,2010,0.105365041
Simplicity2,WINDPOWER,2884,2010,0.015687851
Simplicity2,WINDPOWER,2885,2010,0
Simplicity2,WINDPOWER,2886,2010,0
Simplicity2,WINDPOWER,2887,2010,0
Simplicity2,WINDPOWER,2888,2010,0
Simplicity2,WINDPOWER,2889,2010,0
Simplicity2,WINDPOWER,2890,2010,0
Simplicity2,WINDPOWER,2891,2010,0
Simplicity2,WINDPOWER,2892,2010,0
Simplicity2,WINDPOWER,2893,2010,0
Simplicity2,WINDPOWER,2894,2010,0
Simplicity2,WINDPOWER,2895,2010,0.046616019
Simplicity2,WINDPOWER,2896,2010,0.218833908
Simplicity2,WINDPOWER,2897,2010,0.405215856
Simplicity2,WINDPOWER,2898,2010,0.60688039
Simplicity2,WINDPOWER,2899,2010,0.685481779
Simplicity2,WINDPOWER,2900,2010,0.769137693
Simplicity2,WINDPOWER,2901,2010,0.794304703
Simplicity2,WINDPOWER,2902,2010,0.728622448
Simplicity2,WINDPOWER,2903,2010,0.689486404
Simplicity2,WINDPOWER,2904,2010,0.633121488
Simplicity2,WINDPOWER,2905,2010,0.471840716
Simplicity2,WINDPOWER,2906,2010,0.247789243
Simplicity2,WINDPOWER,2907,2010,0.101077688
Simplicity2,WINDPOWER,2908,2010,0.019010514
Simplicity2,WINDPOWER,2909,2010,0
Simplicity2,WINDPOWER,2910,2010,0
Simplicity2,WINDPOWER,2911,2010,0
Simplicity2,WINDPOWER,2912,2010,0
Simplicity2,WINDPOWER,2913,2010,0
Simplicity2,WINDPOWER,2914,2010,0
Simplicity2,WINDPOWER,2915,2010,0
Simplicity2,WINDPOWER,2916,2010,0
Simplicity2,WINDPOWER,2917,2010,0
Simplicity2,WINDPOWER,2918,2010,0
Simplicity2,WINDPOWER,2919,2010,0.046746642
Simplicity2,WINDPOWER,2920,2010,0.250317961
Simplicity2,WINDPOWER,2921,2010,0.47032939
Simplicity2,WINDPOWER,2922,2010,0.66228144
Simplicity2,WINDPOWER,2923,2010,0.778919696
Simplicity2,WINDPOWER,2924,2010,0.785099557
Simplicity2,WINDPOWER,2925,2010,0.8839835
Simplicity2,WINDPOWER,2926,2010,0.747487229
Simplicity2,WINDPOWER,2927,2010,0.713461563
Simplicity2,WINDPOWER,2928,2010,0.573260586
Simplicity2,WINDPOWER,2929,2010,0.475272891
Simplicity2,WINDPOWER,2930,2010,0.292481358
Simplicity2,WINDPOWER,2931,2010,0.110895902
Simplicity2,WINDPOWER,2932,2010,0.019116952
Simplicity2,WINDPOWER,2933,2010,0
Simplicity2,WINDPOWER,2934,2010,0
Simplicity2,WINDPOWER,2935,2010,0
Simplicity2,WINDPOWER,2936,2010,0
Simplicity2,WINDPOWER,2937,2010,0
Simplicity2,WINDPOWER,2938,2010,0
Simplicity2,WINDPOWER,2939,2010,0
Simplicity2,WINDPOWER,2940,2010,0
Simplicity2,WINDPOWER,2941,2010,0
Simplicity2,WINDPOWER,2942,2010,0.00865375
Simplicity2,WINDPOWER,2943,2010,0.049223492
Simplicity2,WINDPOWER,2944,2010,0.246524925
Simplicity2,WINDPOWER,2945,2010,0.469636405
Simplicity2,WINDPOWER,2946,2010,0.655103634
Simplicity2,WINDPOWER,2947,2010,0.633629529
Simplicity2,WINDPOWER,2948,2010,0.657145292
Simplicity2,WINDPOWER,2949,2010,0.523360772
Simplicity2,WINDPOWER,2950,2010,0.474375408
Simplicity2,WINDPOWER,2951,2010,0.300477048
Simplicity2,WINDPOWER,2952,2010,0.251942237
Simplicity2,WINDPOWER,2953,2010,0.193389301
Simplicity2,WINDPOWER,2954,2010,0.142933034
Simplicity2,WINDPOWER,2955,2010,0.064830897
Simplicity2,WINDPOWER,2956,2010,0.01578512
Simplicity2,WINDPOWER,2957,2010,0
Simplicity2,WINDPOWER,2958,2010,0
Simplicity2,WINDPOWER,2959,2010,0
Simplicity2,WINDPOWER,2960,2010,0
Simplicity2,WINDPOWER,2961,2010,0
Simplicity2,WINDPOWER,2962,2010,0
Simplicity2,WINDPOWER,2963,2010,0
Simplicity2,WINDPOWER,2964,2010,0
Simplicity2,WINDPOWER,2965,2010,0
Simplicity2,WINDPOWER,2966,2010,0.009537337
Simplicity2,WINDPOWER,2967,2010,0.059146784
Simplicity2,WINDPOWER,2968,2010,0.223235924
Simplicity2,WINDPOWER,2969,2010,0.386382765
Simplicity2,WINDPOWER,2970,2010,0.51958119
Simplicity2,WINDPOWER,2971,2010,0.680223492
Simplicity2,WINDPOWER,2972,2010,0.765591503
Simplicity2,WINDPOWER,2973,2010,0.830885195
Simplicity2,WINDPOWER,2974,2010,0.756636273
Simplicity2,WINDPOWER,2975,2010,0.694953295
Simplicity2,WINDPOWER,2976,2010,0.653142869
Simplicity2,WINDPOWER,2977,2010,0.49984293
Simplicity2,WINDPOWER,2978,2010,0.318694364
Simplicity2,WINDPOWER,2979,2010,0.10795812
Simplicity2,WINDPOWER,2980,2010,0.019040982
Simplicity2,WINDPOWER,2981,2010,0
Simplicity2,WINDPOWER,2982,2010,0
Simplicity2,WINDPOWER,2983,2010,0
Simplicity2,WINDPOWER,2984,2010,0
Simplicity2,WINDPOWER,2985,2010,0
Simplicity2,WINDPOWER,2986,2010,0
Simplicity2,WINDPOWER,2987,2010,0
Simplicity2,WINDPOWER,2988,2010,0
Simplicity2,WINDPOWER,2989,2010,0
Simplicity2,WINDPOWER,2990,2010,0.009697874
Simplicity2,WINDPOWER,2991,2010,0.051206726
Simplicity2,WINDPOWER,2992,2010,0.254231667
Simplicity2,WINDPOWER,2993,2010,0.477424698
Simplicity2,WINDPOWER,2994,2010,0.660699152
Simplicity2,WINDPOWER,2995,2010,0.784521008
Simplicity2,WINDPOWER,2996,2010,0.794768149
Simplicity2,WINDPOWER,2997,2010,0.837559722
Simplicity2,WINDPOWER,2998,2010,0.860158206
Simplicity2,WINDPOWER,2999,2010,0.790557949
Simplicity2,WINDPOWER,3000,2010,0.683942208
Simplicity2,WINDPOWER,3001,2010,0.494471881
Simplicity2,WINDPOWER,3002,2010,0.252908166
Simplicity2,WINDPOWER,3003,2010,0.10184971
Simplicity2,WINDPOWER,3004,2010,0.025219318
Simplicity2,WINDPOWER,3005,2010,0
Simplicity2,WINDPOWER,3006,2010,0
Simplicity2,WINDPOWER,3007,2010,0
Simplicity2,WINDPOWER,3008,2010,0
Simplicity2,WINDPOWER,3009,2010,0
Simplicity2,WINDPOWER,3010,2010,0
Simplicity2,WINDPOWER,3011,2010,0
Simplicity2,WINDPOWER,3012,2010,0
Simplicity2,WINDPOWER,3013,2010,0
Simplicity2,WINDPOWER,3014,2010,0.012952753
Simplicity2,WINDPOWER,3015,2010,0.078392982
Simplicity2,WINDPOWER,3016,2010,0.202589032
Simplicity2,WINDPOWER,3017,2010,0.3748708
Simplicity2,WINDPOWER,3018,2010,0.47216984
Simplicity2,WINDPOWER,3019,2010,0.644951433
Simplicity2,WINDPOWER,3020,2010,0.596879457
Simplicity2,WINDPOWER,3021,2010,0.63431135
Simplicity2,WINDPOWER,3022,2010,0.550019533
Simplicity2,WINDPOWER,3023,2010,0.676581347
Simplicity2,WINDPOWER,3024,2010,0.553771711
Simplicity2,WINDPOWER,3025,2010,0.398050711
Simplicity2,WINDPOWER,3026,2010,0.273701492
Simplicity2,WINDPOWER,3027,2010,0.111747825
Simplicity2,WINDPOWER,3028,2010,0.025743509
Simplicity2,WINDPOWER,3029,2010,0
Simplicity2,WINDPOWER,3030,2010,0
Simplicity2,WINDPOWER,3031,2010,0
Simplicity2,WINDPOWER,3032,2010,0
Simplicity2,WINDPOWER,3033,2010,0
Simplicity2,WINDPOWER,3034,2010,0
Simplicity2,WINDPOWER,3035,2010,0
Simplicity2,WINDPOWER,3036,2010,0
Simplicity2,WINDPOWER,3037,2010,0
Simplicity2,WINDPOWER,3038,2010,0.008135495
Simplicity2,WINDPOWER,3039,2010,0.049920582
Simplicity2,WINDPOWER,3040,2010,0.17882834
Simplicity2,WINDPOWER,3041,2010,0.40090237
Simplicity2,WINDPOWER,3042,2010,0.51600955
Simplicity2,WINDPOWER,3043,2010,0.670005253
Simplicity2,WINDPOWER,3044,2010,0.82867608
Simplicity2,WINDPOWER,3045,2010,0.854388566
Simplicity2,WINDPOWER,3046,2010,0.826751944
Simplicity2,WINDPOWER,3047,2010,0.767117523
Simplicity2,WINDPOWER,3048,2010,0.641054929
Simplicity2,WINDPOWER,3049,2010,0.451099569
Simplicity2,WINDPOWER,3050,2010,0.290649903
Simplicity2,WINDPOWER,3051,2010,0.10937075
Simplicity2,WINDPOWER,3052,2010,0.027325959
Simplicity2,WINDPOWER,3053,2010,0
Simplicity2,WINDPOWER,3054,2010,0
Simplicity2,WINDPOWER,3055,2010,0
Simplicity2,WINDPOWER,3056,2010,0
Simplicity2,WINDPOWER,3057,2010,0
Simplicity2,WINDPOWER,3058,2010,0
Simplicity2,WINDPOWER,3059,2010,0
Simplicity2,WINDPOWER,3060,2010,0
Simplicity2,WINDPOWER,3061,2010,0
Simplicity2,WINDPOWER,3062,2010,0.007831071
Simplicity2,WINDPOWER,3063,2010,0.062049712
Simplicity2,WINDPOWER,3064,2010,0.148730375
Simplicity2,WINDPOWER,3065,2010,0.307421959
Simplicity2,WINDPOWER,3066,2010,0.410159532
Simplicity2,WINDPOWER,3067,2010,0.514372181
Simplicity2,WINDPOWER,3068,2010,0.602260349
Simplicity2,WINDPOWER,3069,2010,0.67762699
Simplicity2,WINDPOWER,3070,2010,0.670272745
Simplicity2,WINDPOWER,3071,2010,0.564940391
Simplicity2,WINDPOWER,3072,2010,0.517340584
Simplicity2,WINDPOWER,3073,2010,0.404527529
Simplicity2,WINDPOWER,3074,2010,0.274842759
Simplicity2,WINDPOWER,3075,2010,0.111174582
Simplicity2,WINDPOWER,3076,2010,0.028283139
Simplicity2,WINDPOWER,3077,2010,0
Simplicity2,WINDPOWER,3078,2010,0
Simplicity2,WINDPOWER,3079,2010,0
Simplicity2,WINDPOWER,3080,2010,0
Simplicity2,WINDPOWER,3081,2010,0
Simplicity2,WINDPOWER,3082,2010,0
Simplicity2,WINDPOWER,3083,2010,0
Simplicity2,WINDPOWER,3084,2010,0
Simplicity2,WINDPOWER,3085,2010,0
Simplicity2,WINDPOWER,3086,2010,0.014504862
Simplicity2,WINDPOWER,3087,2010,0.065000933
Simplicity2,WINDPOWER,3088,2010,0.229008274
Simplicity2,WINDPOWER,3089,2010,0.447535897
Simplicity2,WINDPOWER,3090,2010,0.592128472
Simplicity2,WINDPOWER,3091,2010,0.527717294
Simplicity2,WINDPOWER,3092,2010,0.526886752
Simplicity2,WINDPOWER,3093,2010,0.468738601
Simplicity2,WINDPOWER,3094,2010,0.60103858
Simplicity2,WINDPOWER,3095,2010,0.506636614
Simplicity2,WINDPOWER,3096,2010,0.399856244
Simplicity2,WINDPOWER,3097,2010,0.377342845
Simplicity2,WINDPOWER,3098,2010,0.249811929
Simplicity2,WINDPOWER,3099,2010,0.105005036
Simplicity2,WINDPOWER,3100,2010,0.025230366
Simplicity2,WINDPOWER,3101,2010,0
Simplicity2,WINDPOWER,3102,2010,0
Simplicity2,WINDPOWER,3103,2010,0
Simplicity2,WINDPOWER,3104,2010,0
Simplicity2,WINDPOWER,3105,2010,0
Simplicity2,WINDPOWER,3106,2010,0
Simplicity2,WINDPOWER,3107,2010,0
Simplicity2,WINDPOWER,3108,2010,0
Simplicity2,WINDPOWER,3109,2010,0
Simplicity2,WINDPOWER,3110,2010,0.013939154
Simplicity2,WINDPOWER,3111,2010,0.064330131
Simplicity2,WINDPOWER,3112,2010,0.253538748
Simplicity2,WINDPOWER,3113,2010,0.475032236
Simplicity2,WINDPOWER,3114,2010,0.618423745
Simplicity2,WINDPOWER,3115,2010,0.714923021
Simplicity2,WINDPOWER,3116,2010,0.665654063
Simplicity2,WINDPOWER,3117,2010,0.465761215
Simplicity2,WINDPOWER,3118,2010,0.702066446
Simplicity2,WINDPOWER,3119,2010,0.669224734
Simplicity2,WINDPOWER,3120,2010,0.535724032
Simplicity2,WINDPOWER,3121,2010,0.416150123
Simplicity2,WINDPOWER,3122,2010,0.264603224
Simplicity2,WINDPOWER,3123,2010,0.114695823
Simplicity2,WINDPOWER,3124,2010,0.026221585
Simplicity2,WINDPOWER,3125,2010,0
Simplicity2,WINDPOWER,3126,2010,0
Simplicity2,WINDPOWER,3127,2010,0
Simplicity2,WINDPOWER,3128,2010,0
Simplicity2,WINDPOWER,3129,2010,0
Simplicity2,WINDPOWER,3130,2010,0
Simplicity2,WINDPOWER,3131,2010,0
Simplicity2,WINDPOWER,3132,2010,0
Simplicity2,WINDPOWER,3133,2010,0
Simplicity2,WINDPOWER,3134,2010,0.013978777
Simplicity2,WINDPOWER,3135,2010,0.062319008
Simplicity2,WINDPOWER,3136,2010,0.227048487
Simplicity2,WINDPOWER,3137,2010,0.452375741
Simplicity2,WINDPOWER,3138,2010,0.618375092
Simplicity2,WINDPOWER,3139,2010,0.689555421
Simplicity2,WINDPOWER,3140,2010,0.758096469
Simplicity2,WINDPOWER,3141,2010,0.776393041
Simplicity2,WINDPOWER,3142,2010,0.684223414
Simplicity2,WINDPOWER,3143,2010,0.666480419
Simplicity2,WINDPOWER,3144,2010,0.509134105
Simplicity2,WINDPOWER,3145,2010,0.485837989
Simplicity2,WINDPOWER,3146,2010,0.298721714
Simplicity2,WINDPOWER,3147,2010,0.118571394
Simplicity2,WINDPOWER,3148,2010,0.024681187
Simplicity2,WINDPOWER,3149,2010,0
Simplicity2,WINDPOWER,3150,2010,0
Simplicity2,WINDPOWER,3151,2010,0
Simplicity2,WINDPOWER,3152,2010,0
Simplicity2,WINDPOWER,3153,2010,0
Simplicity2,WINDPOWER,3154,2010,0
Simplicity2,WINDPOWER,3155,2010,0
Simplicity2,WINDPOWER,3156,2010,0
Simplicity2,WINDPOWER,3157,2010,0
Simplicity2,WINDPOWER,3158,2010,0.016571873
Simplicity2,WINDPOWER,3159,2010,0.073038444
Simplicity2,WINDPOWER,3160,2010,0.243469543
Simplicity2,WINDPOWER,3161,2010,0.443471732
Simplicity2,WINDPOWER,3162,2010,0.596361187
Simplicity2,WINDPOWER,3163,2010,0.710065729
Simplicity2,WINDPOWER,3164,2010,0.687071659
Simplicity2,WINDPOWER,3165,2010,0.548443858
Simplicity2,WINDPOWER,3166,2010,0.468160011
Simplicity2,WINDPOWER,3167,2010,0.382856264
Simplicity2,WINDPOWER,3168,2010,0.260099225
Simplicity2,WINDPOWER,3169,2010,0.176815529
Simplicity2,WINDPOWER,3170,2010,0.122131429
Simplicity2,WINDPOWER,3171,2010,0.076496397
Simplicity2,WINDPOWER,3172,2010,0.020514777
Simplicity2,WINDPOWER,3173,2010,0
Simplicity2,WINDPOWER,3174,2010,0
Simplicity2,WINDPOWER,3175,2010,0
Simplicity2,WINDPOWER,3176,2010,0
Simplicity2,WINDPOWER,3177,2010,0
Simplicity2,WINDPOWER,3178,2010,0
Simplicity2,WINDPOWER,3179,2010,0
Simplicity2,WINDPOWER,3180,2010,0
Simplicity2,WINDPOWER,3181,2010,0
Simplicity2,WINDPOWER,3182,2010,0.015462372
Simplicity2,WINDPOWER,3183,2010,0.075070561
Simplicity2,WINDPOWER,3184,2010,0.246442529
Simplicity2,WINDPOWER,3185,2010,0.424484952
Simplicity2,WINDPOWER,3186,2010,0.612134706
Simplicity2,WINDPOWER,3187,2010,0.617100383
Simplicity2,WINDPOWER,3188,2010,0.715740324
Simplicity2,WINDPOWER,3189,2010,0.786814179
Simplicity2,WINDPOWER,3190,2010,0.765645199
Simplicity2,WINDPOWER,3191,2010,0.647690921
Simplicity2,WINDPOWER,3192,2010,0.577092086
Simplicity2,WINDPOWER,3193,2010,0.416046392
Simplicity2,WINDPOWER,3194,2010,0.259864775
Simplicity2,WINDPOWER,3195,2010,0.115374453
Simplicity2,WINDPOWER,3196,2010,0.025532157
Simplicity2,WINDPOWER,3197,2010,0
Simplicity2,WINDPOWER,3198,2010,0
Simplicity2,WINDPOWER,3199,2010,0
Simplicity2,WINDPOWER,3200,2010,0
Simplicity2,WINDPOWER,3201,2010,0
Simplicity2,WINDPOWER,3202,2010,0
Simplicity2,WINDPOWER,3203,2010,0
Simplicity2,WINDPOWER,3204,2010,0
Simplicity2,WINDPOWER,3205,2010,0
Simplicity2,WINDPOWER,3206,2010,0.015325222
Simplicity2,WINDPOWER,3207,2010,0.058380018
Simplicity2,WINDPOWER,3208,2010,0.25844326
Simplicity2,WINDPOWER,3209,2010,0.474051726
Simplicity2,WINDPOWER,3210,2010,0.652331402
Simplicity2,WINDPOWER,3211,2010,0.779362325
Simplicity2,WINDPOWER,3212,2010,0.857330928
Simplicity2,WINDPOWER,3213,2010,0.829569057
Simplicity2,WINDPOWER,3214,2010,0.816369897
Simplicity2,WINDPOWER,3215,2010,0.755430324
Simplicity2,WINDPOWER,3216,2010,0.570024481
Simplicity2,WINDPOWER,3217,2010,0.442221762
Simplicity2,WINDPOWER,3218,2010,0.27909422
Simplicity2,WINDPOWER,3219,2010,0.121038675
Simplicity2,WINDPOWER,3220,2010,0.025533012
Simplicity2,WINDPOWER,3221,2010,0
Simplicity2,WINDPOWER,3222,2010,0
Simplicity2,WINDPOWER,3223,2010,0
Simplicity2,WINDPOWER,3224,2010,0
Simplicity2,WINDPOWER,3225,2010,0
Simplicity2,WINDPOWER,3226,2010,0
Simplicity2,WINDPOWER,3227,2010,0
Simplicity2,WINDPOWER,3228,2010,0
Simplicity2,WINDPOWER,3229,2010,0
Simplicity2,WINDPOWER,3230,2010,0.015805109
Simplicity2,WINDPOWER,3231,2010,0.058683444
Simplicity2,WINDPOWER,3232,2010,0.260691847
Simplicity2,WINDPOWER,3233,2010,0.475438982
Simplicity2,WINDPOWER,3234,2010,0.652537815
Simplicity2,WINDPOWER,3235,2010,0.781620864
Simplicity2,WINDPOWER,3236,2010,0.859629658
Simplicity2,WINDPOWER,3237,2010,0.882574013
Simplicity2,WINDPOWER,3238,2010,0.870713286
Simplicity2,WINDPOWER,3239,2010,0.809078714
Simplicity2,WINDPOWER,3240,2010,0.70133929
Simplicity2,WINDPOWER,3241,2010,0.538235799
Simplicity2,WINDPOWER,3242,2010,0.331708407
Simplicity2,WINDPOWER,3243,2010,0.121517365
Simplicity2,WINDPOWER,3244,2010,0.025122895
Simplicity2,WINDPOWER,3245,2010,0
Simplicity2,WINDPOWER,3246,2010,0
Simplicity2,WINDPOWER,3247,2010,0
Simplicity2,WINDPOWER,3248,2010,0
Simplicity2,WINDPOWER,3249,2010,0
Simplicity2,WINDPOWER,3250,2010,0
Simplicity2,WINDPOWER,3251,2010,0
Simplicity2,WINDPOWER,3252,2010,0
Simplicity2,WINDPOWER,3253,2010,0
Simplicity2,WINDPOWER,3254,2010,0.020231137
Simplicity2,WINDPOWER,3255,2010,0.081074378
Simplicity2,WINDPOWER,3256,2010,0.248531755
Simplicity2,WINDPOWER,3257,2010,0.453831827
Simplicity2,WINDPOWER,3258,2010,0.640420202
Simplicity2,WINDPOWER,3259,2010,0.776574677
Simplicity2,WINDPOWER,3260,2010,0.848481373
Simplicity2,WINDPOWER,3261,2010,0.868508974
Simplicity2,WINDPOWER,3262,2010,0.85611256
Simplicity2,WINDPOWER,3263,2010,0.797254753
Simplicity2,WINDPOWER,3264,2010,0.686726239
Simplicity2,WINDPOWER,3265,2010,0.525632625
Simplicity2,WINDPOWER,3266,2010,0.322610503
Simplicity2,WINDPOWER,3267,2010,0.121901329
Simplicity2,WINDPOWER,3268,2010,0.026602383
Simplicity2,WINDPOWER,3269,2010,0
Simplicity2,WINDPOWER,3270,2010,0
Simplicity2,WINDPOWER,3271,2010,0
Simplicity2,WINDPOWER,3272,2010,0
Simplicity2,WINDPOWER,3273,2010,0
Simplicity2,WINDPOWER,3274,2010,0
Simplicity2,WINDPOWER,3275,2010,0
Simplicity2,WINDPOWER,3276,2010,0
Simplicity2,WINDPOWER,3277,2010,0
Simplicity2,WINDPOWER,3278,2010,0.016625186
Simplicity2,WINDPOWER,3279,2010,0.061609204
Simplicity2,WINDPOWER,3280,2010,0.256950511
Simplicity2,WINDPOWER,3281,2010,0.469125724
Simplicity2,WINDPOWER,3282,2010,0.645466859
Simplicity2,WINDPOWER,3283,2010,0.770130369
Simplicity2,WINDPOWER,3284,2010,0.84998341
Simplicity2,WINDPOWER,3285,2010,0.86801864
Simplicity2,WINDPOWER,3286,2010,0.765736784
Simplicity2,WINDPOWER,3287,2010,0.694125414
Simplicity2,WINDPOWER,3288,2010,0.638810646
Simplicity2,WINDPOWER,3289,2010,0.466429581
Simplicity2,WINDPOWER,3290,2010,0.306360648
Simplicity2,WINDPOWER,3291,2010,0.11738624
Simplicity2,WINDPOWER,3292,2010,0.02724565
Simplicity2,WINDPOWER,3293,2010,0
Simplicity2,WINDPOWER,3294,2010,0
Simplicity2,WINDPOWER,3295,2010,0
Simplicity2,WINDPOWER,3296,2010,0
Simplicity2,WINDPOWER,3297,2010,0
Simplicity2,WINDPOWER,3298,2010,0
Simplicity2,WINDPOWER,3299,2010,0
Simplicity2,WINDPOWER,3300,2010,0
Simplicity2,WINDPOWER,3301,2010,0
Simplicity2,WINDPOWER,3302,2010,0.019232728
Simplicity2,WINDPOWER,3303,2010,0.070900619
Simplicity2,WINDPOWER,3304,2010,0.232605299
Simplicity2,WINDPOWER,3305,2010,0.455464477
Simplicity2,WINDPOWER,3306,2010,0.605086942
Simplicity2,WINDPOWER,3307,2010,0.656596246
Simplicity2,WINDPOWER,3308,2010,0.801646989
Simplicity2,WINDPOWER,3309,2010,0.822501926
Simplicity2,WINDPOWER,3310,2010,0.854999683
Simplicity2,WINDPOWER,3311,2010,0.673118172
Simplicity2,WINDPOWER,3312,2010,0.603441725
Simplicity2,WINDPOWER,3313,2010,0.471709808
Simplicity2,WINDPOWER,3314,2010,0.3124918
Simplicity2,WINDPOWER,3315,2010,0.130206683
Simplicity2,WINDPOWER,3316,2010,0.034880289
Simplicity2,WINDPOWER,3317,2010,0
Simplicity2,WINDPOWER,3318,2010,0
Simplicity2,WINDPOWER,3319,2010,0
Simplicity2,WINDPOWER,3320,2010,0
Simplicity2,WINDPOWER,3321,2010,0
Simplicity2,WINDPOWER,3322,2010,0
Simplicity2,WINDPOWER,3323,2010,0
Simplicity2,WINDPOWER,3324,2010,0
Simplicity2,WINDPOWER,3325,2010,0
Simplicity2,WINDPOWER,3326,2010,0.02124158
Simplicity2,WINDPOWER,3327,2010,0.070510815
Simplicity2,WINDPOWER,3328,2010,0.274825746
Simplicity2,WINDPOWER,3329,2010,0.488596441
Simplicity2,WINDPOWER,3330,2010,0.669084425
Simplicity2,WINDPOWER,3331,2010,0.749610598
Simplicity2,WINDPOWER,3332,2010,0.794437319
Simplicity2,WINDPOWER,3333,2010,0.807671463
Simplicity2,WINDPOWER,3334,2010,0.803608281
Simplicity2,WINDPOWER,3335,2010,0.572804469
Simplicity2,WINDPOWER,3336,2010,0.385475523
Simplicity2,WINDPOWER,3337,2010,0.215142113
Simplicity2,WINDPOWER,3338,2010,0.180336862
Simplicity2,WINDPOWER,3339,2010,0.099139272
Simplicity2,WINDPOWER,3340,2010,0.042832545
Simplicity2,WINDPOWER,3341,2010,0
Simplicity2,WINDPOWER,3342,2010,0
Simplicity2,WINDPOWER,3343,2010,0
Simplicity2,WINDPOWER,3344,2010,0
Simplicity2,WINDPOWER,3345,2010,0
Simplicity2,WINDPOWER,3346,2010,0
Simplicity2,WINDPOWER,3347,2010,0
Simplicity2,WINDPOWER,3348,2010,0
Simplicity2,WINDPOWER,3349,2010,0
Simplicity2,WINDPOWER,3350,2010,0.016908488
Simplicity2,WINDPOWER,3351,2010,0.049690639
Simplicity2,WINDPOWER,3352,2010,0.106295637
Simplicity2,WINDPOWER,3353,2010,0.147059199
Simplicity2,WINDPOWER,3354,2010,0.234630924
Simplicity2,WINDPOWER,3355,2010,0.231914204
Simplicity2,WINDPOWER,3356,2010,0.493223796
Simplicity2,WINDPOWER,3357,2010,0.365745272
Simplicity2,WINDPOWER,3358,2010,0.332335806
Simplicity2,WINDPOWER,3359,2010,0.421552773
Simplicity2,WINDPOWER,3360,2010,0.329480166
Simplicity2,WINDPOWER,3361,2010,0.258360423
Simplicity2,WINDPOWER,3362,2010,0.215249965
Simplicity2,WINDPOWER,3363,2010,0.125924538
Simplicity2,WINDPOWER,3364,2010,0.047362231
Simplicity2,WINDPOWER,3365,2010,0
Simplicity2,WINDPOWER,3366,2010,0
Simplicity2,WINDPOWER,3367,2010,0
Simplicity2,WINDPOWER,3368,2010,0
Simplicity2,WINDPOWER,3369,2010,0
Simplicity2,WINDPOWER,3370,2010,0
Simplicity2,WINDPOWER,3371,2010,0
Simplicity2,WINDPOWER,3372,2010,0
Simplicity2,WINDPOWER,3373,2010,0
Simplicity2,WINDPOWER,3374,2010,0.02260199
Simplicity2,WINDPOWER,3375,2010,0.085549376
Simplicity2,WINDPOWER,3376,2010,0.253296363
Simplicity2,WINDPOWER,3377,2010,0.438494175
Simplicity2,WINDPOWER,3378,2010,0.508497241
Simplicity2,WINDPOWER,3379,2010,0.504580925
Simplicity2,WINDPOWER,3380,2010,0.53617267
Simplicity2,WINDPOWER,3381,2010,0.602944966
Simplicity2,WINDPOWER,3382,2010,0.662398727
Simplicity2,WINDPOWER,3383,2010,0.540830323
Simplicity2,WINDPOWER,3384,2010,0.410737355
Simplicity2,WINDPOWER,3385,2010,0.298098932
Simplicity2,WINDPOWER,3386,2010,0.213147968
Simplicity2,WINDPOWER,3387,2010,0.113903832
Simplicity2,WINDPOWER,3388,2010,0.038317468
Simplicity2,WINDPOWER,3389,2010,0
Simplicity2,WINDPOWER,3390,2010,0
Simplicity2,WINDPOWER,3391,2010,0
Simplicity2,WINDPOWER,3392,2010,0
Simplicity2,WINDPOWER,3393,2010,0
Simplicity2,WINDPOWER,3394,2010,0
Simplicity2,WINDPOWER,3395,2010,0
Simplicity2,WINDPOWER,3396,2010,0
Simplicity2,WINDPOWER,3397,2010,0
Simplicity2,WINDPOWER,3398,2010,0.01594334
Simplicity2,WINDPOWER,3399,2010,0.062714392
Simplicity2,WINDPOWER,3400,2010,0.140945768
Simplicity2,WINDPOWER,3401,2010,0.197613755
Simplicity2,WINDPOWER,3402,2010,0.306681397
Simplicity2,WINDPOWER,3403,2010,0.530296413
Simplicity2,WINDPOWER,3404,2010,0.732094801
Simplicity2,WINDPOWER,3405,2010,0.699363598
Simplicity2,WINDPOWER,3406,2010,0.635340454
Simplicity2,WINDPOWER,3407,2010,0.676551323
Simplicity2,WINDPOWER,3408,2010,0.662197393
Simplicity2,WINDPOWER,3409,2010,0.538655688
Simplicity2,WINDPOWER,3410,2010,0.31818224
Simplicity2,WINDPOWER,3411,2010,0.126856479
Simplicity2,WINDPOWER,3412,2010,0.031613122
Simplicity2,WINDPOWER,3413,2010,0
Simplicity2,WINDPOWER,3414,2010,0
Simplicity2,WINDPOWER,3415,2010,0
Simplicity2,WINDPOWER,3416,2010,0
Simplicity2,WINDPOWER,3417,2010,0
Simplicity2,WINDPOWER,3418,2010,0
Simplicity2,WINDPOWER,3419,2010,0
Simplicity2,WINDPOWER,3420,2010,0
Simplicity2,WINDPOWER,3421,2010,0
Simplicity2,WINDPOWER,3422,2010,0.02757749
Simplicity2,WINDPOWER,3423,2010,0.079830096
Simplicity2,WINDPOWER,3424,2010,0.082379516
Simplicity2,WINDPOWER,3425,2010,0.09100788
Simplicity2,WINDPOWER,3426,2010,0.104417267
Simplicity2,WINDPOWER,3427,2010,0.224445907
Simplicity2,WINDPOWER,3428,2010,0.167278658
Simplicity2,WINDPOWER,3429,2010,0.285826958
Simplicity2,WINDPOWER,3430,2010,0.33013418
Simplicity2,WINDPOWER,3431,2010,0.344025275
Simplicity2,WINDPOWER,3432,2010,0.205311928
Simplicity2,WINDPOWER,3433,2010,0.166476116
Simplicity2,WINDPOWER,3434,2010,0.069110005
Simplicity2,WINDPOWER,3435,2010,0.024888638
Simplicity2,WINDPOWER,3436,2010,0.007642029
Simplicity2,WINDPOWER,3437,2010,0
Simplicity2,WINDPOWER,3438,2010,0
Simplicity2,WINDPOWER,3439,2010,0
Simplicity2,WINDPOWER,3440,2010,0
Simplicity2,WINDPOWER,3441,2010,0
Simplicity2,WINDPOWER,3442,2010,0
Simplicity2,WINDPOWER,3443,2010,0
Simplicity2,WINDPOWER,3444,2010,0
Simplicity2,WINDPOWER,3445,2010,0
Simplicity2,WINDPOWER,3446,2010,0.012925924
Simplicity2,WINDPOWER,3447,2010,0.047120103
Simplicity2,WINDPOWER,3448,2010,0.084630835
Simplicity2,WINDPOWER,3449,2010,0.147896493
Simplicity2,WINDPOWER,3450,2010,0.193588006
Simplicity2,WINDPOWER,3451,2010,0.264204273
Simplicity2,WINDPOWER,3452,2010,0.62199446
Simplicity2,WINDPOWER,3453,2010,0.633346235
Simplicity2,WINDPOWER,3454,2010,0.592879286
Simplicity2,WINDPOWER,3455,2010,0.337620756
Simplicity2,WINDPOWER,3456,2010,0.388267424
Simplicity2,WINDPOWER,3457,2010,0.24516817
Simplicity2,WINDPOWER,3458,2010,0.18307143
Simplicity2,WINDPOWER,3459,2010,0.095250725
Simplicity2,WINDPOWER,3460,2010,0.036366734
Simplicity2,WINDPOWER,3461,2010,0
Simplicity2,WINDPOWER,3462,2010,0
Simplicity2,WINDPOWER,3463,2010,0
Simplicity2,WINDPOWER,3464,2010,0
Simplicity2,WINDPOWER,3465,2010,0
Simplicity2,WINDPOWER,3466,2010,0
Simplicity2,WINDPOWER,3467,2010,0
Simplicity2,WINDPOWER,3468,2010,0
Simplicity2,WINDPOWER,3469,2010,0
Simplicity2,WINDPOWER,3470,2010,0.011238615
Simplicity2,WINDPOWER,3471,2010,0.028814454
Simplicity2,WINDPOWER,3472,2010,0.048872911
Simplicity2,WINDPOWER,3473,2010,0.072507616
Simplicity2,WINDPOWER,3474,2010,0.138170905
Simplicity2,WINDPOWER,3475,2010,0.156755228
Simplicity2,WINDPOWER,3476,2010,0.335295794
Simplicity2,WINDPOWER,3477,2010,0.301116956
Simplicity2,WINDPOWER,3478,2010,0.375536142
Simplicity2,WINDPOWER,3479,2010,0.360015386
Simplicity2,WINDPOWER,3480,2010,0.443461159
Simplicity2,WINDPOWER,3481,2010,0.396925308
Simplicity2,WINDPOWER,3482,2010,0.27661343
Simplicity2,WINDPOWER,3483,2010,0.113106867
Simplicity2,WINDPOWER,3484,2010,0.042147244
Simplicity2,WINDPOWER,3485,2010,0
Simplicity2,WINDPOWER,3486,2010,0
Simplicity2,WINDPOWER,3487,2010,0
Simplicity2,WINDPOWER,3488,2010,0
Simplicity2,WINDPOWER,3489,2010,0
Simplicity2,WINDPOWER,3490,2010,0
Simplicity2,WINDPOWER,3491,2010,0
Simplicity2,WINDPOWER,3492,2010,0
Simplicity2,WINDPOWER,3493,2010,0
Simplicity2,WINDPOWER,3494,2010,0.024971214
Simplicity2,WINDPOWER,3495,2010,0.077397443
Simplicity2,WINDPOWER,3496,2010,0.2229882
Simplicity2,WINDPOWER,3497,2010,0.366219594
Simplicity2,WINDPOWER,3498,2010,0.531811954
Simplicity2,WINDPOWER,3499,2010,0.645597688
Simplicity2,WINDPOWER,3500,2010,0.637416288
Simplicity2,WINDPOWER,3501,2010,0.712824186
Simplicity2,WINDPOWER,3502,2010,0.677220773
Simplicity2,WINDPOWER,3503,2010,0.638260766
Simplicity2,WINDPOWER,3504,2010,0.566999567
Simplicity2,WINDPOWER,3505,2010,0.439050893
Simplicity2,WINDPOWER,3506,2010,0.255445144
Simplicity2,WINDPOWER,3507,2010,0.120093107
Simplicity2,WINDPOWER,3508,2010,0.048268805
Simplicity2,WINDPOWER,3509,2010,0
Simplicity2,WINDPOWER,3510,2010,0
Simplicity2,WINDPOWER,3511,2010,0
Simplicity2,WINDPOWER,3512,2010,0
Simplicity2,WINDPOWER,3513,2010,0
Simplicity2,WINDPOWER,3514,2010,0
Simplicity2,WINDPOWER,3515,2010,0
Simplicity2,WINDPOWER,3516,2010,0
Simplicity2,WINDPOWER,3517,2010,0
Simplicity2,WINDPOWER,3518,2010,0.031047466
Simplicity2,WINDPOWER,3519,2010,0.070577111
Simplicity2,WINDPOWER,3520,2010,0.265686642
Simplicity2,WINDPOWER,3521,2010,0.458352834
Simplicity2,WINDPOWER,3522,2010,0.549987233
Simplicity2,WINDPOWER,3523,2010,0.657094091
Simplicity2,WINDPOWER,3524,2010,0.760178082
Simplicity2,WINDPOWER,3525,2010,0.663816569
Simplicity2,WINDPOWER,3526,2010,0.471510552
Simplicity2,WINDPOWER,3527,2010,0.512870976
Simplicity2,WINDPOWER,3528,2010,0.397664882
Simplicity2,WINDPOWER,3529,2010,0.270361743
Simplicity2,WINDPOWER,3530,2010,0.244740234
Simplicity2,WINDPOWER,3531,2010,0.118292155
Simplicity2,WINDPOWER,3532,2010,0.03984833
Simplicity2,WINDPOWER,3533,2010,0
Simplicity2,WINDPOWER,3534,2010,0
Simplicity2,WINDPOWER,3535,2010,0
Simplicity2,WINDPOWER,3536,2010,0
Simplicity2,WINDPOWER,3537,2010,0
Simplicity2,WINDPOWER,3538,2010,0
Simplicity2,WINDPOWER,3539,2010,0
Simplicity2,WINDPOWER,3540,2010,0
Simplicity2,WINDPOWER,3541,2010,0
Simplicity2,WINDPOWER,3542,2010,0.027203342
Simplicity2,WINDPOWER,3543,2010,0.079167495
Simplicity2,WINDPOWER,3544,2010,0.23502734
Simplicity2,WINDPOWER,3545,2010,0.367866374
Simplicity2,WINDPOWER,3546,2010,0.553345183
Simplicity2,WINDPOWER,3547,2010,0.547644221
Simplicity2,WINDPOWER,3548,2010,0.779020933
Simplicity2,WINDPOWER,3549,2010,0.778150715
Simplicity2,WINDPOWER,3550,2010,0.73159747
Simplicity2,WINDPOWER,3551,2010,0.66331521
Simplicity2,WINDPOWER,3552,2010,0.546567225
Simplicity2,WINDPOWER,3553,2010,0.491548589
Simplicity2,WINDPOWER,3554,2010,0.314877883
Simplicity2,WINDPOWER,3555,2010,0.13673347
Simplicity2,WINDPOWER,3556,2010,0.049453546
Simplicity2,WINDPOWER,3557,2010,0
Simplicity2,WINDPOWER,3558,2010,0
Simplicity2,WINDPOWER,3559,2010,0
Simplicity2,WINDPOWER,3560,2010,0
Simplicity2,WINDPOWER,3561,2010,0
Simplicity2,WINDPOWER,3562,2010,0
Simplicity2,WINDPOWER,3563,2010,0
Simplicity2,WINDPOWER,3564,2010,0
Simplicity2,WINDPOWER,3565,2010,0
Simplicity2,WINDPOWER,3566,2010,0.028391303
Simplicity2,WINDPOWER,3567,2010,0.077918265
Simplicity2,WINDPOWER,3568,2010,0.27071133
Simplicity2,WINDPOWER,3569,2010,0.479065621
Simplicity2,WINDPOWER,3570,2010,0.657840719
Simplicity2,WINDPOWER,3571,2010,0.746178939
Simplicity2,WINDPOWER,3572,2010,0.691970471
Simplicity2,WINDPOWER,3573,2010,0.721894341
Simplicity2,WINDPOWER,3574,2010,0.629074135
Simplicity2,WINDPOWER,3575,2010,0.743986611
Simplicity2,WINDPOWER,3576,2010,0.58164982
Simplicity2,WINDPOWER,3577,2010,0.372543854
Simplicity2,WINDPOWER,3578,2010,0.286563734
Simplicity2,WINDPOWER,3579,2010,0.142797231
Simplicity2,WINDPOWER,3580,2010,0.034646682
Simplicity2,WINDPOWER,3581,2010,0
Simplicity2,WINDPOWER,3582,2010,0
Simplicity2,WINDPOWER,3583,2010,0
Simplicity2,WINDPOWER,3584,2010,0
Simplicity2,WINDPOWER,3585,2010,0
Simplicity2,WINDPOWER,3586,2010,0
Simplicity2,WINDPOWER,3587,2010,0
Simplicity2,WINDPOWER,3588,2010,0
Simplicity2,WINDPOWER,3589,2010,0
Simplicity2,WINDPOWER,3590,2010,0.025561518
Simplicity2,WINDPOWER,3591,2010,0.068183931
Simplicity2,WINDPOWER,3592,2010,0.268895411
Simplicity2,WINDPOWER,3593,2010,0.47810482
Simplicity2,WINDPOWER,3594,2010,0.651835151
Simplicity2,WINDPOWER,3595,2010,0.774029335
Simplicity2,WINDPOWER,3596,2010,0.854598164
Simplicity2,WINDPOWER,3597,2010,0.87380445
Simplicity2,WINDPOWER,3598,2010,0.855286871
Simplicity2,WINDPOWER,3599,2010,0.797634119
Simplicity2,WINDPOWER,3600,2010,0.694491256
Simplicity2,WINDPOWER,3601,2010,0.52734675
Simplicity2,WINDPOWER,3602,2010,0.303025009
Simplicity2,WINDPOWER,3603,2010,0.147608598
Simplicity2,WINDPOWER,3604,2010,0.056598994
Simplicity2,WINDPOWER,3605,2010,0
Simplicity2,WINDPOWER,3606,2010,0
Simplicity2,WINDPOWER,3607,2010,0
Simplicity2,WINDPOWER,3608,2010,0
Simplicity2,WINDPOWER,3609,2010,0
Simplicity2,WINDPOWER,3610,2010,0
Simplicity2,WINDPOWER,3611,2010,0
Simplicity2,WINDPOWER,3612,2010,0
Simplicity2,WINDPOWER,3613,2010,0
Simplicity2,WINDPOWER,3614,2010,0.027940194
Simplicity2,WINDPOWER,3615,2010,0.083613389
Simplicity2,WINDPOWER,3616,2010,0.260092766
Simplicity2,WINDPOWER,3617,2010,0.450038009
Simplicity2,WINDPOWER,3618,2010,0.60458335
Simplicity2,WINDPOWER,3619,2010,0.754186229
Simplicity2,WINDPOWER,3620,2010,0.829573327
Simplicity2,WINDPOWER,3621,2010,0.860001202
Simplicity2,WINDPOWER,3622,2010,0.817099543
Simplicity2,WINDPOWER,3623,2010,0.68744516
Simplicity2,WINDPOWER,3624,2010,0.606589527
Simplicity2,WINDPOWER,3625,2010,0.519362458
Simplicity2,WINDPOWER,3626,2010,0.323233034
Simplicity2,WINDPOWER,3627,2010,0.137584358
Simplicity2,WINDPOWER,3628,2010,0.033667441
Simplicity2,WINDPOWER,3629,2010,0
Simplicity2,WINDPOWER,3630,2010,0
Simplicity2,WINDPOWER,3631,2010,0
Simplicity2,WINDPOWER,3632,2010,0
Simplicity2,WINDPOWER,3633,2010,0
Simplicity2,WINDPOWER,3634,2010,0
Simplicity2,WINDPOWER,3635,2010,0
Simplicity2,WINDPOWER,3636,2010,0
Simplicity2,WINDPOWER,3637,2010,0
Simplicity2,WINDPOWER,3638,2010,0.035275478
Simplicity2,WINDPOWER,3639,2010,0.084031502
Simplicity2,WINDPOWER,3640,2010,0.249328454
Simplicity2,WINDPOWER,3641,2010,0.434868614
Simplicity2,WINDPOWER,3642,2010,0.621824687
Simplicity2,WINDPOWER,3643,2010,0.731071715
Simplicity2,WINDPOWER,3644,2010,0.803907973
Simplicity2,WINDPOWER,3645,2010,0.825799963
Simplicity2,WINDPOWER,3646,2010,0.817287524
Simplicity2,WINDPOWER,3647,2010,0.655435005
Simplicity2,WINDPOWER,3648,2010,0.497522482
Simplicity2,WINDPOWER,3649,2010,0.336435322
Simplicity2,WINDPOWER,3650,2010,0.271756563
Simplicity2,WINDPOWER,3651,2010,0.124487307
Simplicity2,WINDPOWER,3652,2010,0.032081915
Simplicity2,WINDPOWER,3653,2010,0
Simplicity2,WINDPOWER,3654,2010,0
Simplicity2,WINDPOWER,3655,2010,0
Simplicity2,WINDPOWER,3656,2010,0
Simplicity2,WINDPOWER,3657,2010,0
Simplicity2,WINDPOWER,3658,2010,0
Simplicity2,WINDPOWER,3659,2010,0
Simplicity2,WINDPOWER,3660,2010,0
Simplicity2,WINDPOWER,3661,2010,0
Simplicity2,WINDPOWER,3662,2010,0.024247197
Simplicity2,WINDPOWER,3663,2010,0.065292694
Simplicity2,WINDPOWER,3664,2010,0.26038978
Simplicity2,WINDPOWER,3665,2010,0.463735985
Simplicity2,WINDPOWER,3666,2010,0.630456597
Simplicity2,WINDPOWER,3667,2010,0.753273162
Simplicity2,WINDPOWER,3668,2010,0.823798615
Simplicity2,WINDPOWER,3669,2010,0.838972508
Simplicity2,WINDPOWER,3670,2010,0.822306188
Simplicity2,WINDPOWER,3671,2010,0.749673281
Simplicity2,WINDPOWER,3672,2010,0.6558858
Simplicity2,WINDPOWER,3673,2010,0.508190819
Simplicity2,WINDPOWER,3674,2010,0.317391252
Simplicity2,WINDPOWER,3675,2010,0.131610898
Simplicity2,WINDPOWER,3676,2010,0.029319008
Simplicity2,WINDPOWER,3677,2010,0.004338678
Simplicity2,WINDPOWER,3678,2010,0
Simplicity2,WINDPOWER,3679,2010,0
Simplicity2,WINDPOWER,3680,2010,0
Simplicity2,WINDPOWER,3681,2010,0
Simplicity2,WINDPOWER,3682,2010,0
Simplicity2,WINDPOWER,3683,2010,0
Simplicity2,WINDPOWER,3684,2010,0
Simplicity2,WINDPOWER,3685,2010,0
Simplicity2,WINDPOWER,3686,2010,0.022216158
Simplicity2,WINDPOWER,3687,2010,0.060761035
Simplicity2,WINDPOWER,3688,2010,0.252663841
Simplicity2,WINDPOWER,3689,2010,0.452406554
Simplicity2,WINDPOWER,3690,2010,0.615725393
Simplicity2,WINDPOWER,3691,2010,0.735132035
Simplicity2,WINDPOWER,3692,2010,0.803475715
Simplicity2,WINDPOWER,3693,2010,0.799762197
Simplicity2,WINDPOWER,3694,2010,0.715811707
Simplicity2,WINDPOWER,3695,2010,0.748910132
Simplicity2,WINDPOWER,3696,2010,0.653513041
Simplicity2,WINDPOWER,3697,2010,0.46263618
Simplicity2,WINDPOWER,3698,2010,0.278090692
Simplicity2,WINDPOWER,3699,2010,0.130659462
Simplicity2,WINDPOWER,3700,2010,0.027307337
Simplicity2,WINDPOWER,3701,2010,0.004046813
Simplicity2,WINDPOWER,3702,2010,0
Simplicity2,WINDPOWER,3703,2010,0
Simplicity2,WINDPOWER,3704,2010,0
Simplicity2,WINDPOWER,3705,2010,0
Simplicity2,WINDPOWER,3706,2010,0
Simplicity2,WINDPOWER,3707,2010,0
Simplicity2,WINDPOWER,3708,2010,0
Simplicity2,WINDPOWER,3709,2010,0
Simplicity2,WINDPOWER,3710,2010,0.022007619
Simplicity2,WINDPOWER,3711,2010,0.060718178
Simplicity2,WINDPOWER,3712,2010,0.235284324
Simplicity2,WINDPOWER,3713,2010,0.419244745
Simplicity2,WINDPOWER,3714,2010,0.575418441
Simplicity2,WINDPOWER,3715,2010,0.650444653
Simplicity2,WINDPOWER,3716,2010,0.760623323
Simplicity2,WINDPOWER,3717,2010,0.695097442
Simplicity2,WINDPOWER,3718,2010,0.735380621
Simplicity2,WINDPOWER,3719,2010,0.622457082
Simplicity2,WINDPOWER,3720,2010,0.594038332
Simplicity2,WINDPOWER,3721,2010,0.420187802
Simplicity2,WINDPOWER,3722,2010,0.270477115
Simplicity2,WINDPOWER,3723,2010,0.126681286
Simplicity2,WINDPOWER,3724,2010,0.035121395
Simplicity2,WINDPOWER,3725,2010,0.005318949
Simplicity2,WINDPOWER,3726,2010,0
Simplicity2,WINDPOWER,3727,2010,0
Simplicity2,WINDPOWER,3728,2010,0
Simplicity2,WINDPOWER,3729,2010,0
Simplicity2,WINDPOWER,3730,2010,0
Simplicity2,WINDPOWER,3731,2010,0
Simplicity2,WINDPOWER,3732,2010,0
Simplicity2,WINDPOWER,3733,2010,0
Simplicity2,WINDPOWER,3734,2010,0.032623411
Simplicity2,WINDPOWER,3735,2010,0.072359631
Simplicity2,WINDPOWER,3736,2010,0.2505657
Simplicity2,WINDPOWER,3737,2010,0.448083367
Simplicity2,WINDPOWER,3738,2010,0.564763962
Simplicity2,WINDPOWER,3739,2010,0.657429448
Simplicity2,WINDPOWER,3740,2010,0.694439926
Simplicity2,WINDPOWER,3741,2010,0.739409542
Simplicity2,WINDPOWER,3742,2010,0.718036701
Simplicity2,WINDPOWER,3743,2010,0.512712646
Simplicity2,WINDPOWER,3744,2010,0.542725068
Simplicity2,WINDPOWER,3745,2010,0.423496341
Simplicity2,WINDPOWER,3746,2010,0.204476484
Simplicity2,WINDPOWER,3747,2010,0.100394404
Simplicity2,WINDPOWER,3748,2010,0.050404268
Simplicity2,WINDPOWER,3749,2010,0.008413437
Simplicity2,WINDPOWER,3750,2010,0
Simplicity2,WINDPOWER,3751,2010,0
Simplicity2,WINDPOWER,3752,2010,0
Simplicity2,WINDPOWER,3753,2010,0
Simplicity2,WINDPOWER,3754,2010,0
Simplicity2,WINDPOWER,3755,2010,0
Simplicity2,WINDPOWER,3756,2010,0
Simplicity2,WINDPOWER,3757,2010,0
Simplicity2,WINDPOWER,3758,2010,0.030722713
Simplicity2,WINDPOWER,3759,2010,0.077160483
Simplicity2,WINDPOWER,3760,2010,0.214639497
Simplicity2,WINDPOWER,3761,2010,0.372478481
Simplicity2,WINDPOWER,3762,2010,0.524369503
Simplicity2,WINDPOWER,3763,2010,0.646530895
Simplicity2,WINDPOWER,3764,2010,0.70887381
Simplicity2,WINDPOWER,3765,2010,0.648773052
Simplicity2,WINDPOWER,3766,2010,0.493409625
Simplicity2,WINDPOWER,3767,2010,0.482113194
Simplicity2,WINDPOWER,3768,2010,0.421722507
Simplicity2,WINDPOWER,3769,2010,0.327618088
Simplicity2,WINDPOWER,3770,2010,0.205602669
Simplicity2,WINDPOWER,3771,2010,0.110603701
Simplicity2,WINDPOWER,3772,2010,0.0533607
Simplicity2,WINDPOWER,3773,2010,0.009889053
Simplicity2,WINDPOWER,3774,2010,0
Simplicity2,WINDPOWER,3775,2010,0
Simplicity2,WINDPOWER,3776,2010,0
Simplicity2,WINDPOWER,3777,2010,0
Simplicity2,WINDPOWER,3778,2010,0
Simplicity2,WINDPOWER,3779,2010,0
Simplicity2,WINDPOWER,3780,2010,0
Simplicity2,WINDPOWER,3781,2010,0
Simplicity2,WINDPOWER,3782,2010,0.031458171
Simplicity2,WINDPOWER,3783,2010,0.081907343
Simplicity2,WINDPOWER,3784,2010,0.247555547
Simplicity2,WINDPOWER,3785,2010,0.418540636
Simplicity2,WINDPOWER,3786,2010,0.565895123
Simplicity2,WINDPOWER,3787,2010,0.701974585
Simplicity2,WINDPOWER,3788,2010,0.785761922
Simplicity2,WINDPOWER,3789,2010,0.802043192
Simplicity2,WINDPOWER,3790,2010,0.732191998
Simplicity2,WINDPOWER,3791,2010,0.725613089
Simplicity2,WINDPOWER,3792,2010,0.669499674
Simplicity2,WINDPOWER,3793,2010,0.450267861
Simplicity2,WINDPOWER,3794,2010,0.283815741
Simplicity2,WINDPOWER,3795,2010,0.128630959
Simplicity2,WINDPOWER,3796,2010,0.051107238
Simplicity2,WINDPOWER,3797,2010,0.008267947
Simplicity2,WINDPOWER,3798,2010,0
Simplicity2,WINDPOWER,3799,2010,0
Simplicity2,WINDPOWER,3800,2010,0
Simplicity2,WINDPOWER,3801,2010,0
Simplicity2,WINDPOWER,3802,2010,0
Simplicity2,WINDPOWER,3803,2010,0
Simplicity2,WINDPOWER,3804,2010,0
Simplicity2,WINDPOWER,3805,2010,0
Simplicity2,WINDPOWER,3806,2010,0.030739672
Simplicity2,WINDPOWER,3807,2010,0.081281516
Simplicity2,WINDPOWER,3808,2010,0.233991565
Simplicity2,WINDPOWER,3809,2010,0.391120174
Simplicity2,WINDPOWER,3810,2010,0.551686232
Simplicity2,WINDPOWER,3811,2010,0.613040416
Simplicity2,WINDPOWER,3812,2010,0.693653535
Simplicity2,WINDPOWER,3813,2010,0.646607295
Simplicity2,WINDPOWER,3814,2010,0.505288986
Simplicity2,WINDPOWER,3815,2010,0.41504496
Simplicity2,WINDPOWER,3816,2010,0.376177122
Simplicity2,WINDPOWER,3817,2010,0.263898562
Simplicity2,WINDPOWER,3818,2010,0.245077768
Simplicity2,WINDPOWER,3819,2010,0.093296167
Simplicity2,WINDPOWER,3820,2010,0.035725334
Simplicity2,WINDPOWER,3821,2010,0.005924076
Simplicity2,WINDPOWER,3822,2010,0
Simplicity2,WINDPOWER,3823,2010,0
Simplicity2,WINDPOWER,3824,2010,0
Simplicity2,WINDPOWER,3825,2010,0
Simplicity2,WINDPOWER,3826,2010,0
Simplicity2,WINDPOWER,3827,2010,0
Simplicity2,WINDPOWER,3828,2010,0
Simplicity2,WINDPOWER,3829,2010,0
Simplicity2,WINDPOWER,3830,2010,0.031782019
Simplicity2,WINDPOWER,3831,2010,0.057311793
Simplicity2,WINDPOWER,3832,2010,0.121298408
Simplicity2,WINDPOWER,3833,2010,0.12600058
Simplicity2,WINDPOWER,3834,2010,0.232021537
Simplicity2,WINDPOWER,3835,2010,0.329305796
Simplicity2,WINDPOWER,3836,2010,0.306844997
Simplicity2,WINDPOWER,3837,2010,0.322444869
Simplicity2,WINDPOWER,3838,2010,0.235859079
Simplicity2,WINDPOWER,3839,2010,0.250757563
Simplicity2,WINDPOWER,3840,2010,0.297818962
Simplicity2,WINDPOWER,3841,2010,0.288541257
Simplicity2,WINDPOWER,3842,2010,0.258737502
Simplicity2,WINDPOWER,3843,2010,0.132449953
Simplicity2,WINDPOWER,3844,2010,0.049800158
Simplicity2,WINDPOWER,3845,2010,0.009373672
Simplicity2,WINDPOWER,3846,2010,0
Simplicity2,WINDPOWER,3847,2010,0
Simplicity2,WINDPOWER,3848,2010,0
Simplicity2,WINDPOWER,3849,2010,0
Simplicity2,WINDPOWER,3850,2010,0
Simplicity2,WINDPOWER,3851,2010,0
Simplicity2,WINDPOWER,3852,2010,0
Simplicity2,WINDPOWER,3853,2010,0
Simplicity2,WINDPOWER,3854,2010,0.0234843
Simplicity2,WINDPOWER,3855,2010,0.060190235
Simplicity2,WINDPOWER,3856,2010,0.136834888
Simplicity2,WINDPOWER,3857,2010,0.237477526
Simplicity2,WINDPOWER,3858,2010,0.290686734
Simplicity2,WINDPOWER,3859,2010,0.379178202
Simplicity2,WINDPOWER,3860,2010,0.472877142
Simplicity2,WINDPOWER,3861,2010,0.551999325
Simplicity2,WINDPOWER,3862,2010,0.503098509
Simplicity2,WINDPOWER,3863,2010,0.472327821
Simplicity2,WINDPOWER,3864,2010,0.440494537
Simplicity2,WINDPOWER,3865,2010,0.328951737
Simplicity2,WINDPOWER,3866,2010,0.252998857
Simplicity2,WINDPOWER,3867,2010,0.150701885
Simplicity2,WINDPOWER,3868,2010,0.044987055
Simplicity2,WINDPOWER,3869,2010,0.0094372
Simplicity2,WINDPOWER,3870,2010,0
Simplicity2,WINDPOWER,3871,2010,0
Simplicity2,WINDPOWER,3872,2010,0
Simplicity2,WINDPOWER,3873,2010,0
Simplicity2,WINDPOWER,3874,2010,0
Simplicity2,WINDPOWER,3875,2010,0
Simplicity2,WINDPOWER,3876,2010,0
Simplicity2,WINDPOWER,3877,2010,0
Simplicity2,WINDPOWER,3878,2010,0.03092959
Simplicity2,WINDPOWER,3879,2010,0.090663267
Simplicity2,WINDPOWER,3880,2010,0.225425734
Simplicity2,WINDPOWER,3881,2010,0.382859859
Simplicity2,WINDPOWER,3882,2010,0.525044246
Simplicity2,WINDPOWER,3883,2010,0.607844628
Simplicity2,WINDPOWER,3884,2010,0.49139304
Simplicity2,WINDPOWER,3885,2010,0.548779266
Simplicity2,WINDPOWER,3886,2010,0.581022498
Simplicity2,WINDPOWER,3887,2010,0.597571211
Simplicity2,WINDPOWER,3888,2010,0.54099178
Simplicity2,WINDPOWER,3889,2010,0.384597364
Simplicity2,WINDPOWER,3890,2010,0.214949546
Simplicity2,WINDPOWER,3891,2010,0.133785368
Simplicity2,WINDPOWER,3892,2010,0.052006077
Simplicity2,WINDPOWER,3893,2010,0.009612805
Simplicity2,WINDPOWER,3894,2010,0
Simplicity2,WINDPOWER,3895,2010,0
Simplicity2,WINDPOWER,3896,2010,0
Simplicity2,WINDPOWER,3897,2010,0
Simplicity2,WINDPOWER,3898,2010,0
Simplicity2,WINDPOWER,3899,2010,0
Simplicity2,WINDPOWER,3900,2010,0
Simplicity2,WINDPOWER,3901,2010,0
Simplicity2,WINDPOWER,3902,2010,0.026977862
Simplicity2,WINDPOWER,3903,2010,0.074576546
Simplicity2,WINDPOWER,3904,2010,0.164214387
Simplicity2,WINDPOWER,3905,2010,0.36599578
Simplicity2,WINDPOWER,3906,2010,0.49167728
Simplicity2,WINDPOWER,3907,2010,0.616415897
Simplicity2,WINDPOWER,3908,2010,0.718390486
Simplicity2,WINDPOWER,3909,2010,0.753047606
Simplicity2,WINDPOWER,3910,2010,0.794695445
Simplicity2,WINDPOWER,3911,2010,0.753351105
Simplicity2,WINDPOWER,3912,2010,0.658486971
Simplicity2,WINDPOWER,3913,2010,0.503030736
Simplicity2,WINDPOWER,3914,2010,0.27322652
Simplicity2,WINDPOWER,3915,2010,0.115298272
Simplicity2,WINDPOWER,3916,2010,0.042720588
Simplicity2,WINDPOWER,3917,2010,0.008309864
Simplicity2,WINDPOWER,3918,2010,0
Simplicity2,WINDPOWER,3919,2010,0
Simplicity2,WINDPOWER,3920,2010,0
Simplicity2,WINDPOWER,3921,2010,0
Simplicity2,WINDPOWER,3922,2010,0
Simplicity2,WINDPOWER,3923,2010,0
Simplicity2,WINDPOWER,3924,2010,0
Simplicity2,WINDPOWER,3925,2010,0
Simplicity2,WINDPOWER,3926,2010,0.034583991
Simplicity2,WINDPOWER,3927,2010,0.090264157
Simplicity2,WINDPOWER,3928,2010,0.176144305
Simplicity2,WINDPOWER,3929,2010,0.299303903
Simplicity2,WINDPOWER,3930,2010,0.461174879
Simplicity2,WINDPOWER,3931,2010,0.685391782
Simplicity2,WINDPOWER,3932,2010,0.798108904
Simplicity2,WINDPOWER,3933,2010,0.834952119
Simplicity2,WINDPOWER,3934,2010,0.738118421
Simplicity2,WINDPOWER,3935,2010,0.657011877
Simplicity2,WINDPOWER,3936,2010,0.578303817
Simplicity2,WINDPOWER,3937,2010,0.475058888
Simplicity2,WINDPOWER,3938,2010,0.302574606
Simplicity2,WINDPOWER,3939,2010,0.126776093
Simplicity2,WINDPOWER,3940,2010,0.032723307
Simplicity2,WINDPOWER,3941,2010,0.005009267
Simplicity2,WINDPOWER,3942,2010,0
Simplicity2,WINDPOWER,3943,2010,0
Simplicity2,WINDPOWER,3944,2010,0
Simplicity2,WINDPOWER,3945,2010,0
Simplicity2,WINDPOWER,3946,2010,0
Simplicity2,WINDPOWER,3947,2010,0
Simplicity2,WINDPOWER,3948,2010,0
Simplicity2,WINDPOWER,3949,2010,0
Simplicity2,WINDPOWER,3950,2010,0.023735123
Simplicity2,WINDPOWER,3951,2010,0.058218151
Simplicity2,WINDPOWER,3952,2010,0.244451292
Simplicity2,WINDPOWER,3953,2010,0.435504828
Simplicity2,WINDPOWER,3954,2010,0.605798398
Simplicity2,WINDPOWER,3955,2010,0.728423612
Simplicity2,WINDPOWER,3956,2010,0.773173587
Simplicity2,WINDPOWER,3957,2010,0.757823037
Simplicity2,WINDPOWER,3958,2010,0.766739098
Simplicity2,WINDPOWER,3959,2010,0.718750169
Simplicity2,WINDPOWER,3960,2010,0.616366723
Simplicity2,WINDPOWER,3961,2010,0.494096317
Simplicity2,WINDPOWER,3962,2010,0.297797445
Simplicity2,WINDPOWER,3963,2010,0.138205578
Simplicity2,WINDPOWER,3964,2010,0.029843935
Simplicity2,WINDPOWER,3965,2010,0.005347831
Simplicity2,WINDPOWER,3966,2010,0
Simplicity2,WINDPOWER,3967,2010,0
Simplicity2,WINDPOWER,3968,2010,0
Simplicity2,WINDPOWER,3969,2010,0
Simplicity2,WINDPOWER,3970,2010,0
Simplicity2,WINDPOWER,3971,2010,0
Simplicity2,WINDPOWER,3972,2010,0
Simplicity2,WINDPOWER,3973,2010,0
Simplicity2,WINDPOWER,3974,2010,0.021712074
Simplicity2,WINDPOWER,3975,2010,0.042071157
Simplicity2,WINDPOWER,3976,2010,0.081645665
Simplicity2,WINDPOWER,3977,2010,0.109373765
Simplicity2,WINDPOWER,3978,2010,0.380085313
Simplicity2,WINDPOWER,3979,2010,0.486766771
Simplicity2,WINDPOWER,3980,2010,0.720315735
Simplicity2,WINDPOWER,3981,2010,0.758464802
Simplicity2,WINDPOWER,3982,2010,0.750842883
Simplicity2,WINDPOWER,3983,2010,0.617143414
Simplicity2,WINDPOWER,3984,2010,0.590086346
Simplicity2,WINDPOWER,3985,2010,0.421181622
Simplicity2,WINDPOWER,3986,2010,0.26916077
Simplicity2,WINDPOWER,3987,2010,0.136302569
Simplicity2,WINDPOWER,3988,2010,0.045012726
Simplicity2,WINDPOWER,3989,2010,0.007707307
Simplicity2,WINDPOWER,3990,2010,0
Simplicity2,WINDPOWER,3991,2010,0
Simplicity2,WINDPOWER,3992,2010,0
Simplicity2,WINDPOWER,3993,2010,0
Simplicity2,WINDPOWER,3994,2010,0
Simplicity2,WINDPOWER,3995,2010,0
Simplicity2,WINDPOWER,3996,2010,0
Simplicity2,WINDPOWER,3997,2010,0
Simplicity2,WINDPOWER,3998,2010,0.027651751
Simplicity2,WINDPOWER,3999,2010,0.070582846
Simplicity2,WINDPOWER,4000,2010,0.238795626
Simplicity2,WINDPOWER,4001,2010,0.411985651
Simplicity2,WINDPOWER,4002,2010,0.54728614
Simplicity2,WINDPOWER,4003,2010,0.698696178
Simplicity2,WINDPOWER,4004,2010,0.771876734
Simplicity2,WINDPOWER,4005,2010,0.775170284
Simplicity2,WINDPOWER,4006,2010,0.756088747
Simplicity2,WINDPOWER,4007,2010,0.669996144
Simplicity2,WINDPOWER,4008,2010,0.6256029
Simplicity2,WINDPOWER,4009,2010,0.487338932
Simplicity2,WINDPOWER,4010,2010,0.302553124
Simplicity2,WINDPOWER,4011,2010,0.145854981
Simplicity2,WINDPOWER,4012,2010,0.038221251
Simplicity2,WINDPOWER,4013,2010,0.00867351
Simplicity2,WINDPOWER,4014,2010,0
Simplicity2,WINDPOWER,4015,2010,0
Simplicity2,WINDPOWER,4016,2010,0
Simplicity2,WINDPOWER,4017,2010,0
Simplicity2,WINDPOWER,4018,2010,0
Simplicity2,WINDPOWER,4019,2010,0
Simplicity2,WINDPOWER,4020,2010,0
Simplicity2,WINDPOWER,4021,2010,0
Simplicity2,WINDPOWER,4022,2010,0.025532322
Simplicity2,WINDPOWER,4023,2010,0.059170637
Simplicity2,WINDPOWER,4024,2010,0.255430658
Simplicity2,WINDPOWER,4025,2010,0.459852395
Simplicity2,WINDPOWER,4026,2010,0.626296658
Simplicity2,WINDPOWER,4027,2010,0.749927284
Simplicity2,WINDPOWER,4028,2010,0.815558756
Simplicity2,WINDPOWER,4029,2010,0.85550188
Simplicity2,WINDPOWER,4030,2010,0.843760016
Simplicity2,WINDPOWER,4031,2010,0.760613453
Simplicity2,WINDPOWER,4032,2010,0.648371025
Simplicity2,WINDPOWER,4033,2010,0.464859548
Simplicity2,WINDPOWER,4034,2010,0.33195981
Simplicity2,WINDPOWER,4035,2010,0.150878195
Simplicity2,WINDPOWER,4036,2010,0.03275904
Simplicity2,WINDPOWER,4037,2010,0.007691997
Simplicity2,WINDPOWER,4038,2010,0
Simplicity2,WINDPOWER,4039,2010,0
Simplicity2,WINDPOWER,4040,2010,0
Simplicity2,WINDPOWER,4041,2010,0
Simplicity2,WINDPOWER,4042,2010,0
Simplicity2,WINDPOWER,4043,2010,0
Simplicity2,WINDPOWER,4044,2010,0
Simplicity2,WINDPOWER,4045,2010,0
Simplicity2,WINDPOWER,4046,2010,0.025266998
Simplicity2,WINDPOWER,4047,2010,0.057205908
Simplicity2,WINDPOWER,4048,2010,0.249542678
Simplicity2,WINDPOWER,4049,2010,0.453678582
Simplicity2,WINDPOWER,4050,2010,0.613349285
Simplicity2,WINDPOWER,4051,2010,0.738453967
Simplicity2,WINDPOWER,4052,2010,0.800463346
Simplicity2,WINDPOWER,4053,2010,0.765841006
Simplicity2,WINDPOWER,4054,2010,0.680267433
Simplicity2,WINDPOWER,4055,2010,0.590658737
Simplicity2,WINDPOWER,4056,2010,0.449478846
Simplicity2,WINDPOWER,4057,2010,0.419676528
Simplicity2,WINDPOWER,4058,2010,0.296104338
Simplicity2,WINDPOWER,4059,2010,0.149220653
Simplicity2,WINDPOWER,4060,2010,0.035309206
Simplicity2,WINDPOWER,4061,2010,0.010738624
Simplicity2,WINDPOWER,4062,2010,0
Simplicity2,WINDPOWER,4063,2010,0
Simplicity2,WINDPOWER,4064,2010,0
Simplicity2,WINDPOWER,4065,2010,0
Simplicity2,WINDPOWER,4066,2010,0
Simplicity2,WINDPOWER,4067,2010,0
Simplicity2,WINDPOWER,4068,2010,0
Simplicity2,WINDPOWER,4069,2010,0
Simplicity2,WINDPOWER,4070,2010,0.039448536
Simplicity2,WINDPOWER,4071,2010,0.097603743
Simplicity2,WINDPOWER,4072,2010,0.207367317
Simplicity2,WINDPOWER,4073,2010,0.311175842
Simplicity2,WINDPOWER,4074,2010,0.286343408
Simplicity2,WINDPOWER,4075,2010,0.280187701
Simplicity2,WINDPOWER,4076,2010,0.431816101
Simplicity2,WINDPOWER,4077,2010,0.275220805
Simplicity2,WINDPOWER,4078,2010,0.191365022
Simplicity2,WINDPOWER,4079,2010,0.394642372
Simplicity2,WINDPOWER,4080,2010,0.401705691
Simplicity2,WINDPOWER,4081,2010,0.293649998
Simplicity2,WINDPOWER,4082,2010,0.164070553
Simplicity2,WINDPOWER,4083,2010,0.089978679
Simplicity2,WINDPOWER,4084,2010,0.035899557
Simplicity2,WINDPOWER,4085,2010,0.006689907
Simplicity2,WINDPOWER,4086,2010,0
Simplicity2,WINDPOWER,4087,2010,0
Simplicity2,WINDPOWER,4088,2010,0
Simplicity2,WINDPOWER,4089,2010,0
Simplicity2,WINDPOWER,4090,2010,0
Simplicity2,WINDPOWER,4091,2010,0
Simplicity2,WINDPOWER,4092,2010,0
Simplicity2,WINDPOWER,4093,2010,0
Simplicity2,WINDPOWER,4094,2010,0.024138105
Simplicity2,WINDPOWER,4095,2010,0.072449788
Simplicity2,WINDPOWER,4096,2010,0.198644944
Simplicity2,WINDPOWER,4097,2010,0.369947608
Simplicity2,WINDPOWER,4098,2010,0.491420482
Simplicity2,WINDPOWER,4099,2010,0.551653147
Simplicity2,WINDPOWER,4100,2010,0.497201745
Simplicity2,WINDPOWER,4101,2010,0.444414776
Simplicity2,WINDPOWER,4102,2010,0.580675031
Simplicity2,WINDPOWER,4103,2010,0.408269611
Simplicity2,WINDPOWER,4104,2010,0.331889057
Simplicity2,WINDPOWER,4105,2010,0.319013191
Simplicity2,WINDPOWER,4106,2010,0.244938662
Simplicity2,WINDPOWER,4107,2010,0.134233075
Simplicity2,WINDPOWER,4108,2010,0.040524697
Simplicity2,WINDPOWER,4109,2010,0.00904546
Simplicity2,WINDPOWER,4110,2010,0
Simplicity2,WINDPOWER,4111,2010,0
Simplicity2,WINDPOWER,4112,2010,0
Simplicity2,WINDPOWER,4113,2010,0
Simplicity2,WINDPOWER,4114,2010,0
Simplicity2,WINDPOWER,4115,2010,0
Simplicity2,WINDPOWER,4116,2010,0
Simplicity2,WINDPOWER,4117,2010,0
Simplicity2,WINDPOWER,4118,2010,0.037210667
Simplicity2,WINDPOWER,4119,2010,0.074190064
Simplicity2,WINDPOWER,4120,2010,0.234675147
Simplicity2,WINDPOWER,4121,2010,0.413816146
Simplicity2,WINDPOWER,4122,2010,0.582414748
Simplicity2,WINDPOWER,4123,2010,0.708434694
Simplicity2,WINDPOWER,4124,2010,0.782601813
Simplicity2,WINDPOWER,4125,2010,0.779223219
Simplicity2,WINDPOWER,4126,2010,0.731746848
Simplicity2,WINDPOWER,4127,2010,0.734887646
Simplicity2,WINDPOWER,4128,2010,0.651199422
Simplicity2,WINDPOWER,4129,2010,0.520318505
Simplicity2,WINDPOWER,4130,2010,0.346488699
Simplicity2,WINDPOWER,4131,2010,0.149897072
Simplicity2,WINDPOWER,4132,2010,0.036519609
Simplicity2,WINDPOWER,4133,2010,0.008238029
Simplicity2,WINDPOWER,4134,2010,0
Simplicity2,WINDPOWER,4135,2010,0
Simplicity2,WINDPOWER,4136,2010,0
Simplicity2,WINDPOWER,4137,2010,0
Simplicity2,WINDPOWER,4138,2010,0
Simplicity2,WINDPOWER,4139,2010,0
Simplicity2,WINDPOWER,4140,2010,0
Simplicity2,WINDPOWER,4141,2010,0
Simplicity2,WINDPOWER,4142,2010,0.022924783
Simplicity2,WINDPOWER,4143,2010,0.052396941
Simplicity2,WINDPOWER,4144,2010,0.241359955
Simplicity2,WINDPOWER,4145,2010,0.439887391
Simplicity2,WINDPOWER,4146,2010,0.604437762
Simplicity2,WINDPOWER,4147,2010,0.718959016
Simplicity2,WINDPOWER,4148,2010,0.771829096
Simplicity2,WINDPOWER,4149,2010,0.773046855
Simplicity2,WINDPOWER,4150,2010,0.727800748
Simplicity2,WINDPOWER,4151,2010,0.710554329
Simplicity2,WINDPOWER,4152,2010,0.566772344
Simplicity2,WINDPOWER,4153,2010,0.449101037
Simplicity2,WINDPOWER,4154,2010,0.311813263
Simplicity2,WINDPOWER,4155,2010,0.141220987
Simplicity2,WINDPOWER,4156,2010,0.031685629
Simplicity2,WINDPOWER,4157,2010,0.006236924
Simplicity2,WINDPOWER,4158,2010,0
Simplicity2,WINDPOWER,4159,2010,0
Simplicity2,WINDPOWER,4160,2010,0
Simplicity2,WINDPOWER,4161,2010,0
Simplicity2,WINDPOWER,4162,2010,0
Simplicity2,WINDPOWER,4163,2010,0
Simplicity2,WINDPOWER,4164,2010,0
Simplicity2,WINDPOWER,4165,2010,0
Simplicity2,WINDPOWER,4166,2010,0.022094553
Simplicity2,WINDPOWER,4167,2010,0.053051232
Simplicity2,WINDPOWER,4168,2010,0.239657765
Simplicity2,WINDPOWER,4169,2010,0.440389788
Simplicity2,WINDPOWER,4170,2010,0.597214447
Simplicity2,WINDPOWER,4171,2010,0.689722498
Simplicity2,WINDPOWER,4172,2010,0.702739985
Simplicity2,WINDPOWER,4173,2010,0.613559002
Simplicity2,WINDPOWER,4174,2010,0.610359613
Simplicity2,WINDPOWER,4175,2010,0.541185206
Simplicity2,WINDPOWER,4176,2010,0.60903284
Simplicity2,WINDPOWER,4177,2010,0.391273898
Simplicity2,WINDPOWER,4178,2010,0.251651851
Simplicity2,WINDPOWER,4179,2010,0.125451298
Simplicity2,WINDPOWER,4180,2010,0.037619516
Simplicity2,WINDPOWER,4181,2010,0.00722631
Simplicity2,WINDPOWER,4182,2010,0
Simplicity2,WINDPOWER,4183,2010,0
Simplicity2,WINDPOWER,4184,2010,0
Simplicity2,WINDPOWER,4185,2010,0
Simplicity2,WINDPOWER,4186,2010,0
Simplicity2,WINDPOWER,4187,2010,0
Simplicity2,WINDPOWER,4188,2010,0
Simplicity2,WINDPOWER,4189,2010,0
Simplicity2,WINDPOWER,4190,2010,0.027059877
Simplicity2,WINDPOWER,4191,2010,0.061216174
Simplicity2,WINDPOWER,4192,2010,0.227077748
Simplicity2,WINDPOWER,4193,2010,0.387362507
Simplicity2,WINDPOWER,4194,2010,0.567041435
Simplicity2,WINDPOWER,4195,2010,0.643635723
Simplicity2,WINDPOWER,4196,2010,0.618253759
Simplicity2,WINDPOWER,4197,2010,0.654679564
Simplicity2,WINDPOWER,4198,2010,0.622848687
Simplicity2,WINDPOWER,4199,2010,0.510265315
Simplicity2,WINDPOWER,4200,2010,0.48582439
Simplicity2,WINDPOWER,4201,2010,0.254423093
Simplicity2,WINDPOWER,4202,2010,0.206010081
Simplicity2,WINDPOWER,4203,2010,0.112290695
Simplicity2,WINDPOWER,4204,2010,0.044516873
Simplicity2,WINDPOWER,4205,2010,0.007561576
Simplicity2,WINDPOWER,4206,2010,0
Simplicity2,WINDPOWER,4207,2010,0
Simplicity2,WINDPOWER,4208,2010,0
Simplicity2,WINDPOWER,4209,2010,0
Simplicity2,WINDPOWER,4210,2010,0
Simplicity2,WINDPOWER,4211,2010,0
Simplicity2,WINDPOWER,4212,2010,0
Simplicity2,WINDPOWER,4213,2010,0
Simplicity2,WINDPOWER,4214,2010,0.024330354
Simplicity2,WINDPOWER,4215,2010,0.053847704
Simplicity2,WINDPOWER,4216,2010,0.234867991
Simplicity2,WINDPOWER,4217,2010,0.433230245
Simplicity2,WINDPOWER,4218,2010,0.59929899
Simplicity2,WINDPOWER,4219,2010,0.714751107
Simplicity2,WINDPOWER,4220,2010,0.754584812
Simplicity2,WINDPOWER,4221,2010,0.665257363
Simplicity2,WINDPOWER,4222,2010,0.527470479
Simplicity2,WINDPOWER,4223,2010,0.436743451
Simplicity2,WINDPOWER,4224,2010,0.319931218
Simplicity2,WINDPOWER,4225,2010,0.288512148
Simplicity2,WINDPOWER,4226,2010,0.243813494
Simplicity2,WINDPOWER,4227,2010,0.138143223
Simplicity2,WINDPOWER,4228,2010,0.042730795
Simplicity2,WINDPOWER,4229,2010,0.006865634
Simplicity2,WINDPOWER,4230,2010,0
Simplicity2,WINDPOWER,4231,2010,0
Simplicity2,WINDPOWER,4232,2010,0
Simplicity2,WINDPOWER,4233,2010,0
Simplicity2,WINDPOWER,4234,2010,0
Simplicity2,WINDPOWER,4235,2010,0
Simplicity2,WINDPOWER,4236,2010,0
Simplicity2,WINDPOWER,4237,2010,0
Simplicity2,WINDPOWER,4238,2010,0.020953514
Simplicity2,WINDPOWER,4239,2010,0.051827747
Simplicity2,WINDPOWER,4240,2010,0.235003822
Simplicity2,WINDPOWER,4241,2010,0.43340172
Simplicity2,WINDPOWER,4242,2010,0.599240515
Simplicity2,WINDPOWER,4243,2010,0.71863395
Simplicity2,WINDPOWER,4244,2010,0.793369101
Simplicity2,WINDPOWER,4245,2010,0.798404274
Simplicity2,WINDPOWER,4246,2010,0.781101734
Simplicity2,WINDPOWER,4247,2010,0.719565341
Simplicity2,WINDPOWER,4248,2010,0.625174204
Simplicity2,WINDPOWER,4249,2010,0.521347168
Simplicity2,WINDPOWER,4250,2010,0.336794188
Simplicity2,WINDPOWER,4251,2010,0.146650204
Simplicity2,WINDPOWER,4252,2010,0.030833298
Simplicity2,WINDPOWER,4253,2010,0.005331496
Simplicity2,WINDPOWER,4254,2010,0
Simplicity2,WINDPOWER,4255,2010,0
Simplicity2,WINDPOWER,4256,2010,0
Simplicity2,WINDPOWER,4257,2010,0
Simplicity2,WINDPOWER,4258,2010,0
Simplicity2,WINDPOWER,4259,2010,0
Simplicity2,WINDPOWER,4260,2010,0
Simplicity2,WINDPOWER,4261,2010,0
Simplicity2,WINDPOWER,4262,2010,0.020305354
Simplicity2,WINDPOWER,4263,2010,0.047213687
Simplicity2,WINDPOWER,4264,2010,0.233545292
Simplicity2,WINDPOWER,4265,2010,0.430513543
Simplicity2,WINDPOWER,4266,2010,0.5924373
Simplicity2,WINDPOWER,4267,2010,0.710650031
Simplicity2,WINDPOWER,4268,2010,0.775775564
Simplicity2,WINDPOWER,4269,2010,0.794221067
Simplicity2,WINDPOWER,4270,2010,0.779733448
Simplicity2,WINDPOWER,4271,2010,0.720348256
Simplicity2,WINDPOWER,4272,2010,0.620658799
Simplicity2,WINDPOWER,4273,2010,0.471431499
Simplicity2,WINDPOWER,4274,2010,0.332279799
Simplicity2,WINDPOWER,4275,2010,0.141903779
Simplicity2,WINDPOWER,4276,2010,0.033719314
Simplicity2,WINDPOWER,4277,2010,0.00584017
Simplicity2,WINDPOWER,4278,2010,0
Simplicity2,WINDPOWER,4279,2010,0
Simplicity2,WINDPOWER,4280,2010,0
Simplicity2,WINDPOWER,4281,2010,0
Simplicity2,WINDPOWER,4282,2010,0
Simplicity2,WINDPOWER,4283,2010,0
Simplicity2,WINDPOWER,4284,2010,0
Simplicity2,WINDPOWER,4285,2010,0
Simplicity2,WINDPOWER,4286,2010,0.01936635
Simplicity2,WINDPOWER,4287,2010,0.045904881
Simplicity2,WINDPOWER,4288,2010,0.231142909
Simplicity2,WINDPOWER,4289,2010,0.427691779
Simplicity2,WINDPOWER,4290,2010,0.588687435
Simplicity2,WINDPOWER,4291,2010,0.706650555
Simplicity2,WINDPOWER,4292,2010,0.776372343
Simplicity2,WINDPOWER,4293,2010,0.793249034
Simplicity2,WINDPOWER,4294,2010,0.773042219
Simplicity2,WINDPOWER,4295,2010,0.712119518
Simplicity2,WINDPOWER,4296,2010,0.616335773
Simplicity2,WINDPOWER,4297,2010,0.473515196
Simplicity2,WINDPOWER,4298,2010,0.264626866
Simplicity2,WINDPOWER,4299,2010,0.099200549
Simplicity2,WINDPOWER,4300,2010,0.042793265
Simplicity2,WINDPOWER,4301,2010,0.007016592
Simplicity2,WINDPOWER,4302,2010,0
Simplicity2,WINDPOWER,4303,2010,0
Simplicity2,WINDPOWER,4304,2010,0
Simplicity2,WINDPOWER,4305,2010,0
Simplicity2,WINDPOWER,4306,2010,0
Simplicity2,WINDPOWER,4307,2010,0
Simplicity2,WINDPOWER,4308,2010,0
Simplicity2,WINDPOWER,4309,2010,0
Simplicity2,WINDPOWER,4310,2010,0.027177447
Simplicity2,WINDPOWER,4311,2010,0.060344922
Simplicity2,WINDPOWER,4312,2010,0.228534337
Simplicity2,WINDPOWER,4313,2010,0.419630802
Simplicity2,WINDPOWER,4314,2010,0.579612032
Simplicity2,WINDPOWER,4315,2010,0.70058995
Simplicity2,WINDPOWER,4316,2010,0.767497712
Simplicity2,WINDPOWER,4317,2010,0.767018627
Simplicity2,WINDPOWER,4318,2010,0.73756074
Simplicity2,WINDPOWER,4319,2010,0.687906254
Simplicity2,WINDPOWER,4320,2010,0.633454551
Simplicity2,WINDPOWER,4321,2010,0.495816393
Simplicity2,WINDPOWER,4322,2010,0.253730434
Simplicity2,WINDPOWER,4323,2010,0.082392729
Simplicity2,WINDPOWER,4324,2010,0.047646545
Simplicity2,WINDPOWER,4325,2010,0.00809852
Simplicity2,WINDPOWER,4326,2010,0
Simplicity2,WINDPOWER,4327,2010,0
Simplicity2,WINDPOWER,4328,2010,0
Simplicity2,WINDPOWER,4329,2010,0
Simplicity2,WINDPOWER,4330,2010,0
Simplicity2,WINDPOWER,4331,2010,0
Simplicity2,WINDPOWER,4332,2010,0
Simplicity2,WINDPOWER,4333,2010,0
Simplicity2,WINDPOWER,4334,2010,0.020433268
Simplicity2,WINDPOWER,4335,2010,0.044797899
Simplicity2,WINDPOWER,4336,2010,0.237550771
Simplicity2,WINDPOWER,4337,2010,0.439345673
Simplicity2,WINDPOWER,4338,2010,0.603035784
Simplicity2,WINDPOWER,4339,2010,0.719906646
Simplicity2,WINDPOWER,4340,2010,0.786566395
Simplicity2,WINDPOWER,4341,2010,0.807018223
Simplicity2,WINDPOWER,4342,2010,0.798999079
Simplicity2,WINDPOWER,4343,2010,0.754460162
Simplicity2,WINDPOWER,4344,2010,0.667420992
Simplicity2,WINDPOWER,4345,2010,0.529345431
Simplicity2,WINDPOWER,4346,2010,0.312170585
Simplicity2,WINDPOWER,4347,2010,0.144511036
Simplicity2,WINDPOWER,4348,2010,0.046139529
Simplicity2,WINDPOWER,4349,2010,0.00611677
Simplicity2,WINDPOWER,4350,2010,0
Simplicity2,WINDPOWER,4351,2010,0
Simplicity2,WINDPOWER,4352,2010,0
Simplicity2,WINDPOWER,4353,2010,0
Simplicity2,WINDPOWER,4354,2010,0
Simplicity2,WINDPOWER,4355,2010,0
Simplicity2,WINDPOWER,4356,2010,0
Simplicity2,WINDPOWER,4357,2010,0
Simplicity2,WINDPOWER,4358,2010,0.018915244
Simplicity2,WINDPOWER,4359,2010,0.043099898
Simplicity2,WINDPOWER,4360,2010,0.231138919
Simplicity2,WINDPOWER,4361,2010,0.429839182
Simplicity2,WINDPOWER,4362,2010,0.590215819
Simplicity2,WINDPOWER,4363,2010,0.705660569
Simplicity2,WINDPOWER,4364,2010,0.773788898
Simplicity2,WINDPOWER,4365,2010,0.766900655
Simplicity2,WINDPOWER,4366,2010,0.784756955
Simplicity2,WINDPOWER,4367,2010,0.517887576
Simplicity2,WINDPOWER,4368,2010,0.340315811
Simplicity2,WINDPOWER,4369,2010,0.324180014
Simplicity2,WINDPOWER,4370,2010,0.250126541
Simplicity2,WINDPOWER,4371,2010,0.145043498
Simplicity2,WINDPOWER,4372,2010,0.044795119
Simplicity2,WINDPOWER,4373,2010,0.008664001
Simplicity2,WINDPOWER,4374,2010,0
Simplicity2,WINDPOWER,4375,2010,0
Simplicity2,WINDPOWER,4376,2010,0
Simplicity2,WINDPOWER,4377,2010,0
Simplicity2,WINDPOWER,4378,2010,0
Simplicity2,WINDPOWER,4379,2010,0
Simplicity2,WINDPOWER,4380,2010,0
Simplicity2,WINDPOWER,4381,2010,0
Simplicity2,WINDPOWER,4382,2010,0.018452015
Simplicity2,WINDPOWER,4383,2010,0.042777839
Simplicity2,WINDPOWER,4384,2010,0.230892973
Simplicity2,WINDPOWER,4385,2010,0.430870245
Simplicity2,WINDPOWER,4386,2010,0.583938269
Simplicity2,WINDPOWER,4387,2010,0.644486255
Simplicity2,WINDPOWER,4388,2010,0.75545374
Simplicity2,WINDPOWER,4389,2010,0.779057315
Simplicity2,WINDPOWER,4390,2010,0.756617533
Simplicity2,WINDPOWER,4391,2010,0.7006434
Simplicity2,WINDPOWER,4392,2010,0.470289609
Simplicity2,WINDPOWER,4393,2010,0.409046716
Simplicity2,WINDPOWER,4394,2010,0.266198213
Simplicity2,WINDPOWER,4395,2010,0.132242451
Simplicity2,WINDPOWER,4396,2010,0.044613666
Simplicity2,WINDPOWER,4397,2010,0.005978586
Simplicity2,WINDPOWER,4398,2010,0
Simplicity2,WINDPOWER,4399,2010,0
Simplicity2,WINDPOWER,4400,2010,0
Simplicity2,WINDPOWER,4401,2010,0
Simplicity2,WINDPOWER,4402,2010,0
Simplicity2,WINDPOWER,4403,2010,0
Simplicity2,WINDPOWER,4404,2010,0
Simplicity2,WINDPOWER,4405,2010,0
Simplicity2,WINDPOWER,4406,2010,0.019617869
Simplicity2,WINDPOWER,4407,2010,0.043615086
Simplicity2,WINDPOWER,4408,2010,0.231297533
Simplicity2,WINDPOWER,4409,2010,0.431974521
Simplicity2,WINDPOWER,4410,2010,0.599810043
Simplicity2,WINDPOWER,4411,2010,0.669175472
Simplicity2,WINDPOWER,4412,2010,0.794633815
Simplicity2,WINDPOWER,4413,2010,0.816452709
Simplicity2,WINDPOWER,4414,2010,0.809862951
Simplicity2,WINDPOWER,4415,2010,0.75647154
Simplicity2,WINDPOWER,4416,2010,0.638835824
Simplicity2,WINDPOWER,4417,2010,0.450339451
Simplicity2,WINDPOWER,4418,2010,0.285886408
Simplicity2,WINDPOWER,4419,2010,0.130526639
Simplicity2,WINDPOWER,4420,2010,0.032888952
Simplicity2,WINDPOWER,4421,2010,0.005319015
Simplicity2,WINDPOWER,4422,2010,0
Simplicity2,WINDPOWER,4423,2010,0
Simplicity2,WINDPOWER,4424,2010,0
Simplicity2,WINDPOWER,4425,2010,0
Simplicity2,WINDPOWER,4426,2010,0
Simplicity2,WINDPOWER,4427,2010,0
Simplicity2,WINDPOWER,4428,2010,0
Simplicity2,WINDPOWER,4429,2010,0
Simplicity2,WINDPOWER,4430,2010,0.020023607
Simplicity2,WINDPOWER,4431,2010,0.045334717
Simplicity2,WINDPOWER,4432,2010,0.217741835
Simplicity2,WINDPOWER,4433,2010,0.401273064
Simplicity2,WINDPOWER,4434,2010,0.588544968
Simplicity2,WINDPOWER,4435,2010,0.696725054
Simplicity2,WINDPOWER,4436,2010,0.679317875
Simplicity2,WINDPOWER,4437,2010,0.715947173
Simplicity2,WINDPOWER,4438,2010,0.62269445
Simplicity2,WINDPOWER,4439,2010,0.506469715
Simplicity2,WINDPOWER,4440,2010,0.522446701
Simplicity2,WINDPOWER,4441,2010,0.466217821
Simplicity2,WINDPOWER,4442,2010,0.289527949
Simplicity2,WINDPOWER,4443,2010,0.112296056
Simplicity2,WINDPOWER,4444,2010,0.033779626
Simplicity2,WINDPOWER,4445,2010,0.005026526
Simplicity2,WINDPOWER,4446,2010,0
Simplicity2,WINDPOWER,4447,2010,0
Simplicity2,WINDPOWER,4448,2010,0
Simplicity2,WINDPOWER,4449,2010,0
Simplicity2,WINDPOWER,4450,2010,0
Simplicity2,WINDPOWER,4451,2010,0
Simplicity2,WINDPOWER,4452,2010,0
Simplicity2,WINDPOWER,4453,2010,0
Simplicity2,WINDPOWER,4454,2010,0.015330585
Simplicity2,WINDPOWER,4455,2010,0.048378265
Simplicity2,WINDPOWER,4456,2010,0.202744309
Simplicity2,WINDPOWER,4457,2010,0.34107655
Simplicity2,WINDPOWER,4458,2010,0.432857804
Simplicity2,WINDPOWER,4459,2010,0.503546672
Simplicity2,WINDPOWER,4460,2010,0.579621712
Simplicity2,WINDPOWER,4461,2010,0.623720731
Simplicity2,WINDPOWER,4462,2010,0.416575501
Simplicity2,WINDPOWER,4463,2010,0.514398025
Simplicity2,WINDPOWER,4464,2010,0.510055378
Simplicity2,WINDPOWER,4465,2010,0.32182223
Simplicity2,WINDPOWER,4466,2010,0.223790825
Simplicity2,WINDPOWER,4467,2010,0.107143256
Simplicity2,WINDPOWER,4468,2010,0.035213952
Simplicity2,WINDPOWER,4469,2010,0.008158698
Simplicity2,WINDPOWER,4470,2010,0
Simplicity2,WINDPOWER,4471,2010,0
Simplicity2,WINDPOWER,4472,2010,0
Simplicity2,WINDPOWER,4473,2010,0
Simplicity2,WINDPOWER,4474,2010,0
Simplicity2,WINDPOWER,4475,2010,0
Simplicity2,WINDPOWER,4476,2010,0
Simplicity2,WINDPOWER,4477,2010,0
Simplicity2,WINDPOWER,4478,2010,0.022301298
Simplicity2,WINDPOWER,4479,2010,0.068955698
Simplicity2,WINDPOWER,4480,2010,0.17876623
Simplicity2,WINDPOWER,4481,2010,0.352977023
Simplicity2,WINDPOWER,4482,2010,0.44940599
Simplicity2,WINDPOWER,4483,2010,0.626856589
Simplicity2,WINDPOWER,4484,2010,0.756244376
Simplicity2,WINDPOWER,4485,2010,0.771265627
Simplicity2,WINDPOWER,4486,2010,0.717928896
Simplicity2,WINDPOWER,4487,2010,0.592701224
Simplicity2,WINDPOWER,4488,2010,0.514230637
Simplicity2,WINDPOWER,4489,2010,0.46033428
Simplicity2,WINDPOWER,4490,2010,0.300449583
Simplicity2,WINDPOWER,4491,2010,0.147056678
Simplicity2,WINDPOWER,4492,2010,0.031402738
Simplicity2,WINDPOWER,4493,2010,0.007085161
Simplicity2,WINDPOWER,4494,2010,0
Simplicity2,WINDPOWER,4495,2010,0
Simplicity2,WINDPOWER,4496,2010,0
Simplicity2,WINDPOWER,4497,2010,0
Simplicity2,WINDPOWER,4498,2010,0
Simplicity2,WINDPOWER,4499,2010,0
Simplicity2,WINDPOWER,4500,2010,0
Simplicity2,WINDPOWER,4501,2010,0
Simplicity2,WINDPOWER,4502,2010,0.019125322
Simplicity2,WINDPOWER,4503,2010,0.044448595
Simplicity2,WINDPOWER,4504,2010,0.226796713
Simplicity2,WINDPOWER,4505,2010,0.416100983
Simplicity2,WINDPOWER,4506,2010,0.493097966
Simplicity2,WINDPOWER,4507,2010,0.529063003
Simplicity2,WINDPOWER,4508,2010,0.370020011
Simplicity2,WINDPOWER,4509,2010,0.414196222
Simplicity2,WINDPOWER,4510,2010,0.486852003
Simplicity2,WINDPOWER,4511,2010,0.519906671
Simplicity2,WINDPOWER,4512,2010,0.540520311
Simplicity2,WINDPOWER,4513,2010,0.368169715
Simplicity2,WINDPOWER,4514,2010,0.176959145
Simplicity2,WINDPOWER,4515,2010,0.084878219
Simplicity2,WINDPOWER,4516,2010,0.03239768
Simplicity2,WINDPOWER,4517,2010,0.006756037
Simplicity2,WINDPOWER,4518,2010,0
Simplicity2,WINDPOWER,4519,2010,0
Simplicity2,WINDPOWER,4520,2010,0
Simplicity2,WINDPOWER,4521,2010,0
Simplicity2,WINDPOWER,4522,2010,0
Simplicity2,WINDPOWER,4523,2010,0
Simplicity2,WINDPOWER,4524,2010,0
Simplicity2,WINDPOWER,4525,2010,0
Simplicity2,WINDPOWER,4526,2010,0.020227519
Simplicity2,WINDPOWER,4527,2010,0.044686303
Simplicity2,WINDPOWER,4528,2010,0.219432786
Simplicity2,WINDPOWER,4529,2010,0.410131312
Simplicity2,WINDPOWER,4530,2010,0.534332677
Simplicity2,WINDPOWER,4531,2010,0.682397334
Simplicity2,WINDPOWER,4532,2010,0.587701946
Simplicity2,WINDPOWER,4533,2010,0.613297743
Simplicity2,WINDPOWER,4534,2010,0.644294928
Simplicity2,WINDPOWER,4535,2010,0.70901079
Simplicity2,WINDPOWER,4536,2010,0.61873493
Simplicity2,WINDPOWER,4537,2010,0.48780228
Simplicity2,WINDPOWER,4538,2010,0.255090674
Simplicity2,WINDPOWER,4539,2010,0.107790336
Simplicity2,WINDPOWER,4540,2010,0.040180178
Simplicity2,WINDPOWER,4541,2010,0.00562187
Simplicity2,WINDPOWER,4542,2010,0
Simplicity2,WINDPOWER,4543,2010,0
Simplicity2,WINDPOWER,4544,2010,0
Simplicity2,WINDPOWER,4545,2010,0
Simplicity2,WINDPOWER,4546,2010,0
Simplicity2,WINDPOWER,4547,2010,0
Simplicity2,WINDPOWER,4548,2010,0
Simplicity2,WINDPOWER,4549,2010,0
Simplicity2,WINDPOWER,4550,2010,0.017565626
Simplicity2,WINDPOWER,4551,2010,0.054610699
Simplicity2,WINDPOWER,4552,2010,0.206754711
Simplicity2,WINDPOWER,4553,2010,0.405593501
Simplicity2,WINDPOWER,4554,2010,0.575721
Simplicity2,WINDPOWER,4555,2010,0.647266466
Simplicity2,WINDPOWER,4556,2010,0.703781249
Simplicity2,WINDPOWER,4557,2010,0.793872759
Simplicity2,WINDPOWER,4558,2010,0.808352362
Simplicity2,WINDPOWER,4559,2010,0.696855242
Simplicity2,WINDPOWER,4560,2010,0.629614925
Simplicity2,WINDPOWER,4561,2010,0.431505924
Simplicity2,WINDPOWER,4562,2010,0.271229876
Simplicity2,WINDPOWER,4563,2010,0.124731684
Simplicity2,WINDPOWER,4564,2010,0.031617771
Simplicity2,WINDPOWER,4565,2010,0.005352013
Simplicity2,WINDPOWER,4566,2010,0
Simplicity2,WINDPOWER,4567,2010,0
Simplicity2,WINDPOWER,4568,2010,0
Simplicity2,WINDPOWER,4569,2010,0
Simplicity2,WINDPOWER,4570,2010,0
Simplicity2,WINDPOWER,4571,2010,0
Simplicity2,WINDPOWER,4572,2010,0
Simplicity2,WINDPOWER,4573,2010,0
Simplicity2,WINDPOWER,4574,2010,0.016470091
Simplicity2,WINDPOWER,4575,2010,0.038240853
Simplicity2,WINDPOWER,4576,2010,0.22961115
Simplicity2,WINDPOWER,4577,2010,0.435638602
Simplicity2,WINDPOWER,4578,2010,0.605564969
Simplicity2,WINDPOWER,4579,2010,0.73355112
Simplicity2,WINDPOWER,4580,2010,0.803373195
Simplicity2,WINDPOWER,4581,2010,0.822753267
Simplicity2,WINDPOWER,4582,2010,0.817848215
Simplicity2,WINDPOWER,4583,2010,0.773517752
Simplicity2,WINDPOWER,4584,2010,0.667258239
Simplicity2,WINDPOWER,4585,2010,0.489382115
Simplicity2,WINDPOWER,4586,2010,0.324562988
Simplicity2,WINDPOWER,4587,2010,0.151564854
Simplicity2,WINDPOWER,4588,2010,0.028804663
Simplicity2,WINDPOWER,4589,2010,0.005028648
Simplicity2,WINDPOWER,4590,2010,0
Simplicity2,WINDPOWER,4591,2010,0
Simplicity2,WINDPOWER,4592,2010,0
Simplicity2,WINDPOWER,4593,2010,0
Simplicity2,WINDPOWER,4594,2010,0
Simplicity2,WINDPOWER,4595,2010,0
Simplicity2,WINDPOWER,4596,2010,0
Simplicity2,WINDPOWER,4597,2010,0
Simplicity2,WINDPOWER,4598,2010,0.016855215
Simplicity2,WINDPOWER,4599,2010,0.048159534
Simplicity2,WINDPOWER,4600,2010,0.205476528
Simplicity2,WINDPOWER,4601,2010,0.372846839
Simplicity2,WINDPOWER,4602,2010,0.510359362
Simplicity2,WINDPOWER,4603,2010,0.656994829
Simplicity2,WINDPOWER,4604,2010,0.626817576
Simplicity2,WINDPOWER,4605,2010,0.710386318
Simplicity2,WINDPOWER,4606,2010,0.797656906
Simplicity2,WINDPOWER,4607,2010,0.762779958
Simplicity2,WINDPOWER,4608,2010,0.683986437
Simplicity2,WINDPOWER,4609,2010,0.51836911
Simplicity2,WINDPOWER,4610,2010,0.341731776
Simplicity2,WINDPOWER,4611,2010,0.152699579
Simplicity2,WINDPOWER,4612,2010,0.02893926
Simplicity2,WINDPOWER,4613,2010,0.004905498
Simplicity2,WINDPOWER,4614,2010,0
Simplicity2,WINDPOWER,4615,2010,0
Simplicity2,WINDPOWER,4616,2010,0
Simplicity2,WINDPOWER,4617,2010,0
Simplicity2,WINDPOWER,4618,2010,0
Simplicity2,WINDPOWER,4619,2010,0
Simplicity2,WINDPOWER,4620,2010,0
Simplicity2,WINDPOWER,4621,2010,0
Simplicity2,WINDPOWER,4622,2010,0.015975084
Simplicity2,WINDPOWER,4623,2010,0.037551661
Simplicity2,WINDPOWER,4624,2010,0.227197614
Simplicity2,WINDPOWER,4625,2010,0.431262885
Simplicity2,WINDPOWER,4626,2010,0.600434216
Simplicity2,WINDPOWER,4627,2010,0.718039404
Simplicity2,WINDPOWER,4628,2010,0.787609969
Simplicity2,WINDPOWER,4629,2010,0.816423004
Simplicity2,WINDPOWER,4630,2010,0.790657468
Simplicity2,WINDPOWER,4631,2010,0.761311481
Simplicity2,WINDPOWER,4632,2010,0.607674301
Simplicity2,WINDPOWER,4633,2010,0.422355258
Simplicity2,WINDPOWER,4634,2010,0.286560471
Simplicity2,WINDPOWER,4635,2010,0.127448909
Simplicity2,WINDPOWER,4636,2010,0.033985346
Simplicity2,WINDPOWER,4637,2010,0.004940508
Simplicity2,WINDPOWER,4638,2010,0
Simplicity2,WINDPOWER,4639,2010,0
Simplicity2,WINDPOWER,4640,2010,0
Simplicity2,WINDPOWER,4641,2010,0
Simplicity2,WINDPOWER,4642,2010,0
Simplicity2,WINDPOWER,4643,2010,0
Simplicity2,WINDPOWER,4644,2010,0
Simplicity2,WINDPOWER,4645,2010,0
Simplicity2,WINDPOWER,4646,2010,0.014507175
Simplicity2,WINDPOWER,4647,2010,0.03691272
Simplicity2,WINDPOWER,4648,2010,0.22170776
Simplicity2,WINDPOWER,4649,2010,0.422951195
Simplicity2,WINDPOWER,4650,2010,0.595723639
Simplicity2,WINDPOWER,4651,2010,0.718277667
Simplicity2,WINDPOWER,4652,2010,0.751488543
Simplicity2,WINDPOWER,4653,2010,0.768312887
Simplicity2,WINDPOWER,4654,2010,0.722982791
Simplicity2,WINDPOWER,4655,2010,0.670364426
Simplicity2,WINDPOWER,4656,2010,0.41902213
Simplicity2,WINDPOWER,4657,2010,0.344303422
Simplicity2,WINDPOWER,4658,2010,0.300459946
Simplicity2,WINDPOWER,4659,2010,0.147634432
Simplicity2,WINDPOWER,4660,2010,0.033323642
Simplicity2,WINDPOWER,4661,2010,0.004223708
Simplicity2,WINDPOWER,4662,2010,0
Simplicity2,WINDPOWER,4663,2010,0
Simplicity2,WINDPOWER,4664,2010,0
Simplicity2,WINDPOWER,4665,2010,0
Simplicity2,WINDPOWER,4666,2010,0
Simplicity2,WINDPOWER,4667,2010,0
Simplicity2,WINDPOWER,4668,2010,0
Simplicity2,WINDPOWER,4669,2010,0
Simplicity2,WINDPOWER,4670,2010,0.013980453
Simplicity2,WINDPOWER,4671,2010,0.037097815
Simplicity2,WINDPOWER,4672,2010,0.223284951
Simplicity2,WINDPOWER,4673,2010,0.427570717
Simplicity2,WINDPOWER,4674,2010,0.602240679
Simplicity2,WINDPOWER,4675,2010,0.70380402
Simplicity2,WINDPOWER,4676,2010,0.676664342
Simplicity2,WINDPOWER,4677,2010,0.76767968
Simplicity2,WINDPOWER,4678,2010,0.764326793
Simplicity2,WINDPOWER,4679,2010,0.703658729
Simplicity2,WINDPOWER,4680,2010,0.530968916
Simplicity2,WINDPOWER,4681,2010,0.424406895
Simplicity2,WINDPOWER,4682,2010,0.28000512
Simplicity2,WINDPOWER,4683,2010,0.131911794
Simplicity2,WINDPOWER,4684,2010,0.046703297
Simplicity2,WINDPOWER,4685,2010,0.004874622
Simplicity2,WINDPOWER,4686,2010,0
Simplicity2,WINDPOWER,4687,2010,0
Simplicity2,WINDPOWER,4688,2010,0
Simplicity2,WINDPOWER,4689,2010,0
Simplicity2,WINDPOWER,4690,2010,0
Simplicity2,WINDPOWER,4691,2010,0
Simplicity2,WINDPOWER,4692,2010,0
Simplicity2,WINDPOWER,4693,2010,0
Simplicity2,WINDPOWER,4694,2010,0.013663317
Simplicity2,WINDPOWER,4695,2010,0.037190094
Simplicity2,WINDPOWER,4696,2010,0.226840366
Simplicity2,WINDPOWER,4697,2010,0.434071204
Simplicity2,WINDPOWER,4698,2010,0.606390029
Simplicity2,WINDPOWER,4699,2010,0.733975534
Simplicity2,WINDPOWER,4700,2010,0.807173044
Simplicity2,WINDPOWER,4701,2010,0.828798355
Simplicity2,WINDPOWER,4702,2010,0.823037169
Simplicity2,WINDPOWER,4703,2010,0.774893057
Simplicity2,WINDPOWER,4704,2010,0.683058655
Simplicity2,WINDPOWER,4705,2010,0.511430517
Simplicity2,WINDPOWER,4706,2010,0.352924668
Simplicity2,WINDPOWER,4707,2010,0.147221782
Simplicity2,WINDPOWER,4708,2010,0.03217716
Simplicity2,WINDPOWER,4709,2010,0.003844646
Simplicity2,WINDPOWER,4710,2010,0
Simplicity2,WINDPOWER,4711,2010,0
Simplicity2,WINDPOWER,4712,2010,0
Simplicity2,WINDPOWER,4713,2010,0
Simplicity2,WINDPOWER,4714,2010,0
Simplicity2,WINDPOWER,4715,2010,0
Simplicity2,WINDPOWER,4716,2010,0
Simplicity2,WINDPOWER,4717,2010,0
Simplicity2,WINDPOWER,4718,2010,0.012737714
Simplicity2,WINDPOWER,4719,2010,0.036866549
Simplicity2,WINDPOWER,4720,2010,0.22215828
Simplicity2,WINDPOWER,4721,2010,0.427900461
Simplicity2,WINDPOWER,4722,2010,0.60248302
Simplicity2,WINDPOWER,4723,2010,0.72945773
Simplicity2,WINDPOWER,4724,2010,0.772816301
Simplicity2,WINDPOWER,4725,2010,0.829233688
Simplicity2,WINDPOWER,4726,2010,0.824878514
Simplicity2,WINDPOWER,4727,2010,0.762489326
Simplicity2,WINDPOWER,4728,2010,0.679107265
Simplicity2,WINDPOWER,4729,2010,0.544899507
Simplicity2,WINDPOWER,4730,2010,0.359636012
Simplicity2,WINDPOWER,4731,2010,0.150183666
Simplicity2,WINDPOWER,4732,2010,0.02856686
Simplicity2,WINDPOWER,4733,2010,0.004138013
Simplicity2,WINDPOWER,4734,2010,0
Simplicity2,WINDPOWER,4735,2010,0
Simplicity2,WINDPOWER,4736,2010,0
Simplicity2,WINDPOWER,4737,2010,0
Simplicity2,WINDPOWER,4738,2010,0
Simplicity2,WINDPOWER,4739,2010,0
Simplicity2,WINDPOWER,4740,2010,0
Simplicity2,WINDPOWER,4741,2010,0
Simplicity2,WINDPOWER,4742,2010,0.012816039
Simplicity2,WINDPOWER,4743,2010,0.036147977
Simplicity2,WINDPOWER,4744,2010,0.220690127
Simplicity2,WINDPOWER,4745,2010,0.426962152
Simplicity2,WINDPOWER,4746,2010,0.602987407
Simplicity2,WINDPOWER,4747,2010,0.733437245
Simplicity2,WINDPOWER,4748,2010,0.804844807
Simplicity2,WINDPOWER,4749,2010,0.83584578
Simplicity2,WINDPOWER,4750,2010,0.825569165
Simplicity2,WINDPOWER,4751,2010,0.785412602
Simplicity2,WINDPOWER,4752,2010,0.694781449
Simplicity2,WINDPOWER,4753,2010,0.547729967
Simplicity2,WINDPOWER,4754,2010,0.358322026
Simplicity2,WINDPOWER,4755,2010,0.15275542
Simplicity2,WINDPOWER,4756,2010,0.02852194
Simplicity2,WINDPOWER,4757,2010,0.004189698
Simplicity2,WINDPOWER,4758,2010,0
Simplicity2,WINDPOWER,4759,2010,0
Simplicity2,WINDPOWER,4760,2010,0
Simplicity2,WINDPOWER,4761,2010,0
Simplicity2,WINDPOWER,4762,2010,0
Simplicity2,WINDPOWER,4763,2010,0
Simplicity2,WINDPOWER,4764,2010,0
Simplicity2,WINDPOWER,4765,2010,0
Simplicity2,WINDPOWER,4766,2010,0.012611312
Simplicity2,WINDPOWER,4767,2010,0.03681076
Simplicity2,WINDPOWER,4768,2010,0.221216134
Simplicity2,WINDPOWER,4769,2010,0.428340814
Simplicity2,WINDPOWER,4770,2010,0.601295399
Simplicity2,WINDPOWER,4771,2010,0.72879717
Simplicity2,WINDPOWER,4772,2010,0.802220443
Simplicity2,WINDPOWER,4773,2010,0.829878301
Simplicity2,WINDPOWER,4774,2010,0.824360742
Simplicity2,WINDPOWER,4775,2010,0.773496882
Simplicity2,WINDPOWER,4776,2010,0.658590684
Simplicity2,WINDPOWER,4777,2010,0.543307205
Simplicity2,WINDPOWER,4778,2010,0.357217527
Simplicity2,WINDPOWER,4779,2010,0.151766621
Simplicity2,WINDPOWER,4780,2010,0.027790339
Simplicity2,WINDPOWER,4781,2010,0
Simplicity2,WINDPOWER,4782,2010,0
Simplicity2,WINDPOWER,4783,2010,0
Simplicity2,WINDPOWER,4784,2010,0
Simplicity2,WINDPOWER,4785,2010,0
Simplicity2,WINDPOWER,4786,2010,0
Simplicity2,WINDPOWER,4787,2010,0
Simplicity2,WINDPOWER,4788,2010,0
Simplicity2,WINDPOWER,4789,2010,0
Simplicity2,WINDPOWER,4790,2010,0.011934049
Simplicity2,WINDPOWER,4791,2010,0.037695069
Simplicity2,WINDPOWER,4792,2010,0.22251096
Simplicity2,WINDPOWER,4793,2010,0.427435432
Simplicity2,WINDPOWER,4794,2010,0.604125992
Simplicity2,WINDPOWER,4795,2010,0.728516411
Simplicity2,WINDPOWER,4796,2010,0.782633155
Simplicity2,WINDPOWER,4797,2010,0.791576465
Simplicity2,WINDPOWER,4798,2010,0.757585888
Simplicity2,WINDPOWER,4799,2010,0.666934321
Simplicity2,WINDPOWER,4800,2010,0.466712394
Simplicity2,WINDPOWER,4801,2010,0.333588901
Simplicity2,WINDPOWER,4802,2010,0.207356284
Simplicity2,WINDPOWER,4803,2010,0.111617836
Simplicity2,WINDPOWER,4804,2010,0.043236924
Simplicity2,WINDPOWER,4805,2010,0
Simplicity2,WINDPOWER,4806,2010,0
Simplicity2,WINDPOWER,4807,2010,0
Simplicity2,WINDPOWER,4808,2010,0
Simplicity2,WINDPOWER,4809,2010,0
Simplicity2,WINDPOWER,4810,2010,0
Simplicity2,WINDPOWER,4811,2010,0
Simplicity2,WINDPOWER,4812,2010,0
Simplicity2,WINDPOWER,4813,2010,0
Simplicity2,WINDPOWER,4814,2010,0.011376898
Simplicity2,WINDPOWER,4815,2010,0.03653802
Simplicity2,WINDPOWER,4816,2010,0.216266315
Simplicity2,WINDPOWER,4817,2010,0.420865946
Simplicity2,WINDPOWER,4818,2010,0.595749177
Simplicity2,WINDPOWER,4819,2010,0.691422412
Simplicity2,WINDPOWER,4820,2010,0.783349667
Simplicity2,WINDPOWER,4821,2010,0.789473549
Simplicity2,WINDPOWER,4822,2010,0.725870339
Simplicity2,WINDPOWER,4823,2010,0.686104074
Simplicity2,WINDPOWER,4824,2010,0.609957729
Simplicity2,WINDPOWER,4825,2010,0.491620764
Simplicity2,WINDPOWER,4826,2010,0.322959735
Simplicity2,WINDPOWER,4827,2010,0.14704231
Simplicity2,WINDPOWER,4828,2010,0.02740392
Simplicity2,WINDPOWER,4829,2010,0
Simplicity2,WINDPOWER,4830,2010,0
Simplicity2,WINDPOWER,4831,2010,0
Simplicity2,WINDPOWER,4832,2010,0
Simplicity2,WINDPOWER,4833,2010,0
Simplicity2,WINDPOWER,4834,2010,0
Simplicity2,WINDPOWER,4835,2010,0
Simplicity2,WINDPOWER,4836,2010,0
Simplicity2,WINDPOWER,4837,2010,0
Simplicity2,WINDPOWER,4838,2010,0.011213128
Simplicity2,WINDPOWER,4839,2010,0.039577129
Simplicity2,WINDPOWER,4840,2010,0.21207843
Simplicity2,WINDPOWER,4841,2010,0.408541291
Simplicity2,WINDPOWER,4842,2010,0.547010781
Simplicity2,WINDPOWER,4843,2010,0.684105861
Simplicity2,WINDPOWER,4844,2010,0.556435851
Simplicity2,WINDPOWER,4845,2010,0.628256222
Simplicity2,WINDPOWER,4846,2010,0.767908553
Simplicity2,WINDPOWER,4847,2010,0.663038973
Simplicity2,WINDPOWER,4848,2010,0.595610131
Simplicity2,WINDPOWER,4849,2010,0.475357379
Simplicity2,WINDPOWER,4850,2010,0.32415534
Simplicity2,WINDPOWER,4851,2010,0.145900509
Simplicity2,WINDPOWER,4852,2010,0.026694783
Simplicity2,WINDPOWER,4853,2010,0
Simplicity2,WINDPOWER,4854,2010,0
Simplicity2,WINDPOWER,4855,2010,0
Simplicity2,WINDPOWER,4856,2010,0
Simplicity2,WINDPOWER,4857,2010,0
Simplicity2,WINDPOWER,4858,2010,0
Simplicity2,WINDPOWER,4859,2010,0
Simplicity2,WINDPOWER,4860,2010,0
Simplicity2,WINDPOWER,4861,2010,0
Simplicity2,WINDPOWER,4862,2010,0.011454241
Simplicity2,WINDPOWER,4863,2010,0.03671949
Simplicity2,WINDPOWER,4864,2010,0.222664023
Simplicity2,WINDPOWER,4865,2010,0.435698782
Simplicity2,WINDPOWER,4866,2010,0.60220923
Simplicity2,WINDPOWER,4867,2010,0.73176294
Simplicity2,WINDPOWER,4868,2010,0.830222902
Simplicity2,WINDPOWER,4869,2010,0.865571319
Simplicity2,WINDPOWER,4870,2010,0.853654694
Simplicity2,WINDPOWER,4871,2010,0.80974116
Simplicity2,WINDPOWER,4872,2010,0.713423861
Simplicity2,WINDPOWER,4873,2010,0.565102555
Simplicity2,WINDPOWER,4874,2010,0.369930436
Simplicity2,WINDPOWER,4875,2010,0.156528402
Simplicity2,WINDPOWER,4876,2010,0.032755259
Simplicity2,WINDPOWER,4877,2010,0
Simplicity2,WINDPOWER,4878,2010,0
Simplicity2,WINDPOWER,4879,2010,0
Simplicity2,WINDPOWER,4880,2010,0
Simplicity2,WINDPOWER,4881,2010,0
Simplicity2,WINDPOWER,4882,2010,0
Simplicity2,WINDPOWER,4883,2010,0
Simplicity2,WINDPOWER,4884,2010,0
Simplicity2,WINDPOWER,4885,2010,0
Simplicity2,WINDPOWER,4886,2010,0.011528384
Simplicity2,WINDPOWER,4887,2010,0.039144637
Simplicity2,WINDPOWER,4888,2010,0.218031668
Simplicity2,WINDPOWER,4889,2010,0.422740827
Simplicity2,WINDPOWER,4890,2010,0.602067068
Simplicity2,WINDPOWER,4891,2010,0.741092852
Simplicity2,WINDPOWER,4892,2010,0.814560562
Simplicity2,WINDPOWER,4893,2010,0.833283407
Simplicity2,WINDPOWER,4894,2010,0.825775538
Simplicity2,WINDPOWER,4895,2010,0.646939762
Simplicity2,WINDPOWER,4896,2010,0.562082583
Simplicity2,WINDPOWER,4897,2010,0.479773219
Simplicity2,WINDPOWER,4898,2010,0.328018433
Simplicity2,WINDPOWER,4899,2010,0.150110256
Simplicity2,WINDPOWER,4900,2010,0.02695586
Simplicity2,WINDPOWER,4901,2010,0
Simplicity2,WINDPOWER,4902,2010,0
Simplicity2,WINDPOWER,4903,2010,0
Simplicity2,WINDPOWER,4904,2010,0
Simplicity2,WINDPOWER,4905,2010,0
Simplicity2,WINDPOWER,4906,2010,0
Simplicity2,WINDPOWER,4907,2010,0
Simplicity2,WINDPOWER,4908,2010,0
Simplicity2,WINDPOWER,4909,2010,0
Simplicity2,WINDPOWER,4910,2010,0.010713158
Simplicity2,WINDPOWER,4911,2010,0.035626414
Simplicity2,WINDPOWER,4912,2010,0.214819239
Simplicity2,WINDPOWER,4913,2010,0.421996346
Simplicity2,WINDPOWER,4914,2010,0.597188963
Simplicity2,WINDPOWER,4915,2010,0.72633627
Simplicity2,WINDPOWER,4916,2010,0.804730656
Simplicity2,WINDPOWER,4917,2010,0.827411034
Simplicity2,WINDPOWER,4918,2010,0.80330124
Simplicity2,WINDPOWER,4919,2010,0.730347733
Simplicity2,WINDPOWER,4920,2010,0.64235755
Simplicity2,WINDPOWER,4921,2010,0.490737061
Simplicity2,WINDPOWER,4922,2010,0.338039564
Simplicity2,WINDPOWER,4923,2010,0.139035991
Simplicity2,WINDPOWER,4924,2010,0.024333052
Simplicity2,WINDPOWER,4925,2010,0
Simplicity2,WINDPOWER,4926,2010,0
Simplicity2,WINDPOWER,4927,2010,0
Simplicity2,WINDPOWER,4928,2010,0
Simplicity2,WINDPOWER,4929,2010,0
Simplicity2,WINDPOWER,4930,2010,0
Simplicity2,WINDPOWER,4931,2010,0
Simplicity2,WINDPOWER,4932,2010,0
Simplicity2,WINDPOWER,4933,2010,0
Simplicity2,WINDPOWER,4934,2010,0.009668157
Simplicity2,WINDPOWER,4935,2010,0.034584838
Simplicity2,WINDPOWER,4936,2010,0.213007234
Simplicity2,WINDPOWER,4937,2010,0.420424145
Simplicity2,WINDPOWER,4938,2010,0.595335644
Simplicity2,WINDPOWER,4939,2010,0.723817076
Simplicity2,WINDPOWER,4940,2010,0.802537688
Simplicity2,WINDPOWER,4941,2010,0.801933424
Simplicity2,WINDPOWER,4942,2010,0.789954946
Simplicity2,WINDPOWER,4943,2010,0.760360617
Simplicity2,WINDPOWER,4944,2010,0.647870313
Simplicity2,WINDPOWER,4945,2010,0.517133955
Simplicity2,WINDPOWER,4946,2010,0.336763735
Simplicity2,WINDPOWER,4947,2010,0.132496063
Simplicity2,WINDPOWER,4948,2010,0.02659333
Simplicity2,WINDPOWER,4949,2010,0
Simplicity2,WINDPOWER,4950,2010,0
Simplicity2,WINDPOWER,4951,2010,0
Simplicity2,WINDPOWER,4952,2010,0
Simplicity2,WINDPOWER,4953,2010,0
Simplicity2,WINDPOWER,4954,2010,0
Simplicity2,WINDPOWER,4955,2010,0
Simplicity2,WINDPOWER,4956,2010,0
Simplicity2,WINDPOWER,4957,2010,0
Simplicity2,WINDPOWER,4958,2010,0.008994083
Simplicity2,WINDPOWER,4959,2010,0.03400912
Simplicity2,WINDPOWER,4960,2010,0.213839543
Simplicity2,WINDPOWER,4961,2010,0.423364215
Simplicity2,WINDPOWER,4962,2010,0.599768703
Simplicity2,WINDPOWER,4963,2010,0.729605268
Simplicity2,WINDPOWER,4964,2010,0.80568826
Simplicity2,WINDPOWER,4965,2010,0.824945865
Simplicity2,WINDPOWER,4966,2010,0.81961761
Simplicity2,WINDPOWER,4967,2010,0.773233196
Simplicity2,WINDPOWER,4968,2010,0.683892458
Simplicity2,WINDPOWER,4969,2010,0.537701586
Simplicity2,WINDPOWER,4970,2010,0.353395817
Simplicity2,WINDPOWER,4971,2010,0.144790583
Simplicity2,WINDPOWER,4972,2010,0.023842143
Simplicity2,WINDPOWER,4973,2010,0
Simplicity2,WINDPOWER,4974,2010,0
Simplicity2,WINDPOWER,4975,2010,0
Simplicity2,WINDPOWER,4976,2010,0
Simplicity2,WINDPOWER,4977,2010,0
Simplicity2,WINDPOWER,4978,2010,0
Simplicity2,WINDPOWER,4979,2010,0
Simplicity2,WINDPOWER,4980,2010,0
Simplicity2,WINDPOWER,4981,2010,0
Simplicity2,WINDPOWER,4982,2010,0.011799571
Simplicity2,WINDPOWER,4983,2010,0.055624236
Simplicity2,WINDPOWER,4984,2010,0.204059028
Simplicity2,WINDPOWER,4985,2010,0.392786423
Simplicity2,WINDPOWER,4986,2010,0.56763823
Simplicity2,WINDPOWER,4987,2010,0.689244025
Simplicity2,WINDPOWER,4988,2010,0.704430522
Simplicity2,WINDPOWER,4989,2010,0.675754073
Simplicity2,WINDPOWER,4990,2010,0.635394158
Simplicity2,WINDPOWER,4991,2010,0.522671142
Simplicity2,WINDPOWER,4992,2010,0.4449529
Simplicity2,WINDPOWER,4993,2010,0.311928944
Simplicity2,WINDPOWER,4994,2010,0.186909195
Simplicity2,WINDPOWER,4995,2010,0.111160876
Simplicity2,WINDPOWER,4996,2010,0.03978864
Simplicity2,WINDPOWER,4997,2010,0
Simplicity2,WINDPOWER,4998,2010,0
Simplicity2,WINDPOWER,4999,2010,0
Simplicity2,WINDPOWER,5000,2010,0
Simplicity2,WINDPOWER,5001,2010,0
Simplicity2,WINDPOWER,5002,2010,0
Simplicity2,WINDPOWER,5003,2010,0
Simplicity2,WINDPOWER,5004,2010,0
Simplicity2,WINDPOWER,5005,2010,0
Simplicity2,WINDPOWER,5006,2010,0.010553377
Simplicity2,WINDPOWER,5007,2010,0.050451962
Simplicity2,WINDPOWER,5008,2010,0.206263887
Simplicity2,WINDPOWER,5009,2010,0.41351819
Simplicity2,WINDPOWER,5010,2010,0.591558764
Simplicity2,WINDPOWER,5011,2010,0.698940288
Simplicity2,WINDPOWER,5012,2010,0.718480502
Simplicity2,WINDPOWER,5013,2010,0.803175011
Simplicity2,WINDPOWER,5014,2010,0.762316151
Simplicity2,WINDPOWER,5015,2010,0.703414045
Simplicity2,WINDPOWER,5016,2010,0.615900797
Simplicity2,WINDPOWER,5017,2010,0.508155666
Simplicity2,WINDPOWER,5018,2010,0.295026226
Simplicity2,WINDPOWER,5019,2010,0.133722081
Simplicity2,WINDPOWER,5020,2010,0.038993875
Simplicity2,WINDPOWER,5021,2010,0
Simplicity2,WINDPOWER,5022,2010,0
Simplicity2,WINDPOWER,5023,2010,0
Simplicity2,WINDPOWER,5024,2010,0
Simplicity2,WINDPOWER,5025,2010,0
Simplicity2,WINDPOWER,5026,2010,0
Simplicity2,WINDPOWER,5027,2010,0
Simplicity2,WINDPOWER,5028,2010,0
Simplicity2,WINDPOWER,5029,2010,0
Simplicity2,WINDPOWER,5030,2010,0.006899746
Simplicity2,WINDPOWER,5031,2010,0.031766784
Simplicity2,WINDPOWER,5032,2010,0.20536483
Simplicity2,WINDPOWER,5033,2010,0.407623255
Simplicity2,WINDPOWER,5034,2010,0.585809234
Simplicity2,WINDPOWER,5035,2010,0.714278205
Simplicity2,WINDPOWER,5036,2010,0.793711383
Simplicity2,WINDPOWER,5037,2010,0.817057488
Simplicity2,WINDPOWER,5038,2010,0.782727333
Simplicity2,WINDPOWER,5039,2010,0.739653903
Simplicity2,WINDPOWER,5040,2010,0.620383624
Simplicity2,WINDPOWER,5041,2010,0.460370097
Simplicity2,WINDPOWER,5042,2010,0.287337933
Simplicity2,WINDPOWER,5043,2010,0.136606031
Simplicity2,WINDPOWER,5044,2010,0.025062415
Simplicity2,WINDPOWER,5045,2010,0
Simplicity2,WINDPOWER,5046,2010,0
Simplicity2,WINDPOWER,5047,2010,0
Simplicity2,WINDPOWER,5048,2010,0
Simplicity2,WINDPOWER,5049,2010,0
Simplicity2,WINDPOWER,5050,2010,0
Simplicity2,WINDPOWER,5051,2010,0
Simplicity2,WINDPOWER,5052,2010,0
Simplicity2,WINDPOWER,5053,2010,0
Simplicity2,WINDPOWER,5054,2010,0.006599999
Simplicity2,WINDPOWER,5055,2010,0.031394554
Simplicity2,WINDPOWER,5056,2010,0.204986735
Simplicity2,WINDPOWER,5057,2010,0.41149854
Simplicity2,WINDPOWER,5058,2010,0.586090988
Simplicity2,WINDPOWER,5059,2010,0.713798852
Simplicity2,WINDPOWER,5060,2010,0.771587852
Simplicity2,WINDPOWER,5061,2010,0.727504188
Simplicity2,WINDPOWER,5062,2010,0.714084297
Simplicity2,WINDPOWER,5063,2010,0.636476313
Simplicity2,WINDPOWER,5064,2010,0.505901912
Simplicity2,WINDPOWER,5065,2010,0.491998855
Simplicity2,WINDPOWER,5066,2010,0.294392731
Simplicity2,WINDPOWER,5067,2010,0.127117757
Simplicity2,WINDPOWER,5068,2010,0.019933666
Simplicity2,WINDPOWER,5069,2010,0
Simplicity2,WINDPOWER,5070,2010,0
Simplicity2,WINDPOWER,5071,2010,0
Simplicity2,WINDPOWER,5072,2010,0
Simplicity2,WINDPOWER,5073,2010,0
Simplicity2,WINDPOWER,5074,2010,0
Simplicity2,WINDPOWER,5075,2010,0
Simplicity2,WINDPOWER,5076,2010,0
Simplicity2,WINDPOWER,5077,2010,0
Simplicity2,WINDPOWER,5078,2010,0.006012287
Simplicity2,WINDPOWER,5079,2010,0.030312148
Simplicity2,WINDPOWER,5080,2010,0.203899892
Simplicity2,WINDPOWER,5081,2010,0.410581527
Simplicity2,WINDPOWER,5082,2010,0.585448153
Simplicity2,WINDPOWER,5083,2010,0.705102829
Simplicity2,WINDPOWER,5084,2010,0.717516539
Simplicity2,WINDPOWER,5085,2010,0.692867273
Simplicity2,WINDPOWER,5086,2010,0.796313992
Simplicity2,WINDPOWER,5087,2010,0.742622997
Simplicity2,WINDPOWER,5088,2010,0.663367523
Simplicity2,WINDPOWER,5089,2010,0.505560014
Simplicity2,WINDPOWER,5090,2010,0.305738453
Simplicity2,WINDPOWER,5091,2010,0.122809039
Simplicity2,WINDPOWER,5092,2010,0.021823705
Simplicity2,WINDPOWER,5093,2010,0
Simplicity2,WINDPOWER,5094,2010,0
Simplicity2,WINDPOWER,5095,2010,0
Simplicity2,WINDPOWER,5096,2010,0
Simplicity2,WINDPOWER,5097,2010,0
Simplicity2,WINDPOWER,5098,2010,0
Simplicity2,WINDPOWER,5099,2010,0
Simplicity2,WINDPOWER,5100,2010,0
Simplicity2,WINDPOWER,5101,2010,0
Simplicity2,WINDPOWER,5102,2010,0.006268829
Simplicity2,WINDPOWER,5103,2010,0.043008935
Simplicity2,WINDPOWER,5104,2010,0.190413702
Simplicity2,WINDPOWER,5105,2010,0.388700293
Simplicity2,WINDPOWER,5106,2010,0.566657817
Simplicity2,WINDPOWER,5107,2010,0.674531883
Simplicity2,WINDPOWER,5108,2010,0.754915466
Simplicity2,WINDPOWER,5109,2010,0.749869798
Simplicity2,WINDPOWER,5110,2010,0.659499532
Simplicity2,WINDPOWER,5111,2010,0.552049536
Simplicity2,WINDPOWER,5112,2010,0.368090871
Simplicity2,WINDPOWER,5113,2010,0.311517676
Simplicity2,WINDPOWER,5114,2010,0.162675225
Simplicity2,WINDPOWER,5115,2010,0.074028825
Simplicity2,WINDPOWER,5116,2010,0.019994904
Simplicity2,WINDPOWER,5117,2010,0
Simplicity2,WINDPOWER,5118,2010,0
Simplicity2,WINDPOWER,5119,2010,0
Simplicity2,WINDPOWER,5120,2010,0
Simplicity2,WINDPOWER,5121,2010,0
Simplicity2,WINDPOWER,5122,2010,0
Simplicity2,WINDPOWER,5123,2010,0
Simplicity2,WINDPOWER,5124,2010,0
Simplicity2,WINDPOWER,5125,2010,0
Simplicity2,WINDPOWER,5126,2010,0.001730471
Simplicity2,WINDPOWER,5127,2010,0.022096499
Simplicity2,WINDPOWER,5128,2010,0.051959767
Simplicity2,WINDPOWER,5129,2010,0.11832639
Simplicity2,WINDPOWER,5130,2010,0.123583315
Simplicity2,WINDPOWER,5131,2010,0.192980206
Simplicity2,WINDPOWER,5132,2010,0.342022421
Simplicity2,WINDPOWER,5133,2010,0.290505052
Simplicity2,WINDPOWER,5134,2010,0.307068974
Simplicity2,WINDPOWER,5135,2010,0.474112643
Simplicity2,WINDPOWER,5136,2010,0.495406003
Simplicity2,WINDPOWER,5137,2010,0.420659161
Simplicity2,WINDPOWER,5138,2010,0.237280637
Simplicity2,WINDPOWER,5139,2010,0.105153145
Simplicity2,WINDPOWER,5140,2010,0.02598854
Simplicity2,WINDPOWER,5141,2010,0
Simplicity2,WINDPOWER,5142,2010,0
Simplicity2,WINDPOWER,5143,2010,0
Simplicity2,WINDPOWER,5144,2010,0
Simplicity2,WINDPOWER,5145,2010,0
Simplicity2,WINDPOWER,5146,2010,0
Simplicity2,WINDPOWER,5147,2010,0
Simplicity2,WINDPOWER,5148,2010,0
Simplicity2,WINDPOWER,5149,2010,0
Simplicity2,WINDPOWER,5150,2010,0
Simplicity2,WINDPOWER,5151,2010,0.032440808
Simplicity2,WINDPOWER,5152,2010,0.169771442
Simplicity2,WINDPOWER,5153,2010,0.364741338
Simplicity2,WINDPOWER,5154,2010,0.548731776
Simplicity2,WINDPOWER,5155,2010,0.696512064
Simplicity2,WINDPOWER,5156,2010,0.741324059
Simplicity2,WINDPOWER,5157,2010,0.794894377
Simplicity2,WINDPOWER,5158,2010,0.812076061
Simplicity2,WINDPOWER,5159,2010,0.732435397
Simplicity2,WINDPOWER,5160,2010,0.632191455
Simplicity2,WINDPOWER,5161,2010,0.479581894
Simplicity2,WINDPOWER,5162,2010,0.284847425
Simplicity2,WINDPOWER,5163,2010,0.122126881
Simplicity2,WINDPOWER,5164,2010,0.02297775
Simplicity2,WINDPOWER,5165,2010,0
Simplicity2,WINDPOWER,5166,2010,0
Simplicity2,WINDPOWER,5167,2010,0
Simplicity2,WINDPOWER,5168,2010,0
Simplicity2,WINDPOWER,5169,2010,0
Simplicity2,WINDPOWER,5170,2010,0
Simplicity2,WINDPOWER,5171,2010,0
Simplicity2,WINDPOWER,5172,2010,0
Simplicity2,WINDPOWER,5173,2010,0
Simplicity2,WINDPOWER,5174,2010,0
Simplicity2,WINDPOWER,5175,2010,0.037652258
Simplicity2,WINDPOWER,5176,2010,0.201673861
Simplicity2,WINDPOWER,5177,2010,0.370736067
Simplicity2,WINDPOWER,5178,2010,0.545191868
Simplicity2,WINDPOWER,5179,2010,0.621819568
Simplicity2,WINDPOWER,5180,2010,0.64834218
Simplicity2,WINDPOWER,5181,2010,0.732893831
Simplicity2,WINDPOWER,5182,2010,0.723303924
Simplicity2,WINDPOWER,5183,2010,0.6253504
Simplicity2,WINDPOWER,5184,2010,0.401223793
Simplicity2,WINDPOWER,5185,2010,0.336323825
Simplicity2,WINDPOWER,5186,2010,0.183267285
Simplicity2,WINDPOWER,5187,2010,0.112565164
Simplicity2,WINDPOWER,5188,2010,0.028707706
Simplicity2,WINDPOWER,5189,2010,0
Simplicity2,WINDPOWER,5190,2010,0
Simplicity2,WINDPOWER,5191,2010,0
Simplicity2,WINDPOWER,5192,2010,0
Simplicity2,WINDPOWER,5193,2010,0
Simplicity2,WINDPOWER,5194,2010,0
Simplicity2,WINDPOWER,5195,2010,0
Simplicity2,WINDPOWER,5196,2010,0
Simplicity2,WINDPOWER,5197,2010,0
Simplicity2,WINDPOWER,5198,2010,0
Simplicity2,WINDPOWER,5199,2010,0.031011509
Simplicity2,WINDPOWER,5200,2010,0.200868965
Simplicity2,WINDPOWER,5201,2010,0.411301265
Simplicity2,WINDPOWER,5202,2010,0.592348608
Simplicity2,WINDPOWER,5203,2010,0.724483778
Simplicity2,WINDPOWER,5204,2010,0.802285553
Simplicity2,WINDPOWER,5205,2010,0.811960431
Simplicity2,WINDPOWER,5206,2010,0.778053547
Simplicity2,WINDPOWER,5207,2010,0.753344513
Simplicity2,WINDPOWER,5208,2010,0.596388923
Simplicity2,WINDPOWER,5209,2010,0.320546005
Simplicity2,WINDPOWER,5210,2010,0.170387946
Simplicity2,WINDPOWER,5211,2010,0.075442283
Simplicity2,WINDPOWER,5212,2010,0.031185681
Simplicity2,WINDPOWER,5213,2010,0
Simplicity2,WINDPOWER,5214,2010,0
Simplicity2,WINDPOWER,5215,2010,0
Simplicity2,WINDPOWER,5216,2010,0
Simplicity2,WINDPOWER,5217,2010,0
Simplicity2,WINDPOWER,5218,2010,0
Simplicity2,WINDPOWER,5219,2010,0
Simplicity2,WINDPOWER,5220,2010,0
Simplicity2,WINDPOWER,5221,2010,0
Simplicity2,WINDPOWER,5222,2010,0
Simplicity2,WINDPOWER,5223,2010,0.050010091
Simplicity2,WINDPOWER,5224,2010,0.191070266
Simplicity2,WINDPOWER,5225,2010,0.413203702
Simplicity2,WINDPOWER,5226,2010,0.593503938
Simplicity2,WINDPOWER,5227,2010,0.692250934
Simplicity2,WINDPOWER,5228,2010,0.756950727
Simplicity2,WINDPOWER,5229,2010,0.739392863
Simplicity2,WINDPOWER,5230,2010,0.57995267
Simplicity2,WINDPOWER,5231,2010,0.490500911
Simplicity2,WINDPOWER,5232,2010,0.537263535
Simplicity2,WINDPOWER,5233,2010,0.391584102
Simplicity2,WINDPOWER,5234,2010,0.202916678
Simplicity2,WINDPOWER,5235,2010,0.103367913
Simplicity2,WINDPOWER,5236,2010,0.024905157
Simplicity2,WINDPOWER,5237,2010,0
Simplicity2,WINDPOWER,5238,2010,0
Simplicity2,WINDPOWER,5239,2010,0
Simplicity2,WINDPOWER,5240,2010,0
Simplicity2,WINDPOWER,5241,2010,0
Simplicity2,WINDPOWER,5242,2010,0
Simplicity2,WINDPOWER,5243,2010,0
Simplicity2,WINDPOWER,5244,2010,0
Simplicity2,WINDPOWER,5245,2010,0
Simplicity2,WINDPOWER,5246,2010,0
Simplicity2,WINDPOWER,5247,2010,0.035457645
Simplicity2,WINDPOWER,5248,2010,0.168849086
Simplicity2,WINDPOWER,5249,2010,0.235140558
Simplicity2,WINDPOWER,5250,2010,0.238818198
Simplicity2,WINDPOWER,5251,2010,0.329705973
Simplicity2,WINDPOWER,5252,2010,0.446094808
Simplicity2,WINDPOWER,5253,2010,0.500057998
Simplicity2,WINDPOWER,5254,2010,0.607082633
Simplicity2,WINDPOWER,5255,2010,0.519668869
Simplicity2,WINDPOWER,5256,2010,0.398386521
Simplicity2,WINDPOWER,5257,2010,0.367504695
Simplicity2,WINDPOWER,5258,2010,0.189412711
Simplicity2,WINDPOWER,5259,2010,0.089641748
Simplicity2,WINDPOWER,5260,2010,0.017951594
Simplicity2,WINDPOWER,5261,2010,0
Simplicity2,WINDPOWER,5262,2010,0
Simplicity2,WINDPOWER,5263,2010,0
Simplicity2,WINDPOWER,5264,2010,0
Simplicity2,WINDPOWER,5265,2010,0
Simplicity2,WINDPOWER,5266,2010,0
Simplicity2,WINDPOWER,5267,2010,0
Simplicity2,WINDPOWER,5268,2010,0
Simplicity2,WINDPOWER,5269,2010,0
Simplicity2,WINDPOWER,5270,2010,0
Simplicity2,WINDPOWER,5271,2010,0.027667969
Simplicity2,WINDPOWER,5272,2010,0.082123772
Simplicity2,WINDPOWER,5273,2010,0.149267433
Simplicity2,WINDPOWER,5274,2010,0.265144736
Simplicity2,WINDPOWER,5275,2010,0.434321363
Simplicity2,WINDPOWER,5276,2010,0.391016053
Simplicity2,WINDPOWER,5277,2010,0.547194564
Simplicity2,WINDPOWER,5278,2010,0.529942496
Simplicity2,WINDPOWER,5279,2010,0.415428058
Simplicity2,WINDPOWER,5280,2010,0.305877116
Simplicity2,WINDPOWER,5281,2010,0.195084865
Simplicity2,WINDPOWER,5282,2010,0.127762652
Simplicity2,WINDPOWER,5283,2010,0.082157402
Simplicity2,WINDPOWER,5284,2010,0.020369463
Simplicity2,WINDPOWER,5285,2010,0
Simplicity2,WINDPOWER,5286,2010,0
Simplicity2,WINDPOWER,5287,2010,0
Simplicity2,WINDPOWER,5288,2010,0
Simplicity2,WINDPOWER,5289,2010,0
Simplicity2,WINDPOWER,5290,2010,0
Simplicity2,WINDPOWER,5291,2010,0
Simplicity2,WINDPOWER,5292,2010,0
Simplicity2,WINDPOWER,5293,2010,0
Simplicity2,WINDPOWER,5294,2010,0
Simplicity2,WINDPOWER,5295,2010,0.033168829
Simplicity2,WINDPOWER,5296,2010,0.172332108
Simplicity2,WINDPOWER,5297,2010,0.327201189
Simplicity2,WINDPOWER,5298,2010,0.394179372
Simplicity2,WINDPOWER,5299,2010,0.468647256
Simplicity2,WINDPOWER,5300,2010,0.38314571
Simplicity2,WINDPOWER,5301,2010,0.484857282
Simplicity2,WINDPOWER,5302,2010,0.427442108
Simplicity2,WINDPOWER,5303,2010,0.413798452
Simplicity2,WINDPOWER,5304,2010,0.398638693
Simplicity2,WINDPOWER,5305,2010,0.360187437
Simplicity2,WINDPOWER,5306,2010,0.282831707
Simplicity2,WINDPOWER,5307,2010,0.119514008
Simplicity2,WINDPOWER,5308,2010,0.027681717
Simplicity2,WINDPOWER,5309,2010,0
Simplicity2,WINDPOWER,5310,2010,0
Simplicity2,WINDPOWER,5311,2010,0
Simplicity2,WINDPOWER,5312,2010,0
Simplicity2,WINDPOWER,5313,2010,0
Simplicity2,WINDPOWER,5314,2010,0
Simplicity2,WINDPOWER,5315,2010,0
Simplicity2,WINDPOWER,5316,2010,0
Simplicity2,WINDPOWER,5317,2010,0
Simplicity2,WINDPOWER,5318,2010,0
Simplicity2,WINDPOWER,5319,2010,0.040467011
Simplicity2,WINDPOWER,5320,2010,0.145148858
Simplicity2,WINDPOWER,5321,2010,0.289129811
Simplicity2,WINDPOWER,5322,2010,0.350022925
Simplicity2,WINDPOWER,5323,2010,0.409486675
Simplicity2,WINDPOWER,5324,2010,0.64137002
Simplicity2,WINDPOWER,5325,2010,0.513135978
Simplicity2,WINDPOWER,5326,2010,0.672513423
Simplicity2,WINDPOWER,5327,2010,0.503439107
Simplicity2,WINDPOWER,5328,2010,0.399129918
Simplicity2,WINDPOWER,5329,2010,0.402105119
Simplicity2,WINDPOWER,5330,2010,0.259310816
Simplicity2,WINDPOWER,5331,2010,0.111390541
Simplicity2,WINDPOWER,5332,2010,0.023971406
Simplicity2,WINDPOWER,5333,2010,0
Simplicity2,WINDPOWER,5334,2010,0
Simplicity2,WINDPOWER,5335,2010,0
Simplicity2,WINDPOWER,5336,2010,0
Simplicity2,WINDPOWER,5337,2010,0
Simplicity2,WINDPOWER,5338,2010,0
Simplicity2,WINDPOWER,5339,2010,0
Simplicity2,WINDPOWER,5340,2010,0
Simplicity2,WINDPOWER,5341,2010,0
Simplicity2,WINDPOWER,5342,2010,0
Simplicity2,WINDPOWER,5343,2010,0.026584681
Simplicity2,WINDPOWER,5344,2010,0.188874438
Simplicity2,WINDPOWER,5345,2010,0.402889046
Simplicity2,WINDPOWER,5346,2010,0.584595382
Simplicity2,WINDPOWER,5347,2010,0.700169773
Simplicity2,WINDPOWER,5348,2010,0.789392971
Simplicity2,WINDPOWER,5349,2010,0.823276509
Simplicity2,WINDPOWER,5350,2010,0.801544209
Simplicity2,WINDPOWER,5351,2010,0.763290069
Simplicity2,WINDPOWER,5352,2010,0.67033388
Simplicity2,WINDPOWER,5353,2010,0.518907529
Simplicity2,WINDPOWER,5354,2010,0.326114297
Simplicity2,WINDPOWER,5355,2010,0.118665507
Simplicity2,WINDPOWER,5356,2010,0.013222143
Simplicity2,WINDPOWER,5357,2010,0
Simplicity2,WINDPOWER,5358,2010,0
Simplicity2,WINDPOWER,5359,2010,0
Simplicity2,WINDPOWER,5360,2010,0
Simplicity2,WINDPOWER,5361,2010,0
Simplicity2,WINDPOWER,5362,2010,0
Simplicity2,WINDPOWER,5363,2010,0
Simplicity2,WINDPOWER,5364,2010,0
Simplicity2,WINDPOWER,5365,2010,0
Simplicity2,WINDPOWER,5366,2010,0
Simplicity2,WINDPOWER,5367,2010,0.026613845
Simplicity2,WINDPOWER,5368,2010,0.196118974
Simplicity2,WINDPOWER,5369,2010,0.408965593
Simplicity2,WINDPOWER,5370,2010,0.589544672
Simplicity2,WINDPOWER,5371,2010,0.725629738
Simplicity2,WINDPOWER,5372,2010,0.807447959
Simplicity2,WINDPOWER,5373,2010,0.832690342
Simplicity2,WINDPOWER,5374,2010,0.825347436
Simplicity2,WINDPOWER,5375,2010,0.764210359
Simplicity2,WINDPOWER,5376,2010,0.666904865
Simplicity2,WINDPOWER,5377,2010,0.518704421
Simplicity2,WINDPOWER,5378,2010,0.327264733
Simplicity2,WINDPOWER,5379,2010,0.117146897
Simplicity2,WINDPOWER,5380,2010,0.012449475
Simplicity2,WINDPOWER,5381,2010,0
Simplicity2,WINDPOWER,5382,2010,0
Simplicity2,WINDPOWER,5383,2010,0
Simplicity2,WINDPOWER,5384,2010,0
Simplicity2,WINDPOWER,5385,2010,0
Simplicity2,WINDPOWER,5386,2010,0
Simplicity2,WINDPOWER,5387,2010,0
Simplicity2,WINDPOWER,5388,2010,0
Simplicity2,WINDPOWER,5389,2010,0
Simplicity2,WINDPOWER,5390,2010,0
Simplicity2,WINDPOWER,5391,2010,0.02570393
Simplicity2,WINDPOWER,5392,2010,0.195012129
Simplicity2,WINDPOWER,5393,2010,0.407986548
Simplicity2,WINDPOWER,5394,2010,0.589351215
Simplicity2,WINDPOWER,5395,2010,0.723513187
Simplicity2,WINDPOWER,5396,2010,0.805499899
Simplicity2,WINDPOWER,5397,2010,0.827511866
Simplicity2,WINDPOWER,5398,2010,0.817790834
Simplicity2,WINDPOWER,5399,2010,0.766950735
Simplicity2,WINDPOWER,5400,2010,0.669974301
Simplicity2,WINDPOWER,5401,2010,0.519905817
Simplicity2,WINDPOWER,5402,2010,0.323402204
Simplicity2,WINDPOWER,5403,2010,0.115091034
Simplicity2,WINDPOWER,5404,2010,0.011287222
Simplicity2,WINDPOWER,5405,2010,0
Simplicity2,WINDPOWER,5406,2010,0
Simplicity2,WINDPOWER,5407,2010,0
Simplicity2,WINDPOWER,5408,2010,0
Simplicity2,WINDPOWER,5409,2010,0
Simplicity2,WINDPOWER,5410,2010,0
Simplicity2,WINDPOWER,5411,2010,0
Simplicity2,WINDPOWER,5412,2010,0
Simplicity2,WINDPOWER,5413,2010,0
Simplicity2,WINDPOWER,5414,2010,0
Simplicity2,WINDPOWER,5415,2010,0.026335055
Simplicity2,WINDPOWER,5416,2010,0.196922475
Simplicity2,WINDPOWER,5417,2010,0.412128634
Simplicity2,WINDPOWER,5418,2010,0.595328106
Simplicity2,WINDPOWER,5419,2010,0.728499123
Simplicity2,WINDPOWER,5420,2010,0.805681309
Simplicity2,WINDPOWER,5421,2010,0.825882624
Simplicity2,WINDPOWER,5422,2010,0.816004637
Simplicity2,WINDPOWER,5423,2010,0.767266852
Simplicity2,WINDPOWER,5424,2010,0.669979269
Simplicity2,WINDPOWER,5425,2010,0.519023317
Simplicity2,WINDPOWER,5426,2010,0.321666079
Simplicity2,WINDPOWER,5427,2010,0.112288863
Simplicity2,WINDPOWER,5428,2010,0.010437166
Simplicity2,WINDPOWER,5429,2010,0
Simplicity2,WINDPOWER,5430,2010,0
Simplicity2,WINDPOWER,5431,2010,0
Simplicity2,WINDPOWER,5432,2010,0
Simplicity2,WINDPOWER,5433,2010,0
Simplicity2,WINDPOWER,5434,2010,0
Simplicity2,WINDPOWER,5435,2010,0
Simplicity2,WINDPOWER,5436,2010,0
Simplicity2,WINDPOWER,5437,2010,0
Simplicity2,WINDPOWER,5438,2010,0
Simplicity2,WINDPOWER,5439,2010,0.035579141
Simplicity2,WINDPOWER,5440,2010,0.18807902
Simplicity2,WINDPOWER,5441,2010,0.409084256
Simplicity2,WINDPOWER,5442,2010,0.582565053
Simplicity2,WINDPOWER,5443,2010,0.728172365
Simplicity2,WINDPOWER,5444,2010,0.808616253
Simplicity2,WINDPOWER,5445,2010,0.832127211
Simplicity2,WINDPOWER,5446,2010,0.822911813
Simplicity2,WINDPOWER,5447,2010,0.771612098
Simplicity2,WINDPOWER,5448,2010,0.677653208
Simplicity2,WINDPOWER,5449,2010,0.505020808
Simplicity2,WINDPOWER,5450,2010,0.309099857
Simplicity2,WINDPOWER,5451,2010,0.107173921
Simplicity2,WINDPOWER,5452,2010,0.009547246
Simplicity2,WINDPOWER,5453,2010,0
Simplicity2,WINDPOWER,5454,2010,0
Simplicity2,WINDPOWER,5455,2010,0
Simplicity2,WINDPOWER,5456,2010,0
Simplicity2,WINDPOWER,5457,2010,0
Simplicity2,WINDPOWER,5458,2010,0
Simplicity2,WINDPOWER,5459,2010,0
Simplicity2,WINDPOWER,5460,2010,0
Simplicity2,WINDPOWER,5461,2010,0
Simplicity2,WINDPOWER,5462,2010,0
Simplicity2,WINDPOWER,5463,2010,0.024594844
Simplicity2,WINDPOWER,5464,2010,0.153794762
Simplicity2,WINDPOWER,5465,2010,0.260226387
Simplicity2,WINDPOWER,5466,2010,0.320715802
Simplicity2,WINDPOWER,5467,2010,0.321546254
Simplicity2,WINDPOWER,5468,2010,0.40940165
Simplicity2,WINDPOWER,5469,2010,0.519341065
Simplicity2,WINDPOWER,5470,2010,0.351981716
Simplicity2,WINDPOWER,5471,2010,0.215425793
Simplicity2,WINDPOWER,5472,2010,0.118498763
Simplicity2,WINDPOWER,5473,2010,0.122090205
Simplicity2,WINDPOWER,5474,2010,0.152087385
Simplicity2,WINDPOWER,5475,2010,0.037674136
Simplicity2,WINDPOWER,5476,2010,0.006279567
Simplicity2,WINDPOWER,5477,2010,0
Simplicity2,WINDPOWER,5478,2010,0
Simplicity2,WINDPOWER,5479,2010,0
Simplicity2,WINDPOWER,5480,2010,0
Simplicity2,WINDPOWER,5481,2010,0
Simplicity2,WINDPOWER,5482,2010,0
Simplicity2,WINDPOWER,5483,2010,0
Simplicity2,WINDPOWER,5484,2010,0
Simplicity2,WINDPOWER,5485,2010,0
Simplicity2,WINDPOWER,5486,2010,0
Simplicity2,WINDPOWER,5487,2010,0.01154351
Simplicity2,WINDPOWER,5488,2010,0.014259925
Simplicity2,WINDPOWER,5489,2010,0.039073283
Simplicity2,WINDPOWER,5490,2010,0.083470897
Simplicity2,WINDPOWER,5491,2010,0.099310415
Simplicity2,WINDPOWER,5492,2010,0.185018094
Simplicity2,WINDPOWER,5493,2010,0.159887763
Simplicity2,WINDPOWER,5494,2010,0.075675655
Simplicity2,WINDPOWER,5495,2010,0.140977156
Simplicity2,WINDPOWER,5496,2010,0.118194695
Simplicity2,WINDPOWER,5497,2010,0.103709874
Simplicity2,WINDPOWER,5498,2010,0.071329143
Simplicity2,WINDPOWER,5499,2010,0.047454016
Simplicity2,WINDPOWER,5500,2010,0.006725827
Simplicity2,WINDPOWER,5501,2010,0
Simplicity2,WINDPOWER,5502,2010,0
Simplicity2,WINDPOWER,5503,2010,0
Simplicity2,WINDPOWER,5504,2010,0
Simplicity2,WINDPOWER,5505,2010,0
Simplicity2,WINDPOWER,5506,2010,0
Simplicity2,WINDPOWER,5507,2010,0
Simplicity2,WINDPOWER,5508,2010,0
Simplicity2,WINDPOWER,5509,2010,0
Simplicity2,WINDPOWER,5510,2010,0
Simplicity2,WINDPOWER,5511,2010,0.024272754
Simplicity2,WINDPOWER,5512,2010,0.187819541
Simplicity2,WINDPOWER,5513,2010,0.339298936
Simplicity2,WINDPOWER,5514,2010,0.477691307
Simplicity2,WINDPOWER,5515,2010,0.618718798
Simplicity2,WINDPOWER,5516,2010,0.50450128
Simplicity2,WINDPOWER,5517,2010,0.471450717
Simplicity2,WINDPOWER,5518,2010,0.448400139
Simplicity2,WINDPOWER,5519,2010,0.457099618
Simplicity2,WINDPOWER,5520,2010,0.515773482
Simplicity2,WINDPOWER,5521,2010,0.457398091
Simplicity2,WINDPOWER,5522,2010,0.250756126
Simplicity2,WINDPOWER,5523,2010,0.108661223
Simplicity2,WINDPOWER,5524,2010,0.010316201
Simplicity2,WINDPOWER,5525,2010,0
Simplicity2,WINDPOWER,5526,2010,0
Simplicity2,WINDPOWER,5527,2010,0
Simplicity2,WINDPOWER,5528,2010,0
Simplicity2,WINDPOWER,5529,2010,0
Simplicity2,WINDPOWER,5530,2010,0
Simplicity2,WINDPOWER,5531,2010,0
Simplicity2,WINDPOWER,5532,2010,0
Simplicity2,WINDPOWER,5533,2010,0
Simplicity2,WINDPOWER,5534,2010,0
Simplicity2,WINDPOWER,5535,2010,0.020915617
Simplicity2,WINDPOWER,5536,2010,0.160740203
Simplicity2,WINDPOWER,5537,2010,0.304470482
Simplicity2,WINDPOWER,5538,2010,0.416663748
Simplicity2,WINDPOWER,5539,2010,0.539202565
Simplicity2,WINDPOWER,5540,2010,0.58845563
Simplicity2,WINDPOWER,5541,2010,0.583175707
Simplicity2,WINDPOWER,5542,2010,0.492502619
Simplicity2,WINDPOWER,5543,2010,0.553615478
Simplicity2,WINDPOWER,5544,2010,0.469295251
Simplicity2,WINDPOWER,5545,2010,0.34295796
Simplicity2,WINDPOWER,5546,2010,0.171074268
Simplicity2,WINDPOWER,5547,2010,0.066403925
Simplicity2,WINDPOWER,5548,2010,0.006957028
Simplicity2,WINDPOWER,5549,2010,0
Simplicity2,WINDPOWER,5550,2010,0
Simplicity2,WINDPOWER,5551,2010,0
Simplicity2,WINDPOWER,5552,2010,0
Simplicity2,WINDPOWER,5553,2010,0
Simplicity2,WINDPOWER,5554,2010,0
Simplicity2,WINDPOWER,5555,2010,0
Simplicity2,WINDPOWER,5556,2010,0
Simplicity2,WINDPOWER,5557,2010,0
Simplicity2,WINDPOWER,5558,2010,0
Simplicity2,WINDPOWER,5559,2010,0.017658852
Simplicity2,WINDPOWER,5560,2010,0.137114682
Simplicity2,WINDPOWER,5561,2010,0.260373531
Simplicity2,WINDPOWER,5562,2010,0.40217148
Simplicity2,WINDPOWER,5563,2010,0.576975833
Simplicity2,WINDPOWER,5564,2010,0.639913154
Simplicity2,WINDPOWER,5565,2010,0.695005903
Simplicity2,WINDPOWER,5566,2010,0.751911067
Simplicity2,WINDPOWER,5567,2010,0.544943325
Simplicity2,WINDPOWER,5568,2010,0.39816629
Simplicity2,WINDPOWER,5569,2010,0.29272415
Simplicity2,WINDPOWER,5570,2010,0.170005292
Simplicity2,WINDPOWER,5571,2010,0.05944852
Simplicity2,WINDPOWER,5572,2010,0.008480412
Simplicity2,WINDPOWER,5573,2010,0
Simplicity2,WINDPOWER,5574,2010,0
Simplicity2,WINDPOWER,5575,2010,0
Simplicity2,WINDPOWER,5576,2010,0
Simplicity2,WINDPOWER,5577,2010,0
Simplicity2,WINDPOWER,5578,2010,0
Simplicity2,WINDPOWER,5579,2010,0
Simplicity2,WINDPOWER,5580,2010,0
Simplicity2,WINDPOWER,5581,2010,0
Simplicity2,WINDPOWER,5582,2010,0
Simplicity2,WINDPOWER,5583,2010,0.033188652
Simplicity2,WINDPOWER,5584,2010,0.075476862
Simplicity2,WINDPOWER,5585,2010,0.127426215
Simplicity2,WINDPOWER,5586,2010,0.144975019
Simplicity2,WINDPOWER,5587,2010,0.224451684
Simplicity2,WINDPOWER,5588,2010,0.110449116
Simplicity2,WINDPOWER,5589,2010,0.141202789
Simplicity2,WINDPOWER,5590,2010,0.157851827
Simplicity2,WINDPOWER,5591,2010,0.220936002
Simplicity2,WINDPOWER,5592,2010,0.168444003
Simplicity2,WINDPOWER,5593,2010,0.136050434
Simplicity2,WINDPOWER,5594,2010,0.15858121
Simplicity2,WINDPOWER,5595,2010,0.065290193
Simplicity2,WINDPOWER,5596,2010,0.008001542
Simplicity2,WINDPOWER,5597,2010,0
Simplicity2,WINDPOWER,5598,2010,0
Simplicity2,WINDPOWER,5599,2010,0
Simplicity2,WINDPOWER,5600,2010,0
Simplicity2,WINDPOWER,5601,2010,0
Simplicity2,WINDPOWER,5602,2010,0
Simplicity2,WINDPOWER,5603,2010,0
Simplicity2,WINDPOWER,5604,2010,0
Simplicity2,WINDPOWER,5605,2010,0
Simplicity2,WINDPOWER,5606,2010,0
Simplicity2,WINDPOWER,5607,2010,0.019043406
Simplicity2,WINDPOWER,5608,2010,0.093191605
Simplicity2,WINDPOWER,5609,2010,0.250506271
Simplicity2,WINDPOWER,5610,2010,0.331590942
Simplicity2,WINDPOWER,5611,2010,0.405698896
Simplicity2,WINDPOWER,5612,2010,0.696394384
Simplicity2,WINDPOWER,5613,2010,0.686484962
Simplicity2,WINDPOWER,5614,2010,0.618476425
Simplicity2,WINDPOWER,5615,2010,0.593664541
Simplicity2,WINDPOWER,5616,2010,0.519511797
Simplicity2,WINDPOWER,5617,2010,0.36175508
Simplicity2,WINDPOWER,5618,2010,0.201710681
Simplicity2,WINDPOWER,5619,2010,0.062756966
Simplicity2,WINDPOWER,5620,2010,0.005306867
Simplicity2,WINDPOWER,5621,2010,0
Simplicity2,WINDPOWER,5622,2010,0
Simplicity2,WINDPOWER,5623,2010,0
Simplicity2,WINDPOWER,5624,2010,0
Simplicity2,WINDPOWER,5625,2010,0
Simplicity2,WINDPOWER,5626,2010,0
Simplicity2,WINDPOWER,5627,2010,0
Simplicity2,WINDPOWER,5628,2010,0
Simplicity2,WINDPOWER,5629,2010,0
Simplicity2,WINDPOWER,5630,2010,0
Simplicity2,WINDPOWER,5631,2010,0.027580036
Simplicity2,WINDPOWER,5632,2010,0.141217751
Simplicity2,WINDPOWER,5633,2010,0.278455632
Simplicity2,WINDPOWER,5634,2010,0.436384805
Simplicity2,WINDPOWER,5635,2010,0.620027303
Simplicity2,WINDPOWER,5636,2010,0.687295139
Simplicity2,WINDPOWER,5637,2010,0.800254495
Simplicity2,WINDPOWER,5638,2010,0.77079633
Simplicity2,WINDPOWER,5639,2010,0.730771431
Simplicity2,WINDPOWER,5640,2010,0.58382804
Simplicity2,WINDPOWER,5641,2010,0.401451643
Simplicity2,WINDPOWER,5642,2010,0.250248741
Simplicity2,WINDPOWER,5643,2010,0.091466576
Simplicity2,WINDPOWER,5644,2010,0.007734311
Simplicity2,WINDPOWER,5645,2010,0
Simplicity2,WINDPOWER,5646,2010,0
Simplicity2,WINDPOWER,5647,2010,0
Simplicity2,WINDPOWER,5648,2010,0
Simplicity2,WINDPOWER,5649,2010,0
Simplicity2,WINDPOWER,5650,2010,0
Simplicity2,WINDPOWER,5651,2010,0
Simplicity2,WINDPOWER,5652,2010,0
Simplicity2,WINDPOWER,5653,2010,0
Simplicity2,WINDPOWER,5654,2010,0
Simplicity2,WINDPOWER,5655,2010,0.021122428
Simplicity2,WINDPOWER,5656,2010,0.190054827
Simplicity2,WINDPOWER,5657,2010,0.402909988
Simplicity2,WINDPOWER,5658,2010,0.586857478
Simplicity2,WINDPOWER,5659,2010,0.719911046
Simplicity2,WINDPOWER,5660,2010,0.624061878
Simplicity2,WINDPOWER,5661,2010,0.39349406
Simplicity2,WINDPOWER,5662,2010,0.476263797
Simplicity2,WINDPOWER,5663,2010,0.332615151
Simplicity2,WINDPOWER,5664,2010,0.326433088
Simplicity2,WINDPOWER,5665,2010,0.256057963
Simplicity2,WINDPOWER,5666,2010,0.199135992
Simplicity2,WINDPOWER,5667,2010,0.080222603
Simplicity2,WINDPOWER,5668,2010,0.006494337
Simplicity2,WINDPOWER,5669,2010,0
Simplicity2,WINDPOWER,5670,2010,0
Simplicity2,WINDPOWER,5671,2010,0
Simplicity2,WINDPOWER,5672,2010,0
Simplicity2,WINDPOWER,5673,2010,0
Simplicity2,WINDPOWER,5674,2010,0
Simplicity2,WINDPOWER,5675,2010,0
Simplicity2,WINDPOWER,5676,2010,0
Simplicity2,WINDPOWER,5677,2010,0
Simplicity2,WINDPOWER,5678,2010,0
Simplicity2,WINDPOWER,5679,2010,0.020858853
Simplicity2,WINDPOWER,5680,2010,0.18862425
Simplicity2,WINDPOWER,5681,2010,0.409778197
Simplicity2,WINDPOWER,5682,2010,0.602242677
Simplicity2,WINDPOWER,5683,2010,0.74329226
Simplicity2,WINDPOWER,5684,2010,0.813295902
Simplicity2,WINDPOWER,5685,2010,0.849586175
Simplicity2,WINDPOWER,5686,2010,0.839061947
Simplicity2,WINDPOWER,5687,2010,0.730834871
Simplicity2,WINDPOWER,5688,2010,0.601715576
Simplicity2,WINDPOWER,5689,2010,0.4371348
Simplicity2,WINDPOWER,5690,2010,0.284634337
Simplicity2,WINDPOWER,5691,2010,0.087812338
Simplicity2,WINDPOWER,5692,2010,0
Simplicity2,WINDPOWER,5693,2010,0
Simplicity2,WINDPOWER,5694,2010,0
Simplicity2,WINDPOWER,5695,2010,0
Simplicity2,WINDPOWER,5696,2010,0
Simplicity2,WINDPOWER,5697,2010,0
Simplicity2,WINDPOWER,5698,2010,0
Simplicity2,WINDPOWER,5699,2010,0
Simplicity2,WINDPOWER,5700,2010,0
Simplicity2,WINDPOWER,5701,2010,0
Simplicity2,WINDPOWER,5702,2010,0
Simplicity2,WINDPOWER,5703,2010,0.018176772
Simplicity2,WINDPOWER,5704,2010,0.180780184
Simplicity2,WINDPOWER,5705,2010,0.388321242
Simplicity2,WINDPOWER,5706,2010,0.568772277
Simplicity2,WINDPOWER,5707,2010,0.678035011
Simplicity2,WINDPOWER,5708,2010,0.745655568
Simplicity2,WINDPOWER,5709,2010,0.676750312
Simplicity2,WINDPOWER,5710,2010,0.65009624
Simplicity2,WINDPOWER,5711,2010,0.436067179
Simplicity2,WINDPOWER,5712,2010,0.334085411
Simplicity2,WINDPOWER,5713,2010,0.173660759
Simplicity2,WINDPOWER,5714,2010,0.127832795
Simplicity2,WINDPOWER,5715,2010,0.057567138
Simplicity2,WINDPOWER,5716,2010,0
Simplicity2,WINDPOWER,5717,2010,0
Simplicity2,WINDPOWER,5718,2010,0
Simplicity2,WINDPOWER,5719,2010,0
Simplicity2,WINDPOWER,5720,2010,0
Simplicity2,WINDPOWER,5721,2010,0
Simplicity2,WINDPOWER,5722,2010,0
Simplicity2,WINDPOWER,5723,2010,0
Simplicity2,WINDPOWER,5724,2010,0
Simplicity2,WINDPOWER,5725,2010,0
Simplicity2,WINDPOWER,5726,2010,0
Simplicity2,WINDPOWER,5727,2010,0.021759531
Simplicity2,WINDPOWER,5728,2010,0.099600592
Simplicity2,WINDPOWER,5729,2010,0.294436633
Simplicity2,WINDPOWER,5730,2010,0.414900577
Simplicity2,WINDPOWER,5731,2010,0.58296493
Simplicity2,WINDPOWER,5732,2010,0.671171853
Simplicity2,WINDPOWER,5733,2010,0.729068328
Simplicity2,WINDPOWER,5734,2010,0.602328908
Simplicity2,WINDPOWER,5735,2010,0.503427974
Simplicity2,WINDPOWER,5736,2010,0.393251042
Simplicity2,WINDPOWER,5737,2010,0.316295284
Simplicity2,WINDPOWER,5738,2010,0.186615676
Simplicity2,WINDPOWER,5739,2010,0.068347882
Simplicity2,WINDPOWER,5740,2010,0
Simplicity2,WINDPOWER,5741,2010,0
Simplicity2,WINDPOWER,5742,2010,0
Simplicity2,WINDPOWER,5743,2010,0
Simplicity2,WINDPOWER,5744,2010,0
Simplicity2,WINDPOWER,5745,2010,0
Simplicity2,WINDPOWER,5746,2010,0
Simplicity2,WINDPOWER,5747,2010,0
Simplicity2,WINDPOWER,5748,2010,0
Simplicity2,WINDPOWER,5749,2010,0
Simplicity2,WINDPOWER,5750,2010,0
Simplicity2,WINDPOWER,5751,2010,0.025892549
Simplicity2,WINDPOWER,5752,2010,0.137826518
Simplicity2,WINDPOWER,5753,2010,0.344264477
Simplicity2,WINDPOWER,5754,2010,0.571893083
Simplicity2,WINDPOWER,5755,2010,0.687478506
Simplicity2,WINDPOWER,5756,2010,0.752962385
Simplicity2,WINDPOWER,5757,2010,0.727758792
Simplicity2,WINDPOWER,5758,2010,0.702672964
Simplicity2,WINDPOWER,5759,2010,0.687250374
Simplicity2,WINDPOWER,5760,2010,0.553286223
Simplicity2,WINDPOWER,5761,2010,0.472320889
Simplicity2,WINDPOWER,5762,2010,0.284088083
Simplicity2,WINDPOWER,5763,2010,0.080545073
Simplicity2,WINDPOWER,5764,2010,0
Simplicity2,WINDPOWER,5765,2010,0
Simplicity2,WINDPOWER,5766,2010,0
Simplicity2,WINDPOWER,5767,2010,0
Simplicity2,WINDPOWER,5768,2010,0
Simplicity2,WINDPOWER,5769,2010,0
Simplicity2,WINDPOWER,5770,2010,0
Simplicity2,WINDPOWER,5771,2010,0
Simplicity2,WINDPOWER,5772,2010,0
Simplicity2,WINDPOWER,5773,2010,0
Simplicity2,WINDPOWER,5774,2010,0
Simplicity2,WINDPOWER,5775,2010,0.015511397
Simplicity2,WINDPOWER,5776,2010,0.183892211
Simplicity2,WINDPOWER,5777,2010,0.405605878
Simplicity2,WINDPOWER,5778,2010,0.596724623
Simplicity2,WINDPOWER,5779,2010,0.737277032
Simplicity2,WINDPOWER,5780,2010,0.822027711
Simplicity2,WINDPOWER,5781,2010,0.847096811
Simplicity2,WINDPOWER,5782,2010,0.835841648
Simplicity2,WINDPOWER,5783,2010,0.776928602
Simplicity2,WINDPOWER,5784,2010,0.641553437
Simplicity2,WINDPOWER,5785,2010,0.497001237
Simplicity2,WINDPOWER,5786,2010,0.273269038
Simplicity2,WINDPOWER,5787,2010,0.075484648
Simplicity2,WINDPOWER,5788,2010,0
Simplicity2,WINDPOWER,5789,2010,0
Simplicity2,WINDPOWER,5790,2010,0
Simplicity2,WINDPOWER,5791,2010,0
Simplicity2,WINDPOWER,5792,2010,0
Simplicity2,WINDPOWER,5793,2010,0
Simplicity2,WINDPOWER,5794,2010,0
Simplicity2,WINDPOWER,5795,2010,0
Simplicity2,WINDPOWER,5796,2010,0
Simplicity2,WINDPOWER,5797,2010,0
Simplicity2,WINDPOWER,5798,2010,0
Simplicity2,WINDPOWER,5799,2010,0.023644279
Simplicity2,WINDPOWER,5800,2010,0.146051121
Simplicity2,WINDPOWER,5801,2010,0.318687532
Simplicity2,WINDPOWER,5802,2010,0.550951217
Simplicity2,WINDPOWER,5803,2010,0.708270448
Simplicity2,WINDPOWER,5804,2010,0.79990396
Simplicity2,WINDPOWER,5805,2010,0.838162756
Simplicity2,WINDPOWER,5806,2010,0.794567604
Simplicity2,WINDPOWER,5807,2010,0.753372891
Simplicity2,WINDPOWER,5808,2010,0.549396912
Simplicity2,WINDPOWER,5809,2010,0.343861617
Simplicity2,WINDPOWER,5810,2010,0.193295592
Simplicity2,WINDPOWER,5811,2010,0.060919868
Simplicity2,WINDPOWER,5812,2010,0
Simplicity2,WINDPOWER,5813,2010,0
Simplicity2,WINDPOWER,5814,2010,0
Simplicity2,WINDPOWER,5815,2010,0
Simplicity2,WINDPOWER,5816,2010,0
Simplicity2,WINDPOWER,5817,2010,0
Simplicity2,WINDPOWER,5818,2010,0
Simplicity2,WINDPOWER,5819,2010,0
Simplicity2,WINDPOWER,5820,2010,0
Simplicity2,WINDPOWER,5821,2010,0
Simplicity2,WINDPOWER,5822,2010,0
Simplicity2,WINDPOWER,5823,2010,0.014183613
Simplicity2,WINDPOWER,5824,2010,0.183896844
Simplicity2,WINDPOWER,5825,2010,0.402832516
Simplicity2,WINDPOWER,5826,2010,0.593013086
Simplicity2,WINDPOWER,5827,2010,0.605389308
Simplicity2,WINDPOWER,5828,2010,0.630280705
Simplicity2,WINDPOWER,5829,2010,0.713919178
Simplicity2,WINDPOWER,5830,2010,0.598684868
Simplicity2,WINDPOWER,5831,2010,0.676641013
Simplicity2,WINDPOWER,5832,2010,0.5297004
Simplicity2,WINDPOWER,5833,2010,0.4006482
Simplicity2,WINDPOWER,5834,2010,0.192655297
Simplicity2,WINDPOWER,5835,2010,0.061298493
Simplicity2,WINDPOWER,5836,2010,0
Simplicity2,WINDPOWER,5837,2010,0
Simplicity2,WINDPOWER,5838,2010,0
Simplicity2,WINDPOWER,5839,2010,0
Simplicity2,WINDPOWER,5840,2010,0
Simplicity2,WINDPOWER,5841,2010,0
Simplicity2,WINDPOWER,5842,2010,0
Simplicity2,WINDPOWER,5843,2010,0
Simplicity2,WINDPOWER,5844,2010,0
Simplicity2,WINDPOWER,5845,2010,0
Simplicity2,WINDPOWER,5846,2010,0
Simplicity2,WINDPOWER,5847,2010,0.013382854
Simplicity2,WINDPOWER,5848,2010,0.15440196
Simplicity2,WINDPOWER,5849,2010,0.319821024
Simplicity2,WINDPOWER,5850,2010,0.486555598
Simplicity2,WINDPOWER,5851,2010,0.512958458
Simplicity2,WINDPOWER,5852,2010,0.551167659
Simplicity2,WINDPOWER,5853,2010,0.529690499
Simplicity2,WINDPOWER,5854,2010,0.662211565
Simplicity2,WINDPOWER,5855,2010,0.555280572
Simplicity2,WINDPOWER,5856,2010,0.525477102
Simplicity2,WINDPOWER,5857,2010,0.295980513
Simplicity2,WINDPOWER,5858,2010,0.137959684
Simplicity2,WINDPOWER,5859,2010,0.055237855
Simplicity2,WINDPOWER,5860,2010,0
Simplicity2,WINDPOWER,5861,2010,0
Simplicity2,WINDPOWER,5862,2010,0
Simplicity2,WINDPOWER,5863,2010,0
Simplicity2,WINDPOWER,5864,2010,0
Simplicity2,WINDPOWER,5865,2010,0
Simplicity2,WINDPOWER,5866,2010,0
Simplicity2,WINDPOWER,5867,2010,0
Simplicity2,WINDPOWER,5868,2010,0
Simplicity2,WINDPOWER,5869,2010,0
Simplicity2,WINDPOWER,5870,2010,0
Simplicity2,WINDPOWER,5871,2010,0.014807664
Simplicity2,WINDPOWER,5872,2010,0.173297685
Simplicity2,WINDPOWER,5873,2010,0.395080103
Simplicity2,WINDPOWER,5874,2010,0.582003385
Simplicity2,WINDPOWER,5875,2010,0.731914436
Simplicity2,WINDPOWER,5876,2010,0.730931456
Simplicity2,WINDPOWER,5877,2010,0.679335265
Simplicity2,WINDPOWER,5878,2010,0.557434207
Simplicity2,WINDPOWER,5879,2010,0.597629559
Simplicity2,WINDPOWER,5880,2010,0.432914499
Simplicity2,WINDPOWER,5881,2010,0.287125093
Simplicity2,WINDPOWER,5882,2010,0.135411331
Simplicity2,WINDPOWER,5883,2010,0.03853671
Simplicity2,WINDPOWER,5884,2010,0
Simplicity2,WINDPOWER,5885,2010,0
Simplicity2,WINDPOWER,5886,2010,0
Simplicity2,WINDPOWER,5887,2010,0
Simplicity2,WINDPOWER,5888,2010,0
Simplicity2,WINDPOWER,5889,2010,0
Simplicity2,WINDPOWER,5890,2010,0
Simplicity2,WINDPOWER,5891,2010,0
Simplicity2,WINDPOWER,5892,2010,0
Simplicity2,WINDPOWER,5893,2010,0
Simplicity2,WINDPOWER,5894,2010,0
Simplicity2,WINDPOWER,5895,2010,0.013295397
Simplicity2,WINDPOWER,5896,2010,0.1786754
Simplicity2,WINDPOWER,5897,2010,0.4030547
Simplicity2,WINDPOWER,5898,2010,0.601858971
Simplicity2,WINDPOWER,5899,2010,0.743470873
Simplicity2,WINDPOWER,5900,2010,0.827571174
Simplicity2,WINDPOWER,5901,2010,0.854563189
Simplicity2,WINDPOWER,5902,2010,0.837371653
Simplicity2,WINDPOWER,5903,2010,0.7830582
Simplicity2,WINDPOWER,5904,2010,0.649789039
Simplicity2,WINDPOWER,5905,2010,0.456064538
Simplicity2,WINDPOWER,5906,2010,0.274255644
Simplicity2,WINDPOWER,5907,2010,0.065181291
Simplicity2,WINDPOWER,5908,2010,0
Simplicity2,WINDPOWER,5909,2010,0
Simplicity2,WINDPOWER,5910,2010,0
Simplicity2,WINDPOWER,5911,2010,0
Simplicity2,WINDPOWER,5912,2010,0
Simplicity2,WINDPOWER,5913,2010,0
Simplicity2,WINDPOWER,5914,2010,0
Simplicity2,WINDPOWER,5915,2010,0
Simplicity2,WINDPOWER,5916,2010,0
Simplicity2,WINDPOWER,5917,2010,0
Simplicity2,WINDPOWER,5918,2010,0
Simplicity2,WINDPOWER,5919,2010,0.012151496
Simplicity2,WINDPOWER,5920,2010,0.176958951
Simplicity2,WINDPOWER,5921,2010,0.400134898
Simplicity2,WINDPOWER,5922,2010,0.590692585
Simplicity2,WINDPOWER,5923,2010,0.728843777
Simplicity2,WINDPOWER,5924,2010,0.7946749
Simplicity2,WINDPOWER,5925,2010,0.681368116
Simplicity2,WINDPOWER,5926,2010,0.495769932
Simplicity2,WINDPOWER,5927,2010,0.515790727
Simplicity2,WINDPOWER,5928,2010,0.528104862
Simplicity2,WINDPOWER,5929,2010,0.388316847
Simplicity2,WINDPOWER,5930,2010,0.214043838
Simplicity2,WINDPOWER,5931,2010,0.0474402
Simplicity2,WINDPOWER,5932,2010,0
Simplicity2,WINDPOWER,5933,2010,0
Simplicity2,WINDPOWER,5934,2010,0
Simplicity2,WINDPOWER,5935,2010,0
Simplicity2,WINDPOWER,5936,2010,0
Simplicity2,WINDPOWER,5937,2010,0
Simplicity2,WINDPOWER,5938,2010,0
Simplicity2,WINDPOWER,5939,2010,0
Simplicity2,WINDPOWER,5940,2010,0
Simplicity2,WINDPOWER,5941,2010,0
Simplicity2,WINDPOWER,5942,2010,0
Simplicity2,WINDPOWER,5943,2010,0.010571004
Simplicity2,WINDPOWER,5944,2010,0.168524277
Simplicity2,WINDPOWER,5945,2010,0.374897532
Simplicity2,WINDPOWER,5946,2010,0.545285632
Simplicity2,WINDPOWER,5947,2010,0.714284502
Simplicity2,WINDPOWER,5948,2010,0.799952979
Simplicity2,WINDPOWER,5949,2010,0.777008669
Simplicity2,WINDPOWER,5950,2010,0.696438679
Simplicity2,WINDPOWER,5951,2010,0.612251111
Simplicity2,WINDPOWER,5952,2010,0.512621249
Simplicity2,WINDPOWER,5953,2010,0.300235845
Simplicity2,WINDPOWER,5954,2010,0.197065553
Simplicity2,WINDPOWER,5955,2010,0.054539581
Simplicity2,WINDPOWER,5956,2010,0
Simplicity2,WINDPOWER,5957,2010,0
Simplicity2,WINDPOWER,5958,2010,0
Simplicity2,WINDPOWER,5959,2010,0
Simplicity2,WINDPOWER,5960,2010,0
Simplicity2,WINDPOWER,5961,2010,0
Simplicity2,WINDPOWER,5962,2010,0
Simplicity2,WINDPOWER,5963,2010,0
Simplicity2,WINDPOWER,5964,2010,0
Simplicity2,WINDPOWER,5965,2010,0
Simplicity2,WINDPOWER,5966,2010,0
Simplicity2,WINDPOWER,5967,2010,0.010154027
Simplicity2,WINDPOWER,5968,2010,0.175875375
Simplicity2,WINDPOWER,5969,2010,0.380614785
Simplicity2,WINDPOWER,5970,2010,0.600506192
Simplicity2,WINDPOWER,5971,2010,0.722572686
Simplicity2,WINDPOWER,5972,2010,0.718861732
Simplicity2,WINDPOWER,5973,2010,0.761996593
Simplicity2,WINDPOWER,5974,2010,0.811754797
Simplicity2,WINDPOWER,5975,2010,0.722152171
Simplicity2,WINDPOWER,5976,2010,0.652695108
Simplicity2,WINDPOWER,5977,2010,0.479947693
Simplicity2,WINDPOWER,5978,2010,0.247706616
Simplicity2,WINDPOWER,5979,2010,0.053028443
Simplicity2,WINDPOWER,5980,2010,0
Simplicity2,WINDPOWER,5981,2010,0
Simplicity2,WINDPOWER,5982,2010,0
Simplicity2,WINDPOWER,5983,2010,0
Simplicity2,WINDPOWER,5984,2010,0
Simplicity2,WINDPOWER,5985,2010,0
Simplicity2,WINDPOWER,5986,2010,0
Simplicity2,WINDPOWER,5987,2010,0
Simplicity2,WINDPOWER,5988,2010,0
Simplicity2,WINDPOWER,5989,2010,0
Simplicity2,WINDPOWER,5990,2010,0
Simplicity2,WINDPOWER,5991,2010,0.00978073
Simplicity2,WINDPOWER,5992,2010,0.169697191
Simplicity2,WINDPOWER,5993,2010,0.389540227
Simplicity2,WINDPOWER,5994,2010,0.580998487
Simplicity2,WINDPOWER,5995,2010,0.721123008
Simplicity2,WINDPOWER,5996,2010,0.803971866
Simplicity2,WINDPOWER,5997,2010,0.827766478
Simplicity2,WINDPOWER,5998,2010,0.814671327
Simplicity2,WINDPOWER,5999,2010,0.726420269
Simplicity2,WINDPOWER,6000,2010,0.604959821
Simplicity2,WINDPOWER,6001,2010,0.44127451
Simplicity2,WINDPOWER,6002,2010,0.239192711
Simplicity2,WINDPOWER,6003,2010,0.049656505
Simplicity2,WINDPOWER,6004,2010,0
Simplicity2,WINDPOWER,6005,2010,0
Simplicity2,WINDPOWER,6006,2010,0
Simplicity2,WINDPOWER,6007,2010,0
Simplicity2,WINDPOWER,6008,2010,0
Simplicity2,WINDPOWER,6009,2010,0
Simplicity2,WINDPOWER,6010,2010,0
Simplicity2,WINDPOWER,6011,2010,0
Simplicity2,WINDPOWER,6012,2010,0
Simplicity2,WINDPOWER,6013,2010,0
Simplicity2,WINDPOWER,6014,2010,0
Simplicity2,WINDPOWER,6015,2010,0.013756448
Simplicity2,WINDPOWER,6016,2010,0.124693021
Simplicity2,WINDPOWER,6017,2010,0.350600242
Simplicity2,WINDPOWER,6018,2010,0.570371189
Simplicity2,WINDPOWER,6019,2010,0.60484521
Simplicity2,WINDPOWER,6020,2010,0.560997248
Simplicity2,WINDPOWER,6021,2010,0.699533096
Simplicity2,WINDPOWER,6022,2010,0.759236046
Simplicity2,WINDPOWER,6023,2010,0.680806751
Simplicity2,WINDPOWER,6024,2010,0.529119147
Simplicity2,WINDPOWER,6025,2010,0.305125993
Simplicity2,WINDPOWER,6026,2010,0.176929049
Simplicity2,WINDPOWER,6027,2010,0.035232471
Simplicity2,WINDPOWER,6028,2010,0
Simplicity2,WINDPOWER,6029,2010,0
Simplicity2,WINDPOWER,6030,2010,0
Simplicity2,WINDPOWER,6031,2010,0
Simplicity2,WINDPOWER,6032,2010,0
Simplicity2,WINDPOWER,6033,2010,0
Simplicity2,WINDPOWER,6034,2010,0
Simplicity2,WINDPOWER,6035,2010,0
Simplicity2,WINDPOWER,6036,2010,0
Simplicity2,WINDPOWER,6037,2010,0
Simplicity2,WINDPOWER,6038,2010,0
Simplicity2,WINDPOWER,6039,2010,0.009405831
Simplicity2,WINDPOWER,6040,2010,0.16408098
Simplicity2,WINDPOWER,6041,2010,0.386772121
Simplicity2,WINDPOWER,6042,2010,0.582139127
Simplicity2,WINDPOWER,6043,2010,0.722174427
Simplicity2,WINDPOWER,6044,2010,0.806426647
Simplicity2,WINDPOWER,6045,2010,0.829527056
Simplicity2,WINDPOWER,6046,2010,0.797723515
Simplicity2,WINDPOWER,6047,2010,0.708922866
Simplicity2,WINDPOWER,6048,2010,0.624387951
Simplicity2,WINDPOWER,6049,2010,0.400300768
Simplicity2,WINDPOWER,6050,2010,0.189143273
Simplicity2,WINDPOWER,6051,2010,0.033683924
Simplicity2,WINDPOWER,6052,2010,0
Simplicity2,WINDPOWER,6053,2010,0
Simplicity2,WINDPOWER,6054,2010,0
Simplicity2,WINDPOWER,6055,2010,0
Simplicity2,WINDPOWER,6056,2010,0
Simplicity2,WINDPOWER,6057,2010,0
Simplicity2,WINDPOWER,6058,2010,0
Simplicity2,WINDPOWER,6059,2010,0
Simplicity2,WINDPOWER,6060,2010,0
Simplicity2,WINDPOWER,6061,2010,0
Simplicity2,WINDPOWER,6062,2010,0
Simplicity2,WINDPOWER,6063,2010,0.010683371
Simplicity2,WINDPOWER,6064,2010,0.154313695
Simplicity2,WINDPOWER,6065,2010,0.367177468
Simplicity2,WINDPOWER,6066,2010,0.551961975
Simplicity2,WINDPOWER,6067,2010,0.696573432
Simplicity2,WINDPOWER,6068,2010,0.740511323
Simplicity2,WINDPOWER,6069,2010,0.810242381
Simplicity2,WINDPOWER,6070,2010,0.741739568
Simplicity2,WINDPOWER,6071,2010,0.409111434
Simplicity2,WINDPOWER,6072,2010,0.346978699
Simplicity2,WINDPOWER,6073,2010,0.148696439
Simplicity2,WINDPOWER,6074,2010,0.077296774
Simplicity2,WINDPOWER,6075,2010,0.013729432
Simplicity2,WINDPOWER,6076,2010,0
Simplicity2,WINDPOWER,6077,2010,0
Simplicity2,WINDPOWER,6078,2010,0
Simplicity2,WINDPOWER,6079,2010,0
Simplicity2,WINDPOWER,6080,2010,0
Simplicity2,WINDPOWER,6081,2010,0
Simplicity2,WINDPOWER,6082,2010,0
Simplicity2,WINDPOWER,6083,2010,0
Simplicity2,WINDPOWER,6084,2010,0
Simplicity2,WINDPOWER,6085,2010,0
Simplicity2,WINDPOWER,6086,2010,0
Simplicity2,WINDPOWER,6087,2010,0.00270664
Simplicity2,WINDPOWER,6088,2010,0.020546111
Simplicity2,WINDPOWER,6089,2010,0.110401787
Simplicity2,WINDPOWER,6090,2010,0.249041728
Simplicity2,WINDPOWER,6091,2010,0.482207916
Simplicity2,WINDPOWER,6092,2010,0.416799039
Simplicity2,WINDPOWER,6093,2010,0.445785242
Simplicity2,WINDPOWER,6094,2010,0.496483408
Simplicity2,WINDPOWER,6095,2010,0.559917222
Simplicity2,WINDPOWER,6096,2010,0.349314509
Simplicity2,WINDPOWER,6097,2010,0.243467725
Simplicity2,WINDPOWER,6098,2010,0.149637505
Simplicity2,WINDPOWER,6099,2010,0.029527107
Simplicity2,WINDPOWER,6100,2010,0
Simplicity2,WINDPOWER,6101,2010,0
Simplicity2,WINDPOWER,6102,2010,0
Simplicity2,WINDPOWER,6103,2010,0
Simplicity2,WINDPOWER,6104,2010,0
Simplicity2,WINDPOWER,6105,2010,0
Simplicity2,WINDPOWER,6106,2010,0
Simplicity2,WINDPOWER,6107,2010,0
Simplicity2,WINDPOWER,6108,2010,0
Simplicity2,WINDPOWER,6109,2010,0
Simplicity2,WINDPOWER,6110,2010,0
Simplicity2,WINDPOWER,6111,2010,0.00474771
Simplicity2,WINDPOWER,6112,2010,0.037292829
Simplicity2,WINDPOWER,6113,2010,0.15518235
Simplicity2,WINDPOWER,6114,2010,0.239052262
Simplicity2,WINDPOWER,6115,2010,0.39645936
Simplicity2,WINDPOWER,6116,2010,0.542698828
Simplicity2,WINDPOWER,6117,2010,0.641311758
Simplicity2,WINDPOWER,6118,2010,0.51785961
Simplicity2,WINDPOWER,6119,2010,0.475614342
Simplicity2,WINDPOWER,6120,2010,0.412775421
Simplicity2,WINDPOWER,6121,2010,0.347181084
Simplicity2,WINDPOWER,6122,2010,0.201251441
Simplicity2,WINDPOWER,6123,2010,0.035866968
Simplicity2,WINDPOWER,6124,2010,0
Simplicity2,WINDPOWER,6125,2010,0
Simplicity2,WINDPOWER,6126,2010,0
Simplicity2,WINDPOWER,6127,2010,0
Simplicity2,WINDPOWER,6128,2010,0
Simplicity2,WINDPOWER,6129,2010,0
Simplicity2,WINDPOWER,6130,2010,0
Simplicity2,WINDPOWER,6131,2010,0
Simplicity2,WINDPOWER,6132,2010,0
Simplicity2,WINDPOWER,6133,2010,0
Simplicity2,WINDPOWER,6134,2010,0
Simplicity2,WINDPOWER,6135,2010,0.006381384
Simplicity2,WINDPOWER,6136,2010,0.098198883
Simplicity2,WINDPOWER,6137,2010,0.237363448
Simplicity2,WINDPOWER,6138,2010,0.397471346
Simplicity2,WINDPOWER,6139,2010,0.563770766
Simplicity2,WINDPOWER,6140,2010,0.657175875
Simplicity2,WINDPOWER,6141,2010,0.642028154
Simplicity2,WINDPOWER,6142,2010,0.656415432
Simplicity2,WINDPOWER,6143,2010,0.616141578
Simplicity2,WINDPOWER,6144,2010,0.502978274
Simplicity2,WINDPOWER,6145,2010,0.358320805
Simplicity2,WINDPOWER,6146,2010,0.21514466
Simplicity2,WINDPOWER,6147,2010,0.031702887
Simplicity2,WINDPOWER,6148,2010,0
Simplicity2,WINDPOWER,6149,2010,0
Simplicity2,WINDPOWER,6150,2010,0
Simplicity2,WINDPOWER,6151,2010,0
Simplicity2,WINDPOWER,6152,2010,0
Simplicity2,WINDPOWER,6153,2010,0
Simplicity2,WINDPOWER,6154,2010,0
Simplicity2,WINDPOWER,6155,2010,0
Simplicity2,WINDPOWER,6156,2010,0
Simplicity2,WINDPOWER,6157,2010,0
Simplicity2,WINDPOWER,6158,2010,0
Simplicity2,WINDPOWER,6159,2010,0
Simplicity2,WINDPOWER,6160,2010,0.166428597
Simplicity2,WINDPOWER,6161,2010,0.39211294
Simplicity2,WINDPOWER,6162,2010,0.579092105
Simplicity2,WINDPOWER,6163,2010,0.704043862
Simplicity2,WINDPOWER,6164,2010,0.750379736
Simplicity2,WINDPOWER,6165,2010,0.800169143
Simplicity2,WINDPOWER,6166,2010,0.82589435
Simplicity2,WINDPOWER,6167,2010,0.593458481
Simplicity2,WINDPOWER,6168,2010,0.356745073
Simplicity2,WINDPOWER,6169,2010,0.133850531
Simplicity2,WINDPOWER,6170,2010,0.050723426
Simplicity2,WINDPOWER,6171,2010,0.012996287
Simplicity2,WINDPOWER,6172,2010,0
Simplicity2,WINDPOWER,6173,2010,0
Simplicity2,WINDPOWER,6174,2010,0
Simplicity2,WINDPOWER,6175,2010,0
Simplicity2,WINDPOWER,6176,2010,0
Simplicity2,WINDPOWER,6177,2010,0
Simplicity2,WINDPOWER,6178,2010,0
Simplicity2,WINDPOWER,6179,2010,0
Simplicity2,WINDPOWER,6180,2010,0
Simplicity2,WINDPOWER,6181,2010,0
Simplicity2,WINDPOWER,6182,2010,0
Simplicity2,WINDPOWER,6183,2010,0
Simplicity2,WINDPOWER,6184,2010,0.132962635
Simplicity2,WINDPOWER,6185,2010,0.320994745
Simplicity2,WINDPOWER,6186,2010,0.467038563
Simplicity2,WINDPOWER,6187,2010,0.615183627
Simplicity2,WINDPOWER,6188,2010,0.659726243
Simplicity2,WINDPOWER,6189,2010,0.636678218
Simplicity2,WINDPOWER,6190,2010,0.647729607
Simplicity2,WINDPOWER,6191,2010,0.622991465
Simplicity2,WINDPOWER,6192,2010,0.555819977
Simplicity2,WINDPOWER,6193,2010,0.386125616
Simplicity2,WINDPOWER,6194,2010,0.214826331
Simplicity2,WINDPOWER,6195,2010,0.03088226
Simplicity2,WINDPOWER,6196,2010,0
Simplicity2,WINDPOWER,6197,2010,0
Simplicity2,WINDPOWER,6198,2010,0
Simplicity2,WINDPOWER,6199,2010,0
Simplicity2,WINDPOWER,6200,2010,0
Simplicity2,WINDPOWER,6201,2010,0
Simplicity2,WINDPOWER,6202,2010,0
Simplicity2,WINDPOWER,6203,2010,0
Simplicity2,WINDPOWER,6204,2010,0
Simplicity2,WINDPOWER,6205,2010,0
Simplicity2,WINDPOWER,6206,2010,0
Simplicity2,WINDPOWER,6207,2010,0
Simplicity2,WINDPOWER,6208,2010,0.169578252
Simplicity2,WINDPOWER,6209,2010,0.401955205
Simplicity2,WINDPOWER,6210,2010,0.606327476
Simplicity2,WINDPOWER,6211,2010,0.747206244
Simplicity2,WINDPOWER,6212,2010,0.737801322
Simplicity2,WINDPOWER,6213,2010,0.813748651
Simplicity2,WINDPOWER,6214,2010,0.789761982
Simplicity2,WINDPOWER,6215,2010,0.686079815
Simplicity2,WINDPOWER,6216,2010,0.54989042
Simplicity2,WINDPOWER,6217,2010,0.413936503
Simplicity2,WINDPOWER,6218,2010,0.233872563
Simplicity2,WINDPOWER,6219,2010,0.032620276
Simplicity2,WINDPOWER,6220,2010,0
Simplicity2,WINDPOWER,6221,2010,0
Simplicity2,WINDPOWER,6222,2010,0
Simplicity2,WINDPOWER,6223,2010,0
Simplicity2,WINDPOWER,6224,2010,0
Simplicity2,WINDPOWER,6225,2010,0
Simplicity2,WINDPOWER,6226,2010,0
Simplicity2,WINDPOWER,6227,2010,0
Simplicity2,WINDPOWER,6228,2010,0
Simplicity2,WINDPOWER,6229,2010,0
Simplicity2,WINDPOWER,6230,2010,0
Simplicity2,WINDPOWER,6231,2010,0
Simplicity2,WINDPOWER,6232,2010,0.115756021
Simplicity2,WINDPOWER,6233,2010,0.31362181
Simplicity2,WINDPOWER,6234,2010,0.40665784
Simplicity2,WINDPOWER,6235,2010,0.484240132
Simplicity2,WINDPOWER,6236,2010,0.399734077
Simplicity2,WINDPOWER,6237,2010,0.384507087
Simplicity2,WINDPOWER,6238,2010,0.2433252
Simplicity2,WINDPOWER,6239,2010,0.170838847
Simplicity2,WINDPOWER,6240,2010,0.087600179
Simplicity2,WINDPOWER,6241,2010,0.050909192
Simplicity2,WINDPOWER,6242,2010,0.02899057
Simplicity2,WINDPOWER,6243,2010,0.005175792
Simplicity2,WINDPOWER,6244,2010,0
Simplicity2,WINDPOWER,6245,2010,0
Simplicity2,WINDPOWER,6246,2010,0
Simplicity2,WINDPOWER,6247,2010,0
Simplicity2,WINDPOWER,6248,2010,0
Simplicity2,WINDPOWER,6249,2010,0
Simplicity2,WINDPOWER,6250,2010,0
Simplicity2,WINDPOWER,6251,2010,0
Simplicity2,WINDPOWER,6252,2010,0
Simplicity2,WINDPOWER,6253,2010,0
Simplicity2,WINDPOWER,6254,2010,0
Simplicity2,WINDPOWER,6255,2010,0
Simplicity2,WINDPOWER,6256,2010,0.012280055
Simplicity2,WINDPOWER,6257,2010,0.035186952
Simplicity2,WINDPOWER,6258,2010,0.0983296
Simplicity2,WINDPOWER,6259,2010,0.18961563
Simplicity2,WINDPOWER,6260,2010,0.289885045
Simplicity2,WINDPOWER,6261,2010,0.322544723
Simplicity2,WINDPOWER,6262,2010,0.315325104
Simplicity2,WINDPOWER,6263,2010,0.266775716
Simplicity2,WINDPOWER,6264,2010,0.243094633
Simplicity2,WINDPOWER,6265,2010,0.235946576
Simplicity2,WINDPOWER,6266,2010,0.110923255
Simplicity2,WINDPOWER,6267,2010,0.014352048
Simplicity2,WINDPOWER,6268,2010,0
Simplicity2,WINDPOWER,6269,2010,0
Simplicity2,WINDPOWER,6270,2010,0
Simplicity2,WINDPOWER,6271,2010,0
Simplicity2,WINDPOWER,6272,2010,0
Simplicity2,WINDPOWER,6273,2010,0
Simplicity2,WINDPOWER,6274,2010,0
Simplicity2,WINDPOWER,6275,2010,0
Simplicity2,WINDPOWER,6276,2010,0
Simplicity2,WINDPOWER,6277,2010,0
Simplicity2,WINDPOWER,6278,2010,0
Simplicity2,WINDPOWER,6279,2010,0
Simplicity2,WINDPOWER,6280,2010,0.073660083
Simplicity2,WINDPOWER,6281,2010,0.138529996
Simplicity2,WINDPOWER,6282,2010,0.295783134
Simplicity2,WINDPOWER,6283,2010,0.306603531
Simplicity2,WINDPOWER,6284,2010,0.339700486
Simplicity2,WINDPOWER,6285,2010,0.304300055
Simplicity2,WINDPOWER,6286,2010,0.260439333
Simplicity2,WINDPOWER,6287,2010,0.264455443
Simplicity2,WINDPOWER,6288,2010,0.305416643
Simplicity2,WINDPOWER,6289,2010,0.283286447
Simplicity2,WINDPOWER,6290,2010,0.130245559
Simplicity2,WINDPOWER,6291,2010,0.018545848
Simplicity2,WINDPOWER,6292,2010,0
Simplicity2,WINDPOWER,6293,2010,0
Simplicity2,WINDPOWER,6294,2010,0
Simplicity2,WINDPOWER,6295,2010,0
Simplicity2,WINDPOWER,6296,2010,0
Simplicity2,WINDPOWER,6297,2010,0
Simplicity2,WINDPOWER,6298,2010,0
Simplicity2,WINDPOWER,6299,2010,0
Simplicity2,WINDPOWER,6300,2010,0
Simplicity2,WINDPOWER,6301,2010,0
Simplicity2,WINDPOWER,6302,2010,0
Simplicity2,WINDPOWER,6303,2010,0
Simplicity2,WINDPOWER,6304,2010,0.068444464
Simplicity2,WINDPOWER,6305,2010,0.189598266
Simplicity2,WINDPOWER,6306,2010,0.304606055
Simplicity2,WINDPOWER,6307,2010,0.47651346
Simplicity2,WINDPOWER,6308,2010,0.632866273
Simplicity2,WINDPOWER,6309,2010,0.762673019
Simplicity2,WINDPOWER,6310,2010,0.784726589
Simplicity2,WINDPOWER,6311,2010,0.541104295
Simplicity2,WINDPOWER,6312,2010,0.459409456
Simplicity2,WINDPOWER,6313,2010,0.299486302
Simplicity2,WINDPOWER,6314,2010,0.166831897
Simplicity2,WINDPOWER,6315,2010,0.021483576
Simplicity2,WINDPOWER,6316,2010,0
Simplicity2,WINDPOWER,6317,2010,0
Simplicity2,WINDPOWER,6318,2010,0
Simplicity2,WINDPOWER,6319,2010,0
Simplicity2,WINDPOWER,6320,2010,0
Simplicity2,WINDPOWER,6321,2010,0
Simplicity2,WINDPOWER,6322,2010,0
Simplicity2,WINDPOWER,6323,2010,0
Simplicity2,WINDPOWER,6324,2010,0
Simplicity2,WINDPOWER,6325,2010,0
Simplicity2,WINDPOWER,6326,2010,0
Simplicity2,WINDPOWER,6327,2010,0
Simplicity2,WINDPOWER,6328,2010,0.152237606
Simplicity2,WINDPOWER,6329,2010,0.379947529
Simplicity2,WINDPOWER,6330,2010,0.581219073
Simplicity2,WINDPOWER,6331,2010,0.725283619
Simplicity2,WINDPOWER,6332,2010,0.811680678
Simplicity2,WINDPOWER,6333,2010,0.835028272
Simplicity2,WINDPOWER,6334,2010,0.813673586
Simplicity2,WINDPOWER,6335,2010,0.741577052
Simplicity2,WINDPOWER,6336,2010,0.610012327
Simplicity2,WINDPOWER,6337,2010,0.420832229
Simplicity2,WINDPOWER,6338,2010,0.196490696
Simplicity2,WINDPOWER,6339,2010,0.021028252
Simplicity2,WINDPOWER,6340,2010,0
Simplicity2,WINDPOWER,6341,2010,0
Simplicity2,WINDPOWER,6342,2010,0
Simplicity2,WINDPOWER,6343,2010,0
Simplicity2,WINDPOWER,6344,2010,0
Simplicity2,WINDPOWER,6345,2010,0
Simplicity2,WINDPOWER,6346,2010,0
Simplicity2,WINDPOWER,6347,2010,0
Simplicity2,WINDPOWER,6348,2010,0
Simplicity2,WINDPOWER,6349,2010,0
Simplicity2,WINDPOWER,6350,2010,0
Simplicity2,WINDPOWER,6351,2010,0
Simplicity2,WINDPOWER,6352,2010,0.115016197
Simplicity2,WINDPOWER,6353,2010,0.264409071
Simplicity2,WINDPOWER,6354,2010,0.463816341
Simplicity2,WINDPOWER,6355,2010,0.56333655
Simplicity2,WINDPOWER,6356,2010,0.744106543
Simplicity2,WINDPOWER,6357,2010,0.776072988
Simplicity2,WINDPOWER,6358,2010,0.625832174
Simplicity2,WINDPOWER,6359,2010,0.51800285
Simplicity2,WINDPOWER,6360,2010,0.394697511
Simplicity2,WINDPOWER,6361,2010,0.323616449
Simplicity2,WINDPOWER,6362,2010,0.136665819
Simplicity2,WINDPOWER,6363,2010,0
Simplicity2,WINDPOWER,6364,2010,0
Simplicity2,WINDPOWER,6365,2010,0
Simplicity2,WINDPOWER,6366,2010,0
Simplicity2,WINDPOWER,6367,2010,0
Simplicity2,WINDPOWER,6368,2010,0
Simplicity2,WINDPOWER,6369,2010,0
Simplicity2,WINDPOWER,6370,2010,0
Simplicity2,WINDPOWER,6371,2010,0
Simplicity2,WINDPOWER,6372,2010,0
Simplicity2,WINDPOWER,6373,2010,0
Simplicity2,WINDPOWER,6374,2010,0
Simplicity2,WINDPOWER,6375,2010,0
Simplicity2,WINDPOWER,6376,2010,0.047703763
Simplicity2,WINDPOWER,6377,2010,0.147884382
Simplicity2,WINDPOWER,6378,2010,0.24533197
Simplicity2,WINDPOWER,6379,2010,0.415581868
Simplicity2,WINDPOWER,6380,2010,0.484802403
Simplicity2,WINDPOWER,6381,2010,0.637716994
Simplicity2,WINDPOWER,6382,2010,0.69245056
Simplicity2,WINDPOWER,6383,2010,0.558262806
Simplicity2,WINDPOWER,6384,2010,0.44784012
Simplicity2,WINDPOWER,6385,2010,0.366254809
Simplicity2,WINDPOWER,6386,2010,0.172513038
Simplicity2,WINDPOWER,6387,2010,0
Simplicity2,WINDPOWER,6388,2010,0
Simplicity2,WINDPOWER,6389,2010,0
Simplicity2,WINDPOWER,6390,2010,0
Simplicity2,WINDPOWER,6391,2010,0
Simplicity2,WINDPOWER,6392,2010,0
Simplicity2,WINDPOWER,6393,2010,0
Simplicity2,WINDPOWER,6394,2010,0
Simplicity2,WINDPOWER,6395,2010,0
Simplicity2,WINDPOWER,6396,2010,0
Simplicity2,WINDPOWER,6397,2010,0
Simplicity2,WINDPOWER,6398,2010,0
Simplicity2,WINDPOWER,6399,2010,0
Simplicity2,WINDPOWER,6400,2010,0.142445062
Simplicity2,WINDPOWER,6401,2010,0.368792478
Simplicity2,WINDPOWER,6402,2010,0.568132855
Simplicity2,WINDPOWER,6403,2010,0.685976722
Simplicity2,WINDPOWER,6404,2010,0.725942016
Simplicity2,WINDPOWER,6405,2010,0.693660344
Simplicity2,WINDPOWER,6406,2010,0.644791013
Simplicity2,WINDPOWER,6407,2010,0.622076426
Simplicity2,WINDPOWER,6408,2010,0.537570411
Simplicity2,WINDPOWER,6409,2010,0.370787372
Simplicity2,WINDPOWER,6410,2010,0.174721099
Simplicity2,WINDPOWER,6411,2010,0
Simplicity2,WINDPOWER,6412,2010,0
Simplicity2,WINDPOWER,6413,2010,0
Simplicity2,WINDPOWER,6414,2010,0
Simplicity2,WINDPOWER,6415,2010,0
Simplicity2,WINDPOWER,6416,2010,0
Simplicity2,WINDPOWER,6417,2010,0
Simplicity2,WINDPOWER,6418,2010,0
Simplicity2,WINDPOWER,6419,2010,0
Simplicity2,WINDPOWER,6420,2010,0
Simplicity2,WINDPOWER,6421,2010,0
Simplicity2,WINDPOWER,6422,2010,0
Simplicity2,WINDPOWER,6423,2010,0
Simplicity2,WINDPOWER,6424,2010,0.13864463
Simplicity2,WINDPOWER,6425,2010,0.364225335
Simplicity2,WINDPOWER,6426,2010,0.563589904
Simplicity2,WINDPOWER,6427,2010,0.70275794
Simplicity2,WINDPOWER,6428,2010,0.778983763
Simplicity2,WINDPOWER,6429,2010,0.807723161
Simplicity2,WINDPOWER,6430,2010,0.78794167
Simplicity2,WINDPOWER,6431,2010,0.713277187
Simplicity2,WINDPOWER,6432,2010,0.586686699
Simplicity2,WINDPOWER,6433,2010,0.397423243
Simplicity2,WINDPOWER,6434,2010,0.173964828
Simplicity2,WINDPOWER,6435,2010,0
Simplicity2,WINDPOWER,6436,2010,0
Simplicity2,WINDPOWER,6437,2010,0
Simplicity2,WINDPOWER,6438,2010,0
Simplicity2,WINDPOWER,6439,2010,0
Simplicity2,WINDPOWER,6440,2010,0
Simplicity2,WINDPOWER,6441,2010,0
Simplicity2,WINDPOWER,6442,2010,0
Simplicity2,WINDPOWER,6443,2010,0
Simplicity2,WINDPOWER,6444,2010,0
Simplicity2,WINDPOWER,6445,2010,0
Simplicity2,WINDPOWER,6446,2010,0
Simplicity2,WINDPOWER,6447,2010,0
Simplicity2,WINDPOWER,6448,2010,0.112174351
Simplicity2,WINDPOWER,6449,2010,0.272229474
Simplicity2,WINDPOWER,6450,2010,0.52188435
Simplicity2,WINDPOWER,6451,2010,0.702997709
Simplicity2,WINDPOWER,6452,2010,0.791621446
Simplicity2,WINDPOWER,6453,2010,0.815894383
Simplicity2,WINDPOWER,6454,2010,0.788000456
Simplicity2,WINDPOWER,6455,2010,0.71010893
Simplicity2,WINDPOWER,6456,2010,0.582427738
Simplicity2,WINDPOWER,6457,2010,0.396159254
Simplicity2,WINDPOWER,6458,2010,0.16502739
Simplicity2,WINDPOWER,6459,2010,0
Simplicity2,WINDPOWER,6460,2010,0
Simplicity2,WINDPOWER,6461,2010,0
Simplicity2,WINDPOWER,6462,2010,0
Simplicity2,WINDPOWER,6463,2010,0
Simplicity2,WINDPOWER,6464,2010,0
Simplicity2,WINDPOWER,6465,2010,0
Simplicity2,WINDPOWER,6466,2010,0
Simplicity2,WINDPOWER,6467,2010,0
Simplicity2,WINDPOWER,6468,2010,0
Simplicity2,WINDPOWER,6469,2010,0
Simplicity2,WINDPOWER,6470,2010,0
Simplicity2,WINDPOWER,6471,2010,0
Simplicity2,WINDPOWER,6472,2010,0.083136488
Simplicity2,WINDPOWER,6473,2010,0.200566287
Simplicity2,WINDPOWER,6474,2010,0.206960367
Simplicity2,WINDPOWER,6475,2010,0.342010691
Simplicity2,WINDPOWER,6476,2010,0.54609062
Simplicity2,WINDPOWER,6477,2010,0.555415805
Simplicity2,WINDPOWER,6478,2010,0.584557143
Simplicity2,WINDPOWER,6479,2010,0.490895176
Simplicity2,WINDPOWER,6480,2010,0.097131331
Simplicity2,WINDPOWER,6481,2010,0.093199832
Simplicity2,WINDPOWER,6482,2010,0.048917651
Simplicity2,WINDPOWER,6483,2010,0
Simplicity2,WINDPOWER,6484,2010,0
Simplicity2,WINDPOWER,6485,2010,0
Simplicity2,WINDPOWER,6486,2010,0
Simplicity2,WINDPOWER,6487,2010,0
Simplicity2,WINDPOWER,6488,2010,0
Simplicity2,WINDPOWER,6489,2010,0
Simplicity2,WINDPOWER,6490,2010,0
Simplicity2,WINDPOWER,6491,2010,0
Simplicity2,WINDPOWER,6492,2010,0
Simplicity2,WINDPOWER,6493,2010,0
Simplicity2,WINDPOWER,6494,2010,0
Simplicity2,WINDPOWER,6495,2010,0
Simplicity2,WINDPOWER,6496,2010,0.057116471
Simplicity2,WINDPOWER,6497,2010,0.159812456
Simplicity2,WINDPOWER,6498,2010,0.257085732
Simplicity2,WINDPOWER,6499,2010,0.335804636
Simplicity2,WINDPOWER,6500,2010,0.351153593
Simplicity2,WINDPOWER,6501,2010,0.407614669
Simplicity2,WINDPOWER,6502,2010,0.424489519
Simplicity2,WINDPOWER,6503,2010,0.384205075
Simplicity2,WINDPOWER,6504,2010,0.304362992
Simplicity2,WINDPOWER,6505,2010,0.222697595
Simplicity2,WINDPOWER,6506,2010,0.097776721
Simplicity2,WINDPOWER,6507,2010,0
Simplicity2,WINDPOWER,6508,2010,0
Simplicity2,WINDPOWER,6509,2010,0
Simplicity2,WINDPOWER,6510,2010,0
Simplicity2,WINDPOWER,6511,2010,0
Simplicity2,WINDPOWER,6512,2010,0
Simplicity2,WINDPOWER,6513,2010,0
Simplicity2,WINDPOWER,6514,2010,0
Simplicity2,WINDPOWER,6515,2010,0
Simplicity2,WINDPOWER,6516,2010,0
Simplicity2,WINDPOWER,6517,2010,0
Simplicity2,WINDPOWER,6518,2010,0
Simplicity2,WINDPOWER,6519,2010,0
Simplicity2,WINDPOWER,6520,2010,0.080434963
Simplicity2,WINDPOWER,6521,2010,0.203149211
Simplicity2,WINDPOWER,6522,2010,0.404350994
Simplicity2,WINDPOWER,6523,2010,0.489553985
Simplicity2,WINDPOWER,6524,2010,0.579437622
Simplicity2,WINDPOWER,6525,2010,0.573688116
Simplicity2,WINDPOWER,6526,2010,0.525509017
Simplicity2,WINDPOWER,6527,2010,0.477574158
Simplicity2,WINDPOWER,6528,2010,0.388018809
Simplicity2,WINDPOWER,6529,2010,0.216213461
Simplicity2,WINDPOWER,6530,2010,0.100495503
Simplicity2,WINDPOWER,6531,2010,0
Simplicity2,WINDPOWER,6532,2010,0
Simplicity2,WINDPOWER,6533,2010,0
Simplicity2,WINDPOWER,6534,2010,0
Simplicity2,WINDPOWER,6535,2010,0
Simplicity2,WINDPOWER,6536,2010,0
Simplicity2,WINDPOWER,6537,2010,0
Simplicity2,WINDPOWER,6538,2010,0
Simplicity2,WINDPOWER,6539,2010,0
Simplicity2,WINDPOWER,6540,2010,0
Simplicity2,WINDPOWER,6541,2010,0
Simplicity2,WINDPOWER,6542,2010,0
Simplicity2,WINDPOWER,6543,2010,0
Simplicity2,WINDPOWER,6544,2010,0.073721316
Simplicity2,WINDPOWER,6545,2010,0.169217505
Simplicity2,WINDPOWER,6546,2010,0.313953292
Simplicity2,WINDPOWER,6547,2010,0.528488292
Simplicity2,WINDPOWER,6548,2010,0.367045581
Simplicity2,WINDPOWER,6549,2010,0.40770748
Simplicity2,WINDPOWER,6550,2010,0.322960982
Simplicity2,WINDPOWER,6551,2010,0.275060355
Simplicity2,WINDPOWER,6552,2010,0.255309696
Simplicity2,WINDPOWER,6553,2010,0.16362761
Simplicity2,WINDPOWER,6554,2010,0.063236665
Simplicity2,WINDPOWER,6555,2010,0
Simplicity2,WINDPOWER,6556,2010,0
Simplicity2,WINDPOWER,6557,2010,0
Simplicity2,WINDPOWER,6558,2010,0
Simplicity2,WINDPOWER,6559,2010,0
Simplicity2,WINDPOWER,6560,2010,0
Simplicity2,WINDPOWER,6561,2010,0
Simplicity2,WINDPOWER,6562,2010,0
Simplicity2,WINDPOWER,6563,2010,0
Simplicity2,WINDPOWER,6564,2010,0
Simplicity2,WINDPOWER,6565,2010,0
Simplicity2,WINDPOWER,6566,2010,0
Simplicity2,WINDPOWER,6567,2010,0
Simplicity2,WINDPOWER,6568,2010,0.055916509
Simplicity2,WINDPOWER,6569,2010,0.150780981
Simplicity2,WINDPOWER,6570,2010,0.344435237
Simplicity2,WINDPOWER,6571,2010,0.364971217
Simplicity2,WINDPOWER,6572,2010,0.715786093
Simplicity2,WINDPOWER,6573,2010,0.70721157
Simplicity2,WINDPOWER,6574,2010,0.765650696
Simplicity2,WINDPOWER,6575,2010,0.684004796
Simplicity2,WINDPOWER,6576,2010,0.562132742
Simplicity2,WINDPOWER,6577,2010,0.359575179
Simplicity2,WINDPOWER,6578,2010,0.150377183
Simplicity2,WINDPOWER,6579,2010,0
Simplicity2,WINDPOWER,6580,2010,0
Simplicity2,WINDPOWER,6581,2010,0
Simplicity2,WINDPOWER,6582,2010,0
Simplicity2,WINDPOWER,6583,2010,0
Simplicity2,WINDPOWER,6584,2010,0
Simplicity2,WINDPOWER,6585,2010,0
Simplicity2,WINDPOWER,6586,2010,0
Simplicity2,WINDPOWER,6587,2010,0
Simplicity2,WINDPOWER,6588,2010,0
Simplicity2,WINDPOWER,6589,2010,0
Simplicity2,WINDPOWER,6590,2010,0
Simplicity2,WINDPOWER,6591,2010,0
Simplicity2,WINDPOWER,6592,2010,0.071544289
Simplicity2,WINDPOWER,6593,2010,0.216636051
Simplicity2,WINDPOWER,6594,2010,0.480391176
Simplicity2,WINDPOWER,6595,2010,0.62773115
Simplicity2,WINDPOWER,6596,2010,0.69650526
Simplicity2,WINDPOWER,6597,2010,0.676084139
Simplicity2,WINDPOWER,6598,2010,0.540266868
Simplicity2,WINDPOWER,6599,2010,0.440467878
Simplicity2,WINDPOWER,6600,2010,0.258071852
Simplicity2,WINDPOWER,6601,2010,0.222525959
Simplicity2,WINDPOWER,6602,2010,0.134738228
Simplicity2,WINDPOWER,6603,2010,0
Simplicity2,WINDPOWER,6604,2010,0
Simplicity2,WINDPOWER,6605,2010,0
Simplicity2,WINDPOWER,6606,2010,0
Simplicity2,WINDPOWER,6607,2010,0
Simplicity2,WINDPOWER,6608,2010,0
Simplicity2,WINDPOWER,6609,2010,0
Simplicity2,WINDPOWER,6610,2010,0
Simplicity2,WINDPOWER,6611,2010,0
Simplicity2,WINDPOWER,6612,2010,0
Simplicity2,WINDPOWER,6613,2010,0
Simplicity2,WINDPOWER,6614,2010,0
Simplicity2,WINDPOWER,6615,2010,0
Simplicity2,WINDPOWER,6616,2010,0.077988924
Simplicity2,WINDPOWER,6617,2010,0.287471633
Simplicity2,WINDPOWER,6618,2010,0.346026023
Simplicity2,WINDPOWER,6619,2010,0.524173623
Simplicity2,WINDPOWER,6620,2010,0.695382915
Simplicity2,WINDPOWER,6621,2010,0.762677186
Simplicity2,WINDPOWER,6622,2010,0.763317047
Simplicity2,WINDPOWER,6623,2010,0.699196116
Simplicity2,WINDPOWER,6624,2010,0.571542715
Simplicity2,WINDPOWER,6625,2010,0.36294116
Simplicity2,WINDPOWER,6626,2010,0.14039373
Simplicity2,WINDPOWER,6627,2010,0
Simplicity2,WINDPOWER,6628,2010,0
Simplicity2,WINDPOWER,6629,2010,0
Simplicity2,WINDPOWER,6630,2010,0
Simplicity2,WINDPOWER,6631,2010,0
Simplicity2,WINDPOWER,6632,2010,0
Simplicity2,WINDPOWER,6633,2010,0
Simplicity2,WINDPOWER,6634,2010,0
Simplicity2,WINDPOWER,6635,2010,0
Simplicity2,WINDPOWER,6636,2010,0
Simplicity2,WINDPOWER,6637,2010,0
Simplicity2,WINDPOWER,6638,2010,0
Simplicity2,WINDPOWER,6639,2010,0
Simplicity2,WINDPOWER,6640,2010,0.081769434
Simplicity2,WINDPOWER,6641,2010,0.277075127
Simplicity2,WINDPOWER,6642,2010,0.470066799
Simplicity2,WINDPOWER,6643,2010,0.653395266
Simplicity2,WINDPOWER,6644,2010,0.744854044
Simplicity2,WINDPOWER,6645,2010,0.731577712
Simplicity2,WINDPOWER,6646,2010,0.666705088
Simplicity2,WINDPOWER,6647,2010,0.40805354
Simplicity2,WINDPOWER,6648,2010,0.248949633
Simplicity2,WINDPOWER,6649,2010,0.160521282
Simplicity2,WINDPOWER,6650,2010,0.071307014
Simplicity2,WINDPOWER,6651,2010,0
Simplicity2,WINDPOWER,6652,2010,0
Simplicity2,WINDPOWER,6653,2010,0
Simplicity2,WINDPOWER,6654,2010,0
Simplicity2,WINDPOWER,6655,2010,0
Simplicity2,WINDPOWER,6656,2010,0
Simplicity2,WINDPOWER,6657,2010,0
Simplicity2,WINDPOWER,6658,2010,0
Simplicity2,WINDPOWER,6659,2010,0
Simplicity2,WINDPOWER,6660,2010,0
Simplicity2,WINDPOWER,6661,2010,0
Simplicity2,WINDPOWER,6662,2010,0
Simplicity2,WINDPOWER,6663,2010,0
Simplicity2,WINDPOWER,6664,2010,0.104385987
Simplicity2,WINDPOWER,6665,2010,0.336524726
Simplicity2,WINDPOWER,6666,2010,0.537242687
Simplicity2,WINDPOWER,6667,2010,0.693003371
Simplicity2,WINDPOWER,6668,2010,0.677999625
Simplicity2,WINDPOWER,6669,2010,0.739334723
Simplicity2,WINDPOWER,6670,2010,0.75553994
Simplicity2,WINDPOWER,6671,2010,0.68642101
Simplicity2,WINDPOWER,6672,2010,0.548517526
Simplicity2,WINDPOWER,6673,2010,0.3473057
Simplicity2,WINDPOWER,6674,2010,0.13174947
Simplicity2,WINDPOWER,6675,2010,0
Simplicity2,WINDPOWER,6676,2010,0
Simplicity2,WINDPOWER,6677,2010,0
Simplicity2,WINDPOWER,6678,2010,0
Simplicity2,WINDPOWER,6679,2010,0
Simplicity2,WINDPOWER,6680,2010,0
Simplicity2,WINDPOWER,6681,2010,0
Simplicity2,WINDPOWER,6682,2010,0
Simplicity2,WINDPOWER,6683,2010,0
Simplicity2,WINDPOWER,6684,2010,0
Simplicity2,WINDPOWER,6685,2010,0
Simplicity2,WINDPOWER,6686,2010,0
Simplicity2,WINDPOWER,6687,2010,0
Simplicity2,WINDPOWER,6688,2010,0.036158624
Simplicity2,WINDPOWER,6689,2010,0.12905009
Simplicity2,WINDPOWER,6690,2010,0.202074817
Simplicity2,WINDPOWER,6691,2010,0.374630886
Simplicity2,WINDPOWER,6692,2010,0.435314525
Simplicity2,WINDPOWER,6693,2010,0.469823963
Simplicity2,WINDPOWER,6694,2010,0.698309028
Simplicity2,WINDPOWER,6695,2010,0.660649514
Simplicity2,WINDPOWER,6696,2010,0.426456543
Simplicity2,WINDPOWER,6697,2010,0.272337399
Simplicity2,WINDPOWER,6698,2010,0.124687813
Simplicity2,WINDPOWER,6699,2010,0
Simplicity2,WINDPOWER,6700,2010,0
Simplicity2,WINDPOWER,6701,2010,0
Simplicity2,WINDPOWER,6702,2010,0
Simplicity2,WINDPOWER,6703,2010,0
Simplicity2,WINDPOWER,6704,2010,0
Simplicity2,WINDPOWER,6705,2010,0
Simplicity2,WINDPOWER,6706,2010,0
Simplicity2,WINDPOWER,6707,2010,0
Simplicity2,WINDPOWER,6708,2010,0
Simplicity2,WINDPOWER,6709,2010,0
Simplicity2,WINDPOWER,6710,2010,0
Simplicity2,WINDPOWER,6711,2010,0
Simplicity2,WINDPOWER,6712,2010,0.108073047
Simplicity2,WINDPOWER,6713,2010,0.302883629
Simplicity2,WINDPOWER,6714,2010,0.466917498
Simplicity2,WINDPOWER,6715,2010,0.609646186
Simplicity2,WINDPOWER,6716,2010,0.757442862
Simplicity2,WINDPOWER,6717,2010,0.716796529
Simplicity2,WINDPOWER,6718,2010,0.634821413
Simplicity2,WINDPOWER,6719,2010,0.554577486
Simplicity2,WINDPOWER,6720,2010,0.402336156
Simplicity2,WINDPOWER,6721,2010,0.288667598
Simplicity2,WINDPOWER,6722,2010,0.122012937
Simplicity2,WINDPOWER,6723,2010,0
Simplicity2,WINDPOWER,6724,2010,0
Simplicity2,WINDPOWER,6725,2010,0
Simplicity2,WINDPOWER,6726,2010,0
Simplicity2,WINDPOWER,6727,2010,0
Simplicity2,WINDPOWER,6728,2010,0
Simplicity2,WINDPOWER,6729,2010,0
Simplicity2,WINDPOWER,6730,2010,0
Simplicity2,WINDPOWER,6731,2010,0
Simplicity2,WINDPOWER,6732,2010,0
Simplicity2,WINDPOWER,6733,2010,0
Simplicity2,WINDPOWER,6734,2010,0
Simplicity2,WINDPOWER,6735,2010,0
Simplicity2,WINDPOWER,6736,2010,0.100762895
Simplicity2,WINDPOWER,6737,2010,0.270357297
Simplicity2,WINDPOWER,6738,2010,0.486318735
Simplicity2,WINDPOWER,6739,2010,0.687929631
Simplicity2,WINDPOWER,6740,2010,0.789761972
Simplicity2,WINDPOWER,6741,2010,0.823449276
Simplicity2,WINDPOWER,6742,2010,0.813609034
Simplicity2,WINDPOWER,6743,2010,0.723886254
Simplicity2,WINDPOWER,6744,2010,0.572499345
Simplicity2,WINDPOWER,6745,2010,0.360583945
Simplicity2,WINDPOWER,6746,2010,0.129223966
Simplicity2,WINDPOWER,6747,2010,0
Simplicity2,WINDPOWER,6748,2010,0
Simplicity2,WINDPOWER,6749,2010,0
Simplicity2,WINDPOWER,6750,2010,0
Simplicity2,WINDPOWER,6751,2010,0
Simplicity2,WINDPOWER,6752,2010,0
Simplicity2,WINDPOWER,6753,2010,0
Simplicity2,WINDPOWER,6754,2010,0
Simplicity2,WINDPOWER,6755,2010,0
Simplicity2,WINDPOWER,6756,2010,0
Simplicity2,WINDPOWER,6757,2010,0
Simplicity2,WINDPOWER,6758,2010,0
Simplicity2,WINDPOWER,6759,2010,0
Simplicity2,WINDPOWER,6760,2010,0.101099137
Simplicity2,WINDPOWER,6761,2010,0.206565023
Simplicity2,WINDPOWER,6762,2010,0.223047026
Simplicity2,WINDPOWER,6763,2010,0.348942392
Simplicity2,WINDPOWER,6764,2010,0.582104073
Simplicity2,WINDPOWER,6765,2010,0.780204734
Simplicity2,WINDPOWER,6766,2010,0.721798112
Simplicity2,WINDPOWER,6767,2010,0.655229922
Simplicity2,WINDPOWER,6768,2010,0.492576743
Simplicity2,WINDPOWER,6769,2010,0.258579305
Simplicity2,WINDPOWER,6770,2010,0.085703743
Simplicity2,WINDPOWER,6771,2010,0
Simplicity2,WINDPOWER,6772,2010,0
Simplicity2,WINDPOWER,6773,2010,0
Simplicity2,WINDPOWER,6774,2010,0
Simplicity2,WINDPOWER,6775,2010,0
Simplicity2,WINDPOWER,6776,2010,0
Simplicity2,WINDPOWER,6777,2010,0
Simplicity2,WINDPOWER,6778,2010,0
Simplicity2,WINDPOWER,6779,2010,0
Simplicity2,WINDPOWER,6780,2010,0
Simplicity2,WINDPOWER,6781,2010,0
Simplicity2,WINDPOWER,6782,2010,0
Simplicity2,WINDPOWER,6783,2010,0
Simplicity2,WINDPOWER,6784,2010,0.044418
Simplicity2,WINDPOWER,6785,2010,0.155427125
Simplicity2,WINDPOWER,6786,2010,0.284054678
Simplicity2,WINDPOWER,6787,2010,0.413417735
Simplicity2,WINDPOWER,6788,2010,0.498603661
Simplicity2,WINDPOWER,6789,2010,0.538454435
Simplicity2,WINDPOWER,6790,2010,0.611158771
Simplicity2,WINDPOWER,6791,2010,0.629175958
Simplicity2,WINDPOWER,6792,2010,0.458437591
Simplicity2,WINDPOWER,6793,2010,0.277516992
Simplicity2,WINDPOWER,6794,2010,0.097126696
Simplicity2,WINDPOWER,6795,2010,0
Simplicity2,WINDPOWER,6796,2010,0
Simplicity2,WINDPOWER,6797,2010,0
Simplicity2,WINDPOWER,6798,2010,0
Simplicity2,WINDPOWER,6799,2010,0
Simplicity2,WINDPOWER,6800,2010,0
Simplicity2,WINDPOWER,6801,2010,0
Simplicity2,WINDPOWER,6802,2010,0
Simplicity2,WINDPOWER,6803,2010,0
Simplicity2,WINDPOWER,6804,2010,0
Simplicity2,WINDPOWER,6805,2010,0
Simplicity2,WINDPOWER,6806,2010,0
Simplicity2,WINDPOWER,6807,2010,0
Simplicity2,WINDPOWER,6808,2010,0.117747157
Simplicity2,WINDPOWER,6809,2010,0.339526606
Simplicity2,WINDPOWER,6810,2010,0.550718835
Simplicity2,WINDPOWER,6811,2010,0.71324615
Simplicity2,WINDPOWER,6812,2010,0.759077372
Simplicity2,WINDPOWER,6813,2010,0.79145314
Simplicity2,WINDPOWER,6814,2010,0.650629725
Simplicity2,WINDPOWER,6815,2010,0.632417843
Simplicity2,WINDPOWER,6816,2010,0.481415808
Simplicity2,WINDPOWER,6817,2010,0.297896816
Simplicity2,WINDPOWER,6818,2010,0.085250124
Simplicity2,WINDPOWER,6819,2010,0
Simplicity2,WINDPOWER,6820,2010,0
Simplicity2,WINDPOWER,6821,2010,0
Simplicity2,WINDPOWER,6822,2010,0
Simplicity2,WINDPOWER,6823,2010,0
Simplicity2,WINDPOWER,6824,2010,0
Simplicity2,WINDPOWER,6825,2010,0
Simplicity2,WINDPOWER,6826,2010,0
Simplicity2,WINDPOWER,6827,2010,0
Simplicity2,WINDPOWER,6828,2010,0
Simplicity2,WINDPOWER,6829,2010,0
Simplicity2,WINDPOWER,6830,2010,0
Simplicity2,WINDPOWER,6831,2010,0
Simplicity2,WINDPOWER,6832,2010,0.104395843
Simplicity2,WINDPOWER,6833,2010,0.280906488
Simplicity2,WINDPOWER,6834,2010,0.536834504
Simplicity2,WINDPOWER,6835,2010,0.72663284
Simplicity2,WINDPOWER,6836,2010,0.821004553
Simplicity2,WINDPOWER,6837,2010,0.840052785
Simplicity2,WINDPOWER,6838,2010,0.792263764
Simplicity2,WINDPOWER,6839,2010,0.696397722
Simplicity2,WINDPOWER,6840,2010,0.524942715
Simplicity2,WINDPOWER,6841,2010,0.305833287
Simplicity2,WINDPOWER,6842,2010,0.099901474
Simplicity2,WINDPOWER,6843,2010,0
Simplicity2,WINDPOWER,6844,2010,0
Simplicity2,WINDPOWER,6845,2010,0
Simplicity2,WINDPOWER,6846,2010,0
Simplicity2,WINDPOWER,6847,2010,0
Simplicity2,WINDPOWER,6848,2010,0
Simplicity2,WINDPOWER,6849,2010,0
Simplicity2,WINDPOWER,6850,2010,0
Simplicity2,WINDPOWER,6851,2010,0
Simplicity2,WINDPOWER,6852,2010,0
Simplicity2,WINDPOWER,6853,2010,0
Simplicity2,WINDPOWER,6854,2010,0
Simplicity2,WINDPOWER,6855,2010,0
Simplicity2,WINDPOWER,6856,2010,0.016584876
Simplicity2,WINDPOWER,6857,2010,0.081640388
Simplicity2,WINDPOWER,6858,2010,0.139927207
Simplicity2,WINDPOWER,6859,2010,0.146153391
Simplicity2,WINDPOWER,6860,2010,0.171675004
Simplicity2,WINDPOWER,6861,2010,0.226771341
Simplicity2,WINDPOWER,6862,2010,0.230666365
Simplicity2,WINDPOWER,6863,2010,0.230407558
Simplicity2,WINDPOWER,6864,2010,0.16474222
Simplicity2,WINDPOWER,6865,2010,0.113600043
Simplicity2,WINDPOWER,6866,2010,0.05564611
Simplicity2,WINDPOWER,6867,2010,0
Simplicity2,WINDPOWER,6868,2010,0
Simplicity2,WINDPOWER,6869,2010,0
Simplicity2,WINDPOWER,6870,2010,0
Simplicity2,WINDPOWER,6871,2010,0
Simplicity2,WINDPOWER,6872,2010,0
Simplicity2,WINDPOWER,6873,2010,0
Simplicity2,WINDPOWER,6874,2010,0
Simplicity2,WINDPOWER,6875,2010,0
Simplicity2,WINDPOWER,6876,2010,0
Simplicity2,WINDPOWER,6877,2010,0
Simplicity2,WINDPOWER,6878,2010,0
Simplicity2,WINDPOWER,6879,2010,0
Simplicity2,WINDPOWER,6880,2010,0.072299196
Simplicity2,WINDPOWER,6881,2010,0.177725963
Simplicity2,WINDPOWER,6882,2010,0.365368664
Simplicity2,WINDPOWER,6883,2010,0.468209049
Simplicity2,WINDPOWER,6884,2010,0.446185297
Simplicity2,WINDPOWER,6885,2010,0.481185965
Simplicity2,WINDPOWER,6886,2010,0.581468688
Simplicity2,WINDPOWER,6887,2010,0.493213676
Simplicity2,WINDPOWER,6888,2010,0.393885867
Simplicity2,WINDPOWER,6889,2010,0.243355194
Simplicity2,WINDPOWER,6890,2010,0.082317908
Simplicity2,WINDPOWER,6891,2010,0
Simplicity2,WINDPOWER,6892,2010,0
Simplicity2,WINDPOWER,6893,2010,0
Simplicity2,WINDPOWER,6894,2010,0
Simplicity2,WINDPOWER,6895,2010,0
Simplicity2,WINDPOWER,6896,2010,0
Simplicity2,WINDPOWER,6897,2010,0
Simplicity2,WINDPOWER,6898,2010,0
Simplicity2,WINDPOWER,6899,2010,0
Simplicity2,WINDPOWER,6900,2010,0
Simplicity2,WINDPOWER,6901,2010,0
Simplicity2,WINDPOWER,6902,2010,0
Simplicity2,WINDPOWER,6903,2010,0
Simplicity2,WINDPOWER,6904,2010,0.0325957
Simplicity2,WINDPOWER,6905,2010,0.162192318
Simplicity2,WINDPOWER,6906,2010,0.231367698
Simplicity2,WINDPOWER,6907,2010,0.257054112
Simplicity2,WINDPOWER,6908,2010,0.394768038
Simplicity2,WINDPOWER,6909,2010,0.315936187
Simplicity2,WINDPOWER,6910,2010,0.355169945
Simplicity2,WINDPOWER,6911,2010,0.360448909
Simplicity2,WINDPOWER,6912,2010,0.268395053
Simplicity2,WINDPOWER,6913,2010,0.163475033
Simplicity2,WINDPOWER,6914,2010,0.057168104
Simplicity2,WINDPOWER,6915,2010,0
Simplicity2,WINDPOWER,6916,2010,0
Simplicity2,WINDPOWER,6917,2010,0
Simplicity2,WINDPOWER,6918,2010,0
Simplicity2,WINDPOWER,6919,2010,0
Simplicity2,WINDPOWER,6920,2010,0
Simplicity2,WINDPOWER,6921,2010,0
Simplicity2,WINDPOWER,6922,2010,0
Simplicity2,WINDPOWER,6923,2010,0
Simplicity2,WINDPOWER,6924,2010,0
Simplicity2,WINDPOWER,6925,2010,0
Simplicity2,WINDPOWER,6926,2010,0
Simplicity2,WINDPOWER,6927,2010,0
Simplicity2,WINDPOWER,6928,2010,0.044582684
Simplicity2,WINDPOWER,6929,2010,0.135801555
Simplicity2,WINDPOWER,6930,2010,0.280525368
Simplicity2,WINDPOWER,6931,2010,0.36369417
Simplicity2,WINDPOWER,6932,2010,0.589929635
Simplicity2,WINDPOWER,6933,2010,0.679628127
Simplicity2,WINDPOWER,6934,2010,0.674353616
Simplicity2,WINDPOWER,6935,2010,0.656975377
Simplicity2,WINDPOWER,6936,2010,0.509119403
Simplicity2,WINDPOWER,6937,2010,0.295077723
Simplicity2,WINDPOWER,6938,2010,0.097227425
Simplicity2,WINDPOWER,6939,2010,0
Simplicity2,WINDPOWER,6940,2010,0
Simplicity2,WINDPOWER,6941,2010,0
Simplicity2,WINDPOWER,6942,2010,0
Simplicity2,WINDPOWER,6943,2010,0
Simplicity2,WINDPOWER,6944,2010,0
Simplicity2,WINDPOWER,6945,2010,0
Simplicity2,WINDPOWER,6946,2010,0
Simplicity2,WINDPOWER,6947,2010,0
Simplicity2,WINDPOWER,6948,2010,0
Simplicity2,WINDPOWER,6949,2010,0
Simplicity2,WINDPOWER,6950,2010,0
Simplicity2,WINDPOWER,6951,2010,0
Simplicity2,WINDPOWER,6952,2010,0.095852735
Simplicity2,WINDPOWER,6953,2010,0.294167174
Simplicity2,WINDPOWER,6954,2010,0.489081182
Simplicity2,WINDPOWER,6955,2010,0.629820629
Simplicity2,WINDPOWER,6956,2010,0.750361036
Simplicity2,WINDPOWER,6957,2010,0.779533686
Simplicity2,WINDPOWER,6958,2010,0.746684325
Simplicity2,WINDPOWER,6959,2010,0.644067452
Simplicity2,WINDPOWER,6960,2010,0.498499328
Simplicity2,WINDPOWER,6961,2010,0.300170035
Simplicity2,WINDPOWER,6962,2010,0.100326076
Simplicity2,WINDPOWER,6963,2010,0
Simplicity2,WINDPOWER,6964,2010,0
Simplicity2,WINDPOWER,6965,2010,0
Simplicity2,WINDPOWER,6966,2010,0
Simplicity2,WINDPOWER,6967,2010,0
Simplicity2,WINDPOWER,6968,2010,0
Simplicity2,WINDPOWER,6969,2010,0
Simplicity2,WINDPOWER,6970,2010,0
Simplicity2,WINDPOWER,6971,2010,0
Simplicity2,WINDPOWER,6972,2010,0
Simplicity2,WINDPOWER,6973,2010,0
Simplicity2,WINDPOWER,6974,2010,0
Simplicity2,WINDPOWER,6975,2010,0
Simplicity2,WINDPOWER,6976,2010,0.104525736
Simplicity2,WINDPOWER,6977,2010,0.303813066
Simplicity2,WINDPOWER,6978,2010,0.523551799
Simplicity2,WINDPOWER,6979,2010,0.683203135
Simplicity2,WINDPOWER,6980,2010,0.777343038
Simplicity2,WINDPOWER,6981,2010,0.802074388
Simplicity2,WINDPOWER,6982,2010,0.771568416
Simplicity2,WINDPOWER,6983,2010,0.678583809
Simplicity2,WINDPOWER,6984,2010,0.518915786
Simplicity2,WINDPOWER,6985,2010,0.298771228
Simplicity2,WINDPOWER,6986,2010,0.101643402
Simplicity2,WINDPOWER,6987,2010,0
Simplicity2,WINDPOWER,6988,2010,0
Simplicity2,WINDPOWER,6989,2010,0
Simplicity2,WINDPOWER,6990,2010,0
Simplicity2,WINDPOWER,6991,2010,0
Simplicity2,WINDPOWER,6992,2010,0
Simplicity2,WINDPOWER,6993,2010,0
Simplicity2,WINDPOWER,6994,2010,0
Simplicity2,WINDPOWER,6995,2010,0
Simplicity2,WINDPOWER,6996,2010,0
Simplicity2,WINDPOWER,6997,2010,0
Simplicity2,WINDPOWER,6998,2010,0
Simplicity2,WINDPOWER,6999,2010,0
Simplicity2,WINDPOWER,7000,2010,0.088193492
Simplicity2,WINDPOWER,7001,2010,0.262705463
Simplicity2,WINDPOWER,7002,2010,0.465523451
Simplicity2,WINDPOWER,7003,2010,0.641040673
Simplicity2,WINDPOWER,7004,2010,0.756467259
Simplicity2,WINDPOWER,7005,2010,0.79084759
Simplicity2,WINDPOWER,7006,2010,0.738437984
Simplicity2,WINDPOWER,7007,2010,0.658399549
Simplicity2,WINDPOWER,7008,2010,0.51033297
Simplicity2,WINDPOWER,7009,2010,0.283630881
Simplicity2,WINDPOWER,7010,2010,0.10399526
Simplicity2,WINDPOWER,7011,2010,0
Simplicity2,WINDPOWER,7012,2010,0
Simplicity2,WINDPOWER,7013,2010,0
Simplicity2,WINDPOWER,7014,2010,0
Simplicity2,WINDPOWER,7015,2010,0
Simplicity2,WINDPOWER,7016,2010,0
Simplicity2,WINDPOWER,7017,2010,0
Simplicity2,WINDPOWER,7018,2010,0
Simplicity2,WINDPOWER,7019,2010,0
Simplicity2,WINDPOWER,7020,2010,0
Simplicity2,WINDPOWER,7021,2010,0
Simplicity2,WINDPOWER,7022,2010,0
Simplicity2,WINDPOWER,7023,2010,0
Simplicity2,WINDPOWER,7024,2010,0.056963915
Simplicity2,WINDPOWER,7025,2010,0.148145119
Simplicity2,WINDPOWER,7026,2010,0.212907901
Simplicity2,WINDPOWER,7027,2010,0.289100293
Simplicity2,WINDPOWER,7028,2010,0.436148019
Simplicity2,WINDPOWER,7029,2010,0.415389404
Simplicity2,WINDPOWER,7030,2010,0.315028491
Simplicity2,WINDPOWER,7031,2010,0.165641839
Simplicity2,WINDPOWER,7032,2010,0.152870865
Simplicity2,WINDPOWER,7033,2010,0.166157012
Simplicity2,WINDPOWER,7034,2010,0.076061509
Simplicity2,WINDPOWER,7035,2010,0
Simplicity2,WINDPOWER,7036,2010,0
Simplicity2,WINDPOWER,7037,2010,0
Simplicity2,WINDPOWER,7038,2010,0
Simplicity2,WINDPOWER,7039,2010,0
Simplicity2,WINDPOWER,7040,2010,0
Simplicity2,WINDPOWER,7041,2010,0
Simplicity2,WINDPOWER,7042,2010,0
Simplicity2,WINDPOWER,7043,2010,0
Simplicity2,WINDPOWER,7044,2010,0
Simplicity2,WINDPOWER,7045,2010,0
Simplicity2,WINDPOWER,7046,2010,0
Simplicity2,WINDPOWER,7047,2010,0
Simplicity2,WINDPOWER,7048,2010,0.046221094
Simplicity2,WINDPOWER,7049,2010,0.163420384
Simplicity2,WINDPOWER,7050,2010,0.177663004
Simplicity2,WINDPOWER,7051,2010,0.294304668
Simplicity2,WINDPOWER,7052,2010,0.450857397
Simplicity2,WINDPOWER,7053,2010,0.44836501
Simplicity2,WINDPOWER,7054,2010,0.479127694
Simplicity2,WINDPOWER,7055,2010,0.289280056
Simplicity2,WINDPOWER,7056,2010,0.199758542
Simplicity2,WINDPOWER,7057,2010,0.110138009
Simplicity2,WINDPOWER,7058,2010,0
Simplicity2,WINDPOWER,7059,2010,0
Simplicity2,WINDPOWER,7060,2010,0
Simplicity2,WINDPOWER,7061,2010,0
Simplicity2,WINDPOWER,7062,2010,0
Simplicity2,WINDPOWER,7063,2010,0
Simplicity2,WINDPOWER,7064,2010,0
Simplicity2,WINDPOWER,7065,2010,0
Simplicity2,WINDPOWER,7066,2010,0
Simplicity2,WINDPOWER,7067,2010,0
Simplicity2,WINDPOWER,7068,2010,0
Simplicity2,WINDPOWER,7069,2010,0
Simplicity2,WINDPOWER,7070,2010,0
Simplicity2,WINDPOWER,7071,2010,0
Simplicity2,WINDPOWER,7072,2010,0.012798536
Simplicity2,WINDPOWER,7073,2010,0.043597879
Simplicity2,WINDPOWER,7074,2010,0.081204861
Simplicity2,WINDPOWER,7075,2010,0.170454691
Simplicity2,WINDPOWER,7076,2010,0.204074315
Simplicity2,WINDPOWER,7077,2010,0.102746536
Simplicity2,WINDPOWER,7078,2010,0.149246376
Simplicity2,WINDPOWER,7079,2010,0.157342076
Simplicity2,WINDPOWER,7080,2010,0.085248708
Simplicity2,WINDPOWER,7081,2010,0.030300262
Simplicity2,WINDPOWER,7082,2010,0
Simplicity2,WINDPOWER,7083,2010,0
Simplicity2,WINDPOWER,7084,2010,0
Simplicity2,WINDPOWER,7085,2010,0
Simplicity2,WINDPOWER,7086,2010,0
Simplicity2,WINDPOWER,7087,2010,0
Simplicity2,WINDPOWER,7088,2010,0
Simplicity2,WINDPOWER,7089,2010,0
Simplicity2,WINDPOWER,7090,2010,0
Simplicity2,WINDPOWER,7091,2010,0
Simplicity2,WINDPOWER,7092,2010,0
Simplicity2,WINDPOWER,7093,2010,0
Simplicity2,WINDPOWER,7094,2010,0
Simplicity2,WINDPOWER,7095,2010,0
Simplicity2,WINDPOWER,7096,2010,0
Simplicity2,WINDPOWER,7097,2010,0.034685046
Simplicity2,WINDPOWER,7098,2010,0.124513935
Simplicity2,WINDPOWER,7099,2010,0.233150616
Simplicity2,WINDPOWER,7100,2010,0.267337117
Simplicity2,WINDPOWER,7101,2010,0.332253021
Simplicity2,WINDPOWER,7102,2010,0.411845956
Simplicity2,WINDPOWER,7103,2010,0.410385377
Simplicity2,WINDPOWER,7104,2010,0.274389535
Simplicity2,WINDPOWER,7105,2010,0.162463115
Simplicity2,WINDPOWER,7106,2010,0
Simplicity2,WINDPOWER,7107,2010,0
Simplicity2,WINDPOWER,7108,2010,0
Simplicity2,WINDPOWER,7109,2010,0
Simplicity2,WINDPOWER,7110,2010,0
Simplicity2,WINDPOWER,7111,2010,0
Simplicity2,WINDPOWER,7112,2010,0
Simplicity2,WINDPOWER,7113,2010,0
Simplicity2,WINDPOWER,7114,2010,0
Simplicity2,WINDPOWER,7115,2010,0
Simplicity2,WINDPOWER,7116,2010,0
Simplicity2,WINDPOWER,7117,2010,0
Simplicity2,WINDPOWER,7118,2010,0
Simplicity2,WINDPOWER,7119,2010,0
Simplicity2,WINDPOWER,7120,2010,0
Simplicity2,WINDPOWER,7121,2010,0.055581517
Simplicity2,WINDPOWER,7122,2010,0.124828232
Simplicity2,WINDPOWER,7123,2010,0.187589472
Simplicity2,WINDPOWER,7124,2010,0.281809103
Simplicity2,WINDPOWER,7125,2010,0.180679092
Simplicity2,WINDPOWER,7126,2010,0.095751005
Simplicity2,WINDPOWER,7127,2010,0.107073471
Simplicity2,WINDPOWER,7128,2010,0.060532013
Simplicity2,WINDPOWER,7129,2010,0.033368495
Simplicity2,WINDPOWER,7130,2010,0
Simplicity2,WINDPOWER,7131,2010,0
Simplicity2,WINDPOWER,7132,2010,0
Simplicity2,WINDPOWER,7133,2010,0
Simplicity2,WINDPOWER,7134,2010,0
Simplicity2,WINDPOWER,7135,2010,0
Simplicity2,WINDPOWER,7136,2010,0
Simplicity2,WINDPOWER,7137,2010,0
Simplicity2,WINDPOWER,7138,2010,0
Simplicity2,WINDPOWER,7139,2010,0
Simplicity2,WINDPOWER,7140,2010,0
Simplicity2,WINDPOWER,7141,2010,0
Simplicity2,WINDPOWER,7142,2010,0
Simplicity2,WINDPOWER,7143,2010,0
Simplicity2,WINDPOWER,7144,2010,0
Simplicity2,WINDPOWER,7145,2010,0.065445925
Simplicity2,WINDPOWER,7146,2010,0.331241561
Simplicity2,WINDPOWER,7147,2010,0.407213199
Simplicity2,WINDPOWER,7148,2010,0.639270974
Simplicity2,WINDPOWER,7149,2010,0.675869095
Simplicity2,WINDPOWER,7150,2010,0.534240324
Simplicity2,WINDPOWER,7151,2010,0.563006282
Simplicity2,WINDPOWER,7152,2010,0.390752004
Simplicity2,WINDPOWER,7153,2010,0.218368911
Simplicity2,WINDPOWER,7154,2010,0
Simplicity2,WINDPOWER,7155,2010,0
Simplicity2,WINDPOWER,7156,2010,0
Simplicity2,WINDPOWER,7157,2010,0
Simplicity2,WINDPOWER,7158,2010,0
Simplicity2,WINDPOWER,7159,2010,0
Simplicity2,WINDPOWER,7160,2010,0
Simplicity2,WINDPOWER,7161,2010,0
Simplicity2,WINDPOWER,7162,2010,0
Simplicity2,WINDPOWER,7163,2010,0
Simplicity2,WINDPOWER,7164,2010,0
Simplicity2,WINDPOWER,7165,2010,0
Simplicity2,WINDPOWER,7166,2010,0
Simplicity2,WINDPOWER,7167,2010,0
Simplicity2,WINDPOWER,7168,2010,0
Simplicity2,WINDPOWER,7169,2010,0.131106408
Simplicity2,WINDPOWER,7170,2010,0.245969146
Simplicity2,WINDPOWER,7171,2010,0.374067955
Simplicity2,WINDPOWER,7172,2010,0.636424785
Simplicity2,WINDPOWER,7173,2010,0.603331497
Simplicity2,WINDPOWER,7174,2010,0.551193208
Simplicity2,WINDPOWER,7175,2010,0.526635841
Simplicity2,WINDPOWER,7176,2010,0.41286314
Simplicity2,WINDPOWER,7177,2010,0.186740438
Simplicity2,WINDPOWER,7178,2010,0
Simplicity2,WINDPOWER,7179,2010,0
Simplicity2,WINDPOWER,7180,2010,0
Simplicity2,WINDPOWER,7181,2010,0
Simplicity2,WINDPOWER,7182,2010,0
Simplicity2,WINDPOWER,7183,2010,0
Simplicity2,WINDPOWER,7184,2010,0
Simplicity2,WINDPOWER,7185,2010,0
Simplicity2,WINDPOWER,7186,2010,0
Simplicity2,WINDPOWER,7187,2010,0
Simplicity2,WINDPOWER,7188,2010,0
Simplicity2,WINDPOWER,7189,2010,0
Simplicity2,WINDPOWER,7190,2010,0
Simplicity2,WINDPOWER,7191,2010,0
Simplicity2,WINDPOWER,7192,2010,0
Simplicity2,WINDPOWER,7193,2010,0.256520031
Simplicity2,WINDPOWER,7194,2010,0.448477283
Simplicity2,WINDPOWER,7195,2010,0.625067805
Simplicity2,WINDPOWER,7196,2010,0.714053103
Simplicity2,WINDPOWER,7197,2010,0.691090755
Simplicity2,WINDPOWER,7198,2010,0.693316272
Simplicity2,WINDPOWER,7199,2010,0.609894403
Simplicity2,WINDPOWER,7200,2010,0.405859838
Simplicity2,WINDPOWER,7201,2010,0.191712674
Simplicity2,WINDPOWER,7202,2010,0
Simplicity2,WINDPOWER,7203,2010,0
Simplicity2,WINDPOWER,7204,2010,0
Simplicity2,WINDPOWER,7205,2010,0
Simplicity2,WINDPOWER,7206,2010,0
Simplicity2,WINDPOWER,7207,2010,0
Simplicity2,WINDPOWER,7208,2010,0
Simplicity2,WINDPOWER,7209,2010,0
Simplicity2,WINDPOWER,7210,2010,0
Simplicity2,WINDPOWER,7211,2010,0
Simplicity2,WINDPOWER,7212,2010,0
Simplicity2,WINDPOWER,7213,2010,0
Simplicity2,WINDPOWER,7214,2010,0
Simplicity2,WINDPOWER,7215,2010,0
Simplicity2,WINDPOWER,7216,2010,0
Simplicity2,WINDPOWER,7217,2010,0.02018773
Simplicity2,WINDPOWER,7218,2010,0.049612293
Simplicity2,WINDPOWER,7219,2010,0.048387946
Simplicity2,WINDPOWER,7220,2010,0.092386393
Simplicity2,WINDPOWER,7221,2010,0.0926559
Simplicity2,WINDPOWER,7222,2010,0.098061094
Simplicity2,WINDPOWER,7223,2010,0.060184585
Simplicity2,WINDPOWER,7224,2010,0.029537138
Simplicity2,WINDPOWER,7225,2010,0.008703901
Simplicity2,WINDPOWER,7226,2010,0
Simplicity2,WINDPOWER,7227,2010,0
Simplicity2,WINDPOWER,7228,2010,0
Simplicity2,WINDPOWER,7229,2010,0
Simplicity2,WINDPOWER,7230,2010,0
Simplicity2,WINDPOWER,7231,2010,0
Simplicity2,WINDPOWER,7232,2010,0
Simplicity2,WINDPOWER,7233,2010,0
Simplicity2,WINDPOWER,7234,2010,0
Simplicity2,WINDPOWER,7235,2010,0
Simplicity2,WINDPOWER,7236,2010,0
Simplicity2,WINDPOWER,7237,2010,0
Simplicity2,WINDPOWER,7238,2010,0
Simplicity2,WINDPOWER,7239,2010,0
Simplicity2,WINDPOWER,7240,2010,0
Simplicity2,WINDPOWER,7241,2010,0.019429296
Simplicity2,WINDPOWER,7242,2010,0.046539784
Simplicity2,WINDPOWER,7243,2010,0.073060989
Simplicity2,WINDPOWER,7244,2010,0.125155711
Simplicity2,WINDPOWER,7245,2010,0.211379601
Simplicity2,WINDPOWER,7246,2010,0.294148489
Simplicity2,WINDPOWER,7247,2010,0.288678841
Simplicity2,WINDPOWER,7248,2010,0.19685861
Simplicity2,WINDPOWER,7249,2010,0.158597196
Simplicity2,WINDPOWER,7250,2010,0
Simplicity2,WINDPOWER,7251,2010,0
Simplicity2,WINDPOWER,7252,2010,0
Simplicity2,WINDPOWER,7253,2010,0
Simplicity2,WINDPOWER,7254,2010,0
Simplicity2,WINDPOWER,7255,2010,0
Simplicity2,WINDPOWER,7256,2010,0
Simplicity2,WINDPOWER,7257,2010,0
Simplicity2,WINDPOWER,7258,2010,0
Simplicity2,WINDPOWER,7259,2010,0
Simplicity2,WINDPOWER,7260,2010,0
Simplicity2,WINDPOWER,7261,2010,0
Simplicity2,WINDPOWER,7262,2010,0
Simplicity2,WINDPOWER,7263,2010,0
Simplicity2,WINDPOWER,7264,2010,0
Simplicity2,WINDPOWER,7265,2010,0.195879596
Simplicity2,WINDPOWER,7266,2010,0.415975815
Simplicity2,WINDPOWER,7267,2010,0.544712958
Simplicity2,WINDPOWER,7268,2010,0.7419509
Simplicity2,WINDPOWER,7269,2010,0.692421078
Simplicity2,WINDPOWER,7270,2010,0.621459761
Simplicity2,WINDPOWER,7271,2010,0.57306233
Simplicity2,WINDPOWER,7272,2010,0.418067777
Simplicity2,WINDPOWER,7273,2010,0.254922368
Simplicity2,WINDPOWER,7274,2010,0
Simplicity2,WINDPOWER,7275,2010,0
Simplicity2,WINDPOWER,7276,2010,0
Simplicity2,WINDPOWER,7277,2010,0
Simplicity2,WINDPOWER,7278,2010,0
Simplicity2,WINDPOWER,7279,2010,0
Simplicity2,WINDPOWER,7280,2010,0
Simplicity2,WINDPOWER,7281,2010,0
Simplicity2,WINDPOWER,7282,2010,0
Simplicity2,WINDPOWER,7283,2010,0
Simplicity2,WINDPOWER,7284,2010,0
Simplicity2,WINDPOWER,7285,2010,0
Simplicity2,WINDPOWER,7286,2010,0
Simplicity2,WINDPOWER,7287,2010,0
Simplicity2,WINDPOWER,7288,2010,0
Simplicity2,WINDPOWER,7289,2010,0.260541432
Simplicity2,WINDPOWER,7290,2010,0.488809419
Simplicity2,WINDPOWER,7291,2010,0.670043206
Simplicity2,WINDPOWER,7292,2010,0.773758066
Simplicity2,WINDPOWER,7293,2010,0.80027927
Simplicity2,WINDPOWER,7294,2010,0.764369997
Simplicity2,WINDPOWER,7295,2010,0.662211354
Simplicity2,WINDPOWER,7296,2010,0.486185132
Simplicity2,WINDPOWER,7297,2010,0.250819508
Simplicity2,WINDPOWER,7298,2010,0
Simplicity2,WINDPOWER,7299,2010,0
Simplicity2,WINDPOWER,7300,2010,0
Simplicity2,WINDPOWER,7301,2010,0
Simplicity2,WINDPOWER,7302,2010,0
Simplicity2,WINDPOWER,7303,2010,0
Simplicity2,WINDPOWER,7304,2010,0
Simplicity2,WINDPOWER,7305,2010,0
Simplicity2,WINDPOWER,7306,2010,0
Simplicity2,WINDPOWER,7307,2010,0
Simplicity2,WINDPOWER,7308,2010,0
Simplicity2,WINDPOWER,7309,2010,0
Simplicity2,WINDPOWER,7310,2010,0
Simplicity2,WINDPOWER,7311,2010,0
Simplicity2,WINDPOWER,7312,2010,0
Simplicity2,WINDPOWER,7313,2010,0.215659547
Simplicity2,WINDPOWER,7314,2010,0.460394468
Simplicity2,WINDPOWER,7315,2010,0.665189456
Simplicity2,WINDPOWER,7316,2010,0.770822749
Simplicity2,WINDPOWER,7317,2010,0.796276877
Simplicity2,WINDPOWER,7318,2010,0.758747944
Simplicity2,WINDPOWER,7319,2010,0.654592952
Simplicity2,WINDPOWER,7320,2010,0.476870023
Simplicity2,WINDPOWER,7321,2010,0.241371394
Simplicity2,WINDPOWER,7322,2010,0
Simplicity2,WINDPOWER,7323,2010,0
Simplicity2,WINDPOWER,7324,2010,0
Simplicity2,WINDPOWER,7325,2010,0
Simplicity2,WINDPOWER,7326,2010,0
Simplicity2,WINDPOWER,7327,2010,0
Simplicity2,WINDPOWER,7328,2010,0
Simplicity2,WINDPOWER,7329,2010,0
Simplicity2,WINDPOWER,7330,2010,0
Simplicity2,WINDPOWER,7331,2010,0
Simplicity2,WINDPOWER,7332,2010,0
Simplicity2,WINDPOWER,7333,2010,0
Simplicity2,WINDPOWER,7334,2010,0
Simplicity2,WINDPOWER,7335,2010,0
Simplicity2,WINDPOWER,7336,2010,0
Simplicity2,WINDPOWER,7337,2010,0.058797843
Simplicity2,WINDPOWER,7338,2010,0.148597148
Simplicity2,WINDPOWER,7339,2010,0.239148199
Simplicity2,WINDPOWER,7340,2010,0.328218755
Simplicity2,WINDPOWER,7341,2010,0.365679338
Simplicity2,WINDPOWER,7342,2010,0.304577978
Simplicity2,WINDPOWER,7343,2010,0.310905866
Simplicity2,WINDPOWER,7344,2010,0.251867053
Simplicity2,WINDPOWER,7345,2010,0.089209594
Simplicity2,WINDPOWER,7346,2010,0
Simplicity2,WINDPOWER,7347,2010,0
Simplicity2,WINDPOWER,7348,2010,0
Simplicity2,WINDPOWER,7349,2010,0
Simplicity2,WINDPOWER,7350,2010,0
Simplicity2,WINDPOWER,7351,2010,0
Simplicity2,WINDPOWER,7352,2010,0
Simplicity2,WINDPOWER,7353,2010,0
Simplicity2,WINDPOWER,7354,2010,0
Simplicity2,WINDPOWER,7355,2010,0
Simplicity2,WINDPOWER,7356,2010,0
Simplicity2,WINDPOWER,7357,2010,0
Simplicity2,WINDPOWER,7358,2010,0
Simplicity2,WINDPOWER,7359,2010,0
Simplicity2,WINDPOWER,7360,2010,0
Simplicity2,WINDPOWER,7361,2010,0.038001602
Simplicity2,WINDPOWER,7362,2010,0.107255316
Simplicity2,WINDPOWER,7363,2010,0.168928047
Simplicity2,WINDPOWER,7364,2010,0.381689555
Simplicity2,WINDPOWER,7365,2010,0.389071303
Simplicity2,WINDPOWER,7366,2010,0.213638406
Simplicity2,WINDPOWER,7367,2010,0.145976024
Simplicity2,WINDPOWER,7368,2010,0.110187638
Simplicity2,WINDPOWER,7369,2010,0.099513447
Simplicity2,WINDPOWER,7370,2010,0
Simplicity2,WINDPOWER,7371,2010,0
Simplicity2,WINDPOWER,7372,2010,0
Simplicity2,WINDPOWER,7373,2010,0
Simplicity2,WINDPOWER,7374,2010,0
Simplicity2,WINDPOWER,7375,2010,0
Simplicity2,WINDPOWER,7376,2010,0
Simplicity2,WINDPOWER,7377,2010,0
Simplicity2,WINDPOWER,7378,2010,0
Simplicity2,WINDPOWER,7379,2010,0
Simplicity2,WINDPOWER,7380,2010,0
Simplicity2,WINDPOWER,7381,2010,0
Simplicity2,WINDPOWER,7382,2010,0
Simplicity2,WINDPOWER,7383,2010,0
Simplicity2,WINDPOWER,7384,2010,0
Simplicity2,WINDPOWER,7385,2010,0.076825965
Simplicity2,WINDPOWER,7386,2010,0.091403337
Simplicity2,WINDPOWER,7387,2010,0.126205318
Simplicity2,WINDPOWER,7388,2010,0.083595484
Simplicity2,WINDPOWER,7389,2010,0.126498743
Simplicity2,WINDPOWER,7390,2010,0.167925458
Simplicity2,WINDPOWER,7391,2010,0.085305766
Simplicity2,WINDPOWER,7392,2010,0.045432901
Simplicity2,WINDPOWER,7393,2010,0.012502808
Simplicity2,WINDPOWER,7394,2010,0
Simplicity2,WINDPOWER,7395,2010,0
Simplicity2,WINDPOWER,7396,2010,0
Simplicity2,WINDPOWER,7397,2010,0
Simplicity2,WINDPOWER,7398,2010,0
Simplicity2,WINDPOWER,7399,2010,0
Simplicity2,WINDPOWER,7400,2010,0
Simplicity2,WINDPOWER,7401,2010,0
Simplicity2,WINDPOWER,7402,2010,0
Simplicity2,WINDPOWER,7403,2010,0
Simplicity2,WINDPOWER,7404,2010,0
Simplicity2,WINDPOWER,7405,2010,0
Simplicity2,WINDPOWER,7406,2010,0
Simplicity2,WINDPOWER,7407,2010,0
Simplicity2,WINDPOWER,7408,2010,0
Simplicity2,WINDPOWER,7409,2010,0.072866106
Simplicity2,WINDPOWER,7410,2010,0.189645618
Simplicity2,WINDPOWER,7411,2010,0.426028979
Simplicity2,WINDPOWER,7412,2010,0.543185439
Simplicity2,WINDPOWER,7413,2010,0.476044461
Simplicity2,WINDPOWER,7414,2010,0.339499059
Simplicity2,WINDPOWER,7415,2010,0.176826399
Simplicity2,WINDPOWER,7416,2010,0.087480205
Simplicity2,WINDPOWER,7417,2010,0.024024441
Simplicity2,WINDPOWER,7418,2010,0
Simplicity2,WINDPOWER,7419,2010,0
Simplicity2,WINDPOWER,7420,2010,0
Simplicity2,WINDPOWER,7421,2010,0
Simplicity2,WINDPOWER,7422,2010,0
Simplicity2,WINDPOWER,7423,2010,0
Simplicity2,WINDPOWER,7424,2010,0
Simplicity2,WINDPOWER,7425,2010,0
Simplicity2,WINDPOWER,7426,2010,0
Simplicity2,WINDPOWER,7427,2010,0
Simplicity2,WINDPOWER,7428,2010,0
Simplicity2,WINDPOWER,7429,2010,0
Simplicity2,WINDPOWER,7430,2010,0
Simplicity2,WINDPOWER,7431,2010,0
Simplicity2,WINDPOWER,7432,2010,0
Simplicity2,WINDPOWER,7433,2010,0.030455581
Simplicity2,WINDPOWER,7434,2010,0.111309601
Simplicity2,WINDPOWER,7435,2010,0.278858199
Simplicity2,WINDPOWER,7436,2010,0.353247614
Simplicity2,WINDPOWER,7437,2010,0.237131949
Simplicity2,WINDPOWER,7438,2010,0.292217887
Simplicity2,WINDPOWER,7439,2010,0.217783619
Simplicity2,WINDPOWER,7440,2010,0.145798086
Simplicity2,WINDPOWER,7441,2010,0.098415411
Simplicity2,WINDPOWER,7442,2010,0
Simplicity2,WINDPOWER,7443,2010,0
Simplicity2,WINDPOWER,7444,2010,0
Simplicity2,WINDPOWER,7445,2010,0
Simplicity2,WINDPOWER,7446,2010,0
Simplicity2,WINDPOWER,7447,2010,0
Simplicity2,WINDPOWER,7448,2010,0
Simplicity2,WINDPOWER,7449,2010,0
Simplicity2,WINDPOWER,7450,2010,0
Simplicity2,WINDPOWER,7451,2010,0
Simplicity2,WINDPOWER,7452,2010,0
Simplicity2,WINDPOWER,7453,2010,0
Simplicity2,WINDPOWER,7454,2010,0
Simplicity2,WINDPOWER,7455,2010,0
Simplicity2,WINDPOWER,7456,2010,0
Simplicity2,WINDPOWER,7457,2010,0.128790164
Simplicity2,WINDPOWER,7458,2010,0.364422649
Simplicity2,WINDPOWER,7459,2010,0.505108798
Simplicity2,WINDPOWER,7460,2010,0.627762649
Simplicity2,WINDPOWER,7461,2010,0.695121487
Simplicity2,WINDPOWER,7462,2010,0.631296712
Simplicity2,WINDPOWER,7463,2010,0.453436543
Simplicity2,WINDPOWER,7464,2010,0.342183327
Simplicity2,WINDPOWER,7465,2010,0.170873269
Simplicity2,WINDPOWER,7466,2010,0
Simplicity2,WINDPOWER,7467,2010,0
Simplicity2,WINDPOWER,7468,2010,0
Simplicity2,WINDPOWER,7469,2010,0
Simplicity2,WINDPOWER,7470,2010,0
Simplicity2,WINDPOWER,7471,2010,0
Simplicity2,WINDPOWER,7472,2010,0
Simplicity2,WINDPOWER,7473,2010,0
Simplicity2,WINDPOWER,7474,2010,0
Simplicity2,WINDPOWER,7475,2010,0
Simplicity2,WINDPOWER,7476,2010,0
Simplicity2,WINDPOWER,7477,2010,0
Simplicity2,WINDPOWER,7478,2010,0
Simplicity2,WINDPOWER,7479,2010,0
Simplicity2,WINDPOWER,7480,2010,0
Simplicity2,WINDPOWER,7481,2010,0.06696232
Simplicity2,WINDPOWER,7482,2010,0.196430248
Simplicity2,WINDPOWER,7483,2010,0.472208991
Simplicity2,WINDPOWER,7484,2010,0.505917541
Simplicity2,WINDPOWER,7485,2010,0.621611596
Simplicity2,WINDPOWER,7486,2010,0.429950692
Simplicity2,WINDPOWER,7487,2010,0.274759984
Simplicity2,WINDPOWER,7488,2010,0.195133503
Simplicity2,WINDPOWER,7489,2010,0.165239141
Simplicity2,WINDPOWER,7490,2010,0
Simplicity2,WINDPOWER,7491,2010,0
Simplicity2,WINDPOWER,7492,2010,0
Simplicity2,WINDPOWER,7493,2010,0
Simplicity2,WINDPOWER,7494,2010,0
Simplicity2,WINDPOWER,7495,2010,0
Simplicity2,WINDPOWER,7496,2010,0
Simplicity2,WINDPOWER,7497,2010,0
Simplicity2,WINDPOWER,7498,2010,0
Simplicity2,WINDPOWER,7499,2010,0
Simplicity2,WINDPOWER,7500,2010,0
Simplicity2,WINDPOWER,7501,2010,0
Simplicity2,WINDPOWER,7502,2010,0
Simplicity2,WINDPOWER,7503,2010,0
Simplicity2,WINDPOWER,7504,2010,0
Simplicity2,WINDPOWER,7505,2010,0.069562561
Simplicity2,WINDPOWER,7506,2010,0.07054175
Simplicity2,WINDPOWER,7507,2010,0.125676285
Simplicity2,WINDPOWER,7508,2010,0.08169943
Simplicity2,WINDPOWER,7509,2010,0.118091828
Simplicity2,WINDPOWER,7510,2010,0.105477342
Simplicity2,WINDPOWER,7511,2010,0.16445474
Simplicity2,WINDPOWER,7512,2010,0.108003613
Simplicity2,WINDPOWER,7513,2010,0.070413704
Simplicity2,WINDPOWER,7514,2010,0
Simplicity2,WINDPOWER,7515,2010,0
Simplicity2,WINDPOWER,7516,2010,0
Simplicity2,WINDPOWER,7517,2010,0
Simplicity2,WINDPOWER,7518,2010,0
Simplicity2,WINDPOWER,7519,2010,0
Simplicity2,WINDPOWER,7520,2010,0
Simplicity2,WINDPOWER,7521,2010,0
Simplicity2,WINDPOWER,7522,2010,0
Simplicity2,WINDPOWER,7523,2010,0
Simplicity2,WINDPOWER,7524,2010,0
Simplicity2,WINDPOWER,7525,2010,0
Simplicity2,WINDPOWER,7526,2010,0
Simplicity2,WINDPOWER,7527,2010,0
Simplicity2,WINDPOWER,7528,2010,0
Simplicity2,WINDPOWER,7529,2010,0.139629903
Simplicity2,WINDPOWER,7530,2010,0.327237027
Simplicity2,WINDPOWER,7531,2010,0.516679039
Simplicity2,WINDPOWER,7532,2010,0.67529706
Simplicity2,WINDPOWER,7533,2010,0.691329541
Simplicity2,WINDPOWER,7534,2010,0.660368142
Simplicity2,WINDPOWER,7535,2010,0.581740708
Simplicity2,WINDPOWER,7536,2010,0.389716621
Simplicity2,WINDPOWER,7537,2010,0.190360169
Simplicity2,WINDPOWER,7538,2010,0
Simplicity2,WINDPOWER,7539,2010,0
Simplicity2,WINDPOWER,7540,2010,0
Simplicity2,WINDPOWER,7541,2010,0
Simplicity2,WINDPOWER,7542,2010,0
Simplicity2,WINDPOWER,7543,2010,0
Simplicity2,WINDPOWER,7544,2010,0
Simplicity2,WINDPOWER,7545,2010,0
Simplicity2,WINDPOWER,7546,2010,0
Simplicity2,WINDPOWER,7547,2010,0
Simplicity2,WINDPOWER,7548,2010,0
Simplicity2,WINDPOWER,7549,2010,0
Simplicity2,WINDPOWER,7550,2010,0
Simplicity2,WINDPOWER,7551,2010,0
Simplicity2,WINDPOWER,7552,2010,0
Simplicity2,WINDPOWER,7553,2010,0.068174647
Simplicity2,WINDPOWER,7554,2010,0.204029492
Simplicity2,WINDPOWER,7555,2010,0.264835457
Simplicity2,WINDPOWER,7556,2010,0.51129448
Simplicity2,WINDPOWER,7557,2010,0.460345242
Simplicity2,WINDPOWER,7558,2010,0.414075072
Simplicity2,WINDPOWER,7559,2010,0.345753907
Simplicity2,WINDPOWER,7560,2010,0.196870477
Simplicity2,WINDPOWER,7561,2010,0.084064147
Simplicity2,WINDPOWER,7562,2010,0
Simplicity2,WINDPOWER,7563,2010,0
Simplicity2,WINDPOWER,7564,2010,0
Simplicity2,WINDPOWER,7565,2010,0
Simplicity2,WINDPOWER,7566,2010,0
Simplicity2,WINDPOWER,7567,2010,0
Simplicity2,WINDPOWER,7568,2010,0
Simplicity2,WINDPOWER,7569,2010,0
Simplicity2,WINDPOWER,7570,2010,0
Simplicity2,WINDPOWER,7571,2010,0
Simplicity2,WINDPOWER,7572,2010,0
Simplicity2,WINDPOWER,7573,2010,0
Simplicity2,WINDPOWER,7574,2010,0
Simplicity2,WINDPOWER,7575,2010,0
Simplicity2,WINDPOWER,7576,2010,0
Simplicity2,WINDPOWER,7577,2010,0.011165235
Simplicity2,WINDPOWER,7578,2010,0.030076175
Simplicity2,WINDPOWER,7579,2010,0.064205501
Simplicity2,WINDPOWER,7580,2010,0.092965087
Simplicity2,WINDPOWER,7581,2010,0.100475892
Simplicity2,WINDPOWER,7582,2010,0.107497388
Simplicity2,WINDPOWER,7583,2010,0.073304713
Simplicity2,WINDPOWER,7584,2010,0.037744646
Simplicity2,WINDPOWER,7585,2010,0.007147872
Simplicity2,WINDPOWER,7586,2010,0
Simplicity2,WINDPOWER,7587,2010,0
Simplicity2,WINDPOWER,7588,2010,0
Simplicity2,WINDPOWER,7589,2010,0
Simplicity2,WINDPOWER,7590,2010,0
Simplicity2,WINDPOWER,7591,2010,0
Simplicity2,WINDPOWER,7592,2010,0
Simplicity2,WINDPOWER,7593,2010,0
Simplicity2,WINDPOWER,7594,2010,0
Simplicity2,WINDPOWER,7595,2010,0
Simplicity2,WINDPOWER,7596,2010,0
Simplicity2,WINDPOWER,7597,2010,0
Simplicity2,WINDPOWER,7598,2010,0
Simplicity2,WINDPOWER,7599,2010,0
Simplicity2,WINDPOWER,7600,2010,0
Simplicity2,WINDPOWER,7601,2010,0.126719575
Simplicity2,WINDPOWER,7602,2010,0.272886569
Simplicity2,WINDPOWER,7603,2010,0.387138865
Simplicity2,WINDPOWER,7604,2010,0.251797413
Simplicity2,WINDPOWER,7605,2010,0.220591324
Simplicity2,WINDPOWER,7606,2010,0.175946461
Simplicity2,WINDPOWER,7607,2010,0.140101416
Simplicity2,WINDPOWER,7608,2010,0.064658815
Simplicity2,WINDPOWER,7609,2010,0.019383046
Simplicity2,WINDPOWER,7610,2010,0
Simplicity2,WINDPOWER,7611,2010,0
Simplicity2,WINDPOWER,7612,2010,0
Simplicity2,WINDPOWER,7613,2010,0
Simplicity2,WINDPOWER,7614,2010,0
Simplicity2,WINDPOWER,7615,2010,0
Simplicity2,WINDPOWER,7616,2010,0
Simplicity2,WINDPOWER,7617,2010,0
Simplicity2,WINDPOWER,7618,2010,0
Simplicity2,WINDPOWER,7619,2010,0
Simplicity2,WINDPOWER,7620,2010,0
Simplicity2,WINDPOWER,7621,2010,0
Simplicity2,WINDPOWER,7622,2010,0
Simplicity2,WINDPOWER,7623,2010,0
Simplicity2,WINDPOWER,7624,2010,0
Simplicity2,WINDPOWER,7625,2010,0.007538006
Simplicity2,WINDPOWER,7626,2010,0.023410596
Simplicity2,WINDPOWER,7627,2010,0.039541333
Simplicity2,WINDPOWER,7628,2010,0.036048531
Simplicity2,WINDPOWER,7629,2010,0.03967686
Simplicity2,WINDPOWER,7630,2010,0.0229348
Simplicity2,WINDPOWER,7631,2010,0.022823987
Simplicity2,WINDPOWER,7632,2010,0.017597123
Simplicity2,WINDPOWER,7633,2010,0.005104911
Simplicity2,WINDPOWER,7634,2010,0
Simplicity2,WINDPOWER,7635,2010,0
Simplicity2,WINDPOWER,7636,2010,0
Simplicity2,WINDPOWER,7637,2010,0
Simplicity2,WINDPOWER,7638,2010,0
Simplicity2,WINDPOWER,7639,2010,0
Simplicity2,WINDPOWER,7640,2010,0
Simplicity2,WINDPOWER,7641,2010,0
Simplicity2,WINDPOWER,7642,2010,0
Simplicity2,WINDPOWER,7643,2010,0
Simplicity2,WINDPOWER,7644,2010,0
Simplicity2,WINDPOWER,7645,2010,0
Simplicity2,WINDPOWER,7646,2010,0
Simplicity2,WINDPOWER,7647,2010,0
Simplicity2,WINDPOWER,7648,2010,0
Simplicity2,WINDPOWER,7649,2010,0.005246612
Simplicity2,WINDPOWER,7650,2010,0.022295694
Simplicity2,WINDPOWER,7651,2010,0.039198522
Simplicity2,WINDPOWER,7652,2010,0.046391102
Simplicity2,WINDPOWER,7653,2010,0.064377423
Simplicity2,WINDPOWER,7654,2010,0.056203779
Simplicity2,WINDPOWER,7655,2010,0.044116327
Simplicity2,WINDPOWER,7656,2010,0.025472263
Simplicity2,WINDPOWER,7657,2010,0.006175203
Simplicity2,WINDPOWER,7658,2010,0
Simplicity2,WINDPOWER,7659,2010,0
Simplicity2,WINDPOWER,7660,2010,0
Simplicity2,WINDPOWER,7661,2010,0
Simplicity2,WINDPOWER,7662,2010,0
Simplicity2,WINDPOWER,7663,2010,0
Simplicity2,WINDPOWER,7664,2010,0
Simplicity2,WINDPOWER,7665,2010,0
Simplicity2,WINDPOWER,7666,2010,0
Simplicity2,WINDPOWER,7667,2010,0
Simplicity2,WINDPOWER,7668,2010,0
Simplicity2,WINDPOWER,7669,2010,0
Simplicity2,WINDPOWER,7670,2010,0
Simplicity2,WINDPOWER,7671,2010,0
Simplicity2,WINDPOWER,7672,2010,0
Simplicity2,WINDPOWER,7673,2010,0.188523126
Simplicity2,WINDPOWER,7674,2010,0.394791137
Simplicity2,WINDPOWER,7675,2010,0.586285882
Simplicity2,WINDPOWER,7676,2010,0.67745768
Simplicity2,WINDPOWER,7677,2010,0.677257412
Simplicity2,WINDPOWER,7678,2010,0.538723901
Simplicity2,WINDPOWER,7679,2010,0.450603183
Simplicity2,WINDPOWER,7680,2010,0.286507918
Simplicity2,WINDPOWER,7681,2010,0.144086331
Simplicity2,WINDPOWER,7682,2010,0
Simplicity2,WINDPOWER,7683,2010,0
Simplicity2,WINDPOWER,7684,2010,0
Simplicity2,WINDPOWER,7685,2010,0
Simplicity2,WINDPOWER,7686,2010,0
Simplicity2,WINDPOWER,7687,2010,0
Simplicity2,WINDPOWER,7688,2010,0
Simplicity2,WINDPOWER,7689,2010,0
Simplicity2,WINDPOWER,7690,2010,0
Simplicity2,WINDPOWER,7691,2010,0
Simplicity2,WINDPOWER,7692,2010,0
Simplicity2,WINDPOWER,7693,2010,0
Simplicity2,WINDPOWER,7694,2010,0
Simplicity2,WINDPOWER,7695,2010,0
Simplicity2,WINDPOWER,7696,2010,0
Simplicity2,WINDPOWER,7697,2010,0.194141438
Simplicity2,WINDPOWER,7698,2010,0.398581176
Simplicity2,WINDPOWER,7699,2010,0.589063833
Simplicity2,WINDPOWER,7700,2010,0.675130989
Simplicity2,WINDPOWER,7701,2010,0.700067411
Simplicity2,WINDPOWER,7702,2010,0.607715232
Simplicity2,WINDPOWER,7703,2010,0.453076125
Simplicity2,WINDPOWER,7704,2010,0.285961061
Simplicity2,WINDPOWER,7705,2010,0.102752215
Simplicity2,WINDPOWER,7706,2010,0
Simplicity2,WINDPOWER,7707,2010,0
Simplicity2,WINDPOWER,7708,2010,0
Simplicity2,WINDPOWER,7709,2010,0
Simplicity2,WINDPOWER,7710,2010,0
Simplicity2,WINDPOWER,7711,2010,0
Simplicity2,WINDPOWER,7712,2010,0
Simplicity2,WINDPOWER,7713,2010,0
Simplicity2,WINDPOWER,7714,2010,0
Simplicity2,WINDPOWER,7715,2010,0
Simplicity2,WINDPOWER,7716,2010,0
Simplicity2,WINDPOWER,7717,2010,0
Simplicity2,WINDPOWER,7718,2010,0
Simplicity2,WINDPOWER,7719,2010,0
Simplicity2,WINDPOWER,7720,2010,0
Simplicity2,WINDPOWER,7721,2010,0.139823968
Simplicity2,WINDPOWER,7722,2010,0.332279945
Simplicity2,WINDPOWER,7723,2010,0.437581479
Simplicity2,WINDPOWER,7724,2010,0.453656232
Simplicity2,WINDPOWER,7725,2010,0.290341764
Simplicity2,WINDPOWER,7726,2010,0.301574172
Simplicity2,WINDPOWER,7727,2010,0.264798201
Simplicity2,WINDPOWER,7728,2010,0.174342443
Simplicity2,WINDPOWER,7729,2010,0.058096172
Simplicity2,WINDPOWER,7730,2010,0
Simplicity2,WINDPOWER,7731,2010,0
Simplicity2,WINDPOWER,7732,2010,0
Simplicity2,WINDPOWER,7733,2010,0
Simplicity2,WINDPOWER,7734,2010,0
Simplicity2,WINDPOWER,7735,2010,0
Simplicity2,WINDPOWER,7736,2010,0
Simplicity2,WINDPOWER,7737,2010,0
Simplicity2,WINDPOWER,7738,2010,0
Simplicity2,WINDPOWER,7739,2010,0
Simplicity2,WINDPOWER,7740,2010,0
Simplicity2,WINDPOWER,7741,2010,0
Simplicity2,WINDPOWER,7742,2010,0
Simplicity2,WINDPOWER,7743,2010,0
Simplicity2,WINDPOWER,7744,2010,0
Simplicity2,WINDPOWER,7745,2010,0.028220423
Simplicity2,WINDPOWER,7746,2010,0.08358685
Simplicity2,WINDPOWER,7747,2010,0.219844139
Simplicity2,WINDPOWER,7748,2010,0.486711444
Simplicity2,WINDPOWER,7749,2010,0.494265199
Simplicity2,WINDPOWER,7750,2010,0.451702221
Simplicity2,WINDPOWER,7751,2010,0.401936004
Simplicity2,WINDPOWER,7752,2010,0.33854592
Simplicity2,WINDPOWER,7753,2010,0.165867774
Simplicity2,WINDPOWER,7754,2010,0
Simplicity2,WINDPOWER,7755,2010,0
Simplicity2,WINDPOWER,7756,2010,0
Simplicity2,WINDPOWER,7757,2010,0
Simplicity2,WINDPOWER,7758,2010,0
Simplicity2,WINDPOWER,7759,2010,0
Simplicity2,WINDPOWER,7760,2010,0
Simplicity2,WINDPOWER,7761,2010,0
Simplicity2,WINDPOWER,7762,2010,0
Simplicity2,WINDPOWER,7763,2010,0
Simplicity2,WINDPOWER,7764,2010,0
Simplicity2,WINDPOWER,7765,2010,0
Simplicity2,WINDPOWER,7766,2010,0
Simplicity2,WINDPOWER,7767,2010,0
Simplicity2,WINDPOWER,7768,2010,0
Simplicity2,WINDPOWER,7769,2010,0.092002127
Simplicity2,WINDPOWER,7770,2010,0.216272593
Simplicity2,WINDPOWER,7771,2010,0.422736226
Simplicity2,WINDPOWER,7772,2010,0.522711772
Simplicity2,WINDPOWER,7773,2010,0.585195754
Simplicity2,WINDPOWER,7774,2010,0.517247534
Simplicity2,WINDPOWER,7775,2010,0.412585108
Simplicity2,WINDPOWER,7776,2010,0.329790368
Simplicity2,WINDPOWER,7777,2010,0.158817573
Simplicity2,WINDPOWER,7778,2010,0
Simplicity2,WINDPOWER,7779,2010,0
Simplicity2,WINDPOWER,7780,2010,0
Simplicity2,WINDPOWER,7781,2010,0
Simplicity2,WINDPOWER,7782,2010,0
Simplicity2,WINDPOWER,7783,2010,0
Simplicity2,WINDPOWER,7784,2010,0
Simplicity2,WINDPOWER,7785,2010,0
Simplicity2,WINDPOWER,7786,2010,0
Simplicity2,WINDPOWER,7787,2010,0
Simplicity2,WINDPOWER,7788,2010,0
Simplicity2,WINDPOWER,7789,2010,0
Simplicity2,WINDPOWER,7790,2010,0
Simplicity2,WINDPOWER,7791,2010,0
Simplicity2,WINDPOWER,7792,2010,0
Simplicity2,WINDPOWER,7793,2010,0.028855691
Simplicity2,WINDPOWER,7794,2010,0.08686684
Simplicity2,WINDPOWER,7795,2010,0.113516952
Simplicity2,WINDPOWER,7796,2010,0.178465814
Simplicity2,WINDPOWER,7797,2010,0.370056131
Simplicity2,WINDPOWER,7798,2010,0.342284517
Simplicity2,WINDPOWER,7799,2010,0.210405853
Simplicity2,WINDPOWER,7800,2010,0.113461105
Simplicity2,WINDPOWER,7801,2010,0.080157568
Simplicity2,WINDPOWER,7802,2010,0
Simplicity2,WINDPOWER,7803,2010,0
Simplicity2,WINDPOWER,7804,2010,0
Simplicity2,WINDPOWER,7805,2010,0
Simplicity2,WINDPOWER,7806,2010,0
Simplicity2,WINDPOWER,7807,2010,0
Simplicity2,WINDPOWER,7808,2010,0
Simplicity2,WINDPOWER,7809,2010,0
Simplicity2,WINDPOWER,7810,2010,0
Simplicity2,WINDPOWER,7811,2010,0
Simplicity2,WINDPOWER,7812,2010,0
Simplicity2,WINDPOWER,7813,2010,0
Simplicity2,WINDPOWER,7814,2010,0
Simplicity2,WINDPOWER,7815,2010,0
Simplicity2,WINDPOWER,7816,2010,0
Simplicity2,WINDPOWER,7817,2010,0.07757571
Simplicity2,WINDPOWER,7818,2010,0.267279487
Simplicity2,WINDPOWER,7819,2010,0.538367487
Simplicity2,WINDPOWER,7820,2010,0.657717224
Simplicity2,WINDPOWER,7821,2010,0.710583939
Simplicity2,WINDPOWER,7822,2010,0.664248918
Simplicity2,WINDPOWER,7823,2010,0.572933678
Simplicity2,WINDPOWER,7824,2010,0.380891479
Simplicity2,WINDPOWER,7825,2010,0.167952496
Simplicity2,WINDPOWER,7826,2010,0
Simplicity2,WINDPOWER,7827,2010,0
Simplicity2,WINDPOWER,7828,2010,0
Simplicity2,WINDPOWER,7829,2010,0
Simplicity2,WINDPOWER,7830,2010,0
Simplicity2,WINDPOWER,7831,2010,0
Simplicity2,WINDPOWER,7832,2010,0
Simplicity2,WINDPOWER,7833,2010,0
Simplicity2,WINDPOWER,7834,2010,0
Simplicity2,WINDPOWER,7835,2010,0
Simplicity2,WINDPOWER,7836,2010,0
Simplicity2,WINDPOWER,7837,2010,0
Simplicity2,WINDPOWER,7838,2010,0
Simplicity2,WINDPOWER,7839,2010,0
Simplicity2,WINDPOWER,7840,2010,0
Simplicity2,WINDPOWER,7841,2010,0.006560162
Simplicity2,WINDPOWER,7842,2010,0.042138997
Simplicity2,WINDPOWER,7843,2010,0.114758917
Simplicity2,WINDPOWER,7844,2010,0.415919472
Simplicity2,WINDPOWER,7845,2010,0.307216956
Simplicity2,WINDPOWER,7846,2010,0.253607257
Simplicity2,WINDPOWER,7847,2010,0.161472408
Simplicity2,WINDPOWER,7848,2010,0.093820497
Simplicity2,WINDPOWER,7849,2010,0.028998911
Simplicity2,WINDPOWER,7850,2010,0
Simplicity2,WINDPOWER,7851,2010,0
Simplicity2,WINDPOWER,7852,2010,0
Simplicity2,WINDPOWER,7853,2010,0
Simplicity2,WINDPOWER,7854,2010,0
Simplicity2,WINDPOWER,7855,2010,0
Simplicity2,WINDPOWER,7856,2010,0
Simplicity2,WINDPOWER,7857,2010,0
Simplicity2,WINDPOWER,7858,2010,0
Simplicity2,WINDPOWER,7859,2010,0
Simplicity2,WINDPOWER,7860,2010,0
Simplicity2,WINDPOWER,7861,2010,0
Simplicity2,WINDPOWER,7862,2010,0
Simplicity2,WINDPOWER,7863,2010,0
Simplicity2,WINDPOWER,7864,2010,0
Simplicity2,WINDPOWER,7865,2010,0.161736258
Simplicity2,WINDPOWER,7866,2010,0.27656345
Simplicity2,WINDPOWER,7867,2010,0.347760033
Simplicity2,WINDPOWER,7868,2010,0.476360502
Simplicity2,WINDPOWER,7869,2010,0.530663526
Simplicity2,WINDPOWER,7870,2010,0.439644765
Simplicity2,WINDPOWER,7871,2010,0.154476511
Simplicity2,WINDPOWER,7872,2010,0.087213734
Simplicity2,WINDPOWER,7873,2010,0.051134616
Simplicity2,WINDPOWER,7874,2010,0
Simplicity2,WINDPOWER,7875,2010,0
Simplicity2,WINDPOWER,7876,2010,0
Simplicity2,WINDPOWER,7877,2010,0
Simplicity2,WINDPOWER,7878,2010,0
Simplicity2,WINDPOWER,7879,2010,0
Simplicity2,WINDPOWER,7880,2010,0
Simplicity2,WINDPOWER,7881,2010,0
Simplicity2,WINDPOWER,7882,2010,0
Simplicity2,WINDPOWER,7883,2010,0
Simplicity2,WINDPOWER,7884,2010,0
Simplicity2,WINDPOWER,7885,2010,0
Simplicity2,WINDPOWER,7886,2010,0
Simplicity2,WINDPOWER,7887,2010,0
Simplicity2,WINDPOWER,7888,2010,0
Simplicity2,WINDPOWER,7889,2010,0.060440116
Simplicity2,WINDPOWER,7890,2010,0.042064685
Simplicity2,WINDPOWER,7891,2010,0.038073663
Simplicity2,WINDPOWER,7892,2010,0.071201434
Simplicity2,WINDPOWER,7893,2010,0.121887922
Simplicity2,WINDPOWER,7894,2010,0.05073136
Simplicity2,WINDPOWER,7895,2010,0.03501247
Simplicity2,WINDPOWER,7896,2010,0.01522433
Simplicity2,WINDPOWER,7897,2010,0.003395493
Simplicity2,WINDPOWER,7898,2010,0
Simplicity2,WINDPOWER,7899,2010,0
Simplicity2,WINDPOWER,7900,2010,0
Simplicity2,WINDPOWER,7901,2010,0
Simplicity2,WINDPOWER,7902,2010,0
Simplicity2,WINDPOWER,7903,2010,0
Simplicity2,WINDPOWER,7904,2010,0
Simplicity2,WINDPOWER,7905,2010,0
Simplicity2,WINDPOWER,7906,2010,0
Simplicity2,WINDPOWER,7907,2010,0
Simplicity2,WINDPOWER,7908,2010,0
Simplicity2,WINDPOWER,7909,2010,0
Simplicity2,WINDPOWER,7910,2010,0
Simplicity2,WINDPOWER,7911,2010,0
Simplicity2,WINDPOWER,7912,2010,0
Simplicity2,WINDPOWER,7913,2010,0.064259016
Simplicity2,WINDPOWER,7914,2010,0.116631857
Simplicity2,WINDPOWER,7915,2010,0.166077558
Simplicity2,WINDPOWER,7916,2010,0.504886393
Simplicity2,WINDPOWER,7917,2010,0.507582589
Simplicity2,WINDPOWER,7918,2010,0.42040999
Simplicity2,WINDPOWER,7919,2010,0.394326721
Simplicity2,WINDPOWER,7920,2010,0.272687144
Simplicity2,WINDPOWER,7921,2010,0.135506992
Simplicity2,WINDPOWER,7922,2010,0
Simplicity2,WINDPOWER,7923,2010,0
Simplicity2,WINDPOWER,7924,2010,0
Simplicity2,WINDPOWER,7925,2010,0
Simplicity2,WINDPOWER,7926,2010,0
Simplicity2,WINDPOWER,7927,2010,0
Simplicity2,WINDPOWER,7928,2010,0
Simplicity2,WINDPOWER,7929,2010,0
Simplicity2,WINDPOWER,7930,2010,0
Simplicity2,WINDPOWER,7931,2010,0
Simplicity2,WINDPOWER,7932,2010,0
Simplicity2,WINDPOWER,7933,2010,0
Simplicity2,WINDPOWER,7934,2010,0
Simplicity2,WINDPOWER,7935,2010,0
Simplicity2,WINDPOWER,7936,2010,0
Simplicity2,WINDPOWER,7937,2010,0.011468324
Simplicity2,WINDPOWER,7938,2010,0.077921828
Simplicity2,WINDPOWER,7939,2010,0.143334686
Simplicity2,WINDPOWER,7940,2010,0.148371441
Simplicity2,WINDPOWER,7941,2010,0.11520046
Simplicity2,WINDPOWER,7942,2010,0.122106604
Simplicity2,WINDPOWER,7943,2010,0.078447575
Simplicity2,WINDPOWER,7944,2010,0.171095194
Simplicity2,WINDPOWER,7945,2010,0.085017088
Simplicity2,WINDPOWER,7946,2010,0
Simplicity2,WINDPOWER,7947,2010,0
Simplicity2,WINDPOWER,7948,2010,0
Simplicity2,WINDPOWER,7949,2010,0
Simplicity2,WINDPOWER,7950,2010,0
Simplicity2,WINDPOWER,7951,2010,0
Simplicity2,WINDPOWER,7952,2010,0
Simplicity2,WINDPOWER,7953,2010,0
Simplicity2,WINDPOWER,7954,2010,0
Simplicity2,WINDPOWER,7955,2010,0
Simplicity2,WINDPOWER,7956,2010,0
Simplicity2,WINDPOWER,7957,2010,0
Simplicity2,WINDPOWER,7958,2010,0
Simplicity2,WINDPOWER,7959,2010,0
Simplicity2,WINDPOWER,7960,2010,0
Simplicity2,WINDPOWER,7961,2010,0
Simplicity2,WINDPOWER,7962,2010,0.013029615
Simplicity2,WINDPOWER,7963,2010,0.036293069
Simplicity2,WINDPOWER,7964,2010,0.053873289
Simplicity2,WINDPOWER,7965,2010,0.063223272
Simplicity2,WINDPOWER,7966,2010,0.04515632
Simplicity2,WINDPOWER,7967,2010,0.042133446
Simplicity2,WINDPOWER,7968,2010,0.017709986
Simplicity2,WINDPOWER,7969,2010,0.002503157
Simplicity2,WINDPOWER,7970,2010,0
Simplicity2,WINDPOWER,7971,2010,0
Simplicity2,WINDPOWER,7972,2010,0
Simplicity2,WINDPOWER,7973,2010,0
Simplicity2,WINDPOWER,7974,2010,0
Simplicity2,WINDPOWER,7975,2010,0
Simplicity2,WINDPOWER,7976,2010,0
Simplicity2,WINDPOWER,7977,2010,0
Simplicity2,WINDPOWER,7978,2010,0
Simplicity2,WINDPOWER,7979,2010,0
Simplicity2,WINDPOWER,7980,2010,0
Simplicity2,WINDPOWER,7981,2010,0
Simplicity2,WINDPOWER,7982,2010,0
Simplicity2,WINDPOWER,7983,2010,0
Simplicity2,WINDPOWER,7984,2010,0
Simplicity2,WINDPOWER,7985,2010,0
Simplicity2,WINDPOWER,7986,2010,0.047925745
Simplicity2,WINDPOWER,7987,2010,0.100282607
Simplicity2,WINDPOWER,7988,2010,0.293906128
Simplicity2,WINDPOWER,7989,2010,0.484552825
Simplicity2,WINDPOWER,7990,2010,0.410943821
Simplicity2,WINDPOWER,7991,2010,0.369096644
Simplicity2,WINDPOWER,7992,2010,0.277112953
Simplicity2,WINDPOWER,7993,2010,0.113512205
Simplicity2,WINDPOWER,7994,2010,0
Simplicity2,WINDPOWER,7995,2010,0
Simplicity2,WINDPOWER,7996,2010,0
Simplicity2,WINDPOWER,7997,2010,0
Simplicity2,WINDPOWER,7998,2010,0
Simplicity2,WINDPOWER,7999,2010,0
Simplicity2,WINDPOWER,8000,2010,0
Simplicity2,WINDPOWER,8001,2010,0
Simplicity2,WINDPOWER,8002,2010,0
Simplicity2,WINDPOWER,8003,2010,0
Simplicity2,WINDPOWER,8004,2010,0
Simplicity2,WINDPOWER,8005,2010,0
Simplicity2,WINDPOWER,8006,2010,0
Simplicity2,WINDPOWER,8007,2010,0
Simplicity2,WINDPOWER,8008,2010,0
Simplicity2,WINDPOWER,8009,2010,0
Simplicity2,WINDPOWER,8010,2010,0.030457767
Simplicity2,WINDPOWER,8011,2010,0.073212556
Simplicity2,WINDPOWER,8012,2010,0.135272815
Simplicity2,WINDPOWER,8013,2010,0.159929702
Simplicity2,WINDPOWER,8014,2010,0.139269222
Simplicity2,WINDPOWER,8015,2010,0.116883395
Simplicity2,WINDPOWER,8016,2010,0.088231959
Simplicity2,WINDPOWER,8017,2010,0.032913022
Simplicity2,WINDPOWER,8018,2010,0
Simplicity2,WINDPOWER,8019,2010,0
Simplicity2,WINDPOWER,8020,2010,0
Simplicity2,WINDPOWER,8021,2010,0
Simplicity2,WINDPOWER,8022,2010,0
Simplicity2,WINDPOWER,8023,2010,0
Simplicity2,WINDPOWER,8024,2010,0
Simplicity2,WINDPOWER,8025,2010,0
Simplicity2,WINDPOWER,8026,2010,0
Simplicity2,WINDPOWER,8027,2010,0
Simplicity2,WINDPOWER,8028,2010,0
Simplicity2,WINDPOWER,8029,2010,0
Simplicity2,WINDPOWER,8030,2010,0
Simplicity2,WINDPOWER,8031,2010,0
Simplicity2,WINDPOWER,8032,2010,0
Simplicity2,WINDPOWER,8033,2010,0
Simplicity2,WINDPOWER,8034,2010,0.013530901
Simplicity2,WINDPOWER,8035,2010,0.030989317
Simplicity2,WINDPOWER,8036,2010,0.061976314
Simplicity2,WINDPOWER,8037,2010,0.096364976
Simplicity2,WINDPOWER,8038,2010,0.075248578
Simplicity2,WINDPOWER,8039,2010,0.168504658
Simplicity2,WINDPOWER,8040,2010,0.073716788
Simplicity2,WINDPOWER,8041,2010,0.039973361
Simplicity2,WINDPOWER,8042,2010,0
Simplicity2,WINDPOWER,8043,2010,0
Simplicity2,WINDPOWER,8044,2010,0
Simplicity2,WINDPOWER,8045,2010,0
Simplicity2,WINDPOWER,8046,2010,0
Simplicity2,WINDPOWER,8047,2010,0
Simplicity2,WINDPOWER,8048,2010,0
Simplicity2,WINDPOWER,8049,2010,0
Simplicity2,WINDPOWER,8050,2010,0
Simplicity2,WINDPOWER,8051,2010,0
Simplicity2,WINDPOWER,8052,2010,0
Simplicity2,WINDPOWER,8053,2010,0
Simplicity2,WINDPOWER,8054,2010,0
Simplicity2,WINDPOWER,8055,2010,0
Simplicity2,WINDPOWER,8056,2010,0
Simplicity2,WINDPOWER,8057,2010,0
Simplicity2,WINDPOWER,8058,2010,0.176444361
Simplicity2,WINDPOWER,8059,2010,0.335359231
Simplicity2,WINDPOWER,8060,2010,0.449112932
Simplicity2,WINDPOWER,8061,2010,0.537401844
Simplicity2,WINDPOWER,8062,2010,0.603229184
Simplicity2,WINDPOWER,8063,2010,0.518450549
Simplicity2,WINDPOWER,8064,2010,0.362183635
Simplicity2,WINDPOWER,8065,2010,0.198777198
Simplicity2,WINDPOWER,8066,2010,0
Simplicity2,WINDPOWER,8067,2010,0
Simplicity2,WINDPOWER,8068,2010,0
Simplicity2,WINDPOWER,8069,2010,0
Simplicity2,WINDPOWER,8070,2010,0
Simplicity2,WINDPOWER,8071,2010,0
Simplicity2,WINDPOWER,8072,2010,0
Simplicity2,WINDPOWER,8073,2010,0
Simplicity2,WINDPOWER,8074,2010,0
Simplicity2,WINDPOWER,8075,2010,0
Simplicity2,WINDPOWER,8076,2010,0
Simplicity2,WINDPOWER,8077,2010,0
Simplicity2,WINDPOWER,8078,2010,0
Simplicity2,WINDPOWER,8079,2010,0
Simplicity2,WINDPOWER,8080,2010,0
Simplicity2,WINDPOWER,8081,2010,0
Simplicity2,WINDPOWER,8082,2010,0.232928592
Simplicity2,WINDPOWER,8083,2010,0.424165067
Simplicity2,WINDPOWER,8084,2010,0.465883353
Simplicity2,WINDPOWER,8085,2010,0.383168829
Simplicity2,WINDPOWER,8086,2010,0.237585194
Simplicity2,WINDPOWER,8087,2010,0.156538922
Simplicity2,WINDPOWER,8088,2010,0.169666955
Simplicity2,WINDPOWER,8089,2010,0.089736678
Simplicity2,WINDPOWER,8090,2010,0
Simplicity2,WINDPOWER,8091,2010,0
Simplicity2,WINDPOWER,8092,2010,0
Simplicity2,WINDPOWER,8093,2010,0
Simplicity2,WINDPOWER,8094,2010,0
Simplicity2,WINDPOWER,8095,2010,0
Simplicity2,WINDPOWER,8096,2010,0
Simplicity2,WINDPOWER,8097,2010,0
Simplicity2,WINDPOWER,8098,2010,0
Simplicity2,WINDPOWER,8099,2010,0
Simplicity2,WINDPOWER,8100,2010,0
Simplicity2,WINDPOWER,8101,2010,0
Simplicity2,WINDPOWER,8102,2010,0
Simplicity2,WINDPOWER,8103,2010,0
Simplicity2,WINDPOWER,8104,2010,0
Simplicity2,WINDPOWER,8105,2010,0
Simplicity2,WINDPOWER,8106,2010,0.026036543
Simplicity2,WINDPOWER,8107,2010,0.051888678
Simplicity2,WINDPOWER,8108,2010,0.094223789
Simplicity2,WINDPOWER,8109,2010,0.162907925
Simplicity2,WINDPOWER,8110,2010,0.19285418
Simplicity2,WINDPOWER,8111,2010,0.118820717
Simplicity2,WINDPOWER,8112,2010,0.141991284
Simplicity2,WINDPOWER,8113,2010,0.144826353
Simplicity2,WINDPOWER,8114,2010,0
Simplicity2,WINDPOWER,8115,2010,0
Simplicity2,WINDPOWER,8116,2010,0
Simplicity2,WINDPOWER,8117,2010,0
Simplicity2,WINDPOWER,8118,2010,0
Simplicity2,WINDPOWER,8119,2010,0
Simplicity2,WINDPOWER,8120,2010,0
Simplicity2,WINDPOWER,8121,2010,0
Simplicity2,WINDPOWER,8122,2010,0
Simplicity2,WINDPOWER,8123,2010,0
Simplicity2,WINDPOWER,8124,2010,0
Simplicity2,WINDPOWER,8125,2010,0
Simplicity2,WINDPOWER,8126,2010,0
Simplicity2,WINDPOWER,8127,2010,0
Simplicity2,WINDPOWER,8128,2010,0
Simplicity2,WINDPOWER,8129,2010,0
Simplicity2,WINDPOWER,8130,2010,0.326841058
Simplicity2,WINDPOWER,8131,2010,0.499859229
Simplicity2,WINDPOWER,8132,2010,0.666264534
Simplicity2,WINDPOWER,8133,2010,0.651157858
Simplicity2,WINDPOWER,8134,2010,0.553730908
Simplicity2,WINDPOWER,8135,2010,0.502934669
Simplicity2,WINDPOWER,8136,2010,0.376798705
Simplicity2,WINDPOWER,8137,2010,0.237392767
Simplicity2,WINDPOWER,8138,2010,0
Simplicity2,WINDPOWER,8139,2010,0
Simplicity2,WINDPOWER,8140,2010,0
Simplicity2,WINDPOWER,8141,2010,0
Simplicity2,WINDPOWER,8142,2010,0
Simplicity2,WINDPOWER,8143,2010,0
Simplicity2,WINDPOWER,8144,2010,0
Simplicity2,WINDPOWER,8145,2010,0
Simplicity2,WINDPOWER,8146,2010,0
Simplicity2,WINDPOWER,8147,2010,0
Simplicity2,WINDPOWER,8148,2010,0
Simplicity2,WINDPOWER,8149,2010,0
Simplicity2,WINDPOWER,8150,2010,0
Simplicity2,WINDPOWER,8151,2010,0
Simplicity2,WINDPOWER,8152,2010,0
Simplicity2,WINDPOWER,8153,2010,0
Simplicity2,WINDPOWER,8154,2010,0.039015579
Simplicity2,WINDPOWER,8155,2010,0.083785264
Simplicity2,WINDPOWER,8156,2010,0.353876253
Simplicity2,WINDPOWER,8157,2010,0.408041603
Simplicity2,WINDPOWER,8158,2010,0.412905368
Simplicity2,WINDPOWER,8159,2010,0.351585484
Simplicity2,WINDPOWER,8160,2010,0.182835762
Simplicity2,WINDPOWER,8161,2010,0
Simplicity2,WINDPOWER,8162,2010,0
Simplicity2,WINDPOWER,8163,2010,0
Simplicity2,WINDPOWER,8164,2010,0
Simplicity2,WINDPOWER,8165,2010,0
Simplicity2,WINDPOWER,8166,2010,0
Simplicity2,WINDPOWER,8167,2010,0
Simplicity2,WINDPOWER,8168,2010,0
Simplicity2,WINDPOWER,8169,2010,0
Simplicity2,WINDPOWER,8170,2010,0
Simplicity2,WINDPOWER,8171,2010,0
Simplicity2,WINDPOWER,8172,2010,0
Simplicity2,WINDPOWER,8173,2010,0
Simplicity2,WINDPOWER,8174,2010,0
Simplicity2,WINDPOWER,8175,2010,0
Simplicity2,WINDPOWER,8176,2010,0
Simplicity2,WINDPOWER,8177,2010,0
Simplicity2,WINDPOWER,8178,2010,0.070030258
Simplicity2,WINDPOWER,8179,2010,0.138659912
Simplicity2,WINDPOWER,8180,2010,0.243942714
Simplicity2,WINDPOWER,8181,2010,0.370882763
Simplicity2,WINDPOWER,8182,2010,0.236594571
Simplicity2,WINDPOWER,8183,2010,0.134516162
Simplicity2,WINDPOWER,8184,2010,0.063241717
Simplicity2,WINDPOWER,8185,2010,0
Simplicity2,WINDPOWER,8186,2010,0
Simplicity2,WINDPOWER,8187,2010,0
Simplicity2,WINDPOWER,8188,2010,0
Simplicity2,WINDPOWER,8189,2010,0
Simplicity2,WINDPOWER,8190,2010,0
Simplicity2,WINDPOWER,8191,2010,0
Simplicity2,WINDPOWER,8192,2010,0
Simplicity2,WINDPOWER,8193,2010,0
Simplicity2,WINDPOWER,8194,2010,0
Simplicity2,WINDPOWER,8195,2010,0
Simplicity2,WINDPOWER,8196,2010,0
Simplicity2,WINDPOWER,8197,2010,0
Simplicity2,WINDPOWER,8198,2010,0
Simplicity2,WINDPOWER,8199,2010,0
Simplicity2,WINDPOWER,8200,2010,0
Simplicity2,WINDPOWER,8201,2010,0
Simplicity2,WINDPOWER,8202,2010,0.158388325
Simplicity2,WINDPOWER,8203,2010,0.298149153
Simplicity2,WINDPOWER,8204,2010,0.45713814
Simplicity2,WINDPOWER,8205,2010,0.426484221
Simplicity2,WINDPOWER,8206,2010,0.491043968
Simplicity2,WINDPOWER,8207,2010,0.359438831
Simplicity2,WINDPOWER,8208,2010,0.174061906
Simplicity2,WINDPOWER,8209,2010,0
Simplicity2,WINDPOWER,8210,2010,0
Simplicity2,WINDPOWER,8211,2010,0
Simplicity2,WINDPOWER,8212,2010,0
Simplicity2,WINDPOWER,8213,2010,0
Simplicity2,WINDPOWER,8214,2010,0
Simplicity2,WINDPOWER,8215,2010,0
Simplicity2,WINDPOWER,8216,2010,0
Simplicity2,WINDPOWER,8217,2010,0
Simplicity2,WINDPOWER,8218,2010,0
Simplicity2,WINDPOWER,8219,2010,0
Simplicity2,WINDPOWER,8220,2010,0
Simplicity2,WINDPOWER,8221,2010,0
Simplicity2,WINDPOWER,8222,2010,0
Simplicity2,WINDPOWER,8223,2010,0
Simplicity2,WINDPOWER,8224,2010,0
Simplicity2,WINDPOWER,8225,2010,0
Simplicity2,WINDPOWER,8226,2010,0.287414113
Simplicity2,WINDPOWER,8227,2010,0.522944792
Simplicity2,WINDPOWER,8228,2010,0.615711675
Simplicity2,WINDPOWER,8229,2010,0.610038471
Simplicity2,WINDPOWER,8230,2010,0.562822408
Simplicity2,WINDPOWER,8231,2010,0.433113078
Simplicity2,WINDPOWER,8232,2010,0.268849466
Simplicity2,WINDPOWER,8233,2010,0
Simplicity2,WINDPOWER,8234,2010,0
Simplicity2,WINDPOWER,8235,2010,0
Simplicity2,WINDPOWER,8236,2010,0
Simplicity2,WINDPOWER,8237,2010,0
Simplicity2,WINDPOWER,8238,2010,0
Simplicity2,WINDPOWER,8239,2010,0
Simplicity2,WINDPOWER,8240,2010,0
Simplicity2,WINDPOWER,8241,2010,0
Simplicity2,WINDPOWER,8242,2010,0
Simplicity2,WINDPOWER,8243,2010,0
Simplicity2,WINDPOWER,8244,2010,0
Simplicity2,WINDPOWER,8245,2010,0
Simplicity2,WINDPOWER,8246,2010,0
Simplicity2,WINDPOWER,8247,2010,0
Simplicity2,WINDPOWER,8248,2010,0
Simplicity2,WINDPOWER,8249,2010,0
Simplicity2,WINDPOWER,8250,2010,0.130549685
Simplicity2,WINDPOWER,8251,2010,0.271891151
Simplicity2,WINDPOWER,8252,2010,0.46145858
Simplicity2,WINDPOWER,8253,2010,0.479721797
Simplicity2,WINDPOWER,8254,2010,0.442357738
Simplicity2,WINDPOWER,8255,2010,0.229611976
Simplicity2,WINDPOWER,8256,2010,0.073877642
Simplicity2,WINDPOWER,8257,2010,0
Simplicity2,WINDPOWER,8258,2010,0
Simplicity2,WINDPOWER,8259,2010,0
Simplicity2,WINDPOWER,8260,2010,0
Simplicity2,WINDPOWER,8261,2010,0
Simplicity2,WINDPOWER,8262,2010,0
Simplicity2,WINDPOWER,8263,2010,0
Simplicity2,WINDPOWER,8264,2010,0
Simplicity2,WINDPOWER,8265,2010,0
Simplicity2,WINDPOWER,8266,2010,0
Simplicity2,WINDPOWER,8267,2010,0
Simplicity2,WINDPOWER,8268,2010,0
Simplicity2,WINDPOWER,8269,2010,0
Simplicity2,WINDPOWER,8270,2010,0
Simplicity2,WINDPOWER,8271,2010,0
Simplicity2,WINDPOWER,8272,2010,0
Simplicity2,WINDPOWER,8273,2010,0
Simplicity2,WINDPOWER,8274,2010,0.013819075
Simplicity2,WINDPOWER,8275,2010,0.03587548
Simplicity2,WINDPOWER,8276,2010,0.089185756
Simplicity2,WINDPOWER,8277,2010,0.048495693
Simplicity2,WINDPOWER,8278,2010,0.043797283
Simplicity2,WINDPOWER,8279,2010,0.068569831
Simplicity2,WINDPOWER,8280,2010,0.078700526
Simplicity2,WINDPOWER,8281,2010,0
Simplicity2,WINDPOWER,8282,2010,0
Simplicity2,WINDPOWER,8283,2010,0
Simplicity2,WINDPOWER,8284,2010,0
Simplicity2,WINDPOWER,8285,2010,0
Simplicity2,WINDPOWER,8286,2010,0
Simplicity2,WINDPOWER,8287,2010,0
Simplicity2,WINDPOWER,8288,2010,0
Simplicity2,WINDPOWER,8289,2010,0
Simplicity2,WINDPOWER,8290,2010,0
Simplicity2,WINDPOWER,8291,2010,0
Simplicity2,WINDPOWER,8292,2010,0
Simplicity2,WINDPOWER,8293,2010,0
Simplicity2,WINDPOWER,8294,2010,0
Simplicity2,WINDPOWER,8295,2010,0
Simplicity2,WINDPOWER,8296,2010,0
Simplicity2,WINDPOWER,8297,2010,0
Simplicity2,WINDPOWER,8298,2010,0.037256214
Simplicity2,WINDPOWER,8299,2010,0.224736088
Simplicity2,WINDPOWER,8300,2010,0.43365283
Simplicity2,WINDPOWER,8301,2010,0.492006978
Simplicity2,WINDPOWER,8302,2010,0.592694835
Simplicity2,WINDPOWER,8303,2010,0.470827554
Simplicity2,WINDPOWER,8304,2010,0.246832983
Simplicity2,WINDPOWER,8305,2010,0
Simplicity2,WINDPOWER,8306,2010,0
Simplicity2,WINDPOWER,8307,2010,0
Simplicity2,WINDPOWER,8308,2010,0
Simplicity2,WINDPOWER,8309,2010,0
Simplicity2,WINDPOWER,8310,2010,0
Simplicity2,WINDPOWER,8311,2010,0
Simplicity2,WINDPOWER,8312,2010,0
Simplicity2,WINDPOWER,8313,2010,0
Simplicity2,WINDPOWER,8314,2010,0
Simplicity2,WINDPOWER,8315,2010,0
Simplicity2,WINDPOWER,8316,2010,0
Simplicity2,WINDPOWER,8317,2010,0
Simplicity2,WINDPOWER,8318,2010,0
Simplicity2,WINDPOWER,8319,2010,0
Simplicity2,WINDPOWER,8320,2010,0
Simplicity2,WINDPOWER,8321,2010,0
Simplicity2,WINDPOWER,8322,2010,0.111795806
Simplicity2,WINDPOWER,8323,2010,0.141865258
Simplicity2,WINDPOWER,8324,2010,0.463057427
Simplicity2,WINDPOWER,8325,2010,0.323942079
Simplicity2,WINDPOWER,8326,2010,0.260892389
Simplicity2,WINDPOWER,8327,2010,0.232983625
Simplicity2,WINDPOWER,8328,2010,0.176579918
Simplicity2,WINDPOWER,8329,2010,0
Simplicity2,WINDPOWER,8330,2010,0
Simplicity2,WINDPOWER,8331,2010,0
Simplicity2,WINDPOWER,8332,2010,0
Simplicity2,WINDPOWER,8333,2010,0
Simplicity2,WINDPOWER,8334,2010,0
Simplicity2,WINDPOWER,8335,2010,0
Simplicity2,WINDPOWER,8336,2010,0
Simplicity2,WINDPOWER,8337,2010,0
Simplicity2,WINDPOWER,8338,2010,0
Simplicity2,WINDPOWER,8339,2010,0
Simplicity2,WINDPOWER,8340,2010,0
Simplicity2,WINDPOWER,8341,2010,0
Simplicity2,WINDPOWER,8342,2010,0
Simplicity2,WINDPOWER,8343,2010,0
Simplicity2,WINDPOWER,8344,2010,0
Simplicity2,WINDPOWER,8345,2010,0
Simplicity2,WINDPOWER,8346,2010,0.033578444
Simplicity2,WINDPOWER,8347,2010,0.068310684
Simplicity2,WINDPOWER,8348,2010,0.122281523
Simplicity2,WINDPOWER,8349,2010,0.196582229
Simplicity2,WINDPOWER,8350,2010,0.199666782
Simplicity2,WINDPOWER,8351,2010,0.196745737
Simplicity2,WINDPOWER,8352,2010,0.146362138
Simplicity2,WINDPOWER,8353,2010,0
Simplicity2,WINDPOWER,8354,2010,0
Simplicity2,WINDPOWER,8355,2010,0
Simplicity2,WINDPOWER,8356,2010,0
Simplicity2,WINDPOWER,8357,2010,0
Simplicity2,WINDPOWER,8358,2010,0
Simplicity2,WINDPOWER,8359,2010,0
Simplicity2,WINDPOWER,8360,2010,0
Simplicity2,WINDPOWER,8361,2010,0
Simplicity2,WINDPOWER,8362,2010,0
Simplicity2,WINDPOWER,8363,2010,0
Simplicity2,WINDPOWER,8364,2010,0
Simplicity2,WINDPOWER,8365,2010,0
Simplicity2,WINDPOWER,8366,2010,0
Simplicity2,WINDPOWER,8367,2010,0
Simplicity2,WINDPOWER,8368,2010,0
Simplicity2,WINDPOWER,8369,2010,0
Simplicity2,WINDPOWER,8370,2010,0.087626465
Simplicity2,WINDPOWER,8371,2010,0.145347414
Simplicity2,WINDPOWER,8372,2010,0.362830892
Simplicity2,WINDPOWER,8373,2010,0.327255715
Simplicity2,WINDPOWER,8374,2010,0.278271639
Simplicity2,WINDPOWER,8375,2010,0.239245473
Simplicity2,WINDPOWER,8376,2010,0.107063712
Simplicity2,WINDPOWER,8377,2010,0
Simplicity2,WINDPOWER,8378,2010,0
Simplicity2,WINDPOWER,8379,2010,0
Simplicity2,WINDPOWER,8380,2010,0
Simplicity2,WINDPOWER,8381,2010,0
Simplicity2,WINDPOWER,8382,2010,0
Simplicity2,WINDPOWER,8383,2010,0
Simplicity2,WINDPOWER,8384,2010,0
Simplicity2,WINDPOWER,8385,2010,0
Simplicity2,WINDPOWER,8386,2010,0
Simplicity2,WINDPOWER,8387,2010,0
Simplicity2,WINDPOWER,8388,2010,0
Simplicity2,WINDPOWER,8389,2010,0
Simplicity2,WINDPOWER,8390,2010,0
Simplicity2,WINDPOWER,8391,2010,0
Simplicity2,WINDPOWER,8392,2010,0
Simplicity2,WINDPOWER,8393,2010,0
Simplicity2,WINDPOWER,8394,2010,0.03849719
Simplicity2,WINDPOWER,8395,2010,0.054207612
Simplicity2,WINDPOWER,8396,2010,0.105550672
Simplicity2,WINDPOWER,8397,2010,0.100946455
Simplicity2,WINDPOWER,8398,2010,0.118305339
Simplicity2,WINDPOWER,8399,2010,0.103768264
Simplicity2,WINDPOWER,8400,2010,0.047013111
Simplicity2,WINDPOWER,8401,2010,0
Simplicity2,WINDPOWER,8402,2010,0
Simplicity2,WINDPOWER,8403,2010,0
Simplicity2,WINDPOWER,8404,2010,0
Simplicity2,WINDPOWER,8405,2010,0
Simplicity2,WINDPOWER,8406,2010,0
Simplicity2,WINDPOWER,8407,2010,0
Simplicity2,WINDPOWER,8408,2010,0
Simplicity2,WINDPOWER,8409,2010,0
Simplicity2,WINDPOWER,8410,2010,0
Simplicity2,WINDPOWER,8411,2010,0
Simplicity2,WINDPOWER,8412,2010,0
Simplicity2,WINDPOWER,8413,2010,0
Simplicity2,WINDPOWER,8414,2010,0
Simplicity2,WINDPOWER,8415,2010,0
Simplicity2,WINDPOWER,8416,2010,0
Simplicity2,WINDPOWER,8417,2010,0
Simplicity2,WINDPOWER,8418,2010,0.183284774
Simplicity2,WINDPOWER,8419,2010,0.291051914
Simplicity2,WINDPOWER,8420,2010,0.537508814
Simplicity2,WINDPOWER,8421,2010,0.618977242
Simplicity2,WINDPOWER,8422,2010,0.639007115
Simplicity2,WINDPOWER,8423,2010,0.527540481
Simplicity2,WINDPOWER,8424,2010,0.24004353
Simplicity2,WINDPOWER,8425,2010,0
Simplicity2,WINDPOWER,8426,2010,0
Simplicity2,WINDPOWER,8427,2010,0
Simplicity2,WINDPOWER,8428,2010,0
Simplicity2,WINDPOWER,8429,2010,0
Simplicity2,WINDPOWER,8430,2010,0
Simplicity2,WINDPOWER,8431,2010,0
Simplicity2,WINDPOWER,8432,2010,0
Simplicity2,WINDPOWER,8433,2010,0
Simplicity2,WINDPOWER,8434,2010,0
Simplicity2,WINDPOWER,8435,2010,0
Simplicity2,WINDPOWER,8436,2010,0
Simplicity2,WINDPOWER,8437,2010,0
Simplicity2,WINDPOWER,8438,2010,0
Simplicity2,WINDPOWER,8439,2010,0
Simplicity2,WINDPOWER,8440,2010,0
Simplicity2,WINDPOWER,8441,2010,0
Simplicity2,WINDPOWER,8442,2010,0.028074168
Simplicity2,WINDPOWER,8443,2010,0.064794137
Simplicity2,WINDPOWER,8444,2010,0.069449387
Simplicity2,WINDPOWER,8445,2010,0.056518783
Simplicity2,WINDPOWER,8446,2010,0.048555177
Simplicity2,WINDPOWER,8447,2010,0.039255215
Simplicity2,WINDPOWER,8448,2010,0.02545748
Simplicity2,WINDPOWER,8449,2010,0
Simplicity2,WINDPOWER,8450,2010,0
Simplicity2,WINDPOWER,8451,2010,0
Simplicity2,WINDPOWER,8452,2010,0
Simplicity2,WINDPOWER,8453,2010,0
Simplicity2,WINDPOWER,8454,2010,0
Simplicity2,WINDPOWER,8455,2010,0
Simplicity2,WINDPOWER,8456,2010,0
Simplicity2,WINDPOWER,8457,2010,0
Simplicity2,WINDPOWER,8458,2010,0
Simplicity2,WINDPOWER,8459,2010,0
Simplicity2,WINDPOWER,8460,2010,0
Simplicity2,WINDPOWER,8461,2010,0
Simplicity2,WINDPOWER,8462,2010,0
Simplicity2,WINDPOWER,8463,2010,0
Simplicity2,WINDPOWER,8464,2010,0
Simplicity2,WINDPOWER,8465,2010,0
Simplicity2,WINDPOWER,8466,2010,0.188716098
Simplicity2,WINDPOWER,8467,2010,0.30607187
Simplicity2,WINDPOWER,8468,2010,0.326877316
Simplicity2,WINDPOWER,8469,2010,0.422908681
Simplicity2,WINDPOWER,8470,2010,0.435427625
Simplicity2,WINDPOWER,8471,2010,0.290293589
Simplicity2,WINDPOWER,8472,2010,0.180719569
Simplicity2,WINDPOWER,8473,2010,0.099130925
Simplicity2,WINDPOWER,8474,2010,0
Simplicity2,WINDPOWER,8475,2010,0
Simplicity2,WINDPOWER,8476,2010,0
Simplicity2,WINDPOWER,8477,2010,0
Simplicity2,WINDPOWER,8478,2010,0
Simplicity2,WINDPOWER,8479,2010,0
Simplicity2,WINDPOWER,8480,2010,0
Simplicity2,WINDPOWER,8481,2010,0
Simplicity2,WINDPOWER,8482,2010,0
Simplicity2,WINDPOWER,8483,2010,0
Simplicity2,WINDPOWER,8484,2010,0
Simplicity2,WINDPOWER,8485,2010,0
Simplicity2,WINDPOWER,8486,2010,0
Simplicity2,WINDPOWER,8487,2010,0
Simplicity2,WINDPOWER,8488,2010,0
Simplicity2,WINDPOWER,8489,2010,0
Simplicity2,WINDPOWER,8490,2010,0.126735467
Simplicity2,WINDPOWER,8491,2010,0.191453187
Simplicity2,WINDPOWER,8492,2010,0.279149087
Simplicity2,WINDPOWER,8493,2010,0.392510579
Simplicity2,WINDPOWER,8494,2010,0.418649824
Simplicity2,WINDPOWER,8495,2010,0.427557333
Simplicity2,WINDPOWER,8496,2010,0.326765991
Simplicity2,WINDPOWER,8497,2010,0.203761258
Simplicity2,WINDPOWER,8498,2010,0
Simplicity2,WINDPOWER,8499,2010,0
Simplicity2,WINDPOWER,8500,2010,0
Simplicity2,WINDPOWER,8501,2010,0
Simplicity2,WINDPOWER,8502,2010,0
Simplicity2,WINDPOWER,8503,2010,0
Simplicity2,WINDPOWER,8504,2010,0
Simplicity2,WINDPOWER,8505,2010,0
Simplicity2,WINDPOWER,8506,2010,0
Simplicity2,WINDPOWER,8507,2010,0
Simplicity2,WINDPOWER,8508,2010,0
Simplicity2,WINDPOWER,8509,2010,0
Simplicity2,WINDPOWER,8510,2010,0
Simplicity2,WINDPOWER,8511,2010,0
Simplicity2,WINDPOWER,8512,2010,0
Simplicity2,WINDPOWER,8513,2010,0
Simplicity2,WINDPOWER,8514,2010,0.196600778
Simplicity2,WINDPOWER,8515,2010,0.326708862
Simplicity2,WINDPOWER,8516,2010,0.534690291
Simplicity2,WINDPOWER,8517,2010,0.570184165
Simplicity2,WINDPOWER,8518,2010,0.546346551
Simplicity2,WINDPOWER,8519,2010,0.518949936
Simplicity2,WINDPOWER,8520,2010,0.34375046
Simplicity2,WINDPOWER,8521,2010,0.182730104
Simplicity2,WINDPOWER,8522,2010,0
Simplicity2,WINDPOWER,8523,2010,0
Simplicity2,WINDPOWER,8524,2010,0
Simplicity2,WINDPOWER,8525,2010,0
Simplicity2,WINDPOWER,8526,2010,0
Simplicity2,WINDPOWER,8527,2010,0
Simplicity2,WINDPOWER,8528,2010,0
Simplicity2,WINDPOWER,8529,2010,0
Simplicity2,WINDPOWER,8530,2010,0
Simplicity2,WINDPOWER,8531,2010,0
Simplicity2,WINDPOWER,8532,2010,0
Simplicity2,WINDPOWER,8533,2010,0
Simplicity2,WINDPOWER,8534,2010,0
Simplicity2,WINDPOWER,8535,2010,0
Simplicity2,WINDPOWER,8536,2010,0
Simplicity2,WINDPOWER,8537,2010,0
Simplicity2,WINDPOWER,8538,2010,0.054145699
Simplicity2,WINDPOWER,8539,2010,0.112998978
Simplicity2,WINDPOWER,8540,2010,0.214654463
Simplicity2,WINDPOWER,8541,2010,0.360841952
Simplicity2,WINDPOWER,8542,2010,0.263119901
Simplicity2,WINDPOWER,8543,2010,0.127525249
Simplicity2,WINDPOWER,8544,2010,0.090664271
Simplicity2,WINDPOWER,8545,2010,0.041935211
Simplicity2,WINDPOWER,8546,2010,0
Simplicity2,WINDPOWER,8547,2010,0
Simplicity2,WINDPOWER,8548,2010,0
Simplicity2,WINDPOWER,8549,2010,0
Simplicity2,WINDPOWER,8550,2010,0
Simplicity2,WINDPOWER,8551,2010,0
Simplicity2,WINDPOWER,8552,2010,0
Simplicity2,WINDPOWER,8553,2010,0
Simplicity2,WINDPOWER,8554,2010,0
Simplicity2,WINDPOWER,8555,2010,0
Simplicity2,WINDPOWER,8556,2010,0
Simplicity2,WINDPOWER,8557,2010,0
Simplicity2,WINDPOWER,8558,2010,0
Simplicity2,WINDPOWER,8559,2010,0
Simplicity2,WINDPOWER,8560,2010,0
Simplicity2,WINDPOWER,8561,2010,0
Simplicity2,WINDPOWER,8562,2010,0.038792559
Simplicity2,WINDPOWER,8563,2010,0.057709632
Simplicity2,WINDPOWER,8564,2010,0.111643711
Simplicity2,WINDPOWER,8565,2010,0.19685779
Simplicity2,WINDPOWER,8566,2010,0.167869611
Simplicity2,WINDPOWER,8567,2010,0.126847642
Simplicity2,WINDPOWER,8568,2010,0.13616288
Simplicity2,WINDPOWER,8569,2010,0.037036181
Simplicity2,WINDPOWER,8570,2010,0
Simplicity2,WINDPOWER,8571,2010,0
Simplicity2,WINDPOWER,8572,2010,0
Simplicity2,WINDPOWER,8573,2010,0
Simplicity2,WINDPOWER,8574,2010,0
Simplicity2,WINDPOWER,8575,2010,0
Simplicity2,WINDPOWER,8576,2010,0
Simplicity2,WINDPOWER,8577,2010,0
Simplicity2,WINDPOWER,8578,2010,0
Simplicity2,WINDPOWER,8579,2010,0
Simplicity2,WINDPOWER,8580,2010,0
Simplicity2,WINDPOWER,8581,2010,0
Simplicity2,WINDPOWER,8582,2010,0
Simplicity2,WINDPOWER,8583,2010,0
Simplicity2,WINDPOWER,8584,2010,0
Simplicity2,WINDPOWER,8585,2010,0
Simplicity2,WINDPOWER,8586,2010,0.121081133
Simplicity2,WINDPOWER,8587,2010,0.16575026
Simplicity2,WINDPOWER,8588,2010,0.114865553
Simplicity2,WINDPOWER,8589,2010,0.08508454
Simplicity2,WINDPOWER,8590,2010,0.070139885
Simplicity2,WINDPOWER,8591,2010,0.049481836
Simplicity2,WINDPOWER,8592,2010,0.028543019
Simplicity2,WINDPOWER,8593,2010,0.011107067
Simplicity2,WINDPOWER,8594,2010,0
Simplicity2,WINDPOWER,8595,2010,0
Simplicity2,WINDPOWER,8596,2010,0
Simplicity2,WINDPOWER,8597,2010,0
Simplicity2,WINDPOWER,8598,2010,0
Simplicity2,WINDPOWER,8599,2010,0
Simplicity2,WINDPOWER,8600,2010,0
Simplicity2,WINDPOWER,8601,2010,0
Simplicity2,WINDPOWER,8602,2010,0
Simplicity2,WINDPOWER,8603,2010,0
Simplicity2,WINDPOWER,8604,2010,0
Simplicity2,WINDPOWER,8605,2010,0
Simplicity2,WINDPOWER,8606,2010,0
Simplicity2,WINDPOWER,8607,2010,0
Simplicity2,WINDPOWER,8608,2010,0
Simplicity2,WINDPOWER,8609,2010,0
Simplicity2,WINDPOWER,8610,2010,0.020673411
Simplicity2,WINDPOWER,8611,2010,0.05158303
Simplicity2,WINDPOWER,8612,2010,0.085343221
Simplicity2,WINDPOWER,8613,2010,0.089722754
Simplicity2,WINDPOWER,8614,2010,0.108341895
Simplicity2,WINDPOWER,8615,2010,0.072956539
Simplicity2,WINDPOWER,8616,2010,0.044310443
Simplicity2,WINDPOWER,8617,2010,0.009498302
Simplicity2,WINDPOWER,8618,2010,0
Simplicity2,WINDPOWER,8619,2010,0
Simplicity2,WINDPOWER,8620,2010,0
Simplicity2,WINDPOWER,8621,2010,0
Simplicity2,WINDPOWER,8622,2010,0
Simplicity2,WINDPOWER,8623,2010,0
Simplicity2,WINDPOWER,8624,2010,0
Simplicity2,WINDPOWER,8625,2010,0
Simplicity2,WINDPOWER,8626,2010,0
Simplicity2,WINDPOWER,8627,2010,0
Simplicity2,WINDPOWER,8628,2010,0
Simplicity2,WINDPOWER,8629,2010,0
Simplicity2,WINDPOWER,8630,2010,0
Simplicity2,WINDPOWER,8631,2010,0
Simplicity2,WINDPOWER,8632,2010,0
Simplicity2,WINDPOWER,8633,2010,0
Simplicity2,WINDPOWER,8634,2010,0.037045532
Simplicity2,WINDPOWER,8635,2010,0.068530353
Simplicity2,WINDPOWER,8636,2010,0.114027425
Simplicity2,WINDPOWER,8637,2010,0.115619638
Simplicity2,WINDPOWER,8638,2010,0.140506649
Simplicity2,WINDPOWER,8639,2010,0.137588008
Simplicity2,WINDPOWER,8640,2010,0.075195498
Simplicity2,WINDPOWER,8641,2010,0.039158994
Simplicity2,WINDPOWER,8642,2010,0
Simplicity2,WINDPOWER,8643,2010,0
Simplicity2,WINDPOWER,8644,2010,0
Simplicity2,WINDPOWER,8645,2010,0
Simplicity2,WINDPOWER,8646,2010,0
Simplicity2,WINDPOWER,8647,2010,0
Simplicity2,WINDPOWER,8648,2010,0
Simplicity2,WINDPOWER,8649,2010,0
Simplicity2,WINDPOWER,8650,2010,0
Simplicity2,WINDPOWER,8651,2010,0
Simplicity2,WINDPOWER,8652,2010,0
Simplicity2,WINDPOWER,8653,2010,0
Simplicity2,WINDPOWER,8654,2010,0
Simplicity2,WINDPOWER,8655,2010,0
Simplicity2,WINDPOWER,8656,2010,0
Simplicity2,WINDPOWER,8657,2010,0
Simplicity2,WINDPOWER,8658,2010,0.202069669
Simplicity2,WINDPOWER,8659,2010,0.37274025
Simplicity2,WINDPOWER,8660,2010,0.585630763
Simplicity2,WINDPOWER,8661,2010,0.666070957
Simplicity2,WINDPOWER,8662,2010,0.646066633
Simplicity2,WINDPOWER,8663,2010,0.50192142
Simplicity2,WINDPOWER,8664,2010,0.319027368
Simplicity2,WINDPOWER,8665,2010,0.165957022
Simplicity2,WINDPOWER,8666,2010,0
Simplicity2,WINDPOWER,8667,2010,0
Simplicity2,WINDPOWER,8668,2010,0
Simplicity2,WINDPOWER,8669,2010,0
Simplicity2,WINDPOWER,8670,2010,0
Simplicity2,WINDPOWER,8671,2010,0
Simplicity2,WINDPOWER,8672,2010,0
Simplicity2,WINDPOWER,8673,2010,0
Simplicity2,WINDPOWER,8674,2010,0
Simplicity2,WINDPOWER,8675,2010,0
Simplicity2,WINDPOWER,8676,2010,0
Simplicity2,WINDPOWER,8677,2010,0
Simplicity2,WINDPOWER,8678,2010,0
Simplicity2,WINDPOWER,8679,2010,0
Simplicity2,WINDPOWER,8680,2010,0
Simplicity2,WINDPOWER,8681,2010,0
Simplicity2,WINDPOWER,8682,2010,0.133323014
Simplicity2,WINDPOWER,8683,2010,0.326771465
Simplicity2,WINDPOWER,8684,2010,0.424416152
Simplicity2,WINDPOWER,8685,2010,0.546853146
Simplicity2,WINDPOWER,8686,2010,0.500439348
Simplicity2,WINDPOWER,8687,2010,0.388792092
Simplicity2,WINDPOWER,8688,2010,0.301568924
Simplicity2,WINDPOWER,8689,2010,0.146153173
Simplicity2,WINDPOWER,8690,2010,0
Simplicity2,WINDPOWER,8691,2010,0
Simplicity2,WINDPOWER,8692,2010,0
Simplicity2,WINDPOWER,8693,2010,0
Simplicity2,WINDPOWER,8694,2010,0
Simplicity2,WINDPOWER,8695,2010,0
Simplicity2,WINDPOWER,8696,2010,0
Simplicity2,WINDPOWER,8697,2010,0
Simplicity2,WINDPOWER,8698,2010,0
Simplicity2,WINDPOWER,8699,2010,0
Simplicity2,WINDPOWER,8700,2010,0
Simplicity2,WINDPOWER,8701,2010,0
Simplicity2,WINDPOWER,8702,2010,0
Simplicity2,WINDPOWER,8703,2010,0
Simplicity2,WINDPOWER,8704,2010,0
Simplicity2,WINDPOWER,8705,2010,0
Simplicity2,WINDPOWER,8706,2010,0.292364556
Simplicity2,WINDPOWER,8707,2010,0.508069511
Simplicity2,WINDPOWER,8708,2010,0.644660599
Simplicity2,WINDPOWER,8709,2010,0.716232193
Simplicity2,WINDPOWER,8710,2010,0.699659299
Simplicity2,WINDPOWER,8711,2010,0.599519627
Simplicity2,WINDPOWER,8712,2010,0.339727366
Simplicity2,WINDPOWER,8713,2010,0.07688731
Simplicity2,WINDPOWER,8714,2010,0
Simplicity2,WINDPOWER,8715,2010,0
Simplicity2,WINDPOWER,8716,2010,0
Simplicity2,WINDPOWER,8717,2010,0
Simplicity2,WINDPOWER,8718,2010,0
Simplicity2,WINDPOWER,8719,2010,0
Simplicity2,WINDPOWER,8720,2010,0
Simplicity2,WINDPOWER,8721,2010,0
Simplicity2,WINDPOWER,8722,2010,0
Simplicity2,WINDPOWER,8723,2010,0
Simplicity2,WINDPOWER,8724,2010,0
Simplicity2,WINDPOWER,8725,2010,0
Simplicity2,WINDPOWER,8726,2010,0
Simplicity2,WINDPOWER,8727,2010,0
Simplicity2,WINDPOWER,8728,2010,0
Simplicity2,WINDPOWER,8729,2010,0
Simplicity2,WINDPOWER,8730,2010,0.11192086
Simplicity2,WINDPOWER,8731,2010,0.243300711
Simplicity2,WINDPOWER,8732,2010,0.47095724
Simplicity2,WINDPOWER,8733,2010,0.602180649
Simplicity2,WINDPOWER,8734,2010,0.619611455
Simplicity2,WINDPOWER,8735,2010,0.467208321
Simplicity2,WINDPOWER,8736,2010,0.360326011
Simplicity2,WINDPOWER,8737,2010,0.184840893
Simplicity2,WINDPOWER,8738,2010,0
Simplicity2,WINDPOWER,8739,2010,0
Simplicity2,WINDPOWER,8740,2010,0
Simplicity2,WINDPOWER,8741,2010,0
Simplicity2,WINDPOWER,8742,2010,0
Simplicity2,WINDPOWER,8743,2010,0
Simplicity2,WINDPOWER,8744,2010,0
Simplicity2,WINDPOWER,8745,2010,0
Simplicity2,WINDPOWER,8746,2010,0
Simplicity2,WINDPOWER,8747,2010,0
Simplicity2,WINDPOWER,8748,2010,0
Simplicity2,WINDPOWER,8749,2010,0
Simplicity2,WINDPOWER,8750,2010,0
Simplicity2,WINDPOWER,8751,2010,0
Simplicity2,WINDPOWER,8752,2010,0
Simplicity2,WINDPOWER,8753,2010,0
Simplicity2,WINDPOWER,8754,2010,0.252205394
Simplicity2,WINDPOWER,8755,2010,0.469753283
Simplicity2,WINDPOWER,8756,2010,0.63210433
Simplicity2,WINDPOWER,8757,2010,0.703619649
Simplicity2,WINDPOWER,8758,2010,0.70559423
Simplicity2,WINDPOWER,8759,2010,0.603578412
Simplicity2,WINDPOWER,8760,2010,0.426434772
