REGION,TECHNOLOGY,TIMESLICE,YEAR,VALUE
Simplicity2,WINDPOWER,1,2010,0.45788094
Simplicity2,WINDPOWER,2,2010,0.471134664
Simplicity2,WINDPOWER,3,2010,0.400986664
Simplicity2,WINDPOWER,4,2010,0.400982859
Simplicity2,WINDPOWER,5,2010,0.457354214
Simplicity2,WINDPOWER,6,2010,0.382943536
Simplicity2,WINDPOWER,7,2010,0.367589941
Simplicity2,WINDPOWER,8,2010,0.403980253
Simplicity2,WINDPOWER,9,2010,0.39247579
Simplicity2,WINDPOWER,10,2010,0.329342892
Simplicity2,WINDPOWER,11,2010,0.321603503
Simplicity2,WINDPOWER,12,2010,0.295472307
Simplicity2,WINDPOWER,13,2010,0.279943551
Simplicity2,WINDPOWER,14,2010,0.391460847
Simplicity2,WINDPOWER,15,2010,0.50599119
Simplicity2,WINDPOWER,16,2010,0.456140076
Simplicity2,WINDPOWER,17,2010,0.4335231
Simplicity2,WINDPOWER,18,2010,0.52378694
Simplicity2,WINDPOWER,19,2010,0.494454585
Simplicity2,WINDPOWER,20,2010,0.375319306
Simplicity2,WINDPOWER,21,2010,0.405466248
Simplicity2,WINDPOWER,22,2010,0.406006351
Simplicity2,WINDPOWER,23,2010,0.387384742
Simplicity2,WINDPOWER,24,2010,0.358904916
Simplicity2,WINDPOWER,25,2010,0.378441911
Simplicity2,WINDPOWER,26,2010,0.411091132
Simplicity2,WINDPOWER,27,2010,0.387492339
Simplicity2,WINDPOWER,28,2010,0.395392751
Simplicity2,WINDPOWER,29,2010,0.41824195
Simplicity2,WINDPOWER,30,2010,0.407478541
Simplicity2,WINDPOWER,31,2010,0.465779421
Simplicity2,WINDPOWER,32,2010,0.491444365
Simplicity2,WINDPOWER,33,2010,0.447811065
Simplicity2,WINDPOWER,34,2010,0.421732303
Simplicity2,WINDPOWER,35,2010,0.455204272
Simplicity2,WINDPOWER,36,2010,0.422175695
Simplicity2,WINDPOWER,37,2010,0.313447743
Simplicity2,WINDPOWER,38,2010,0.296780751
Simplicity2,WINDPOWER,39,2010,0.362388085
Simplicity2,WINDPOWER,40,2010,0.377801169
Simplicity2,WINDPOWER,41,2010,0.371608011
Simplicity2,WINDPOWER,42,2010,0.441332502
Simplicity2,WINDPOWER,43,2010,0.459880187
Simplicity2,WINDPOWER,44,2010,0.409014194
Simplicity2,WINDPOWER,45,2010,0.46488946
Simplicity2,WINDPOWER,46,2010,0.352178119
Simplicity2,WINDPOWER,47,2010,0.280345151
Simplicity2,WINDPOWER,48,2010,0.216724079
Simplicity2,WINDPOWER,49,2010,0.230491586
Simplicity2,WINDPOWER,50,2010,0.29883583
Simplicity2,WINDPOWER,51,2010,0.264724069
Simplicity2,WINDPOWER,52,2010,0.399654004
Simplicity2,WINDPOWER,53,2010,0.522068333
Simplicity2,WINDPOWER,54,2010,0.417346734
Simplicity2,WINDPOWER,55,2010,0.318682824
Simplicity2,WINDPOWER,56,2010,0.398903025
Simplicity2,WINDPOWER,57,2010,0.393813636
Simplicity2,WINDPOWER,58,2010,0.526532264
Simplicity2,WINDPOWER,59,2010,0.506205564
Simplicity2,WINDPOWER,60,2010,0.512940695
Simplicity2,WINDPOWER,61,2010,0.554319749
Simplicity2,WINDPOWER,62,2010,0.504866702
Simplicity2,WINDPOWER,63,2010,0.491417463
Simplicity2,WINDPOWER,64,2010,0.449921304
Simplicity2,WINDPOWER,65,2010,0.439667385
Simplicity2,WINDPOWER,66,2010,0.44583791
Simplicity2,WINDPOWER,67,2010,0.408991253
Simplicity2,WINDPOWER,68,2010,0.429683059
Simplicity2,WINDPOWER,69,2010,0.467400629
Simplicity2,WINDPOWER,70,2010,0.421366093
Simplicity2,WINDPOWER,71,2010,0.376290336
Simplicity2,WINDPOWER,72,2010,0.366464417
Simplicity2,WINDPOWER,73,2010,0.378978067
Simplicity2,WINDPOWER,74,2010,0.340731416
Simplicity2,WINDPOWER,75,2010,0.270144123
Simplicity2,WINDPOWER,76,2010,0.292059957
Simplicity2,WINDPOWER,77,2010,0.378127736
Simplicity2,WINDPOWER,78,2010,0.321825211
Simplicity2,WINDPOWER,79,2010,0.338980037
Simplicity2,WINDPOWER,80,2010,0.362960097
Simplicity2,WINDPOWER,81,2010,0.367319333
Simplicity2,WINDPOWER,82,2010,0.407533121
Simplicity2,WINDPOWER,83,2010,0.447834666
Simplicity2,WINDPOWER,84,2010,0.365382422
Simplicity2,WINDPOWER,85,2010,0.389653589
Simplicity2,WINDPOWER,86,2010,0.352242752
Simplicity2,WINDPOWER,87,2010,0.328093412
Simplicity2,WINDPOWER,88,2010,0.380489585
Simplicity2,WINDPOWER,89,2010,0.371888642
Simplicity2,WINDPOWER,90,2010,0.363063477
Simplicity2,WINDPOWER,91,2010,0.310959253
Simplicity2,WINDPOWER,92,2010,0.268442574
Simplicity2,WINDPOWER,93,2010,0.330389865
Simplicity2,WINDPOWER,94,2010,0.408990944
Simplicity2,WINDPOWER,95,2010,0.484517551
Simplicity2,WINDPOWER,96,2010,0.480259607
Simplicity2,WINDPOWER,97,2010,0.448915134
Simplicity2,WINDPOWER,98,2010,0.452388377
Simplicity2,WINDPOWER,99,2010,0.448956732
Simplicity2,WINDPOWER,100,2010,0.431920021
Simplicity2,WINDPOWER,101,2010,0.417898633
Simplicity2,WINDPOWER,102,2010,0.397390088
Simplicity2,WINDPOWER,103,2010,0.417042314
Simplicity2,WINDPOWER,104,2010,0.271565068
Simplicity2,WINDPOWER,105,2010,0.36020795
Simplicity2,WINDPOWER,106,2010,0.280112032
Simplicity2,WINDPOWER,107,2010,0.329321621
Simplicity2,WINDPOWER,108,2010,0.290606119
Simplicity2,WINDPOWER,109,2010,0.310575958
Simplicity2,WINDPOWER,110,2010,0.222500803
Simplicity2,WINDPOWER,111,2010,0.226624859
Simplicity2,WINDPOWER,112,2010,0.40102231
Simplicity2,WINDPOWER,113,2010,0.3667353
Simplicity2,WINDPOWER,114,2010,0.377737341
Simplicity2,WINDPOWER,115,2010,0.473731066
Simplicity2,WINDPOWER,116,2010,0.467948889
Simplicity2,WINDPOWER,117,2010,0.512497389
Simplicity2,WINDPOWER,118,2010,0.323131338
Simplicity2,WINDPOWER,119,2010,0.362998917
Simplicity2,WINDPOWER,120,2010,0.428382498
Simplicity2,WINDPOWER,121,2010,0.534274235
Simplicity2,WINDPOWER,122,2010,0.37782029
Simplicity2,WINDPOWER,123,2010,0.410654968
Simplicity2,WINDPOWER,124,2010,0.448927672
Simplicity2,WINDPOWER,125,2010,0.382888406
Simplicity2,WINDPOWER,126,2010,0.478607378
Simplicity2,WINDPOWER,127,2010,0.507164528
Simplicity2,WINDPOWER,128,2010,0.460936072
Simplicity2,WINDPOWER,129,2010,0.511579547
Simplicity2,WINDPOWER,130,2010,0.496451137
Simplicity2,WINDPOWER,131,2010,0.437967574
Simplicity2,WINDPOWER,132,2010,0.312384037
Simplicity2,WINDPOWER,133,2010,0.285481606
Simplicity2,WINDPOWER,134,2010,0.377657655
Simplicity2,WINDPOWER,135,2010,0.491153102
Simplicity2,WINDPOWER,136,2010,0.452151763
Simplicity2,WINDPOWER,137,2010,0.468412546
Simplicity2,WINDPOWER,138,2010,0.391584879
Simplicity2,WINDPOWER,139,2010,0.328486154
Simplicity2,WINDPOWER,140,2010,0.306948981
Simplicity2,WINDPOWER,141,2010,0.436322537
Simplicity2,WINDPOWER,142,2010,0.521535482
Simplicity2,WINDPOWER,143,2010,0.55811469
Simplicity2,WINDPOWER,144,2010,0.503421802
Simplicity2,WINDPOWER,145,2010,0.454776839
Simplicity2,WINDPOWER,146,2010,0.581908613
Simplicity2,WINDPOWER,147,2010,0.557017411
Simplicity2,WINDPOWER,148,2010,0.481771367
Simplicity2,WINDPOWER,149,2010,0.460234246
Simplicity2,WINDPOWER,150,2010,0.492777788
Simplicity2,WINDPOWER,151,2010,0.467733847
Simplicity2,WINDPOWER,152,2010,0.437908333
Simplicity2,WINDPOWER,153,2010,0.44698257
Simplicity2,WINDPOWER,154,2010,0.531424006
Simplicity2,WINDPOWER,155,2010,0.522427864
Simplicity2,WINDPOWER,156,2010,0.561464946
Simplicity2,WINDPOWER,157,2010,0.497878815
Simplicity2,WINDPOWER,158,2010,0.450991643
Simplicity2,WINDPOWER,159,2010,0.4332499
Simplicity2,WINDPOWER,160,2010,0.481551463
Simplicity2,WINDPOWER,161,2010,0.564895557
Simplicity2,WINDPOWER,162,2010,0.511835153
Simplicity2,WINDPOWER,163,2010,0.466228482
Simplicity2,WINDPOWER,164,2010,0.468974903
Simplicity2,WINDPOWER,165,2010,0.560073764
Simplicity2,WINDPOWER,166,2010,0.512577535
Simplicity2,WINDPOWER,167,2010,0.434028508
Simplicity2,WINDPOWER,168,2010,0.486754804
Simplicity2,WINDPOWER,169,2010,0.476193884
Simplicity2,WINDPOWER,170,2010,0.515688688
Simplicity2,WINDPOWER,171,2010,0.535514769
Simplicity2,WINDPOWER,172,2010,0.506399203
Simplicity2,WINDPOWER,173,2010,0.528138571
Simplicity2,WINDPOWER,174,2010,0.533878135
Simplicity2,WINDPOWER,175,2010,0.563606006
Simplicity2,WINDPOWER,176,2010,0.591573068
Simplicity2,WINDPOWER,177,2010,0.532251878
Simplicity2,WINDPOWER,178,2010,0.509468872
Simplicity2,WINDPOWER,179,2010,0.55301695
Simplicity2,WINDPOWER,180,2010,0.566445433
Simplicity2,WINDPOWER,181,2010,0.47306969
Simplicity2,WINDPOWER,182,2010,0.483828752
Simplicity2,WINDPOWER,183,2010,0.536064397
Simplicity2,WINDPOWER,184,2010,0.534081197
Simplicity2,WINDPOWER,185,2010,0.591845106
Simplicity2,WINDPOWER,186,2010,0.598171449
Simplicity2,WINDPOWER,187,2010,0.587393938
Simplicity2,WINDPOWER,188,2010,0.588574883
Simplicity2,WINDPOWER,189,2010,0.483335233
Simplicity2,WINDPOWER,190,2010,0.579951252
Simplicity2,WINDPOWER,191,2010,0.575987009
Simplicity2,WINDPOWER,192,2010,0.586682589
Simplicity2,WINDPOWER,193,2010,0.593552744
Simplicity2,WINDPOWER,194,2010,0.600068821
Simplicity2,WINDPOWER,195,2010,0.571213865
Simplicity2,WINDPOWER,196,2010,0.590796385
Simplicity2,WINDPOWER,197,2010,0.553414582
Simplicity2,WINDPOWER,198,2010,0.574347564
Simplicity2,WINDPOWER,199,2010,0.585494693
Simplicity2,WINDPOWER,200,2010,0.539055127
Simplicity2,WINDPOWER,201,2010,0.626921408
Simplicity2,WINDPOWER,202,2010,0.634295065
Simplicity2,WINDPOWER,203,2010,0.590303504
Simplicity2,WINDPOWER,204,2010,0.665750295
Simplicity2,WINDPOWER,205,2010,0.599979925
Simplicity2,WINDPOWER,206,2010,0.642520901
Simplicity2,WINDPOWER,207,2010,0.612840595
Simplicity2,WINDPOWER,208,2010,0.584011765
Simplicity2,WINDPOWER,209,2010,0.553047325
Simplicity2,WINDPOWER,210,2010,0.531780416
Simplicity2,WINDPOWER,211,2010,0.4702562
Simplicity2,WINDPOWER,212,2010,0.614118665
Simplicity2,WINDPOWER,213,2010,0.644428537
Simplicity2,WINDPOWER,214,2010,0.591831173
Simplicity2,WINDPOWER,215,2010,0.539022744
Simplicity2,WINDPOWER,216,2010,0.546076791
Simplicity2,WINDPOWER,217,2010,0.598051599
Simplicity2,WINDPOWER,218,2010,0.661964052
Simplicity2,WINDPOWER,219,2010,0.663773513
Simplicity2,WINDPOWER,220,2010,0.623019905
Simplicity2,WINDPOWER,221,2010,0.591248808
Simplicity2,WINDPOWER,222,2010,0.591804724
Simplicity2,WINDPOWER,223,2010,0.550774153
Simplicity2,WINDPOWER,224,2010,0.539321052
Simplicity2,WINDPOWER,225,2010,0.669379717
Simplicity2,WINDPOWER,226,2010,0.637562147
Simplicity2,WINDPOWER,227,2010,0.616904734
Simplicity2,WINDPOWER,228,2010,0.61168014
Simplicity2,WINDPOWER,229,2010,0.62031077
Simplicity2,WINDPOWER,230,2010,0.632870519
Simplicity2,WINDPOWER,231,2010,0.651444749
Simplicity2,WINDPOWER,232,2010,0.565828574
Simplicity2,WINDPOWER,233,2010,0.620139031
Simplicity2,WINDPOWER,234,2010,0.632887904
Simplicity2,WINDPOWER,235,2010,0.595205357
Simplicity2,WINDPOWER,236,2010,0.60243031
Simplicity2,WINDPOWER,237,2010,0.631977953
Simplicity2,WINDPOWER,238,2010,0.628264556
Simplicity2,WINDPOWER,239,2010,0.539771695
Simplicity2,WINDPOWER,240,2010,0.568412235
Simplicity2,WINDPOWER,241,2010,0.573188353
Simplicity2,WINDPOWER,242,2010,0.579436211
Simplicity2,WINDPOWER,243,2010,0.658190157
Simplicity2,WINDPOWER,244,2010,0.660965964
Simplicity2,WINDPOWER,245,2010,0.680029694
Simplicity2,WINDPOWER,246,2010,0.651171113
Simplicity2,WINDPOWER,247,2010,0.580931242
Simplicity2,WINDPOWER,248,2010,0.622771572
Simplicity2,WINDPOWER,249,2010,0.603694225
Simplicity2,WINDPOWER,250,2010,0.66525047
Simplicity2,WINDPOWER,251,2010,0.649932619
Simplicity2,WINDPOWER,252,2010,0.625463451
Simplicity2,WINDPOWER,253,2010,0.597568969
Simplicity2,WINDPOWER,254,2010,0.580751073
Simplicity2,WINDPOWER,255,2010,0.638008867
Simplicity2,WINDPOWER,256,2010,0.645862217
Simplicity2,WINDPOWER,257,2010,0.558999978
Simplicity2,WINDPOWER,258,2010,0.548808523
Simplicity2,WINDPOWER,259,2010,0.586275907
Simplicity2,WINDPOWER,260,2010,0.647594388
Simplicity2,WINDPOWER,261,2010,0.645426508
Simplicity2,WINDPOWER,262,2010,0.63379595
Simplicity2,WINDPOWER,263,2010,0.638244391
Simplicity2,WINDPOWER,264,2010,0.646739166
Simplicity2,WINDPOWER,265,2010,0.495211844
Simplicity2,WINDPOWER,266,2010,0.474203931
Simplicity2,WINDPOWER,267,2010,0.502253442
Simplicity2,WINDPOWER,268,2010,0.562234293
Simplicity2,WINDPOWER,269,2010,0.605061846
Simplicity2,WINDPOWER,270,2010,0.568312374
Simplicity2,WINDPOWER,271,2010,0.558924305
Simplicity2,WINDPOWER,272,2010,0.578589454
Simplicity2,WINDPOWER,273,2010,0.624437056
Simplicity2,WINDPOWER,274,2010,0.600836446
Simplicity2,WINDPOWER,275,2010,0.595140109
Simplicity2,WINDPOWER,276,2010,0.580462048
Simplicity2,WINDPOWER,277,2010,0.598865047
Simplicity2,WINDPOWER,278,2010,0.562673417
Simplicity2,WINDPOWER,279,2010,0.590077826
Simplicity2,WINDPOWER,280,2010,0.611207659
Simplicity2,WINDPOWER,281,2010,0.517735877
Simplicity2,WINDPOWER,282,2010,0.631315038
Simplicity2,WINDPOWER,283,2010,0.61684541
Simplicity2,WINDPOWER,284,2010,0.636695328
Simplicity2,WINDPOWER,285,2010,0.557718007
Simplicity2,WINDPOWER,286,2010,0.586792029
Simplicity2,WINDPOWER,287,2010,0.632002675
Simplicity2,WINDPOWER,288,2010,0.633133314
Simplicity2,WINDPOWER,289,2010,0.683003748
Simplicity2,WINDPOWER,290,2010,0.640242306
Simplicity2,WINDPOWER,291,2010,0.626810346
Simplicity2,WINDPOWER,292,2010,0.584937357
Simplicity2,WINDPOWER,293,2010,0.528265503
Simplicity2,WINDPOWER,294,2010,0.533130736
Simplicity2,WINDPOWER,295,2010,0.465516767
Simplicity2,WINDPOWER,296,2010,0.484431214
Simplicity2,WINDPOWER,297,2010,0.461504215
Simplicity2,WINDPOWER,298,2010,0.457788073
Simplicity2,WINDPOWER,299,2010,0.389549138
Simplicity2,WINDPOWER,300,2010,0.453261062
Simplicity2,WINDPOWER,301,2010,0.61019692
Simplicity2,WINDPOWER,302,2010,0.639589792
Simplicity2,WINDPOWER,303,2010,0.610789051
Simplicity2,WINDPOWER,304,2010,0.563814601
Simplicity2,WINDPOWER,305,2010,0.427420663
Simplicity2,WINDPOWER,306,2010,0.366577336
Simplicity2,WINDPOWER,307,2010,0.268930162
Simplicity2,WINDPOWER,308,2010,0.232669019
Simplicity2,WINDPOWER,309,2010,0.173291536
Simplicity2,WINDPOWER,310,2010,0.315221104
Simplicity2,WINDPOWER,311,2010,0.381412457
Simplicity2,WINDPOWER,312,2010,0.442903356
Simplicity2,WINDPOWER,313,2010,0.456144464
Simplicity2,WINDPOWER,314,2010,0.500920485
Simplicity2,WINDPOWER,315,2010,0.534624027
Simplicity2,WINDPOWER,316,2010,0.540500477
Simplicity2,WINDPOWER,317,2010,0.45146343
Simplicity2,WINDPOWER,318,2010,0.537999676
Simplicity2,WINDPOWER,319,2010,0.420699063
Simplicity2,WINDPOWER,320,2010,0.513243241
Simplicity2,WINDPOWER,321,2010,0.498485515
Simplicity2,WINDPOWER,322,2010,0.463560696
Simplicity2,WINDPOWER,323,2010,0.405714874
Simplicity2,WINDPOWER,324,2010,0.408033024
Simplicity2,WINDPOWER,325,2010,0.444211061
Simplicity2,WINDPOWER,326,2010,0.499133408
Simplicity2,WINDPOWER,327,2010,0.546739375
Simplicity2,WINDPOWER,328,2010,0.359476998
Simplicity2,WINDPOWER,329,2010,0.422990652
Simplicity2,WINDPOWER,330,2010,0.438286158
Simplicity2,WINDPOWER,331,2010,0.414375615
Simplicity2,WINDPOWER,332,2010,0.308719673
Simplicity2,WINDPOWER,333,2010,0.331303363
Simplicity2,WINDPOWER,334,2010,0.331922358
Simplicity2,WINDPOWER,335,2010,0.325166202
Simplicity2,WINDPOWER,336,2010,0.39844906
Simplicity2,WINDPOWER,337,2010,0.395855837
Simplicity2,WINDPOWER,338,2010,0.42373165
Simplicity2,WINDPOWER,339,2010,0.446518748
Simplicity2,WINDPOWER,340,2010,0.568753524
Simplicity2,WINDPOWER,341,2010,0.534532085
Simplicity2,WINDPOWER,342,2010,0.466097673
Simplicity2,WINDPOWER,343,2010,0.39320671
Simplicity2,WINDPOWER,344,2010,0.423881873
Simplicity2,WINDPOWER,345,2010,0.460279928
Simplicity2,WINDPOWER,346,2010,0.46310281
Simplicity2,WINDPOWER,347,2010,0.461171365
Simplicity2,WINDPOWER,348,2010,0.435876281
Simplicity2,WINDPOWER,349,2010,0.45982703
Simplicity2,WINDPOWER,350,2010,0.48902888
Simplicity2,WINDPOWER,351,2010,0.437210705
Simplicity2,WINDPOWER,352,2010,0.445059891
Simplicity2,WINDPOWER,353,2010,0.391137245
Simplicity2,WINDPOWER,354,2010,0.302446343
Simplicity2,WINDPOWER,355,2010,0.267808642
Simplicity2,WINDPOWER,356,2010,0.304069212
Simplicity2,WINDPOWER,357,2010,0.35273402
Simplicity2,WINDPOWER,358,2010,0.271765288
Simplicity2,WINDPOWER,359,2010,0.333198698
Simplicity2,WINDPOWER,360,2010,0.356210063
Simplicity2,WINDPOWER,361,2010,0.362589474
Simplicity2,WINDPOWER,362,2010,0.466388857
Simplicity2,WINDPOWER,363,2010,0.487011219
Simplicity2,WINDPOWER,364,2010,0.425443391
Simplicity2,WINDPOWER,365,2010,0.42442606
Simplicity2,WINDPOWER,366,2010,0.445080801
Simplicity2,WINDPOWER,367,2010,0.454662891
Simplicity2,WINDPOWER,368,2010,0.384930576
Simplicity2,WINDPOWER,369,2010,0.384624213
Simplicity2,WINDPOWER,370,2010,0.460617097
Simplicity2,WINDPOWER,371,2010,0.367325344
Simplicity2,WINDPOWER,372,2010,0.357369131
Simplicity2,WINDPOWER,373,2010,0.394712537
Simplicity2,WINDPOWER,374,2010,0.395792599
Simplicity2,WINDPOWER,375,2010,0.325339307
Simplicity2,WINDPOWER,376,2010,0.314342966
Simplicity2,WINDPOWER,377,2010,0.281336358
Simplicity2,WINDPOWER,378,2010,0.290694223
Simplicity2,WINDPOWER,379,2010,0.393598124
Simplicity2,WINDPOWER,380,2010,0.503637746
Simplicity2,WINDPOWER,381,2010,0.469385818
Simplicity2,WINDPOWER,382,2010,0.440148263
Simplicity2,WINDPOWER,383,2010,0.526232864
Simplicity2,WINDPOWER,384,2010,0.47824518
Simplicity2,WINDPOWER,385,2010,0.373220367
Simplicity2,WINDPOWER,386,2010,0.400428079
Simplicity2,WINDPOWER,387,2010,0.407119321
Simplicity2,WINDPOWER,388,2010,0.371806407
Simplicity2,WINDPOWER,389,2010,0.354739236
Simplicity2,WINDPOWER,390,2010,0.371180354
Simplicity2,WINDPOWER,391,2010,0.391754458
Simplicity2,WINDPOWER,392,2010,0.370410299
Simplicity2,WINDPOWER,393,2010,0.404516879
Simplicity2,WINDPOWER,394,2010,0.418968696
Simplicity2,WINDPOWER,395,2010,0.419831829
Simplicity2,WINDPOWER,396,2010,0.482967959
Simplicity2,WINDPOWER,397,2010,0.487335896
Simplicity2,WINDPOWER,398,2010,0.420404115
Simplicity2,WINDPOWER,399,2010,0.417355848
Simplicity2,WINDPOWER,400,2010,0.454337676
Simplicity2,WINDPOWER,401,2010,0.421103432
Simplicity2,WINDPOWER,402,2010,0.312419921
Simplicity2,WINDPOWER,403,2010,0.287868611
Simplicity2,WINDPOWER,404,2010,0.362045637
Simplicity2,WINDPOWER,405,2010,0.38370238
Simplicity2,WINDPOWER,406,2010,0.393107217
Simplicity2,WINDPOWER,407,2010,0.435115252
Simplicity2,WINDPOWER,408,2010,0.44342537
Simplicity2,WINDPOWER,409,2010,0.435891582
Simplicity2,WINDPOWER,410,2010,0.458355727
Simplicity2,WINDPOWER,411,2010,0.352920153
Simplicity2,WINDPOWER,412,2010,0.268330989
Simplicity2,WINDPOWER,413,2010,0.213150645
Simplicity2,WINDPOWER,414,2010,0.222474723
Simplicity2,WINDPOWER,415,2010,0.284837013
Simplicity2,WINDPOWER,416,2010,0.242887741
Simplicity2,WINDPOWER,417,2010,0.396485781
Simplicity2,WINDPOWER,418,2010,0.502764655
Simplicity2,WINDPOWER,419,2010,0.392385228
Simplicity2,WINDPOWER,420,2010,0.334307614
Simplicity2,WINDPOWER,421,2010,0.385247349
Simplicity2,WINDPOWER,422,2010,0.401984874
Simplicity2,WINDPOWER,423,2010,0.505431367
Simplicity2,WINDPOWER,424,2010,0.507006482
Simplicity2,WINDPOWER,425,2010,0.525021536
Simplicity2,WINDPOWER,426,2010,0.551286287
Simplicity2,WINDPOWER,427,2010,0.503833247
Simplicity2,WINDPOWER,428,2010,0.494654586
Simplicity2,WINDPOWER,429,2010,0.451850517
Simplicity2,WINDPOWER,430,2010,0.42358213
Simplicity2,WINDPOWER,431,2010,0.450772169
Simplicity2,WINDPOWER,432,2010,0.412506448
Simplicity2,WINDPOWER,433,2010,0.424840904
Simplicity2,WINDPOWER,434,2010,0.452935946
Simplicity2,WINDPOWER,435,2010,0.420241228
Simplicity2,WINDPOWER,436,2010,0.373330307
Simplicity2,WINDPOWER,437,2010,0.35909146
Simplicity2,WINDPOWER,438,2010,0.363391045
Simplicity2,WINDPOWER,439,2010,0.339115881
Simplicity2,WINDPOWER,440,2010,0.267163152
Simplicity2,WINDPOWER,441,2010,0.297243356
Simplicity2,WINDPOWER,442,2010,0.367762618
Simplicity2,WINDPOWER,443,2010,0.326593817
Simplicity2,WINDPOWER,444,2010,0.333371782
Simplicity2,WINDPOWER,445,2010,0.358630057
Simplicity2,WINDPOWER,446,2010,0.361230271
Simplicity2,WINDPOWER,447,2010,0.400234259
Simplicity2,WINDPOWER,448,2010,0.435935591
Simplicity2,WINDPOWER,449,2010,0.355142323
Simplicity2,WINDPOWER,450,2010,0.428825741
Simplicity2,WINDPOWER,451,2010,0.330820397
Simplicity2,WINDPOWER,452,2010,0.329146426
Simplicity2,WINDPOWER,453,2010,0.386405091
Simplicity2,WINDPOWER,454,2010,0.381844466
Simplicity2,WINDPOWER,455,2010,0.361363372
Simplicity2,WINDPOWER,456,2010,0.311811488
Simplicity2,WINDPOWER,457,2010,0.267492139
Simplicity2,WINDPOWER,458,2010,0.326095886
Simplicity2,WINDPOWER,459,2010,0.418475488
Simplicity2,WINDPOWER,460,2010,0.477540045
Simplicity2,WINDPOWER,461,2010,0.47054691
Simplicity2,WINDPOWER,462,2010,0.4637264
Simplicity2,WINDPOWER,463,2010,0.444363152
Simplicity2,WINDPOWER,464,2010,0.451427067
Simplicity2,WINDPOWER,465,2010,0.411994529
Simplicity2,WINDPOWER,466,2010,0.415494845
Simplicity2,WINDPOWER,467,2010,0.388412051
Simplicity2,WINDPOWER,468,2010,0.408301615
Simplicity2,WINDPOWER,469,2010,0.265221122
Simplicity2,WINDPOWER,470,2010,0.372639792
Simplicity2,WINDPOWER,471,2010,0.26415145
Simplicity2,WINDPOWER,472,2010,0.332209497
Simplicity2,WINDPOWER,473,2010,0.282965534
Simplicity2,WINDPOWER,474,2010,0.301477377
Simplicity2,WINDPOWER,475,2010,0.226582975
Simplicity2,WINDPOWER,476,2010,0.226868422
Simplicity2,WINDPOWER,477,2010,0.395241885
Simplicity2,WINDPOWER,478,2010,0.34912632
Simplicity2,WINDPOWER,479,2010,0.381566531
Simplicity2,WINDPOWER,480,2010,0.461962095
Simplicity2,WINDPOWER,481,2010,0.469607692
Simplicity2,WINDPOWER,482,2010,0.505141864
Simplicity2,WINDPOWER,483,2010,0.324550887
Simplicity2,WINDPOWER,484,2010,0.369355725
Simplicity2,WINDPOWER,485,2010,0.425866589
Simplicity2,WINDPOWER,486,2010,0.522620587
Simplicity2,WINDPOWER,487,2010,0.372723008
Simplicity2,WINDPOWER,488,2010,0.412005916
Simplicity2,WINDPOWER,489,2010,0.434969078
Simplicity2,WINDPOWER,490,2010,0.377892142
Simplicity2,WINDPOWER,491,2010,0.49200582
Simplicity2,WINDPOWER,492,2010,0.491904535
Simplicity2,WINDPOWER,493,2010,0.470385641
Simplicity2,WINDPOWER,494,2010,0.503398697
Simplicity2,WINDPOWER,495,2010,0.48678575
Simplicity2,WINDPOWER,496,2010,0.436792939
Simplicity2,WINDPOWER,497,2010,0.316252575
Simplicity2,WINDPOWER,498,2010,0.274224531
Simplicity2,WINDPOWER,499,2010,0.384095883
Simplicity2,WINDPOWER,500,2010,0.491633655
Simplicity2,WINDPOWER,501,2010,0.463566402
Simplicity2,WINDPOWER,502,2010,0.461559376
Simplicity2,WINDPOWER,503,2010,0.384281975
Simplicity2,WINDPOWER,504,2010,0.336030566
Simplicity2,WINDPOWER,505,2010,0.302518858
Simplicity2,WINDPOWER,506,2010,0.43276243
Simplicity2,WINDPOWER,507,2010,0.512597052
Simplicity2,WINDPOWER,508,2010,0.556601641
Simplicity2,WINDPOWER,509,2010,0.482369847
Simplicity2,WINDPOWER,510,2010,0.449356395
Simplicity2,WINDPOWER,511,2010,0.578240719
Simplicity2,WINDPOWER,512,2010,0.553246792
Simplicity2,WINDPOWER,513,2010,0.480194423
Simplicity2,WINDPOWER,514,2010,0.454495311
Simplicity2,WINDPOWER,515,2010,0.493272448
Simplicity2,WINDPOWER,516,2010,0.457029345
Simplicity2,WINDPOWER,517,2010,0.435860493
Simplicity2,WINDPOWER,518,2010,0.45601061
Simplicity2,WINDPOWER,519,2010,0.5258753
Simplicity2,WINDPOWER,520,2010,0.515928323
Simplicity2,WINDPOWER,521,2010,0.554354948
Simplicity2,WINDPOWER,522,2010,0.484336286
Simplicity2,WINDPOWER,523,2010,0.454116053
Simplicity2,WINDPOWER,524,2010,0.432480974
Simplicity2,WINDPOWER,525,2010,0.482824347
Simplicity2,WINDPOWER,526,2010,0.566194134
Simplicity2,WINDPOWER,527,2010,0.500930505
Simplicity2,WINDPOWER,528,2010,0.460627683
Simplicity2,WINDPOWER,529,2010,0.463431774
Simplicity2,WINDPOWER,530,2010,0.539416502
Simplicity2,WINDPOWER,531,2010,0.509692948
Simplicity2,WINDPOWER,532,2010,0.428173964
Simplicity2,WINDPOWER,533,2010,0.474431375
Simplicity2,WINDPOWER,534,2010,0.475199703
Simplicity2,WINDPOWER,535,2010,0.521351577
Simplicity2,WINDPOWER,536,2010,0.5179694
Simplicity2,WINDPOWER,537,2010,0.49729384
Simplicity2,WINDPOWER,538,2010,0.516371421
Simplicity2,WINDPOWER,539,2010,0.52280157
Simplicity2,WINDPOWER,540,2010,0.557102049
Simplicity2,WINDPOWER,541,2010,0.576919923
Simplicity2,WINDPOWER,542,2010,0.529584507
Simplicity2,WINDPOWER,543,2010,0.506498468
Simplicity2,WINDPOWER,544,2010,0.538728347
Simplicity2,WINDPOWER,545,2010,0.553394662
Simplicity2,WINDPOWER,546,2010,0.464652702
Simplicity2,WINDPOWER,547,2010,0.483013258
Simplicity2,WINDPOWER,548,2010,0.529018441
Simplicity2,WINDPOWER,549,2010,0.529234386
Simplicity2,WINDPOWER,550,2010,0.578327366
Simplicity2,WINDPOWER,551,2010,0.601133976
Simplicity2,WINDPOWER,552,2010,0.587652812
Simplicity2,WINDPOWER,553,2010,0.584098321
Simplicity2,WINDPOWER,554,2010,0.478958094
Simplicity2,WINDPOWER,555,2010,0.573289043
Simplicity2,WINDPOWER,556,2010,0.567005618
Simplicity2,WINDPOWER,557,2010,0.580216899
Simplicity2,WINDPOWER,558,2010,0.596436763
Simplicity2,WINDPOWER,559,2010,0.578506317
Simplicity2,WINDPOWER,560,2010,0.564534435
Simplicity2,WINDPOWER,561,2010,0.585972863
Simplicity2,WINDPOWER,562,2010,0.549308364
Simplicity2,WINDPOWER,563,2010,0.558999985
Simplicity2,WINDPOWER,564,2010,0.582068473
Simplicity2,WINDPOWER,565,2010,0.543561855
Simplicity2,WINDPOWER,566,2010,0.612368981
Simplicity2,WINDPOWER,567,2010,0.629762308
Simplicity2,WINDPOWER,568,2010,0.58166225
Simplicity2,WINDPOWER,569,2010,0.649607745
Simplicity2,WINDPOWER,570,2010,0.595838752
Simplicity2,WINDPOWER,571,2010,0.639796944
Simplicity2,WINDPOWER,572,2010,0.604768299
Simplicity2,WINDPOWER,573,2010,0.560574314
Simplicity2,WINDPOWER,574,2010,0.538489914
Simplicity2,WINDPOWER,575,2010,0.522274271
Simplicity2,WINDPOWER,576,2010,0.46319632
Simplicity2,WINDPOWER,577,2010,0.592878831
Simplicity2,WINDPOWER,578,2010,0.633046602
Simplicity2,WINDPOWER,579,2010,0.578310272
Simplicity2,WINDPOWER,580,2010,0.534785617
Simplicity2,WINDPOWER,581,2010,0.545966257
Simplicity2,WINDPOWER,582,2010,0.587651825
Simplicity2,WINDPOWER,583,2010,0.646743868
Simplicity2,WINDPOWER,584,2010,0.637124338
Simplicity2,WINDPOWER,585,2010,0.61105647
Simplicity2,WINDPOWER,586,2010,0.590591907
Simplicity2,WINDPOWER,587,2010,0.573567507
Simplicity2,WINDPOWER,588,2010,0.546381644
Simplicity2,WINDPOWER,589,2010,0.532058415
Simplicity2,WINDPOWER,590,2010,0.659906261
Simplicity2,WINDPOWER,591,2010,0.622702432
Simplicity2,WINDPOWER,592,2010,0.594284674
Simplicity2,WINDPOWER,593,2010,0.600724398
Simplicity2,WINDPOWER,594,2010,0.625206971
Simplicity2,WINDPOWER,595,2010,0.634218128
Simplicity2,WINDPOWER,596,2010,0.641557321
Simplicity2,WINDPOWER,597,2010,0.552961898
Simplicity2,WINDPOWER,598,2010,0.615355955
Simplicity2,WINDPOWER,599,2010,0.628368748
Simplicity2,WINDPOWER,600,2010,0.570070661
Simplicity2,WINDPOWER,601,2010,0.589022914
Simplicity2,WINDPOWER,602,2010,0.598976688
Simplicity2,WINDPOWER,603,2010,0.606239244
Simplicity2,WINDPOWER,604,2010,0.534993854
Simplicity2,WINDPOWER,605,2010,0.558664995
Simplicity2,WINDPOWER,606,2010,0.569186025
Simplicity2,WINDPOWER,607,2010,0.593608611
Simplicity2,WINDPOWER,608,2010,0.637801257
Simplicity2,WINDPOWER,609,2010,0.643888717
Simplicity2,WINDPOWER,610,2010,0.666376521
Simplicity2,WINDPOWER,611,2010,0.645843864
Simplicity2,WINDPOWER,612,2010,0.570149875
Simplicity2,WINDPOWER,613,2010,0.602994176
Simplicity2,WINDPOWER,614,2010,0.59883136
Simplicity2,WINDPOWER,615,2010,0.65381783
Simplicity2,WINDPOWER,616,2010,0.647306757
Simplicity2,WINDPOWER,617,2010,0.624429869
Simplicity2,WINDPOWER,618,2010,0.597199189
Simplicity2,WINDPOWER,619,2010,0.573533707
Simplicity2,WINDPOWER,620,2010,0.629968852
Simplicity2,WINDPOWER,621,2010,0.642360936
Simplicity2,WINDPOWER,622,2010,0.53947793
Simplicity2,WINDPOWER,623,2010,0.538001402
Simplicity2,WINDPOWER,624,2010,0.572608518
Simplicity2,WINDPOWER,625,2010,0.629230629
Simplicity2,WINDPOWER,626,2010,0.652803307
Simplicity2,WINDPOWER,627,2010,0.625443429
Simplicity2,WINDPOWER,628,2010,0.617183729
Simplicity2,WINDPOWER,629,2010,0.631501148
Simplicity2,WINDPOWER,630,2010,0.471485724
Simplicity2,WINDPOWER,631,2010,0.475005095
Simplicity2,WINDPOWER,632,2010,0.480534246
Simplicity2,WINDPOWER,633,2010,0.551085341
Simplicity2,WINDPOWER,634,2010,0.588088714
Simplicity2,WINDPOWER,635,2010,0.532717996
Simplicity2,WINDPOWER,636,2010,0.54744269
Simplicity2,WINDPOWER,637,2010,0.568931234
Simplicity2,WINDPOWER,638,2010,0.612732371
Simplicity2,WINDPOWER,639,2010,0.59170923
Simplicity2,WINDPOWER,640,2010,0.587372518
Simplicity2,WINDPOWER,641,2010,0.568840333
Simplicity2,WINDPOWER,642,2010,0.598775954
Simplicity2,WINDPOWER,643,2010,0.557078427
Simplicity2,WINDPOWER,644,2010,0.575681606
Simplicity2,WINDPOWER,645,2010,0.60292217
Simplicity2,WINDPOWER,646,2010,0.502971861
Simplicity2,WINDPOWER,647,2010,0.618874176
Simplicity2,WINDPOWER,648,2010,0.598789606
Simplicity2,WINDPOWER,649,2010,0.631444714
Simplicity2,WINDPOWER,650,2010,0.565742933
Simplicity2,WINDPOWER,651,2010,0.58013674
Simplicity2,WINDPOWER,652,2010,0.621324458
Simplicity2,WINDPOWER,653,2010,0.623659177
Simplicity2,WINDPOWER,654,2010,0.679577801
Simplicity2,WINDPOWER,655,2010,0.621835965
Simplicity2,WINDPOWER,656,2010,0.619144815
Simplicity2,WINDPOWER,657,2010,0.578360195
Simplicity2,WINDPOWER,658,2010,0.52040278
Simplicity2,WINDPOWER,659,2010,0.522795937
Simplicity2,WINDPOWER,660,2010,0.46145683
Simplicity2,WINDPOWER,661,2010,0.476968253
Simplicity2,WINDPOWER,662,2010,0.45206148
Simplicity2,WINDPOWER,663,2010,0.447160843
Simplicity2,WINDPOWER,664,2010,0.388673408
Simplicity2,WINDPOWER,665,2010,0.444734836
Simplicity2,WINDPOWER,666,2010,0.607058359
Simplicity2,WINDPOWER,667,2010,0.622176962
Simplicity2,WINDPOWER,668,2010,0.597239811
Simplicity2,WINDPOWER,669,2010,0.566047019
Simplicity2,WINDPOWER,670,2010,0.425150025
Simplicity2,WINDPOWER,671,2010,0.351996074
Simplicity2,WINDPOWER,672,2010,0.256601407
Simplicity2,WINDPOWER,673,2010,0.230648773
Simplicity2,WINDPOWER,674,2010,0.153079815
Simplicity2,WINDPOWER,675,2010,0.319438075
Simplicity2,WINDPOWER,676,2010,0.372521536
Simplicity2,WINDPOWER,677,2010,0.438679324
Simplicity2,WINDPOWER,678,2010,0.452583675
Simplicity2,WINDPOWER,679,2010,0.497972888
Simplicity2,WINDPOWER,680,2010,0.532193356
Simplicity2,WINDPOWER,681,2010,0.526494707
Simplicity2,WINDPOWER,682,2010,0.449397778
Simplicity2,WINDPOWER,683,2010,0.534354308
Simplicity2,WINDPOWER,684,2010,0.424161181
Simplicity2,WINDPOWER,685,2010,0.49819188
Simplicity2,WINDPOWER,686,2010,0.512092357
Simplicity2,WINDPOWER,687,2010,0.445481476
Simplicity2,WINDPOWER,688,2010,0.402819928
Simplicity2,WINDPOWER,689,2010,0.378460664
Simplicity2,WINDPOWER,690,2010,0.448240856
Simplicity2,WINDPOWER,691,2010,0.510490263
Simplicity2,WINDPOWER,692,2010,0.537378241
Simplicity2,WINDPOWER,693,2010,0.360982532
Simplicity2,WINDPOWER,694,2010,0.412303338
Simplicity2,WINDPOWER,695,2010,0.426045179
Simplicity2,WINDPOWER,696,2010,0.404494554
Simplicity2,WINDPOWER,697,2010,0.302525433
Simplicity2,WINDPOWER,698,2010,0.329895367
Simplicity2,WINDPOWER,699,2010,0.328303111
Simplicity2,WINDPOWER,700,2010,0.320136789
Simplicity2,WINDPOWER,701,2010,0.393438107
Simplicity2,WINDPOWER,702,2010,0.385717841
Simplicity2,WINDPOWER,703,2010,0.411376227
Simplicity2,WINDPOWER,704,2010,0.44158818
Simplicity2,WINDPOWER,705,2010,0.559995826
Simplicity2,WINDPOWER,706,2010,0.513899078
Simplicity2,WINDPOWER,707,2010,0.460797411
Simplicity2,WINDPOWER,708,2010,0.383966919
Simplicity2,WINDPOWER,709,2010,0.434224996
Simplicity2,WINDPOWER,710,2010,0.442802805
Simplicity2,WINDPOWER,711,2010,0.468376122
Simplicity2,WINDPOWER,712,2010,0.458035137
Simplicity2,WINDPOWER,713,2010,0.435267475
Simplicity2,WINDPOWER,714,2010,0.455691887
Simplicity2,WINDPOWER,715,2010,0.476104212
Simplicity2,WINDPOWER,716,2010,0.430416077
Simplicity2,WINDPOWER,717,2010,0.431260408
Simplicity2,WINDPOWER,718,2010,0.372812519
Simplicity2,WINDPOWER,719,2010,0.301216638
Simplicity2,WINDPOWER,720,2010,0.251761346
Simplicity2,WINDPOWER,721,2010,0.304457342
Simplicity2,WINDPOWER,722,2010,0.331988635
Simplicity2,WINDPOWER,723,2010,0.271947025
Simplicity2,WINDPOWER,724,2010,0.333313801
Simplicity2,WINDPOWER,725,2010,0.355061397
Simplicity2,WINDPOWER,726,2010,0.357685578
Simplicity2,WINDPOWER,727,2010,0.464734545
Simplicity2,WINDPOWER,728,2010,0.491550753
Simplicity2,WINDPOWER,729,2010,0.419476298
Simplicity2,WINDPOWER,730,2010,0.408547112
Simplicity2,WINDPOWER,731,2010,0.438295251
Simplicity2,WINDPOWER,732,2010,0.427588931
Simplicity2,WINDPOWER,733,2010,0.37238419
Simplicity2,WINDPOWER,734,2010,0.379606894
Simplicity2,WINDPOWER,735,2010,0.454485184
Simplicity2,WINDPOWER,736,2010,0.354155036
Simplicity2,WINDPOWER,737,2010,0.353511443
Simplicity2,WINDPOWER,738,2010,0.404321875
Simplicity2,WINDPOWER,739,2010,0.389806371
Simplicity2,WINDPOWER,740,2010,0.320694528
Simplicity2,WINDPOWER,741,2010,0.318347242
Simplicity2,WINDPOWER,742,2010,0.294770615
Simplicity2,WINDPOWER,743,2010,0.29736521
Simplicity2,WINDPOWER,744,2010,0.394014185
Simplicity2,WINDPOWER,745,2010,0.504334891
Simplicity2,WINDPOWER,746,2010,0.454330069
Simplicity2,WINDPOWER,747,2010,0.434636119
Simplicity2,WINDPOWER,748,2010,0.510673249
Simplicity2,WINDPOWER,749,2010,0.459790228
Simplicity2,WINDPOWER,750,2010,0.371797999
Simplicity2,WINDPOWER,751,2010,0.380515646
Simplicity2,WINDPOWER,752,2010,0.416697535
Simplicity2,WINDPOWER,753,2010,0.371170823
Simplicity2,WINDPOWER,754,2010,0.349510348
Simplicity2,WINDPOWER,755,2010,0.355331197
Simplicity2,WINDPOWER,756,2010,0.375291689
Simplicity2,WINDPOWER,757,2010,0.355734056
Simplicity2,WINDPOWER,758,2010,0.399226345
Simplicity2,WINDPOWER,759,2010,0.402983142
Simplicity2,WINDPOWER,760,2010,0.415748791
Simplicity2,WINDPOWER,761,2010,0.486661297
Simplicity2,WINDPOWER,762,2010,0.483992052
Simplicity2,WINDPOWER,763,2010,0.392581511
Simplicity2,WINDPOWER,764,2010,0.404386857
Simplicity2,WINDPOWER,765,2010,0.470645176
Simplicity2,WINDPOWER,766,2010,0.415560494
Simplicity2,WINDPOWER,767,2010,0.2880019
Simplicity2,WINDPOWER,768,2010,0.284444961
Simplicity2,WINDPOWER,769,2010,0.353245946
Simplicity2,WINDPOWER,770,2010,0.370410305
Simplicity2,WINDPOWER,771,2010,0.399234473
Simplicity2,WINDPOWER,772,2010,0.448733638
Simplicity2,WINDPOWER,773,2010,0.446126481
Simplicity2,WINDPOWER,774,2010,0.450365438
Simplicity2,WINDPOWER,775,2010,0.449142845
Simplicity2,WINDPOWER,776,2010,0.353719649
Simplicity2,WINDPOWER,777,2010,0.260593621
Simplicity2,WINDPOWER,778,2010,0.203153097
Simplicity2,WINDPOWER,779,2010,0.223998347
Simplicity2,WINDPOWER,780,2010,0.275427055
Simplicity2,WINDPOWER,781,2010,0.249054532
Simplicity2,WINDPOWER,782,2010,0.384052566
Simplicity2,WINDPOWER,783,2010,0.494072879
Simplicity2,WINDPOWER,784,2010,0.374616615
Simplicity2,WINDPOWER,785,2010,0.340835054
Simplicity2,WINDPOWER,786,2010,0.375689317
Simplicity2,WINDPOWER,787,2010,0.407528037
Simplicity2,WINDPOWER,788,2010,0.496521808
Simplicity2,WINDPOWER,789,2010,0.50634592
Simplicity2,WINDPOWER,790,2010,0.530712247
Simplicity2,WINDPOWER,791,2010,0.536638136
Simplicity2,WINDPOWER,792,2010,0.496408088
Simplicity2,WINDPOWER,793,2010,0.482606055
Simplicity2,WINDPOWER,794,2010,0.449455443
Simplicity2,WINDPOWER,795,2010,0.405054499
Simplicity2,WINDPOWER,796,2010,0.446072577
Simplicity2,WINDPOWER,797,2010,0.407785823
Simplicity2,WINDPOWER,798,2010,0.409506977
Simplicity2,WINDPOWER,799,2010,0.433222344
Simplicity2,WINDPOWER,800,2010,0.419015245
Simplicity2,WINDPOWER,801,2010,0.356970344
Simplicity2,WINDPOWER,802,2010,0.355449585
Simplicity2,WINDPOWER,803,2010,0.362264532
Simplicity2,WINDPOWER,804,2010,0.332722789
Simplicity2,WINDPOWER,805,2010,0.269936973
Simplicity2,WINDPOWER,806,2010,0.29785631
Simplicity2,WINDPOWER,807,2010,0.352031889
Simplicity2,WINDPOWER,808,2010,0.33366229
Simplicity2,WINDPOWER,809,2010,0.324679028
Simplicity2,WINDPOWER,810,2010,0.3552275
Simplicity2,WINDPOWER,811,2010,0.338419306
Simplicity2,WINDPOWER,812,2010,0.398121303
Simplicity2,WINDPOWER,813,2010,0.425715639
Simplicity2,WINDPOWER,814,2010,0.346796786
Simplicity2,WINDPOWER,815,2010,0.430906267
Simplicity2,WINDPOWER,816,2010,0.335379348
Simplicity2,WINDPOWER,817,2010,0.334385212
Simplicity2,WINDPOWER,818,2010,0.387734509
Simplicity2,WINDPOWER,819,2010,0.382301344
Simplicity2,WINDPOWER,820,2010,0.364973704
Simplicity2,WINDPOWER,821,2010,0.318222474
Simplicity2,WINDPOWER,822,2010,0.257302641
Simplicity2,WINDPOWER,823,2010,0.332067373
Simplicity2,WINDPOWER,824,2010,0.417887148
Simplicity2,WINDPOWER,825,2010,0.470894612
Simplicity2,WINDPOWER,826,2010,0.453106903
Simplicity2,WINDPOWER,827,2010,0.478101708
Simplicity2,WINDPOWER,828,2010,0.445572652
Simplicity2,WINDPOWER,829,2010,0.446587539
Simplicity2,WINDPOWER,830,2010,0.383321544
Simplicity2,WINDPOWER,831,2010,0.40561951
Simplicity2,WINDPOWER,832,2010,0.375333378
Simplicity2,WINDPOWER,833,2010,0.39375761
Simplicity2,WINDPOWER,834,2010,0.265804553
Simplicity2,WINDPOWER,835,2010,0.378931596
Simplicity2,WINDPOWER,836,2010,0.246941605
Simplicity2,WINDPOWER,837,2010,0.336346412
Simplicity2,WINDPOWER,838,2010,0.266741743
Simplicity2,WINDPOWER,839,2010,0.307395918
Simplicity2,WINDPOWER,840,2010,0.222658275
Simplicity2,WINDPOWER,841,2010,0.225688454
Simplicity2,WINDPOWER,842,2010,0.390658739
Simplicity2,WINDPOWER,843,2010,0.337336409
Simplicity2,WINDPOWER,844,2010,0.387836336
Simplicity2,WINDPOWER,845,2010,0.444828084
Simplicity2,WINDPOWER,846,2010,0.480205654
Simplicity2,WINDPOWER,847,2010,0.505566449
Simplicity2,WINDPOWER,848,2010,0.330895802
Simplicity2,WINDPOWER,849,2010,0.362545796
Simplicity2,WINDPOWER,850,2010,0.425630288
Simplicity2,WINDPOWER,851,2010,0.513254438
Simplicity2,WINDPOWER,852,2010,0.37253554
Simplicity2,WINDPOWER,853,2010,0.412463986
Simplicity2,WINDPOWER,854,2010,0.424089819
Simplicity2,WINDPOWER,855,2010,0.363903082
Simplicity2,WINDPOWER,856,2010,0.489239787
Simplicity2,WINDPOWER,857,2010,0.479236209
Simplicity2,WINDPOWER,858,2010,0.474044963
Simplicity2,WINDPOWER,859,2010,0.507776156
Simplicity2,WINDPOWER,860,2010,0.47430907
Simplicity2,WINDPOWER,861,2010,0.438618003
Simplicity2,WINDPOWER,862,2010,0.325394488
Simplicity2,WINDPOWER,863,2010,0.270763923
Simplicity2,WINDPOWER,864,2010,0.387388845
Simplicity2,WINDPOWER,865,2010,0.483240479
Simplicity2,WINDPOWER,866,2010,0.469808302
Simplicity2,WINDPOWER,867,2010,0.451070737
Simplicity2,WINDPOWER,868,2010,0.381436303
Simplicity2,WINDPOWER,869,2010,0.346805359
Simplicity2,WINDPOWER,870,2010,0.303511151
Simplicity2,WINDPOWER,871,2010,0.431133507
Simplicity2,WINDPOWER,872,2010,0.504083931
Simplicity2,WINDPOWER,873,2010,0.54588109
Simplicity2,WINDPOWER,874,2010,0.474698387
Simplicity2,WINDPOWER,875,2010,0.454938171
Simplicity2,WINDPOWER,876,2010,0.587099463
Simplicity2,WINDPOWER,877,2010,0.554268946
Simplicity2,WINDPOWER,878,2010,0.475786046
Simplicity2,WINDPOWER,879,2010,0.461604682
Simplicity2,WINDPOWER,880,2010,0.474698033
Simplicity2,WINDPOWER,881,2010,0.444262594
Simplicity2,WINDPOWER,882,2010,0.434306423
Simplicity2,WINDPOWER,883,2010,0.452694388
Simplicity2,WINDPOWER,884,2010,0.508643984
Simplicity2,WINDPOWER,885,2010,0.515080804
Simplicity2,WINDPOWER,886,2010,0.54131924
Simplicity2,WINDPOWER,887,2010,0.477059968
Simplicity2,WINDPOWER,888,2010,0.449139965
Simplicity2,WINDPOWER,889,2010,0.433471112
Simplicity2,WINDPOWER,890,2010,0.480856255
Simplicity2,WINDPOWER,891,2010,0.564183392
Simplicity2,WINDPOWER,892,2010,0.48608009
Simplicity2,WINDPOWER,893,2010,0.452767815
Simplicity2,WINDPOWER,894,2010,0.458223539
Simplicity2,WINDPOWER,895,2010,0.517742382
Simplicity2,WINDPOWER,896,2010,0.497829927
Simplicity2,WINDPOWER,897,2010,0.426880798
Simplicity2,WINDPOWER,898,2010,0.463579013
Simplicity2,WINDPOWER,899,2010,0.472270446
Simplicity2,WINDPOWER,900,2010,0.513728039
Simplicity2,WINDPOWER,901,2010,0.506263049
Simplicity2,WINDPOWER,902,2010,0.50043614
Simplicity2,WINDPOWER,903,2010,0.515840889
Simplicity2,WINDPOWER,904,2010,0.509229461
Simplicity2,WINDPOWER,905,2010,0.540495819
Simplicity2,WINDPOWER,906,2010,0.566184442
Simplicity2,WINDPOWER,907,2010,0.52258426
Simplicity2,WINDPOWER,908,2010,0.494183945
Simplicity2,WINDPOWER,909,2010,0.543058051
Simplicity2,WINDPOWER,910,2010,0.534354284
Simplicity2,WINDPOWER,911,2010,0.458056428
Simplicity2,WINDPOWER,912,2010,0.485814057
Simplicity2,WINDPOWER,913,2010,0.526793096
Simplicity2,WINDPOWER,914,2010,0.508302111
Simplicity2,WINDPOWER,915,2010,0.566789879
Simplicity2,WINDPOWER,916,2010,0.599909252
Simplicity2,WINDPOWER,917,2010,0.584825582
Simplicity2,WINDPOWER,918,2010,0.569677325
Simplicity2,WINDPOWER,919,2010,0.478433627
Simplicity2,WINDPOWER,920,2010,0.558889729
Simplicity2,WINDPOWER,921,2010,0.563014927
Simplicity2,WINDPOWER,922,2010,0.569402465
Simplicity2,WINDPOWER,923,2010,0.595906475
Simplicity2,WINDPOWER,924,2010,0.567696241
Simplicity2,WINDPOWER,925,2010,0.552713592
Simplicity2,WINDPOWER,926,2010,0.581866963
Simplicity2,WINDPOWER,927,2010,0.545197521
Simplicity2,WINDPOWER,928,2010,0.554697598
Simplicity2,WINDPOWER,929,2010,0.574125083
Simplicity2,WINDPOWER,930,2010,0.537365256
Simplicity2,WINDPOWER,931,2010,0.602290593
Simplicity2,WINDPOWER,932,2010,0.617743984
Simplicity2,WINDPOWER,933,2010,0.565427563
Simplicity2,WINDPOWER,934,2010,0.63739251
Simplicity2,WINDPOWER,935,2010,0.590570959
Simplicity2,WINDPOWER,936,2010,0.619558313
Simplicity2,WINDPOWER,937,2010,0.598840063
Simplicity2,WINDPOWER,938,2010,0.560578234
Simplicity2,WINDPOWER,939,2010,0.531599236
Simplicity2,WINDPOWER,940,2010,0.50817263
Simplicity2,WINDPOWER,941,2010,0.4678675
Simplicity2,WINDPOWER,942,2010,0.583956466
Simplicity2,WINDPOWER,943,2010,0.631771341
Simplicity2,WINDPOWER,944,2010,0.571605601
Simplicity2,WINDPOWER,945,2010,0.515365939
Simplicity2,WINDPOWER,946,2010,0.5329451
Simplicity2,WINDPOWER,947,2010,0.580169745
Simplicity2,WINDPOWER,948,2010,0.636767964
Simplicity2,WINDPOWER,949,2010,0.63195789
Simplicity2,WINDPOWER,950,2010,0.592965248
Simplicity2,WINDPOWER,951,2010,0.578304656
Simplicity2,WINDPOWER,952,2010,0.563830691
Simplicity2,WINDPOWER,953,2010,0.542542525
Simplicity2,WINDPOWER,954,2010,0.534517944
Simplicity2,WINDPOWER,955,2010,0.641033465
Simplicity2,WINDPOWER,956,2010,0.60716169
Simplicity2,WINDPOWER,957,2010,0.581479685
Simplicity2,WINDPOWER,958,2010,0.593459062
Simplicity2,WINDPOWER,959,2010,0.616767449
Simplicity2,WINDPOWER,960,2010,0.630022389
Simplicity2,WINDPOWER,961,2010,0.612341539
Simplicity2,WINDPOWER,962,2010,0.550164963
Simplicity2,WINDPOWER,963,2010,0.595826422
Simplicity2,WINDPOWER,964,2010,0.632174491
Simplicity2,WINDPOWER,965,2010,0.556869222
Simplicity2,WINDPOWER,966,2010,0.584241234
Simplicity2,WINDPOWER,967,2010,0.551510208
Simplicity2,WINDPOWER,968,2010,0.583874671
Simplicity2,WINDPOWER,969,2010,0.523164443
Simplicity2,WINDPOWER,970,2010,0.539128269
Simplicity2,WINDPOWER,971,2010,0.554191293
Simplicity2,WINDPOWER,972,2010,0.591935343
Simplicity2,WINDPOWER,973,2010,0.617114655
Simplicity2,WINDPOWER,974,2010,0.626002457
Simplicity2,WINDPOWER,975,2010,0.64638053
Simplicity2,WINDPOWER,976,2010,0.63923264
Simplicity2,WINDPOWER,977,2010,0.56325834
Simplicity2,WINDPOWER,978,2010,0.589303423
Simplicity2,WINDPOWER,979,2010,0.60029083
Simplicity2,WINDPOWER,980,2010,0.637416783
Simplicity2,WINDPOWER,981,2010,0.645575298
Simplicity2,WINDPOWER,982,2010,0.62017364
Simplicity2,WINDPOWER,983,2010,0.5892582
Simplicity2,WINDPOWER,984,2010,0.567829277
Simplicity2,WINDPOWER,985,2010,0.623974484
Simplicity2,WINDPOWER,986,2010,0.630710081
Simplicity2,WINDPOWER,987,2010,0.527450604
Simplicity2,WINDPOWER,988,2010,0.527297991
Simplicity2,WINDPOWER,989,2010,0.550228093
Simplicity2,WINDPOWER,990,2010,0.622195459
Simplicity2,WINDPOWER,991,2010,0.648566759
Simplicity2,WINDPOWER,992,2010,0.608129286
Simplicity2,WINDPOWER,993,2010,0.605967923
Simplicity2,WINDPOWER,994,2010,0.612616931
Simplicity2,WINDPOWER,995,2010,0.456599028
Simplicity2,WINDPOWER,996,2010,0.470747219
Simplicity2,WINDPOWER,997,2010,0.4641564
Simplicity2,WINDPOWER,998,2010,0.547944139
Simplicity2,WINDPOWER,999,2010,0.566015994
Simplicity2,WINDPOWER,1000,2010,0.51377336
Simplicity2,WINDPOWER,1001,2010,0.523454608
Simplicity2,WINDPOWER,1002,2010,0.552452178
Simplicity2,WINDPOWER,1003,2010,0.59980231
Simplicity2,WINDPOWER,1004,2010,0.577095643
Simplicity2,WINDPOWER,1005,2010,0.564387223
Simplicity2,WINDPOWER,1006,2010,0.559469618
Simplicity2,WINDPOWER,1007,2010,0.590233775
Simplicity2,WINDPOWER,1008,2010,0.558741644
Simplicity2,WINDPOWER,1009,2010,0.559662716
Simplicity2,WINDPOWER,1010,2010,0.579405132
Simplicity2,WINDPOWER,1011,2010,0.479824667
Simplicity2,WINDPOWER,1012,2010,0.612386767
Simplicity2,WINDPOWER,1013,2010,0.576897101
Simplicity2,WINDPOWER,1014,2010,0.617783068
Simplicity2,WINDPOWER,1015,2010,0.554981192
Simplicity2,WINDPOWER,1016,2010,0.572188397
Simplicity2,WINDPOWER,1017,2010,0.608425712
Simplicity2,WINDPOWER,1018,2010,0.628023406
Simplicity2,WINDPOWER,1019,2010,0.676670238
Simplicity2,WINDPOWER,1020,2010,0.616365022
Simplicity2,WINDPOWER,1021,2010,0.603317252
Simplicity2,WINDPOWER,1022,2010,0.564780836
Simplicity2,WINDPOWER,1023,2010,0.517089924
Simplicity2,WINDPOWER,1024,2010,0.513004525
Simplicity2,WINDPOWER,1025,2010,0.464193965
Simplicity2,WINDPOWER,1026,2010,0.467964762
Simplicity2,WINDPOWER,1027,2010,0.445750844
Simplicity2,WINDPOWER,1028,2010,0.428084499
Simplicity2,WINDPOWER,1029,2010,0.384732923
Simplicity2,WINDPOWER,1030,2010,0.449178622
Simplicity2,WINDPOWER,1031,2010,0.59271158
Simplicity2,WINDPOWER,1032,2010,0.597836423
Simplicity2,WINDPOWER,1033,2010,0.587471069
Simplicity2,WINDPOWER,1034,2010,0.559575387
Simplicity2,WINDPOWER,1035,2010,0.419881341
Simplicity2,WINDPOWER,1036,2010,0.327999594
Simplicity2,WINDPOWER,1037,2010,0.243285029
Simplicity2,WINDPOWER,1038,2010,0.235054375
Simplicity2,WINDPOWER,1039,2010,0.149433257
Simplicity2,WINDPOWER,1040,2010,0.311829732
Simplicity2,WINDPOWER,1041,2010,0.380912636
Simplicity2,WINDPOWER,1042,2010,0.427688239
Simplicity2,WINDPOWER,1043,2010,0.455001485
Simplicity2,WINDPOWER,1044,2010,0.494763571
Simplicity2,WINDPOWER,1045,2010,0.522836405
Simplicity2,WINDPOWER,1046,2010,0.510851347
Simplicity2,WINDPOWER,1047,2010,0.444063842
Simplicity2,WINDPOWER,1048,2010,0.535277958
Simplicity2,WINDPOWER,1049,2010,0.431128885
Simplicity2,WINDPOWER,1050,2010,0.493056304
Simplicity2,WINDPOWER,1051,2010,0.528830621
Simplicity2,WINDPOWER,1052,2010,0.432706819
Simplicity2,WINDPOWER,1053,2010,0.394471232
Simplicity2,WINDPOWER,1054,2010,0.358807472
Simplicity2,WINDPOWER,1055,2010,0.457262824
Simplicity2,WINDPOWER,1056,2010,0.533402512
Simplicity2,WINDPOWER,1057,2010,0.522887091
Simplicity2,WINDPOWER,1058,2010,0.352983039
Simplicity2,WINDPOWER,1059,2010,0.403201673
Simplicity2,WINDPOWER,1060,2010,0.411859922
Simplicity2,WINDPOWER,1061,2010,0.409201852
Simplicity2,WINDPOWER,1062,2010,0.291823243
Simplicity2,WINDPOWER,1063,2010,0.324920997
Simplicity2,WINDPOWER,1064,2010,0.331841242
Simplicity2,WINDPOWER,1065,2010,0.310165977
Simplicity2,WINDPOWER,1066,2010,0.388451356
Simplicity2,WINDPOWER,1067,2010,0.386948534
Simplicity2,WINDPOWER,1068,2010,0.398490881
Simplicity2,WINDPOWER,1069,2010,0.425487554
Simplicity2,WINDPOWER,1070,2010,0.535142042
Simplicity2,WINDPOWER,1071,2010,0.500515414
Simplicity2,WINDPOWER,1072,2010,0.459814536
Simplicity2,WINDPOWER,1073,2010,0.374328114
Simplicity2,WINDPOWER,1074,2010,0.435599988
Simplicity2,WINDPOWER,1075,2010,0.43301406
Simplicity2,WINDPOWER,1076,2010,0.462992712
Simplicity2,WINDPOWER,1077,2010,0.465544656
Simplicity2,WINDPOWER,1078,2010,0.428286471
Simplicity2,WINDPOWER,1079,2010,0.451759123
Simplicity2,WINDPOWER,1080,2010,0.473718984
Simplicity2,WINDPOWER,1081,2010,0.425071863
Simplicity2,WINDPOWER,1082,2010,0.421424063
Simplicity2,WINDPOWER,1083,2010,0.348581563
Simplicity2,WINDPOWER,1084,2010,0.302588373
Simplicity2,WINDPOWER,1085,2010,0.236841394
Simplicity2,WINDPOWER,1086,2010,0.299729727
Simplicity2,WINDPOWER,1087,2010,0.314218705
Simplicity2,WINDPOWER,1088,2010,0.271396762
Simplicity2,WINDPOWER,1089,2010,0.339897226
Simplicity2,WINDPOWER,1090,2010,0.35450406
Simplicity2,WINDPOWER,1091,2010,0.342544351
Simplicity2,WINDPOWER,1092,2010,0.449346983
Simplicity2,WINDPOWER,1093,2010,0.484660797
Simplicity2,WINDPOWER,1094,2010,0.422640129
Simplicity2,WINDPOWER,1095,2010,0.404004583
Simplicity2,WINDPOWER,1096,2010,0.429334658
Simplicity2,WINDPOWER,1097,2010,0.408359778
Simplicity2,WINDPOWER,1098,2010,0.352304878
Simplicity2,WINDPOWER,1099,2010,0.376869009
Simplicity2,WINDPOWER,1100,2010,0.445252799
Simplicity2,WINDPOWER,1101,2010,0.344963225
Simplicity2,WINDPOWER,1102,2010,0.351252627
Simplicity2,WINDPOWER,1103,2010,0.385510885
Simplicity2,WINDPOWER,1104,2010,0.379840143
Simplicity2,WINDPOWER,1105,2010,0.322850909
Simplicity2,WINDPOWER,1106,2010,0.305429923
Simplicity2,WINDPOWER,1107,2010,0.295298236
Simplicity2,WINDPOWER,1108,2010,0.285187206
Simplicity2,WINDPOWER,1109,2010,0.394788821
Simplicity2,WINDPOWER,1110,2010,0.487896261
Simplicity2,WINDPOWER,1111,2010,0.437824945
Simplicity2,WINDPOWER,1112,2010,0.445792132
Simplicity2,WINDPOWER,1113,2010,0.49286396
Simplicity2,WINDPOWER,1114,2010,0.440042137
Simplicity2,WINDPOWER,1115,2010,0.366695505
Simplicity2,WINDPOWER,1116,2010,0.378955595
Simplicity2,WINDPOWER,1117,2010,0.402696675
Simplicity2,WINDPOWER,1118,2010,0.377894185
Simplicity2,WINDPOWER,1119,2010,0.342562738
Simplicity2,WINDPOWER,1120,2010,0.342574906
Simplicity2,WINDPOWER,1121,2010,0.372783933
Simplicity2,WINDPOWER,1122,2010,0.358624916
Simplicity2,WINDPOWER,1123,2010,0.385115325
Simplicity2,WINDPOWER,1124,2010,0.385748138
Simplicity2,WINDPOWER,1125,2010,0.409387587
Simplicity2,WINDPOWER,1126,2010,0.479328842
Simplicity2,WINDPOWER,1127,2010,0.484857692
Simplicity2,WINDPOWER,1128,2010,0.377444399
Simplicity2,WINDPOWER,1129,2010,0.411348341
Simplicity2,WINDPOWER,1130,2010,0.474043498
Simplicity2,WINDPOWER,1131,2010,0.393621601
Simplicity2,WINDPOWER,1132,2010,0.272321826
Simplicity2,WINDPOWER,1133,2010,0.282958865
Simplicity2,WINDPOWER,1134,2010,0.360562216
Simplicity2,WINDPOWER,1135,2010,0.357651413
Simplicity2,WINDPOWER,1136,2010,0.393080665
Simplicity2,WINDPOWER,1137,2010,0.443916368
Simplicity2,WINDPOWER,1138,2010,0.428314358
Simplicity2,WINDPOWER,1139,2010,0.439692936
Simplicity2,WINDPOWER,1140,2010,0.428985647
Simplicity2,WINDPOWER,1141,2010,0.354967606
Simplicity2,WINDPOWER,1142,2010,0.2574886
Simplicity2,WINDPOWER,1143,2010,0.195363398
Simplicity2,WINDPOWER,1144,2010,0.23407758
Simplicity2,WINDPOWER,1145,2010,0.272705942
Simplicity2,WINDPOWER,1146,2010,0.2655985
Simplicity2,WINDPOWER,1147,2010,0.381806132
Simplicity2,WINDPOWER,1148,2010,0.482083682
Simplicity2,WINDPOWER,1149,2010,0.361015743
Simplicity2,WINDPOWER,1150,2010,0.346962271
Simplicity2,WINDPOWER,1151,2010,0.359234926
Simplicity2,WINDPOWER,1152,2010,0.378710411
Simplicity2,WINDPOWER,1153,2010,0.490937423
Simplicity2,WINDPOWER,1154,2010,0.501964452
Simplicity2,WINDPOWER,1155,2010,0.528091491
Simplicity2,WINDPOWER,1156,2010,0.50927876
Simplicity2,WINDPOWER,1157,2010,0.466850809
Simplicity2,WINDPOWER,1158,2010,0.469621407
Simplicity2,WINDPOWER,1159,2010,0.430317026
Simplicity2,WINDPOWER,1160,2010,0.396207783
Simplicity2,WINDPOWER,1161,2010,0.430116304
Simplicity2,WINDPOWER,1162,2010,0.40393799
Simplicity2,WINDPOWER,1163,2010,0.383421273
Simplicity2,WINDPOWER,1164,2010,0.409377236
Simplicity2,WINDPOWER,1165,2010,0.418630591
Simplicity2,WINDPOWER,1166,2010,0.351122096
Simplicity2,WINDPOWER,1167,2010,0.369786728
Simplicity2,WINDPOWER,1168,2010,0.359501183
Simplicity2,WINDPOWER,1169,2010,0.332702208
Simplicity2,WINDPOWER,1170,2010,0.266488886
Simplicity2,WINDPOWER,1171,2010,0.288420307
Simplicity2,WINDPOWER,1172,2010,0.349092394
Simplicity2,WINDPOWER,1173,2010,0.323905205
Simplicity2,WINDPOWER,1174,2010,0.311156658
Simplicity2,WINDPOWER,1175,2010,0.335569261
Simplicity2,WINDPOWER,1176,2010,0.32898849
Simplicity2,WINDPOWER,1177,2010,0.394898789
Simplicity2,WINDPOWER,1178,2010,0.406588969
Simplicity2,WINDPOWER,1179,2010,0.349904831
Simplicity2,WINDPOWER,1180,2010,0.417113756
Simplicity2,WINDPOWER,1181,2010,0.326760128
Simplicity2,WINDPOWER,1182,2010,0.330184495
Simplicity2,WINDPOWER,1183,2010,0.376294439
Simplicity2,WINDPOWER,1184,2010,0.39052974
Simplicity2,WINDPOWER,1185,2010,0.375055934
Simplicity2,WINDPOWER,1186,2010,0.314285355
Simplicity2,WINDPOWER,1187,2010,0.244762438
Simplicity2,WINDPOWER,1188,2010,0.320057052
Simplicity2,WINDPOWER,1189,2010,0.41716764
Simplicity2,WINDPOWER,1190,2010,0.467494944
Simplicity2,WINDPOWER,1191,2010,0.447552838
Simplicity2,WINDPOWER,1192,2010,0.48670538
Simplicity2,WINDPOWER,1193,2010,0.453163753
Simplicity2,WINDPOWER,1194,2010,0.454913618
Simplicity2,WINDPOWER,1195,2010,0.363420904
Simplicity2,WINDPOWER,1196,2010,0.395506835
Simplicity2,WINDPOWER,1197,2010,0.370096641
Simplicity2,WINDPOWER,1198,2010,0.381334098
Simplicity2,WINDPOWER,1199,2010,0.266390322
Simplicity2,WINDPOWER,1200,2010,0.380325343
Simplicity2,WINDPOWER,1201,2010,0.244557621
Simplicity2,WINDPOWER,1202,2010,0.333572184
Simplicity2,WINDPOWER,1203,2010,0.261181432
Simplicity2,WINDPOWER,1204,2010,0.303799954
Simplicity2,WINDPOWER,1205,2010,0.218725315
Simplicity2,WINDPOWER,1206,2010,0.233063225
Simplicity2,WINDPOWER,1207,2010,0.379769566
Simplicity2,WINDPOWER,1208,2010,0.344214913
Simplicity2,WINDPOWER,1209,2010,0.38261072
Simplicity2,WINDPOWER,1210,2010,0.444788751
Simplicity2,WINDPOWER,1211,2010,0.483980246
Simplicity2,WINDPOWER,1212,2010,0.490195896
Simplicity2,WINDPOWER,1213,2010,0.331122761
Simplicity2,WINDPOWER,1214,2010,0.355378634
Simplicity2,WINDPOWER,1215,2010,0.428973343
Simplicity2,WINDPOWER,1216,2010,0.506653781
Simplicity2,WINDPOWER,1217,2010,0.371933841
Simplicity2,WINDPOWER,1218,2010,0.411933499
Simplicity2,WINDPOWER,1219,2010,0.417093753
Simplicity2,WINDPOWER,1220,2010,0.350811013
Simplicity2,WINDPOWER,1221,2010,0.489613545
Simplicity2,WINDPOWER,1222,2010,0.45935737
Simplicity2,WINDPOWER,1223,2010,0.470766785
Simplicity2,WINDPOWER,1224,2010,0.498228818
Simplicity2,WINDPOWER,1225,2010,0.472133216
Simplicity2,WINDPOWER,1226,2010,0.437672346
Simplicity2,WINDPOWER,1227,2010,0.323782625
Simplicity2,WINDPOWER,1228,2010,0.28775233
Simplicity2,WINDPOWER,1229,2010,0.393178183
Simplicity2,WINDPOWER,1230,2010,0.476274204
Simplicity2,WINDPOWER,1231,2010,0.469514338
Simplicity2,WINDPOWER,1232,2010,0.451081918
Simplicity2,WINDPOWER,1233,2010,0.378945182
Simplicity2,WINDPOWER,1234,2010,0.348914431
Simplicity2,WINDPOWER,1235,2010,0.306659427
Simplicity2,WINDPOWER,1236,2010,0.440514617
Simplicity2,WINDPOWER,1237,2010,0.500221058
Simplicity2,WINDPOWER,1238,2010,0.523603775
Simplicity2,WINDPOWER,1239,2010,0.471966315
Simplicity2,WINDPOWER,1240,2010,0.464181167
Simplicity2,WINDPOWER,1241,2010,0.591171151
Simplicity2,WINDPOWER,1242,2010,0.537930607
Simplicity2,WINDPOWER,1243,2010,0.467221513
Simplicity2,WINDPOWER,1244,2010,0.460962197
Simplicity2,WINDPOWER,1245,2010,0.478926368
Simplicity2,WINDPOWER,1246,2010,0.443081011
Simplicity2,WINDPOWER,1247,2010,0.433717968
Simplicity2,WINDPOWER,1248,2010,0.457647271
Simplicity2,WINDPOWER,1249,2010,0.495775343
Simplicity2,WINDPOWER,1250,2010,0.499033479
Simplicity2,WINDPOWER,1251,2010,0.521393577
Simplicity2,WINDPOWER,1252,2010,0.464825492
Simplicity2,WINDPOWER,1253,2010,0.445060906
Simplicity2,WINDPOWER,1254,2010,0.430659856
Simplicity2,WINDPOWER,1255,2010,0.464970836
Simplicity2,WINDPOWER,1256,2010,0.545593338
Simplicity2,WINDPOWER,1257,2010,0.462600548
Simplicity2,WINDPOWER,1258,2010,0.435957611
Simplicity2,WINDPOWER,1259,2010,0.452230465
Simplicity2,WINDPOWER,1260,2010,0.501382841
Simplicity2,WINDPOWER,1261,2010,0.488415385
Simplicity2,WINDPOWER,1262,2010,0.424579747
Simplicity2,WINDPOWER,1263,2010,0.452741464
Simplicity2,WINDPOWER,1264,2010,0.464944434
Simplicity2,WINDPOWER,1265,2010,0.515761666
Simplicity2,WINDPOWER,1266,2010,0.492020268
Simplicity2,WINDPOWER,1267,2010,0.510901949
Simplicity2,WINDPOWER,1268,2010,0.51471534
Simplicity2,WINDPOWER,1269,2010,0.514514915
Simplicity2,WINDPOWER,1270,2010,0.546385629
Simplicity2,WINDPOWER,1271,2010,0.553218759
Simplicity2,WINDPOWER,1272,2010,0.519087127
Simplicity2,WINDPOWER,1273,2010,0.495287146
Simplicity2,WINDPOWER,1274,2010,0.549314563
Simplicity2,WINDPOWER,1275,2010,0.521607354
Simplicity2,WINDPOWER,1276,2010,0.457225847
Simplicity2,WINDPOWER,1277,2010,0.494026082
Simplicity2,WINDPOWER,1278,2010,0.514329532
Simplicity2,WINDPOWER,1279,2010,0.504312703
Simplicity2,WINDPOWER,1280,2010,0.556081181
Simplicity2,WINDPOWER,1281,2010,0.59376717
Simplicity2,WINDPOWER,1282,2010,0.581092361
Simplicity2,WINDPOWER,1283,2010,0.554369774
Simplicity2,WINDPOWER,1284,2010,0.474263038
Simplicity2,WINDPOWER,1285,2010,0.528052692
Simplicity2,WINDPOWER,1286,2010,0.562203815
Simplicity2,WINDPOWER,1287,2010,0.565085226
Simplicity2,WINDPOWER,1288,2010,0.596150639
Simplicity2,WINDPOWER,1289,2010,0.54960252
Simplicity2,WINDPOWER,1290,2010,0.555008974
Simplicity2,WINDPOWER,1291,2010,0.57146477
Simplicity2,WINDPOWER,1292,2010,0.539471246
Simplicity2,WINDPOWER,1293,2010,0.546415283
Simplicity2,WINDPOWER,1294,2010,0.566508746
Simplicity2,WINDPOWER,1295,2010,0.530339634
Simplicity2,WINDPOWER,1296,2010,0.605864296
Simplicity2,WINDPOWER,1297,2010,0.609471198
Simplicity2,WINDPOWER,1298,2010,0.563851333
Simplicity2,WINDPOWER,1299,2010,0.625825153
Simplicity2,WINDPOWER,1300,2010,0.583357902
Simplicity2,WINDPOWER,1301,2010,0.614035638
Simplicity2,WINDPOWER,1302,2010,0.601762069
Simplicity2,WINDPOWER,1303,2010,0.558391747
Simplicity2,WINDPOWER,1304,2010,0.517842008
Simplicity2,WINDPOWER,1305,2010,0.498704564
Simplicity2,WINDPOWER,1306,2010,0.474173875
Simplicity2,WINDPOWER,1307,2010,0.563551743
Simplicity2,WINDPOWER,1308,2010,0.623987779
Simplicity2,WINDPOWER,1309,2010,0.560266299
Simplicity2,WINDPOWER,1310,2010,0.506132089
Simplicity2,WINDPOWER,1311,2010,0.528889751
Simplicity2,WINDPOWER,1312,2010,0.558599549
Simplicity2,WINDPOWER,1313,2010,0.617740387
Simplicity2,WINDPOWER,1314,2010,0.625592746
Simplicity2,WINDPOWER,1315,2010,0.567996604
Simplicity2,WINDPOWER,1316,2010,0.568683821
Simplicity2,WINDPOWER,1317,2010,0.5558793
Simplicity2,WINDPOWER,1318,2010,0.533344697
Simplicity2,WINDPOWER,1319,2010,0.535091571
Simplicity2,WINDPOWER,1320,2010,0.636306161
Simplicity2,WINDPOWER,1321,2010,0.594976853
Simplicity2,WINDPOWER,1322,2010,0.575974304
Simplicity2,WINDPOWER,1323,2010,0.599323508
Simplicity2,WINDPOWER,1324,2010,0.618414558
Simplicity2,WINDPOWER,1325,2010,0.631133412
Simplicity2,WINDPOWER,1326,2010,0.600693835
Simplicity2,WINDPOWER,1327,2010,0.545465122
Simplicity2,WINDPOWER,1328,2010,0.584372395
Simplicity2,WINDPOWER,1329,2010,0.616694877
Simplicity2,WINDPOWER,1330,2010,0.533350625
Simplicity2,WINDPOWER,1331,2010,0.563288144
Simplicity2,WINDPOWER,1332,2010,0.556326198
Simplicity2,WINDPOWER,1333,2010,0.569019845
Simplicity2,WINDPOWER,1334,2010,0.511663024
Simplicity2,WINDPOWER,1335,2010,0.537190099
Simplicity2,WINDPOWER,1336,2010,0.549568054
Simplicity2,WINDPOWER,1337,2010,0.591530545
Simplicity2,WINDPOWER,1338,2010,0.596601528
Simplicity2,WINDPOWER,1339,2010,0.608049828
Simplicity2,WINDPOWER,1340,2010,0.631929051
Simplicity2,WINDPOWER,1341,2010,0.626414135
Simplicity2,WINDPOWER,1342,2010,0.545149688
Simplicity2,WINDPOWER,1343,2010,0.5768224
Simplicity2,WINDPOWER,1344,2010,0.593926026
Simplicity2,WINDPOWER,1345,2010,0.615755952
Simplicity2,WINDPOWER,1346,2010,0.649998091
Simplicity2,WINDPOWER,1347,2010,0.619086124
Simplicity2,WINDPOWER,1348,2010,0.578209885
Simplicity2,WINDPOWER,1349,2010,0.556864862
Simplicity2,WINDPOWER,1350,2010,0.619191649
Simplicity2,WINDPOWER,1351,2010,0.620428362
Simplicity2,WINDPOWER,1352,2010,0.524192595
Simplicity2,WINDPOWER,1353,2010,0.515245743
Simplicity2,WINDPOWER,1354,2010,0.536141382
Simplicity2,WINDPOWER,1355,2010,0.617949173
Simplicity2,WINDPOWER,1356,2010,0.642795835
Simplicity2,WINDPOWER,1357,2010,0.598830484
Simplicity2,WINDPOWER,1358,2010,0.592990107
Simplicity2,WINDPOWER,1359,2010,0.592312086
Simplicity2,WINDPOWER,1360,2010,0.450338926
Simplicity2,WINDPOWER,1361,2010,0.470920863
Simplicity2,WINDPOWER,1362,2010,0.459794201
Simplicity2,WINDPOWER,1363,2010,0.551688667
Simplicity2,WINDPOWER,1364,2010,0.556136497
Simplicity2,WINDPOWER,1365,2010,0.516808286
Simplicity2,WINDPOWER,1366,2010,0.510016664
Simplicity2,WINDPOWER,1367,2010,0.536419952
Simplicity2,WINDPOWER,1368,2010,0.599075228
Simplicity2,WINDPOWER,1369,2010,0.567909406
Simplicity2,WINDPOWER,1370,2010,0.540603683
Simplicity2,WINDPOWER,1371,2010,0.544561051
Simplicity2,WINDPOWER,1372,2010,0.569449474
Simplicity2,WINDPOWER,1373,2010,0.56682546
Simplicity2,WINDPOWER,1374,2010,0.545907924
Simplicity2,WINDPOWER,1375,2010,0.554719766
Simplicity2,WINDPOWER,1376,2010,0.469362194
Simplicity2,WINDPOWER,1377,2010,0.602499865
Simplicity2,WINDPOWER,1378,2010,0.560774997
Simplicity2,WINDPOWER,1379,2010,0.599252573
Simplicity2,WINDPOWER,1380,2010,0.544214421
Simplicity2,WINDPOWER,1381,2010,0.56889971
Simplicity2,WINDPOWER,1382,2010,0.603590027
Simplicity2,WINDPOWER,1383,2010,0.619593874
Simplicity2,WINDPOWER,1384,2010,0.661961698
Simplicity2,WINDPOWER,1385,2010,0.614468371
Simplicity2,WINDPOWER,1386,2010,0.588653334
Simplicity2,WINDPOWER,1387,2010,0.541767991
Simplicity2,WINDPOWER,1388,2010,0.520540685
Simplicity2,WINDPOWER,1389,2010,0.501566278
Simplicity2,WINDPOWER,1390,2010,0.474431425
Simplicity2,WINDPOWER,1391,2010,0.458083486
Simplicity2,WINDPOWER,1392,2010,0.456352907
Simplicity2,WINDPOWER,1393,2010,0.398878861
Simplicity2,WINDPOWER,1394,2010,0.376218906
Simplicity2,WINDPOWER,1395,2010,0.453753094
Simplicity2,WINDPOWER,1396,2010,0.580639386
Simplicity2,WINDPOWER,1397,2010,0.582265885
Simplicity2,WINDPOWER,1398,2010,0.577859195
Simplicity2,WINDPOWER,1399,2010,0.54714661
Simplicity2,WINDPOWER,1400,2010,0.390464088
Simplicity2,WINDPOWER,1401,2010,0.315624416
Simplicity2,WINDPOWER,1402,2010,0.248079138
Simplicity2,WINDPOWER,1403,2010,0.2348481
Simplicity2,WINDPOWER,1404,2010,0.150058227
Simplicity2,WINDPOWER,1405,2010,0.310318219
Simplicity2,WINDPOWER,1406,2010,0.392049442
Simplicity2,WINDPOWER,1407,2010,0.408354886
Simplicity2,WINDPOWER,1408,2010,0.461425353
Simplicity2,WINDPOWER,1409,2010,0.486462449
Simplicity2,WINDPOWER,1410,2010,0.523863486
Simplicity2,WINDPOWER,1411,2010,0.508500467
Simplicity2,WINDPOWER,1412,2010,0.437957546
Simplicity2,WINDPOWER,1413,2010,0.528010975
Simplicity2,WINDPOWER,1414,2010,0.429696238
Simplicity2,WINDPOWER,1415,2010,0.492399085
Simplicity2,WINDPOWER,1416,2010,0.535908736
Simplicity2,WINDPOWER,1417,2010,0.414787758
Simplicity2,WINDPOWER,1418,2010,0.3993942
Simplicity2,WINDPOWER,1419,2010,0.350693453
Simplicity2,WINDPOWER,1420,2010,0.463021119
Simplicity2,WINDPOWER,1421,2010,0.539438103
Simplicity2,WINDPOWER,1422,2010,0.510760049
Simplicity2,WINDPOWER,1423,2010,0.34147679
Simplicity2,WINDPOWER,1424,2010,0.404792626
Simplicity2,WINDPOWER,1425,2010,0.403261445
Simplicity2,WINDPOWER,1426,2010,0.400774678
Simplicity2,WINDPOWER,1427,2010,0.296771724
Simplicity2,WINDPOWER,1428,2010,0.325188686
Simplicity2,WINDPOWER,1429,2010,0.324933286
Simplicity2,WINDPOWER,1430,2010,0.301960671
Simplicity2,WINDPOWER,1431,2010,0.386512675
Simplicity2,WINDPOWER,1432,2010,0.367151963
Simplicity2,WINDPOWER,1433,2010,0.36922087
Simplicity2,WINDPOWER,1434,2010,0.409072084
Simplicity2,WINDPOWER,1435,2010,0.512368275
Simplicity2,WINDPOWER,1436,2010,0.497957376
Simplicity2,WINDPOWER,1437,2010,0.451023152
Simplicity2,WINDPOWER,1438,2010,0.359457928
Simplicity2,WINDPOWER,1439,2010,0.416518127
Simplicity2,WINDPOWER,1440,2010,0.433620734
Simplicity2,WINDPOWER,1441,2010,0.452893624
Simplicity2,WINDPOWER,1442,2010,0.455473362
Simplicity2,WINDPOWER,1443,2010,0.419084536
Simplicity2,WINDPOWER,1444,2010,0.448094224
Simplicity2,WINDPOWER,1445,2010,0.462479669
Simplicity2,WINDPOWER,1446,2010,0.420472274
Simplicity2,WINDPOWER,1447,2010,0.407563183
Simplicity2,WINDPOWER,1448,2010,0.34465823
Simplicity2,WINDPOWER,1449,2010,0.293101907
Simplicity2,WINDPOWER,1450,2010,0.234181651
Simplicity2,WINDPOWER,1451,2010,0.295606563
Simplicity2,WINDPOWER,1452,2010,0.303392085
Simplicity2,WINDPOWER,1453,2010,0.268799739
Simplicity2,WINDPOWER,1454,2010,0.338428052
Simplicity2,WINDPOWER,1455,2010,0.348477031
Simplicity2,WINDPOWER,1456,2010,0.335929397
Simplicity2,WINDPOWER,1457,2010,0.433133703
Simplicity2,WINDPOWER,1458,2010,0.488205488
Simplicity2,WINDPOWER,1459,2010,0.423210199
Simplicity2,WINDPOWER,1460,2010,0.395306514
Simplicity2,WINDPOWER,1461,2010,0.416478314
Simplicity2,WINDPOWER,1462,2010,0.379137014
Simplicity2,WINDPOWER,1463,2010,0.333532257
Simplicity2,WINDPOWER,1464,2010,0.359868759
Simplicity2,WINDPOWER,1465,2010,0.435406055
Simplicity2,WINDPOWER,1466,2010,0.329266429
Simplicity2,WINDPOWER,1467,2010,0.349835852
Simplicity2,WINDPOWER,1468,2010,0.370876673
Simplicity2,WINDPOWER,1469,2010,0.365401131
Simplicity2,WINDPOWER,1470,2010,0.315725942
Simplicity2,WINDPOWER,1471,2010,0.291858011
Simplicity2,WINDPOWER,1472,2010,0.291684602
Simplicity2,WINDPOWER,1473,2010,0.264305947
Simplicity2,WINDPOWER,1474,2010,0.397703583
Simplicity2,WINDPOWER,1475,2010,0.460678383
Simplicity2,WINDPOWER,1476,2010,0.422333737
Simplicity2,WINDPOWER,1477,2010,0.45840019
Simplicity2,WINDPOWER,1478,2010,0.477110114
Simplicity2,WINDPOWER,1479,2010,0.423894123
Simplicity2,WINDPOWER,1480,2010,0.365712347
Simplicity2,WINDPOWER,1481,2010,0.37569996
Simplicity2,WINDPOWER,1482,2010,0.380547454
Simplicity2,WINDPOWER,1483,2010,0.360998126
Simplicity2,WINDPOWER,1484,2010,0.33428089
Simplicity2,WINDPOWER,1485,2010,0.339002042
Simplicity2,WINDPOWER,1486,2010,0.366290407
Simplicity2,WINDPOWER,1487,2010,0.358520133
Simplicity2,WINDPOWER,1488,2010,0.357649961
Simplicity2,WINDPOWER,1489,2010,0.368454982
Simplicity2,WINDPOWER,1490,2010,0.40104271
Simplicity2,WINDPOWER,1491,2010,0.478494661
Simplicity2,WINDPOWER,1492,2010,0.476979247
Simplicity2,WINDPOWER,1493,2010,0.382049009
Simplicity2,WINDPOWER,1494,2010,0.426353118
Simplicity2,WINDPOWER,1495,2010,0.471206549
Simplicity2,WINDPOWER,1496,2010,0.376468258
Simplicity2,WINDPOWER,1497,2010,0.271173867
Simplicity2,WINDPOWER,1498,2010,0.282543834
Simplicity2,WINDPOWER,1499,2010,0.36180879
Simplicity2,WINDPOWER,1500,2010,0.341809453
Simplicity2,WINDPOWER,1501,2010,0.384480478
Simplicity2,WINDPOWER,1502,2010,0.44363997
Simplicity2,WINDPOWER,1503,2010,0.41280043
Simplicity2,WINDPOWER,1504,2010,0.429854509
Simplicity2,WINDPOWER,1505,2010,0.421390184
Simplicity2,WINDPOWER,1506,2010,0.34679347
Simplicity2,WINDPOWER,1507,2010,0.239003263
Simplicity2,WINDPOWER,1508,2010,0.180162455
Simplicity2,WINDPOWER,1509,2010,0.237398973
Simplicity2,WINDPOWER,1510,2010,0.262007313
Simplicity2,WINDPOWER,1511,2010,0.274864997
Simplicity2,WINDPOWER,1512,2010,0.39162766
Simplicity2,WINDPOWER,1513,2010,0.461385713
Simplicity2,WINDPOWER,1514,2010,0.354298634
Simplicity2,WINDPOWER,1515,2010,0.348122456
Simplicity2,WINDPOWER,1516,2010,0.357388443
Simplicity2,WINDPOWER,1517,2010,0.364326903
Simplicity2,WINDPOWER,1518,2010,0.475264772
Simplicity2,WINDPOWER,1519,2010,0.488067893
Simplicity2,WINDPOWER,1520,2010,0.513210771
Simplicity2,WINDPOWER,1521,2010,0.490176763
Simplicity2,WINDPOWER,1522,2010,0.447297828
Simplicity2,WINDPOWER,1523,2010,0.458319027
Simplicity2,WINDPOWER,1524,2010,0.419593967
Simplicity2,WINDPOWER,1525,2010,0.379377547
Simplicity2,WINDPOWER,1526,2010,0.404197155
Simplicity2,WINDPOWER,1527,2010,0.401301559
Simplicity2,WINDPOWER,1528,2010,0.380284651
Simplicity2,WINDPOWER,1529,2010,0.394266391
Simplicity2,WINDPOWER,1530,2010,0.404894722
Simplicity2,WINDPOWER,1531,2010,0.343329379
Simplicity2,WINDPOWER,1532,2010,0.376531569
Simplicity2,WINDPOWER,1533,2010,0.352069755
Simplicity2,WINDPOWER,1534,2010,0.320121471
Simplicity2,WINDPOWER,1535,2010,0.268858363
Simplicity2,WINDPOWER,1536,2010,0.285497095
Simplicity2,WINDPOWER,1537,2010,0.334789312
Simplicity2,WINDPOWER,1538,2010,0.30490654
Simplicity2,WINDPOWER,1539,2010,0.290675067
Simplicity2,WINDPOWER,1540,2010,0.333589217
Simplicity2,WINDPOWER,1541,2010,0.318044757
Simplicity2,WINDPOWER,1542,2010,0.383235243
Simplicity2,WINDPOWER,1543,2010,0.394662273
Simplicity2,WINDPOWER,1544,2010,0.349524397
Simplicity2,WINDPOWER,1545,2010,0.414801242
Simplicity2,WINDPOWER,1546,2010,0.314270136
Simplicity2,WINDPOWER,1547,2010,0.327657313
Simplicity2,WINDPOWER,1548,2010,0.369206009
Simplicity2,WINDPOWER,1549,2010,0.381445828
Simplicity2,WINDPOWER,1550,2010,0.375182365
Simplicity2,WINDPOWER,1551,2010,0.311729729
Simplicity2,WINDPOWER,1552,2010,0.238147678
Simplicity2,WINDPOWER,1553,2010,0.318556392
Simplicity2,WINDPOWER,1554,2010,0.409574596
Simplicity2,WINDPOWER,1555,2010,0.45227588
Simplicity2,WINDPOWER,1556,2010,0.439973023
Simplicity2,WINDPOWER,1557,2010,0.476991231
Simplicity2,WINDPOWER,1558,2010,0.444436425
Simplicity2,WINDPOWER,1559,2010,0.452023976
Simplicity2,WINDPOWER,1560,2010,0.367645948
Simplicity2,WINDPOWER,1561,2010,0.391110688
Simplicity2,WINDPOWER,1562,2010,0.361460682
Simplicity2,WINDPOWER,1563,2010,0.370511757
Simplicity2,WINDPOWER,1564,2010,0.266038423
Simplicity2,WINDPOWER,1565,2010,0.386093105
Simplicity2,WINDPOWER,1566,2010,0.228906029
Simplicity2,WINDPOWER,1567,2010,0.32993924
Simplicity2,WINDPOWER,1568,2010,0.251473588
Simplicity2,WINDPOWER,1569,2010,0.294811784
Simplicity2,WINDPOWER,1570,2010,0.218601182
Simplicity2,WINDPOWER,1571,2010,0.224355305
Simplicity2,WINDPOWER,1572,2010,0.375620064
Simplicity2,WINDPOWER,1573,2010,0.352582876
Simplicity2,WINDPOWER,1574,2010,0.388410944
Simplicity2,WINDPOWER,1575,2010,0.433908923
Simplicity2,WINDPOWER,1576,2010,0.48724078
Simplicity2,WINDPOWER,1577,2010,0.462243664
Simplicity2,WINDPOWER,1578,2010,0.334205601
Simplicity2,WINDPOWER,1579,2010,0.350837506
Simplicity2,WINDPOWER,1580,2010,0.430813583
Simplicity2,WINDPOWER,1581,2010,0.490919213
Simplicity2,WINDPOWER,1582,2010,0.365790652
Simplicity2,WINDPOWER,1583,2010,0.402523207
Simplicity2,WINDPOWER,1584,2010,0.409673716
Simplicity2,WINDPOWER,1585,2010,0.344471754
Simplicity2,WINDPOWER,1586,2010,0.484947048
Simplicity2,WINDPOWER,1587,2010,0.444867314
Simplicity2,WINDPOWER,1588,2010,0.464677579
Simplicity2,WINDPOWER,1589,2010,0.478026614
Simplicity2,WINDPOWER,1590,2010,0.46500636
Simplicity2,WINDPOWER,1591,2010,0.430756313
Simplicity2,WINDPOWER,1592,2010,0.321826202
Simplicity2,WINDPOWER,1593,2010,0.296134922
Simplicity2,WINDPOWER,1594,2010,0.403249747
Simplicity2,WINDPOWER,1595,2010,0.486732662
Simplicity2,WINDPOWER,1596,2010,0.453790377
Simplicity2,WINDPOWER,1597,2010,0.441879422
Simplicity2,WINDPOWER,1598,2010,0.370865586
Simplicity2,WINDPOWER,1599,2010,0.356064326
Simplicity2,WINDPOWER,1600,2010,0.310521733
Simplicity2,WINDPOWER,1601,2010,0.462320558
Simplicity2,WINDPOWER,1602,2010,0.49477656
Simplicity2,WINDPOWER,1603,2010,0.50398873
Simplicity2,WINDPOWER,1604,2010,0.475966217
Simplicity2,WINDPOWER,1605,2010,0.465865956
Simplicity2,WINDPOWER,1606,2010,0.584213739
Simplicity2,WINDPOWER,1607,2010,0.536010311
Simplicity2,WINDPOWER,1608,2010,0.467778416
Simplicity2,WINDPOWER,1609,2010,0.454574966
Simplicity2,WINDPOWER,1610,2010,0.474540439
Simplicity2,WINDPOWER,1611,2010,0.44082561
Simplicity2,WINDPOWER,1612,2010,0.430814143
Simplicity2,WINDPOWER,1613,2010,0.454660502
Simplicity2,WINDPOWER,1614,2010,0.489304953
Simplicity2,WINDPOWER,1615,2010,0.500911693
Simplicity2,WINDPOWER,1616,2010,0.511075523
Simplicity2,WINDPOWER,1617,2010,0.467279112
Simplicity2,WINDPOWER,1618,2010,0.446832318
Simplicity2,WINDPOWER,1619,2010,0.421681037
Simplicity2,WINDPOWER,1620,2010,0.454692362
Simplicity2,WINDPOWER,1621,2010,0.550913895
Simplicity2,WINDPOWER,1622,2010,0.444185864
Simplicity2,WINDPOWER,1623,2010,0.431889546
Simplicity2,WINDPOWER,1624,2010,0.454786342
Simplicity2,WINDPOWER,1625,2010,0.494329913
Simplicity2,WINDPOWER,1626,2010,0.458034449
Simplicity2,WINDPOWER,1627,2010,0.423464421
Simplicity2,WINDPOWER,1628,2010,0.440688617
Simplicity2,WINDPOWER,1629,2010,0.452139959
Simplicity2,WINDPOWER,1630,2010,0.509516533
Simplicity2,WINDPOWER,1631,2010,0.487345762
Simplicity2,WINDPOWER,1632,2010,0.50975963
Simplicity2,WINDPOWER,1633,2010,0.512850147
Simplicity2,WINDPOWER,1634,2010,0.51915042
Simplicity2,WINDPOWER,1635,2010,0.545906583
Simplicity2,WINDPOWER,1636,2010,0.540720642
Simplicity2,WINDPOWER,1637,2010,0.525263169
Simplicity2,WINDPOWER,1638,2010,0.503525774
Simplicity2,WINDPOWER,1639,2010,0.545670779
Simplicity2,WINDPOWER,1640,2010,0.508137425
Simplicity2,WINDPOWER,1641,2010,0.450636757
Simplicity2,WINDPOWER,1642,2010,0.503012658
Simplicity2,WINDPOWER,1643,2010,0.506982334
Simplicity2,WINDPOWER,1644,2010,0.500158383
Simplicity2,WINDPOWER,1645,2010,0.555165676
Simplicity2,WINDPOWER,1646,2010,0.578154314
Simplicity2,WINDPOWER,1647,2010,0.569215825
Simplicity2,WINDPOWER,1648,2010,0.540768446
Simplicity2,WINDPOWER,1649,2010,0.477389439
Simplicity2,WINDPOWER,1650,2010,0.523417279
Simplicity2,WINDPOWER,1651,2010,0.566862137
Simplicity2,WINDPOWER,1652,2010,0.56769045
Simplicity2,WINDPOWER,1653,2010,0.592521541
Simplicity2,WINDPOWER,1654,2010,0.533987246
Simplicity2,WINDPOWER,1655,2010,0.546531235
Simplicity2,WINDPOWER,1656,2010,0.567462231
Simplicity2,WINDPOWER,1657,2010,0.524135815
Simplicity2,WINDPOWER,1658,2010,0.538863723
Simplicity2,WINDPOWER,1659,2010,0.561599961
Simplicity2,WINDPOWER,1660,2010,0.529600664
Simplicity2,WINDPOWER,1661,2010,0.610766465
Simplicity2,WINDPOWER,1662,2010,0.608282841
Simplicity2,WINDPOWER,1663,2010,0.559236345
Simplicity2,WINDPOWER,1664,2010,0.613443261
Simplicity2,WINDPOWER,1665,2010,0.586762628
Simplicity2,WINDPOWER,1666,2010,0.608288934
Simplicity2,WINDPOWER,1667,2010,0.607988938
Simplicity2,WINDPOWER,1668,2010,0.5542333
Simplicity2,WINDPOWER,1669,2010,0.50143193
Simplicity2,WINDPOWER,1670,2010,0.484599117
Simplicity2,WINDPOWER,1671,2010,0.477166982
Simplicity2,WINDPOWER,1672,2010,0.558435823
Simplicity2,WINDPOWER,1673,2010,0.620431045
Simplicity2,WINDPOWER,1674,2010,0.533826275
Simplicity2,WINDPOWER,1675,2010,0.493203437
Simplicity2,WINDPOWER,1676,2010,0.532495616
Simplicity2,WINDPOWER,1677,2010,0.543629616
Simplicity2,WINDPOWER,1678,2010,0.613486324
Simplicity2,WINDPOWER,1679,2010,0.619705351
Simplicity2,WINDPOWER,1680,2010,0.563205888
Simplicity2,WINDPOWER,1681,2010,0.56543482
Simplicity2,WINDPOWER,1682,2010,0.550925698
Simplicity2,WINDPOWER,1683,2010,0.517075541
Simplicity2,WINDPOWER,1684,2010,0.52552936
Simplicity2,WINDPOWER,1685,2010,0.620057102
Simplicity2,WINDPOWER,1686,2010,0.580784345
Simplicity2,WINDPOWER,1687,2010,0.573537261
Simplicity2,WINDPOWER,1688,2010,0.603222817
Simplicity2,WINDPOWER,1689,2010,0.622022036
Simplicity2,WINDPOWER,1690,2010,0.631592538
Simplicity2,WINDPOWER,1691,2010,0.58264509
Simplicity2,WINDPOWER,1692,2010,0.527821031
Simplicity2,WINDPOWER,1693,2010,0.571633027
Simplicity2,WINDPOWER,1694,2010,0.592732251
Simplicity2,WINDPOWER,1695,2010,0.520348134
Simplicity2,WINDPOWER,1696,2010,0.554395121
Simplicity2,WINDPOWER,1697,2010,0.57974779
Simplicity2,WINDPOWER,1698,2010,0.557953204
Simplicity2,WINDPOWER,1699,2010,0.504335117
Simplicity2,WINDPOWER,1700,2010,0.524681776
Simplicity2,WINDPOWER,1701,2010,0.54813289
Simplicity2,WINDPOWER,1702,2010,0.568039557
Simplicity2,WINDPOWER,1703,2010,0.580049339
Simplicity2,WINDPOWER,1704,2010,0.589644514
Simplicity2,WINDPOWER,1705,2010,0.61057362
Simplicity2,WINDPOWER,1706,2010,0.617439683
Simplicity2,WINDPOWER,1707,2010,0.546619215
Simplicity2,WINDPOWER,1708,2010,0.568040304
Simplicity2,WINDPOWER,1709,2010,0.585459105
Simplicity2,WINDPOWER,1710,2010,0.598184029
Simplicity2,WINDPOWER,1711,2010,0.64769525
Simplicity2,WINDPOWER,1712,2010,0.608173786
Simplicity2,WINDPOWER,1713,2010,0.571074317
Simplicity2,WINDPOWER,1714,2010,0.553572195
Simplicity2,WINDPOWER,1715,2010,0.608537106
Simplicity2,WINDPOWER,1716,2010,0.605975923
Simplicity2,WINDPOWER,1717,2010,0.516097973
Simplicity2,WINDPOWER,1718,2010,0.510916318
Simplicity2,WINDPOWER,1719,2010,0.533376602
Simplicity2,WINDPOWER,1720,2010,0.607275598
Simplicity2,WINDPOWER,1721,2010,0.629277534
Simplicity2,WINDPOWER,1722,2010,0.584485093
Simplicity2,WINDPOWER,1723,2010,0.585338072
Simplicity2,WINDPOWER,1724,2010,0.578419937
Simplicity2,WINDPOWER,1725,2010,0.442805599
Simplicity2,WINDPOWER,1726,2010,0.464710188
Simplicity2,WINDPOWER,1727,2010,0.453774996
Simplicity2,WINDPOWER,1728,2010,0.539882103
Simplicity2,WINDPOWER,1729,2010,0.550773147
Simplicity2,WINDPOWER,1730,2010,0.511260329
Simplicity2,WINDPOWER,1731,2010,0.506017918
Simplicity2,WINDPOWER,1732,2010,0.532466445
Simplicity2,WINDPOWER,1733,2010,0.595151473
Simplicity2,WINDPOWER,1734,2010,0.559182788
Simplicity2,WINDPOWER,1735,2010,0.528267614
Simplicity2,WINDPOWER,1736,2010,0.532937546
Simplicity2,WINDPOWER,1737,2010,0.557664173
Simplicity2,WINDPOWER,1738,2010,0.570546337
Simplicity2,WINDPOWER,1739,2010,0.538243321
Simplicity2,WINDPOWER,1740,2010,0.53786446
Simplicity2,WINDPOWER,1741,2010,0.465140773
Simplicity2,WINDPOWER,1742,2010,0.588929174
Simplicity2,WINDPOWER,1743,2010,0.533583555
Simplicity2,WINDPOWER,1744,2010,0.582943247
Simplicity2,WINDPOWER,1745,2010,0.537874088
Simplicity2,WINDPOWER,1746,2010,0.554434388
Simplicity2,WINDPOWER,1747,2010,0.605190593
Simplicity2,WINDPOWER,1748,2010,0.614191192
Simplicity2,WINDPOWER,1749,2010,0.639365406
Simplicity2,WINDPOWER,1750,2010,0.605323715
Simplicity2,WINDPOWER,1751,2010,0.581266957
Simplicity2,WINDPOWER,1752,2010,0.512781385
Simplicity2,WINDPOWER,1753,2010,0.517942716
Simplicity2,WINDPOWER,1754,2010,0.492089332
Simplicity2,WINDPOWER,1755,2010,0.462739096
Simplicity2,WINDPOWER,1756,2010,0.432690737
Simplicity2,WINDPOWER,1757,2010,0.463671288
Simplicity2,WINDPOWER,1758,2010,0.378684681
Simplicity2,WINDPOWER,1759,2010,0.36715174
Simplicity2,WINDPOWER,1760,2010,0.4541383
Simplicity2,WINDPOWER,1761,2010,0.565017068
Simplicity2,WINDPOWER,1762,2010,0.572812948
Simplicity2,WINDPOWER,1763,2010,0.567008131
Simplicity2,WINDPOWER,1764,2010,0.544946641
Simplicity2,WINDPOWER,1765,2010,0.381097563
Simplicity2,WINDPOWER,1766,2010,0.29309627
Simplicity2,WINDPOWER,1767,2010,0.24636172
Simplicity2,WINDPOWER,1768,2010,0.229041688
Simplicity2,WINDPOWER,1769,2010,0.140512442
Simplicity2,WINDPOWER,1770,2010,0.315347669
Simplicity2,WINDPOWER,1771,2010,0.390717467
Simplicity2,WINDPOWER,1772,2010,0.398988118
Simplicity2,WINDPOWER,1773,2010,0.470390932
Simplicity2,WINDPOWER,1774,2010,0.485068165
Simplicity2,WINDPOWER,1775,2010,0.519419178
Simplicity2,WINDPOWER,1776,2010,0.483447175
Simplicity2,WINDPOWER,1777,2010,0.4285886
Simplicity2,WINDPOWER,1778,2010,0.532131936
Simplicity2,WINDPOWER,1779,2010,0.42376362
Simplicity2,WINDPOWER,1780,2010,0.479340369
Simplicity2,WINDPOWER,1781,2010,0.521360564
Simplicity2,WINDPOWER,1782,2010,0.401935088
Simplicity2,WINDPOWER,1783,2010,0.406030069
Simplicity2,WINDPOWER,1784,2010,0.356660459
Simplicity2,WINDPOWER,1785,2010,0.474613041
Simplicity2,WINDPOWER,1786,2010,0.540281311
Simplicity2,WINDPOWER,1787,2010,0.495303727
Simplicity2,WINDPOWER,1788,2010,0.338469418
Simplicity2,WINDPOWER,1789,2010,0.401792627
Simplicity2,WINDPOWER,1790,2010,0.404645986
Simplicity2,WINDPOWER,1791,2010,0.387145708
Simplicity2,WINDPOWER,1792,2010,0.292868847
Simplicity2,WINDPOWER,1793,2010,0.320155047
Simplicity2,WINDPOWER,1794,2010,0.32400079
Simplicity2,WINDPOWER,1795,2010,0.304449557
Simplicity2,WINDPOWER,1796,2010,0.369424947
Simplicity2,WINDPOWER,1797,2010,0.349743833
Simplicity2,WINDPOWER,1798,2010,0.355758325
Simplicity2,WINDPOWER,1799,2010,0.393052519
Simplicity2,WINDPOWER,1800,2010,0.501766294
Simplicity2,WINDPOWER,1801,2010,0.496117225
Simplicity2,WINDPOWER,1802,2010,0.45232562
Simplicity2,WINDPOWER,1803,2010,0.33940544
Simplicity2,WINDPOWER,1804,2010,0.393953354
Simplicity2,WINDPOWER,1805,2010,0.430714828
Simplicity2,WINDPOWER,1806,2010,0.446387158
Simplicity2,WINDPOWER,1807,2010,0.435910316
Simplicity2,WINDPOWER,1808,2010,0.411256595
Simplicity2,WINDPOWER,1809,2010,0.42965774
Simplicity2,WINDPOWER,1810,2010,0.453709827
Simplicity2,WINDPOWER,1811,2010,0.416604522
Simplicity2,WINDPOWER,1812,2010,0.401957863
Simplicity2,WINDPOWER,1813,2010,0.336730146
Simplicity2,WINDPOWER,1814,2010,0.295881231
Simplicity2,WINDPOWER,1815,2010,0.240904899
Simplicity2,WINDPOWER,1816,2010,0.288927881
Simplicity2,WINDPOWER,1817,2010,0.299653661
Simplicity2,WINDPOWER,1818,2010,0.263884013
Simplicity2,WINDPOWER,1819,2010,0.33775341
Simplicity2,WINDPOWER,1820,2010,0.330338908
Simplicity2,WINDPOWER,1821,2010,0.342849198
Simplicity2,WINDPOWER,1822,2010,0.423155184
Simplicity2,WINDPOWER,1823,2010,0.476778029
Simplicity2,WINDPOWER,1824,2010,0.424480598
Simplicity2,WINDPOWER,1825,2010,0.387580716
Simplicity2,WINDPOWER,1826,2010,0.405539889
Simplicity2,WINDPOWER,1827,2010,0.373671332
Simplicity2,WINDPOWER,1828,2010,0.328274601
Simplicity2,WINDPOWER,1829,2010,0.354425968
Simplicity2,WINDPOWER,1830,2010,0.418505618
Simplicity2,WINDPOWER,1831,2010,0.323815946
Simplicity2,WINDPOWER,1832,2010,0.353984312
Simplicity2,WINDPOWER,1833,2010,0.363675543
Simplicity2,WINDPOWER,1834,2010,0.346397196
Simplicity2,WINDPOWER,1835,2010,0.319769707
Simplicity2,WINDPOWER,1836,2010,0.27995946
Simplicity2,WINDPOWER,1837,2010,0.302129407
Simplicity2,WINDPOWER,1838,2010,0.251109707
Simplicity2,WINDPOWER,1839,2010,0.395854824
Simplicity2,WINDPOWER,1840,2010,0.448808101
Simplicity2,WINDPOWER,1841,2010,0.413136106
Simplicity2,WINDPOWER,1842,2010,0.45816952
Simplicity2,WINDPOWER,1843,2010,0.474590819
Simplicity2,WINDPOWER,1844,2010,0.418880241
Simplicity2,WINDPOWER,1845,2010,0.356710907
Simplicity2,WINDPOWER,1846,2010,0.349269468
Simplicity2,WINDPOWER,1847,2010,0.365962425
Simplicity2,WINDPOWER,1848,2010,0.351028521
Simplicity2,WINDPOWER,1849,2010,0.315138869
Simplicity2,WINDPOWER,1850,2010,0.327300006
Simplicity2,WINDPOWER,1851,2010,0.352923513
Simplicity2,WINDPOWER,1852,2010,0.355441098
Simplicity2,WINDPOWER,1853,2010,0.356205168
Simplicity2,WINDPOWER,1854,2010,0.363002602
Simplicity2,WINDPOWER,1855,2010,0.398112441
Simplicity2,WINDPOWER,1856,2010,0.47351568
Simplicity2,WINDPOWER,1857,2010,0.463938714
Simplicity2,WINDPOWER,1858,2010,0.365453848
Simplicity2,WINDPOWER,1859,2010,0.413391013
Simplicity2,WINDPOWER,1860,2010,0.470785522
Simplicity2,WINDPOWER,1861,2010,0.362240295
Simplicity2,WINDPOWER,1862,2010,0.268086037
Simplicity2,WINDPOWER,1863,2010,0.281507324
Simplicity2,WINDPOWER,1864,2010,0.355574612
Simplicity2,WINDPOWER,1865,2010,0.327876063
Simplicity2,WINDPOWER,1866,2010,0.369978511
Simplicity2,WINDPOWER,1867,2010,0.424433753
Simplicity2,WINDPOWER,1868,2010,0.390982447
Simplicity2,WINDPOWER,1869,2010,0.419295186
Simplicity2,WINDPOWER,1870,2010,0.401132614
Simplicity2,WINDPOWER,1871,2010,0.330902386
Simplicity2,WINDPOWER,1872,2010,0.21045409
Simplicity2,WINDPOWER,1873,2010,0.17197019
Simplicity2,WINDPOWER,1874,2010,0.234602604
Simplicity2,WINDPOWER,1875,2010,0.249987161
Simplicity2,WINDPOWER,1876,2010,0.256092957
Simplicity2,WINDPOWER,1877,2010,0.398300332
Simplicity2,WINDPOWER,1878,2010,0.440234554
Simplicity2,WINDPOWER,1879,2010,0.345815075
Simplicity2,WINDPOWER,1880,2010,0.343020485
Simplicity2,WINDPOWER,1881,2010,0.342992259
Simplicity2,WINDPOWER,1882,2010,0.363813071
Simplicity2,WINDPOWER,1883,2010,0.452513304
Simplicity2,WINDPOWER,1884,2010,0.481448464
Simplicity2,WINDPOWER,1885,2010,0.502839955
Simplicity2,WINDPOWER,1886,2010,0.469175014
Simplicity2,WINDPOWER,1887,2010,0.439859304
Simplicity2,WINDPOWER,1888,2010,0.443203915
Simplicity2,WINDPOWER,1889,2010,0.434509839
Simplicity2,WINDPOWER,1890,2010,0.360431214
Simplicity2,WINDPOWER,1891,2010,0.386159748
Simplicity2,WINDPOWER,1892,2010,0.400172812
Simplicity2,WINDPOWER,1893,2010,0.375164811
Simplicity2,WINDPOWER,1894,2010,0.391427605
Simplicity2,WINDPOWER,1895,2010,0.386902633
Simplicity2,WINDPOWER,1896,2010,0.331834492
Simplicity2,WINDPOWER,1897,2010,0.366241056
Simplicity2,WINDPOWER,1898,2010,0.329771621
Simplicity2,WINDPOWER,1899,2010,0.301894768
Simplicity2,WINDPOWER,1900,2010,0.263919409
Simplicity2,WINDPOWER,1901,2010,0.277357292
Simplicity2,WINDPOWER,1902,2010,0.306707174
Simplicity2,WINDPOWER,1903,2010,0.302855423
Simplicity2,WINDPOWER,1904,2010,0.281095604
Simplicity2,WINDPOWER,1905,2010,0.336829199
Simplicity2,WINDPOWER,1906,2010,0.309967289
Simplicity2,WINDPOWER,1907,2010,0.375958405
Simplicity2,WINDPOWER,1908,2010,0.392753723
Simplicity2,WINDPOWER,1909,2010,0.36826946
Simplicity2,WINDPOWER,1910,2010,0.425419737
Simplicity2,WINDPOWER,1911,2010,0.315799396
Simplicity2,WINDPOWER,1912,2010,0.329552919
Simplicity2,WINDPOWER,1913,2010,0.361149017
Simplicity2,WINDPOWER,1914,2010,0.370433548
Simplicity2,WINDPOWER,1915,2010,0.362647078
Simplicity2,WINDPOWER,1916,2010,0.309570418
Simplicity2,WINDPOWER,1917,2010,0.23178228
Simplicity2,WINDPOWER,1918,2010,0.311943464
Simplicity2,WINDPOWER,1919,2010,0.39822512
Simplicity2,WINDPOWER,1920,2010,0.437737846
Simplicity2,WINDPOWER,1921,2010,0.429372602
Simplicity2,WINDPOWER,1922,2010,0.470980624
Simplicity2,WINDPOWER,1923,2010,0.443241767
Simplicity2,WINDPOWER,1924,2010,0.445569606
Simplicity2,WINDPOWER,1925,2010,0.371934845
Simplicity2,WINDPOWER,1926,2010,0.387024859
Simplicity2,WINDPOWER,1927,2010,0.359273176
Simplicity2,WINDPOWER,1928,2010,0.364911307
Simplicity2,WINDPOWER,1929,2010,0.258690493
Simplicity2,WINDPOWER,1930,2010,0.387096161
Simplicity2,WINDPOWER,1931,2010,0.231903507
Simplicity2,WINDPOWER,1932,2010,0.315642089
Simplicity2,WINDPOWER,1933,2010,0.245259373
Simplicity2,WINDPOWER,1934,2010,0.29038235
Simplicity2,WINDPOWER,1935,2010,0.22383293
Simplicity2,WINDPOWER,1936,2010,0.229441712
Simplicity2,WINDPOWER,1937,2010,0.370321898
Simplicity2,WINDPOWER,1938,2010,0.357500289
Simplicity2,WINDPOWER,1939,2010,0.39307179
Simplicity2,WINDPOWER,1940,2010,0.436474046
Simplicity2,WINDPOWER,1941,2010,0.488346343
Simplicity2,WINDPOWER,1942,2010,0.445608442
Simplicity2,WINDPOWER,1943,2010,0.335489338
Simplicity2,WINDPOWER,1944,2010,0.356009081
Simplicity2,WINDPOWER,1945,2010,0.426037746
Simplicity2,WINDPOWER,1946,2010,0.481798378
Simplicity2,WINDPOWER,1947,2010,0.361311132
Simplicity2,WINDPOWER,1948,2010,0.397400276
Simplicity2,WINDPOWER,1949,2010,0.406866725
Simplicity2,WINDPOWER,1950,2010,0.344846843
Simplicity2,WINDPOWER,1951,2010,0.48182277
Simplicity2,WINDPOWER,1952,2010,0.429232557
Simplicity2,WINDPOWER,1953,2010,0.458406692
Simplicity2,WINDPOWER,1954,2010,0.458057243
Simplicity2,WINDPOWER,1955,2010,0.452687522
Simplicity2,WINDPOWER,1956,2010,0.436626487
Simplicity2,WINDPOWER,1957,2010,0.327983497
Simplicity2,WINDPOWER,1958,2010,0.295999076
Simplicity2,WINDPOWER,1959,2010,0.412485744
Simplicity2,WINDPOWER,1960,2010,0.478830943
Simplicity2,WINDPOWER,1961,2010,0.451895031
Simplicity2,WINDPOWER,1962,2010,0.428305933
Simplicity2,WINDPOWER,1963,2010,0.365616531
Simplicity2,WINDPOWER,1964,2010,0.35137661
Simplicity2,WINDPOWER,1965,2010,0.311707878
Simplicity2,WINDPOWER,1966,2010,0.461193879
Simplicity2,WINDPOWER,1967,2010,0.502949339
Simplicity2,WINDPOWER,1968,2010,0.502235384
Simplicity2,WINDPOWER,1969,2010,0.478220368
Simplicity2,WINDPOWER,1970,2010,0.467214952
Simplicity2,WINDPOWER,1971,2010,0.582017924
Simplicity2,WINDPOWER,1972,2010,0.546819675
Simplicity2,WINDPOWER,1973,2010,0.459452144
Simplicity2,WINDPOWER,1974,2010,0.454582749
Simplicity2,WINDPOWER,1975,2010,0.472126438
Simplicity2,WINDPOWER,1976,2010,0.440004542
Simplicity2,WINDPOWER,1977,2010,0.42808896
Simplicity2,WINDPOWER,1978,2010,0.453986827
Simplicity2,WINDPOWER,1979,2010,0.472659214
Simplicity2,WINDPOWER,1980,2010,0.501037596
Simplicity2,WINDPOWER,1981,2010,0.509881455
Simplicity2,WINDPOWER,1982,2010,0.467204331
Simplicity2,WINDPOWER,1983,2010,0.45034128
Simplicity2,WINDPOWER,1984,2010,0.405108239
Simplicity2,WINDPOWER,1985,2010,0.456173687
Simplicity2,WINDPOWER,1986,2010,0.542370478
Simplicity2,WINDPOWER,1987,2010,0.432717011
Simplicity2,WINDPOWER,1988,2010,0.427715611
Simplicity2,WINDPOWER,1989,2010,0.446474727
Simplicity2,WINDPOWER,1990,2010,0.489748307
Simplicity2,WINDPOWER,1991,2010,0.451728054
Simplicity2,WINDPOWER,1992,2010,0.423351581
Simplicity2,WINDPOWER,1993,2010,0.434530783
Simplicity2,WINDPOWER,1994,2010,0.441278652
Simplicity2,WINDPOWER,1995,2010,0.498166195
Simplicity2,WINDPOWER,1996,2010,0.484063526
Simplicity2,WINDPOWER,1997,2010,0.492327614
Simplicity2,WINDPOWER,1998,2010,0.505282526
Simplicity2,WINDPOWER,1999,2010,0.535411646
Simplicity2,WINDPOWER,2000,2010,0.547383249
Simplicity2,WINDPOWER,2001,2010,0.524613461
Simplicity2,WINDPOWER,2002,2010,0.531858884
Simplicity2,WINDPOWER,2003,2010,0.506300926
Simplicity2,WINDPOWER,2004,2010,0.532501033
Simplicity2,WINDPOWER,2005,2010,0.50133303
Simplicity2,WINDPOWER,2006,2010,0.444160484
Simplicity2,WINDPOWER,2007,2010,0.49942741
Simplicity2,WINDPOWER,2008,2010,0.496243158
Simplicity2,WINDPOWER,2009,2010,0.502058782
Simplicity2,WINDPOWER,2010,2010,0.551436135
Simplicity2,WINDPOWER,2011,2010,0.57868295
Simplicity2,WINDPOWER,2012,2010,0.556172242
Simplicity2,WINDPOWER,2013,2010,0.526062699
Simplicity2,WINDPOWER,2014,2010,0.48617065
Simplicity2,WINDPOWER,2015,2010,0.511092939
Simplicity2,WINDPOWER,2016,2010,0.565117962
Simplicity2,WINDPOWER,2017,2010,0.573928278
Simplicity2,WINDPOWER,2018,2010,0.597286022
Simplicity2,WINDPOWER,2019,2010,0.518767487
Simplicity2,WINDPOWER,2020,2010,0.532885499
Simplicity2,WINDPOWER,2021,2010,0.562597359
Simplicity2,WINDPOWER,2022,2010,0.502102471
Simplicity2,WINDPOWER,2023,2010,0.524077108
Simplicity2,WINDPOWER,2024,2010,0.570879331
Simplicity2,WINDPOWER,2025,2010,0.522526307
Simplicity2,WINDPOWER,2026,2010,0.607791833
Simplicity2,WINDPOWER,2027,2010,0.590999655
Simplicity2,WINDPOWER,2028,2010,0.544555555
Simplicity2,WINDPOWER,2029,2010,0.597087204
Simplicity2,WINDPOWER,2030,2010,0.588398082
Simplicity2,WINDPOWER,2031,2010,0.603528279
Simplicity2,WINDPOWER,2032,2010,0.60404807
Simplicity2,WINDPOWER,2033,2010,0.565694063
Simplicity2,WINDPOWER,2034,2010,0.498825322
Simplicity2,WINDPOWER,2035,2010,0.467270513
Simplicity2,WINDPOWER,2036,2010,0.468804533
Simplicity2,WINDPOWER,2037,2010,0.560241097
Simplicity2,WINDPOWER,2038,2010,0.607910574
Simplicity2,WINDPOWER,2039,2010,0.5186216
Simplicity2,WINDPOWER,2040,2010,0.490079739
Simplicity2,WINDPOWER,2041,2010,0.531259966
Simplicity2,WINDPOWER,2042,2010,0.532450301
Simplicity2,WINDPOWER,2043,2010,0.604130218
Simplicity2,WINDPOWER,2044,2010,0.611910501
Simplicity2,WINDPOWER,2045,2010,0.556398004
Simplicity2,WINDPOWER,2046,2010,0.566244267
Simplicity2,WINDPOWER,2047,2010,0.551348829
Simplicity2,WINDPOWER,2048,2010,0.502095912
Simplicity2,WINDPOWER,2049,2010,0.517853553
Simplicity2,WINDPOWER,2050,2010,0.609359063
Simplicity2,WINDPOWER,2051,2010,0.583534929
Simplicity2,WINDPOWER,2052,2010,0.572817718
Simplicity2,WINDPOWER,2053,2010,0.583019299
Simplicity2,WINDPOWER,2054,2010,0.613116667
Simplicity2,WINDPOWER,2055,2010,0.623033268
Simplicity2,WINDPOWER,2056,2010,0.568681922
Simplicity2,WINDPOWER,2057,2010,0.521798983
Simplicity2,WINDPOWER,2058,2010,0.559232775
Simplicity2,WINDPOWER,2059,2010,0.575720268
Simplicity2,WINDPOWER,2060,2010,0.508012343
Simplicity2,WINDPOWER,2061,2010,0.558585446
Simplicity2,WINDPOWER,2062,2010,0.566660359
Simplicity2,WINDPOWER,2063,2010,0.539126761
Simplicity2,WINDPOWER,2064,2010,0.498369911
Simplicity2,WINDPOWER,2065,2010,0.518702543
Simplicity2,WINDPOWER,2066,2010,0.539649962
Simplicity2,WINDPOWER,2067,2010,0.546965614
Simplicity2,WINDPOWER,2068,2010,0.570840225
Simplicity2,WINDPOWER,2069,2010,0.575826512
Simplicity2,WINDPOWER,2070,2010,0.596389702
Simplicity2,WINDPOWER,2071,2010,0.607661176
Simplicity2,WINDPOWER,2072,2010,0.545854427
Simplicity2,WINDPOWER,2073,2010,0.573820672
Simplicity2,WINDPOWER,2074,2010,0.579957413
Simplicity2,WINDPOWER,2075,2010,0.58849111
Simplicity2,WINDPOWER,2076,2010,0.629242439
Simplicity2,WINDPOWER,2077,2010,0.591212047
Simplicity2,WINDPOWER,2078,2010,0.565047579
Simplicity2,WINDPOWER,2079,2010,0.557106459
Simplicity2,WINDPOWER,2080,2010,0.597003275
Simplicity2,WINDPOWER,2081,2010,0.602298101
Simplicity2,WINDPOWER,2082,2010,0.496483569
Simplicity2,WINDPOWER,2083,2010,0.503931431
Simplicity2,WINDPOWER,2084,2010,0.525033013
Simplicity2,WINDPOWER,2085,2010,0.601372619
Simplicity2,WINDPOWER,2086,2010,0.621509525
Simplicity2,WINDPOWER,2087,2010,0.557967032
Simplicity2,WINDPOWER,2088,2010,0.566819568
Simplicity2,WINDPOWER,2089,2010,0.554550782
Simplicity2,WINDPOWER,2090,2010,0.429297604
Simplicity2,WINDPOWER,2091,2010,0.444883785
Simplicity2,WINDPOWER,2092,2010,0.436924805
Simplicity2,WINDPOWER,2093,2010,0.519238125
Simplicity2,WINDPOWER,2094,2010,0.548549333
Simplicity2,WINDPOWER,2095,2010,0.498805461
Simplicity2,WINDPOWER,2096,2010,0.500451981
Simplicity2,WINDPOWER,2097,2010,0.513304694
Simplicity2,WINDPOWER,2098,2010,0.584606666
Simplicity2,WINDPOWER,2099,2010,0.553035709
Simplicity2,WINDPOWER,2100,2010,0.51589795
Simplicity2,WINDPOWER,2101,2010,0.506999822
Simplicity2,WINDPOWER,2102,2010,0.549691055
Simplicity2,WINDPOWER,2103,2010,0.567528955
Simplicity2,WINDPOWER,2104,2010,0.524142352
Simplicity2,WINDPOWER,2105,2010,0.518403625
Simplicity2,WINDPOWER,2106,2010,0.446917546
Simplicity2,WINDPOWER,2107,2010,0.583555569
Simplicity2,WINDPOWER,2108,2010,0.51676296
Simplicity2,WINDPOWER,2109,2010,0.567785756
Simplicity2,WINDPOWER,2110,2010,0.530126262
Simplicity2,WINDPOWER,2111,2010,0.534302101
Simplicity2,WINDPOWER,2112,2010,0.593841318
Simplicity2,WINDPOWER,2113,2010,0.606660609
Simplicity2,WINDPOWER,2114,2010,0.615697678
Simplicity2,WINDPOWER,2115,2010,0.599397602
Simplicity2,WINDPOWER,2116,2010,0.564965499
Simplicity2,WINDPOWER,2117,2010,0.492333345
Simplicity2,WINDPOWER,2118,2010,0.495073342
Simplicity2,WINDPOWER,2119,2010,0.481108123
Simplicity2,WINDPOWER,2120,2010,0.448863613
Simplicity2,WINDPOWER,2121,2010,0.403691762
Simplicity2,WINDPOWER,2122,2010,0.458102715
Simplicity2,WINDPOWER,2123,2010,0.351335174
Simplicity2,WINDPOWER,2124,2010,0.350809555
Simplicity2,WINDPOWER,2125,2010,0.45153026
Simplicity2,WINDPOWER,2126,2010,0.544777761
Simplicity2,WINDPOWER,2127,2010,0.558140203
Simplicity2,WINDPOWER,2128,2010,0.558435433
Simplicity2,WINDPOWER,2129,2010,0.513835362
Simplicity2,WINDPOWER,2130,2010,0.369067753
Simplicity2,WINDPOWER,2131,2010,0.272093529
Simplicity2,WINDPOWER,2132,2010,0.243633965
Simplicity2,WINDPOWER,2133,2010,0.217680244
Simplicity2,WINDPOWER,2134,2010,0.136163592
Simplicity2,WINDPOWER,2135,2010,0.31549484
Simplicity2,WINDPOWER,2136,2010,0.385373104
Simplicity2,WINDPOWER,2137,2010,0.393398737
Simplicity2,WINDPOWER,2138,2010,0.462002217
Simplicity2,WINDPOWER,2139,2010,0.475924413
Simplicity2,WINDPOWER,2140,2010,0.497770677
Simplicity2,WINDPOWER,2141,2010,0.456412592
Simplicity2,WINDPOWER,2142,2010,0.412765239
Simplicity2,WINDPOWER,2143,2010,0.521846094
Simplicity2,WINDPOWER,2144,2010,0.418681942
Simplicity2,WINDPOWER,2145,2010,0.466340121
Simplicity2,WINDPOWER,2146,2010,0.487257787
Simplicity2,WINDPOWER,2147,2010,0.372335397
Simplicity2,WINDPOWER,2148,2010,0.40044117
Simplicity2,WINDPOWER,2149,2010,0.364142132
Simplicity2,WINDPOWER,2150,2010,0.471154553
Simplicity2,WINDPOWER,2151,2010,0.530321591
Simplicity2,WINDPOWER,2152,2010,0.478812687
Simplicity2,WINDPOWER,2153,2010,0.33107741
Simplicity2,WINDPOWER,2154,2010,0.392611986
Simplicity2,WINDPOWER,2155,2010,0.413599553
Simplicity2,WINDPOWER,2156,2010,0.363644187
Simplicity2,WINDPOWER,2157,2010,0.296571713
Simplicity2,WINDPOWER,2158,2010,0.303738025
Simplicity2,WINDPOWER,2159,2010,0.302430873
Simplicity2,WINDPOWER,2160,2010,0.299397843
Simplicity2,WINDPOWER,2161,2010,0.347334945
Simplicity2,WINDPOWER,2162,2010,0.342952219
Simplicity2,WINDPOWER,2163,2010,0.335627409
Simplicity2,WINDPOWER,2164,2010,0.38815962
Simplicity2,WINDPOWER,2165,2010,0.484331955
Simplicity2,WINDPOWER,2166,2010,0.493543907
Simplicity2,WINDPOWER,2167,2010,0.446145944
Simplicity2,WINDPOWER,2168,2010,0.333139177
Simplicity2,WINDPOWER,2169,2010,0.375569946
Simplicity2,WINDPOWER,2170,2010,0.42562893
Simplicity2,WINDPOWER,2171,2010,0.429851346
Simplicity2,WINDPOWER,2172,2010,0.418341209
Simplicity2,WINDPOWER,2173,2010,0.403656163
Simplicity2,WINDPOWER,2174,2010,0.419758882
Simplicity2,WINDPOWER,2175,2010,0.447192521
Simplicity2,WINDPOWER,2176,2010,0.410511129
Simplicity2,WINDPOWER,2177,2010,0.383674081
Simplicity2,WINDPOWER,2178,2010,0.318089614
Simplicity2,WINDPOWER,2179,2010,0.301409344
Simplicity2,WINDPOWER,2180,2010,0.249040554
Simplicity2,WINDPOWER,2181,2010,0.272210139
Simplicity2,WINDPOWER,2182,2010,0.28243966
Simplicity2,WINDPOWER,2183,2010,0.247435823
Simplicity2,WINDPOWER,2184,2010,0.328839592
Simplicity2,WINDPOWER,2185,2010,0.319785108
Simplicity2,WINDPOWER,2186,2010,0.34670369
Simplicity2,WINDPOWER,2187,2010,0.408331869
Simplicity2,WINDPOWER,2188,2010,0.470811244
Simplicity2,WINDPOWER,2189,2010,0.422315915
Simplicity2,WINDPOWER,2190,2010,0.355371112
Simplicity2,WINDPOWER,2191,2010,0.375283342
Simplicity2,WINDPOWER,2192,2010,0.344345201
Simplicity2,WINDPOWER,2193,2010,0.321976865
Simplicity2,WINDPOWER,2194,2010,0.327121644
Simplicity2,WINDPOWER,2195,2010,0.403897743
Simplicity2,WINDPOWER,2196,2010,0.290933231
Simplicity2,WINDPOWER,2197,2010,0.327188778
Simplicity2,WINDPOWER,2198,2010,0.335686815
Simplicity2,WINDPOWER,2199,2010,0.299824413
Simplicity2,WINDPOWER,2200,2010,0.306995329
Simplicity2,WINDPOWER,2201,2010,0.250460319
Simplicity2,WINDPOWER,2202,2010,0.286582999
Simplicity2,WINDPOWER,2203,2010,0.233230424
Simplicity2,WINDPOWER,2204,2010,0.377576486
Simplicity2,WINDPOWER,2205,2010,0.416453514
Simplicity2,WINDPOWER,2206,2010,0.386977397
Simplicity2,WINDPOWER,2207,2010,0.431474174
Simplicity2,WINDPOWER,2208,2010,0.449489795
Simplicity2,WINDPOWER,2209,2010,0.393861249
Simplicity2,WINDPOWER,2210,2010,0.324575478
Simplicity2,WINDPOWER,2211,2010,0.320737233
Simplicity2,WINDPOWER,2212,2010,0.337254423
Simplicity2,WINDPOWER,2213,2010,0.328390216
Simplicity2,WINDPOWER,2214,2010,0.304956366
Simplicity2,WINDPOWER,2215,2010,0.310258199
Simplicity2,WINDPOWER,2216,2010,0.331997147
Simplicity2,WINDPOWER,2217,2010,0.36235566
Simplicity2,WINDPOWER,2218,2010,0.322833843
Simplicity2,WINDPOWER,2219,2010,0.351379512
Simplicity2,WINDPOWER,2220,2010,0.388224654
Simplicity2,WINDPOWER,2221,2010,0.449876876
Simplicity2,WINDPOWER,2222,2010,0.437836826
Simplicity2,WINDPOWER,2223,2010,0.339829766
Simplicity2,WINDPOWER,2224,2010,0.390316114
Simplicity2,WINDPOWER,2225,2010,0.419312343
Simplicity2,WINDPOWER,2226,2010,0.333216016
Simplicity2,WINDPOWER,2227,2010,0.246865559
Simplicity2,WINDPOWER,2228,2010,0.268344908
Simplicity2,WINDPOWER,2229,2010,0.339832491
Simplicity2,WINDPOWER,2230,2010,0.300675866
Simplicity2,WINDPOWER,2231,2010,0.35292882
Simplicity2,WINDPOWER,2232,2010,0.407106016
Simplicity2,WINDPOWER,2233,2010,0.359378199
Simplicity2,WINDPOWER,2234,2010,0.400096793
Simplicity2,WINDPOWER,2235,2010,0.373358099
Simplicity2,WINDPOWER,2236,2010,0.307582077
Simplicity2,WINDPOWER,2237,2010,0.18458449
Simplicity2,WINDPOWER,2238,2010,0.161419506
Simplicity2,WINDPOWER,2239,2010,0.227240346
Simplicity2,WINDPOWER,2240,2010,0.231990895
Simplicity2,WINDPOWER,2241,2010,0.248589933
Simplicity2,WINDPOWER,2242,2010,0.392703039
Simplicity2,WINDPOWER,2243,2010,0.419396883
Simplicity2,WINDPOWER,2244,2010,0.318764304
Simplicity2,WINDPOWER,2245,2010,0.317215839
Simplicity2,WINDPOWER,2246,2010,0.331472043
Simplicity2,WINDPOWER,2247,2010,0.345335023
Simplicity2,WINDPOWER,2248,2010,0.420840988
Simplicity2,WINDPOWER,2249,2010,0.460427132
Simplicity2,WINDPOWER,2250,2010,0.470598911
Simplicity2,WINDPOWER,2251,2010,0.433128446
Simplicity2,WINDPOWER,2252,2010,0.414042451
Simplicity2,WINDPOWER,2253,2010,0.410691571
Simplicity2,WINDPOWER,2254,2010,0.389858669
Simplicity2,WINDPOWER,2255,2010,0.33390234
Simplicity2,WINDPOWER,2256,2010,0.351771652
Simplicity2,WINDPOWER,2257,2010,0.379105892
Simplicity2,WINDPOWER,2258,2010,0.365715922
Simplicity2,WINDPOWER,2259,2010,0.373450829
Simplicity2,WINDPOWER,2260,2010,0.362153722
Simplicity2,WINDPOWER,2261,2010,0.310975018
Simplicity2,WINDPOWER,2262,2010,0.341869291
Simplicity2,WINDPOWER,2263,2010,0.292450457
Simplicity2,WINDPOWER,2264,2010,0.280351186
Simplicity2,WINDPOWER,2265,2010,0.243023456
Simplicity2,WINDPOWER,2266,2010,0.265785852
Simplicity2,WINDPOWER,2267,2010,0.29155658
Simplicity2,WINDPOWER,2268,2010,0.287483221
Simplicity2,WINDPOWER,2269,2010,0.269592596
Simplicity2,WINDPOWER,2270,2010,0.333066587
Simplicity2,WINDPOWER,2271,2010,0.303916773
Simplicity2,WINDPOWER,2272,2010,0.366910166
Simplicity2,WINDPOWER,2273,2010,0.376882229
Simplicity2,WINDPOWER,2274,2010,0.363449178
Simplicity2,WINDPOWER,2275,2010,0.397884552
Simplicity2,WINDPOWER,2276,2010,0.296745966
Simplicity2,WINDPOWER,2277,2010,0.330694441
Simplicity2,WINDPOWER,2278,2010,0.344243848
Simplicity2,WINDPOWER,2279,2010,0.351722738
Simplicity2,WINDPOWER,2280,2010,0.345644107
Simplicity2,WINDPOWER,2281,2010,0.283190761
Simplicity2,WINDPOWER,2282,2010,0.218646898
Simplicity2,WINDPOWER,2283,2010,0.293250827
Simplicity2,WINDPOWER,2284,2010,0.359774432
Simplicity2,WINDPOWER,2285,2010,0.399873421
Simplicity2,WINDPOWER,2286,2010,0.41841013
Simplicity2,WINDPOWER,2287,2010,0.456980903
Simplicity2,WINDPOWER,2288,2010,0.421871894
Simplicity2,WINDPOWER,2289,2010,0.417568791
Simplicity2,WINDPOWER,2290,2010,0.345764385
Simplicity2,WINDPOWER,2291,2010,0.364257066
Simplicity2,WINDPOWER,2292,2010,0.341955401
Simplicity2,WINDPOWER,2293,2010,0.333252892
Simplicity2,WINDPOWER,2294,2010,0.243617754
Simplicity2,WINDPOWER,2295,2010,0.36898591
Simplicity2,WINDPOWER,2296,2010,0.221630023
Simplicity2,WINDPOWER,2297,2010,0.294732016
Simplicity2,WINDPOWER,2298,2010,0.244190894
Simplicity2,WINDPOWER,2299,2010,0.271483477
Simplicity2,WINDPOWER,2300,2010,0.221729854
Simplicity2,WINDPOWER,2301,2010,0.22723342
Simplicity2,WINDPOWER,2302,2010,0.353287771
Simplicity2,WINDPOWER,2303,2010,0.343939391
Simplicity2,WINDPOWER,2304,2010,0.380603581
Simplicity2,WINDPOWER,2305,2010,0.41628597
Simplicity2,WINDPOWER,2306,2010,0.467352175
Simplicity2,WINDPOWER,2307,2010,0.414698369
Simplicity2,WINDPOWER,2308,2010,0.317790192
Simplicity2,WINDPOWER,2309,2010,0.35059676
Simplicity2,WINDPOWER,2310,2010,0.411115464
Simplicity2,WINDPOWER,2311,2010,0.427082999
Simplicity2,WINDPOWER,2312,2010,0.347782243
Simplicity2,WINDPOWER,2313,2010,0.372644386
Simplicity2,WINDPOWER,2314,2010,0.371466111
Simplicity2,WINDPOWER,2315,2010,0.352479778
Simplicity2,WINDPOWER,2316,2010,0.451869462
Simplicity2,WINDPOWER,2317,2010,0.406419785
Simplicity2,WINDPOWER,2318,2010,0.426781452
Simplicity2,WINDPOWER,2319,2010,0.424710196
Simplicity2,WINDPOWER,2320,2010,0.421616654
Simplicity2,WINDPOWER,2321,2010,0.418885255
Simplicity2,WINDPOWER,2322,2010,0.294378768
Simplicity2,WINDPOWER,2323,2010,0.290847721
Simplicity2,WINDPOWER,2324,2010,0.415486645
Simplicity2,WINDPOWER,2325,2010,0.453135225
Simplicity2,WINDPOWER,2326,2010,0.438648391
Simplicity2,WINDPOWER,2327,2010,0.403275321
Simplicity2,WINDPOWER,2328,2010,0.337477216
Simplicity2,WINDPOWER,2329,2010,0.330430953
Simplicity2,WINDPOWER,2330,2010,0.301618351
Simplicity2,WINDPOWER,2331,2010,0.423324547
Simplicity2,WINDPOWER,2332,2010,0.487138639
Simplicity2,WINDPOWER,2333,2010,0.49027152
Simplicity2,WINDPOWER,2334,2010,0.460734541
Simplicity2,WINDPOWER,2335,2010,0.451882352
Simplicity2,WINDPOWER,2336,2010,0.570688069
Simplicity2,WINDPOWER,2337,2010,0.532944269
Simplicity2,WINDPOWER,2338,2010,0.459501302
Simplicity2,WINDPOWER,2339,2010,0.448538964
Simplicity2,WINDPOWER,2340,2010,0.447681156
Simplicity2,WINDPOWER,2341,2010,0.424528231
Simplicity2,WINDPOWER,2342,2010,0.416243401
Simplicity2,WINDPOWER,2343,2010,0.42737326
Simplicity2,WINDPOWER,2344,2010,0.461995056
Simplicity2,WINDPOWER,2345,2010,0.480495892
Simplicity2,WINDPOWER,2346,2010,0.495968216
Simplicity2,WINDPOWER,2347,2010,0.447959389
Simplicity2,WINDPOWER,2348,2010,0.441526034
Simplicity2,WINDPOWER,2349,2010,0.388099567
Simplicity2,WINDPOWER,2350,2010,0.447278643
Simplicity2,WINDPOWER,2351,2010,0.533335714
Simplicity2,WINDPOWER,2352,2010,0.407264433
Simplicity2,WINDPOWER,2353,2010,0.40852218
Simplicity2,WINDPOWER,2354,2010,0.426063664
Simplicity2,WINDPOWER,2355,2010,0.461155929
Simplicity2,WINDPOWER,2356,2010,0.425603018
Simplicity2,WINDPOWER,2357,2010,0.406338819
Simplicity2,WINDPOWER,2358,2010,0.431326591
Simplicity2,WINDPOWER,2359,2010,0.426816337
Simplicity2,WINDPOWER,2360,2010,0.481260116
Simplicity2,WINDPOWER,2361,2010,0.470102642
Simplicity2,WINDPOWER,2362,2010,0.472635462
Simplicity2,WINDPOWER,2363,2010,0.495660795
Simplicity2,WINDPOWER,2364,2010,0.544598793
Simplicity2,WINDPOWER,2365,2010,0.532862781
Simplicity2,WINDPOWER,2366,2010,0.514037435
Simplicity2,WINDPOWER,2367,2010,0.518934029
Simplicity2,WINDPOWER,2368,2010,0.494600012
Simplicity2,WINDPOWER,2369,2010,0.517378987
Simplicity2,WINDPOWER,2370,2010,0.484716272
Simplicity2,WINDPOWER,2371,2010,0.425106543
Simplicity2,WINDPOWER,2372,2010,0.486926508
Simplicity2,WINDPOWER,2373,2010,0.484701388
Simplicity2,WINDPOWER,2374,2010,0.485334023
Simplicity2,WINDPOWER,2375,2010,0.539088048
Simplicity2,WINDPOWER,2376,2010,0.566107667
Simplicity2,WINDPOWER,2377,2010,0.541212175
Simplicity2,WINDPOWER,2378,2010,0.514923812
Simplicity2,WINDPOWER,2379,2010,0.488691628
Simplicity2,WINDPOWER,2380,2010,0.490945991
Simplicity2,WINDPOWER,2381,2010,0.565246437
Simplicity2,WINDPOWER,2382,2010,0.543696711
Simplicity2,WINDPOWER,2383,2010,0.579765387
Simplicity2,WINDPOWER,2384,2010,0.49782017
Simplicity2,WINDPOWER,2385,2010,0.515225834
Simplicity2,WINDPOWER,2386,2010,0.539643436
Simplicity2,WINDPOWER,2387,2010,0.48263468
Simplicity2,WINDPOWER,2388,2010,0.510336943
Simplicity2,WINDPOWER,2389,2010,0.568150757
Simplicity2,WINDPOWER,2390,2010,0.512165642
Simplicity2,WINDPOWER,2391,2010,0.587632082
Simplicity2,WINDPOWER,2392,2010,0.569036164
Simplicity2,WINDPOWER,2393,2010,0.538739682
Simplicity2,WINDPOWER,2394,2010,0.575629334
Simplicity2,WINDPOWER,2395,2010,0.585842097
Simplicity2,WINDPOWER,2396,2010,0.578628426
Simplicity2,WINDPOWER,2397,2010,0.583168433
Simplicity2,WINDPOWER,2398,2010,0.558565692
Simplicity2,WINDPOWER,2399,2010,0.496443245
Simplicity2,WINDPOWER,2400,2010,0.429254748
Simplicity2,WINDPOWER,2401,2010,0.465527408
Simplicity2,WINDPOWER,2402,2010,0.553535992
Simplicity2,WINDPOWER,2403,2010,0.58731389
Simplicity2,WINDPOWER,2404,2010,0.503951399
Simplicity2,WINDPOWER,2405,2010,0.492557633
Simplicity2,WINDPOWER,2406,2010,0.51042117
Simplicity2,WINDPOWER,2407,2010,0.526186471
Simplicity2,WINDPOWER,2408,2010,0.59051392
Simplicity2,WINDPOWER,2409,2010,0.587709559
Simplicity2,WINDPOWER,2410,2010,0.531104034
Simplicity2,WINDPOWER,2411,2010,0.537912355
Simplicity2,WINDPOWER,2412,2010,0.537607594
Simplicity2,WINDPOWER,2413,2010,0.483677049
Simplicity2,WINDPOWER,2414,2010,0.504832944
Simplicity2,WINDPOWER,2415,2010,0.602464696
Simplicity2,WINDPOWER,2416,2010,0.582492873
Simplicity2,WINDPOWER,2417,2010,0.577761629
Simplicity2,WINDPOWER,2418,2010,0.550548957
Simplicity2,WINDPOWER,2419,2010,0.586141083
Simplicity2,WINDPOWER,2420,2010,0.60943426
Simplicity2,WINDPOWER,2421,2010,0.555584825
Simplicity2,WINDPOWER,2422,2010,0.513101882
Simplicity2,WINDPOWER,2423,2010,0.527095959
Simplicity2,WINDPOWER,2424,2010,0.542005845
Simplicity2,WINDPOWER,2425,2010,0.49655532
Simplicity2,WINDPOWER,2426,2010,0.559830028
Simplicity2,WINDPOWER,2427,2010,0.550070621
Simplicity2,WINDPOWER,2428,2010,0.520418746
Simplicity2,WINDPOWER,2429,2010,0.473283138
Simplicity2,WINDPOWER,2430,2010,0.505675542
Simplicity2,WINDPOWER,2431,2010,0.513540944
Simplicity2,WINDPOWER,2432,2010,0.520810444
Simplicity2,WINDPOWER,2433,2010,0.546249676
Simplicity2,WINDPOWER,2434,2010,0.559817424
Simplicity2,WINDPOWER,2435,2010,0.562450633
Simplicity2,WINDPOWER,2436,2010,0.595165529
Simplicity2,WINDPOWER,2437,2010,0.529269499
Simplicity2,WINDPOWER,2438,2010,0.567637491
Simplicity2,WINDPOWER,2439,2010,0.548380318
Simplicity2,WINDPOWER,2440,2010,0.55464091
Simplicity2,WINDPOWER,2441,2010,0.59792904
Simplicity2,WINDPOWER,2442,2010,0.5583146
Simplicity2,WINDPOWER,2443,2010,0.523189364
Simplicity2,WINDPOWER,2444,2010,0.539769292
Simplicity2,WINDPOWER,2445,2010,0.563505308
Simplicity2,WINDPOWER,2446,2010,0.577199879
Simplicity2,WINDPOWER,2447,2010,0.460386047
Simplicity2,WINDPOWER,2448,2010,0.474457739
Simplicity2,WINDPOWER,2449,2010,0.500341862
Simplicity2,WINDPOWER,2450,2010,0.579811461
Simplicity2,WINDPOWER,2451,2010,0.606246928
Simplicity2,WINDPOWER,2452,2010,0.528313547
Simplicity2,WINDPOWER,2453,2010,0.530632007
Simplicity2,WINDPOWER,2454,2010,0.506052319
Simplicity2,WINDPOWER,2455,2010,0.389640653
Simplicity2,WINDPOWER,2456,2010,0.421561469
Simplicity2,WINDPOWER,2457,2010,0.412678082
Simplicity2,WINDPOWER,2458,2010,0.48616281
Simplicity2,WINDPOWER,2459,2010,0.523952856
Simplicity2,WINDPOWER,2460,2010,0.463827444
Simplicity2,WINDPOWER,2461,2010,0.48431076
Simplicity2,WINDPOWER,2462,2010,0.486590565
Simplicity2,WINDPOWER,2463,2010,0.545106796
Simplicity2,WINDPOWER,2464,2010,0.522995341
Simplicity2,WINDPOWER,2465,2010,0.480746
Simplicity2,WINDPOWER,2466,2010,0.480143952
Simplicity2,WINDPOWER,2467,2010,0.51815974
Simplicity2,WINDPOWER,2468,2010,0.54535286
Simplicity2,WINDPOWER,2469,2010,0.511371847
Simplicity2,WINDPOWER,2470,2010,0.498840943
Simplicity2,WINDPOWER,2471,2010,0.423143475
Simplicity2,WINDPOWER,2472,2010,0.581213734
Simplicity2,WINDPOWER,2473,2010,0.492877139
Simplicity2,WINDPOWER,2474,2010,0.535523676
Simplicity2,WINDPOWER,2475,2010,0.516048553
Simplicity2,WINDPOWER,2476,2010,0.502476551
Simplicity2,WINDPOWER,2477,2010,0.565061236
Simplicity2,WINDPOWER,2478,2010,0.577008627
Simplicity2,WINDPOWER,2479,2010,0.602554651
Simplicity2,WINDPOWER,2480,2010,0.569782845
Simplicity2,WINDPOWER,2481,2010,0.548962095
Simplicity2,WINDPOWER,2482,2010,0.463743109
Simplicity2,WINDPOWER,2483,2010,0.491926738
Simplicity2,WINDPOWER,2484,2010,0.470035065
Simplicity2,WINDPOWER,2485,2010,0.419557683
Simplicity2,WINDPOWER,2486,2010,0.383320858
Simplicity2,WINDPOWER,2487,2010,0.464600794
Simplicity2,WINDPOWER,2488,2010,0.338563006
Simplicity2,WINDPOWER,2489,2010,0.33597207
Simplicity2,WINDPOWER,2490,2010,0.433698075
Simplicity2,WINDPOWER,2491,2010,0.525876255
Simplicity2,WINDPOWER,2492,2010,0.534395794
Simplicity2,WINDPOWER,2493,2010,0.556624433
Simplicity2,WINDPOWER,2494,2010,0.472340832
Simplicity2,WINDPOWER,2495,2010,0.356682785
Simplicity2,WINDPOWER,2496,2010,0.252681093
Simplicity2,WINDPOWER,2497,2010,0.237182101
Simplicity2,WINDPOWER,2498,2010,0.212795037
Simplicity2,WINDPOWER,2499,2010,0.127048077
Simplicity2,WINDPOWER,2500,2010,0.305127514
Simplicity2,WINDPOWER,2501,2010,0.371547076
Simplicity2,WINDPOWER,2502,2010,0.374600885
Simplicity2,WINDPOWER,2503,2010,0.436454675
Simplicity2,WINDPOWER,2504,2010,0.452208204
Simplicity2,WINDPOWER,2505,2010,0.460393292
Simplicity2,WINDPOWER,2506,2010,0.408887446
Simplicity2,WINDPOWER,2507,2010,0.381389424
Simplicity2,WINDPOWER,2508,2010,0.479670733
Simplicity2,WINDPOWER,2509,2010,0.405463251
Simplicity2,WINDPOWER,2510,2010,0.44664321
Simplicity2,WINDPOWER,2511,2010,0.460359346
Simplicity2,WINDPOWER,2512,2010,0.346816084
Simplicity2,WINDPOWER,2513,2010,0.395120081
Simplicity2,WINDPOWER,2514,2010,0.369463702
Simplicity2,WINDPOWER,2515,2010,0.45352411
Simplicity2,WINDPOWER,2516,2010,0.491670873
Simplicity2,WINDPOWER,2517,2010,0.449860443
Simplicity2,WINDPOWER,2518,2010,0.297606855
Simplicity2,WINDPOWER,2519,2010,0.370119484
Simplicity2,WINDPOWER,2520,2010,0.385942755
Simplicity2,WINDPOWER,2521,2010,0.350547544
Simplicity2,WINDPOWER,2522,2010,0.296763242
Simplicity2,WINDPOWER,2523,2010,0.277511943
Simplicity2,WINDPOWER,2524,2010,0.271181874
Simplicity2,WINDPOWER,2525,2010,0.282505793
Simplicity2,WINDPOWER,2526,2010,0.321317353
Simplicity2,WINDPOWER,2527,2010,0.327724302
Simplicity2,WINDPOWER,2528,2010,0.320690541
Simplicity2,WINDPOWER,2529,2010,0.372592899
Simplicity2,WINDPOWER,2530,2010,0.463979593
Simplicity2,WINDPOWER,2531,2010,0.467173203
Simplicity2,WINDPOWER,2532,2010,0.411677008
Simplicity2,WINDPOWER,2533,2010,0.309528161
Simplicity2,WINDPOWER,2534,2010,0.349093778
Simplicity2,WINDPOWER,2535,2010,0.400835625
Simplicity2,WINDPOWER,2536,2010,0.397151017
Simplicity2,WINDPOWER,2537,2010,0.392943032
Simplicity2,WINDPOWER,2538,2010,0.389513264
Simplicity2,WINDPOWER,2539,2010,0.400953019
Simplicity2,WINDPOWER,2540,2010,0.416973271
Simplicity2,WINDPOWER,2541,2010,0.381195553
Simplicity2,WINDPOWER,2542,2010,0.354378254
Simplicity2,WINDPOWER,2543,2010,0.294848075
Simplicity2,WINDPOWER,2544,2010,0.278330824
Simplicity2,WINDPOWER,2545,2010,0.234335545
Simplicity2,WINDPOWER,2546,2010,0.259763429
Simplicity2,WINDPOWER,2547,2010,0.258638981
Simplicity2,WINDPOWER,2548,2010,0.227792571
Simplicity2,WINDPOWER,2549,2010,0.292432242
Simplicity2,WINDPOWER,2550,2010,0.287327163
Simplicity2,WINDPOWER,2551,2010,0.315396546
Simplicity2,WINDPOWER,2552,2010,0.38797357
Simplicity2,WINDPOWER,2553,2010,0.449047941
Simplicity2,WINDPOWER,2554,2010,0.385203828
Simplicity2,WINDPOWER,2555,2010,0.323335879
Simplicity2,WINDPOWER,2556,2010,0.395338035
Simplicity2,WINDPOWER,2557,2010,0.347976497
Simplicity2,WINDPOWER,2558,2010,0.343682825
Simplicity2,WINDPOWER,2559,2010,0.34822596
Simplicity2,WINDPOWER,2560,2010,0.423119045
Simplicity2,WINDPOWER,2561,2010,0.29989901
Simplicity2,WINDPOWER,2562,2010,0.33778551
Simplicity2,WINDPOWER,2563,2010,0.34055105
Simplicity2,WINDPOWER,2564,2010,0.312336517
Simplicity2,WINDPOWER,2565,2010,0.310893704
Simplicity2,WINDPOWER,2566,2010,0.249159114
Simplicity2,WINDPOWER,2567,2010,0.273524682
Simplicity2,WINDPOWER,2568,2010,0.219487039
Simplicity2,WINDPOWER,2569,2010,0.393576812
Simplicity2,WINDPOWER,2570,2010,0.419345167
Simplicity2,WINDPOWER,2571,2010,0.396940053
Simplicity2,WINDPOWER,2572,2010,0.462669655
Simplicity2,WINDPOWER,2573,2010,0.448836826
Simplicity2,WINDPOWER,2574,2010,0.402652932
Simplicity2,WINDPOWER,2575,2010,0.318908302
Simplicity2,WINDPOWER,2576,2010,0.325546124
Simplicity2,WINDPOWER,2577,2010,0.332479183
Simplicity2,WINDPOWER,2578,2010,0.334527172
Simplicity2,WINDPOWER,2579,2010,0.307708575
Simplicity2,WINDPOWER,2580,2010,0.302572723
Simplicity2,WINDPOWER,2581,2010,0.342410666
Simplicity2,WINDPOWER,2582,2010,0.374870888
Simplicity2,WINDPOWER,2583,2010,0.323578414
Simplicity2,WINDPOWER,2584,2010,0.340582158
Simplicity2,WINDPOWER,2585,2010,0.408401187
Simplicity2,WINDPOWER,2586,2010,0.453074331
Simplicity2,WINDPOWER,2587,2010,0.447430008
Simplicity2,WINDPOWER,2588,2010,0.338730459
Simplicity2,WINDPOWER,2589,2010,0.397698443
Simplicity2,WINDPOWER,2590,2010,0.403334149
Simplicity2,WINDPOWER,2591,2010,0.324164472
Simplicity2,WINDPOWER,2592,2010,0.221891535
Simplicity2,WINDPOWER,2593,2010,0.250966295
Simplicity2,WINDPOWER,2594,2010,0.320034554
Simplicity2,WINDPOWER,2595,2010,0.280043354
Simplicity2,WINDPOWER,2596,2010,0.357005842
Simplicity2,WINDPOWER,2597,2010,0.436832583
Simplicity2,WINDPOWER,2598,2010,0.356471924
Simplicity2,WINDPOWER,2599,2010,0.421223548
Simplicity2,WINDPOWER,2600,2010,0.371727069
Simplicity2,WINDPOWER,2601,2010,0.301657264
Simplicity2,WINDPOWER,2602,2010,0.178850958
Simplicity2,WINDPOWER,2603,2010,0.147447368
Simplicity2,WINDPOWER,2604,2010,0.220211064
Simplicity2,WINDPOWER,2605,2010,0.229009927
Simplicity2,WINDPOWER,2606,2010,0.253506308
Simplicity2,WINDPOWER,2607,2010,0.404680624
Simplicity2,WINDPOWER,2608,2010,0.419279634
Simplicity2,WINDPOWER,2609,2010,0.297634484
Simplicity2,WINDPOWER,2610,2010,0.300686627
Simplicity2,WINDPOWER,2611,2010,0.335325676
Simplicity2,WINDPOWER,2612,2010,0.34859207
Simplicity2,WINDPOWER,2613,2010,0.419438312
Simplicity2,WINDPOWER,2614,2010,0.462006447
Simplicity2,WINDPOWER,2615,2010,0.477410797
Simplicity2,WINDPOWER,2616,2010,0.426439082
Simplicity2,WINDPOWER,2617,2010,0.397606053
Simplicity2,WINDPOWER,2618,2010,0.41415935
Simplicity2,WINDPOWER,2619,2010,0.378459476
Simplicity2,WINDPOWER,2620,2010,0.320515281
Simplicity2,WINDPOWER,2621,2010,0.33367098
Simplicity2,WINDPOWER,2622,2010,0.356595918
Simplicity2,WINDPOWER,2623,2010,0.358450948
Simplicity2,WINDPOWER,2624,2010,0.375007055
Simplicity2,WINDPOWER,2625,2010,0.367974788
Simplicity2,WINDPOWER,2626,2010,0.297743905
Simplicity2,WINDPOWER,2627,2010,0.33653998
Simplicity2,WINDPOWER,2628,2010,0.269707622
Simplicity2,WINDPOWER,2629,2010,0.268061405
Simplicity2,WINDPOWER,2630,2010,0.229358789
Simplicity2,WINDPOWER,2631,2010,0.251067499
Simplicity2,WINDPOWER,2632,2010,0.276689866
Simplicity2,WINDPOWER,2633,2010,0.282730157
Simplicity2,WINDPOWER,2634,2010,0.27233722
Simplicity2,WINDPOWER,2635,2010,0.323342061
Simplicity2,WINDPOWER,2636,2010,0.295425897
Simplicity2,WINDPOWER,2637,2010,0.368125299
Simplicity2,WINDPOWER,2638,2010,0.359832727
Simplicity2,WINDPOWER,2639,2010,0.342038112
Simplicity2,WINDPOWER,2640,2010,0.37065434
Simplicity2,WINDPOWER,2641,2010,0.26998866
Simplicity2,WINDPOWER,2642,2010,0.313542442
Simplicity2,WINDPOWER,2643,2010,0.32566263
Simplicity2,WINDPOWER,2644,2010,0.336935635
Simplicity2,WINDPOWER,2645,2010,0.316218676
Simplicity2,WINDPOWER,2646,2010,0.25645169
Simplicity2,WINDPOWER,2647,2010,0.203146703
Simplicity2,WINDPOWER,2648,2010,0.277283996
Simplicity2,WINDPOWER,2649,2010,0.350336421
Simplicity2,WINDPOWER,2650,2010,0.370168841
Simplicity2,WINDPOWER,2651,2010,0.415518166
Simplicity2,WINDPOWER,2652,2010,0.437534417
Simplicity2,WINDPOWER,2653,2010,0.408498114
Simplicity2,WINDPOWER,2654,2010,0.410112334
Simplicity2,WINDPOWER,2655,2010,0.327216478
Simplicity2,WINDPOWER,2656,2010,0.3370946
Simplicity2,WINDPOWER,2657,2010,0.312528461
Simplicity2,WINDPOWER,2658,2010,0.291399811
Simplicity2,WINDPOWER,2659,2010,0.215772314
Simplicity2,WINDPOWER,2660,2010,0.360300378
Simplicity2,WINDPOWER,2661,2010,0.203152786
Simplicity2,WINDPOWER,2662,2010,0.2606647
Simplicity2,WINDPOWER,2663,2010,0.215468941
Simplicity2,WINDPOWER,2664,2010,0.240688768
Simplicity2,WINDPOWER,2665,2010,0.20139224
Simplicity2,WINDPOWER,2666,2010,0.210694638
Simplicity2,WINDPOWER,2667,2010,0.328812607
Simplicity2,WINDPOWER,2668,2010,0.314374057
Simplicity2,WINDPOWER,2669,2010,0.359481694
Simplicity2,WINDPOWER,2670,2010,0.401240824
Simplicity2,WINDPOWER,2671,2010,0.457180242
Simplicity2,WINDPOWER,2672,2010,0.377047906
Simplicity2,WINDPOWER,2673,2010,0.29484917
Simplicity2,WINDPOWER,2674,2010,0.336307181
Simplicity2,WINDPOWER,2675,2010,0.401009243
Simplicity2,WINDPOWER,2676,2010,0.404411696
Simplicity2,WINDPOWER,2677,2010,0.322440486
Simplicity2,WINDPOWER,2678,2010,0.358555887
Simplicity2,WINDPOWER,2679,2010,0.340116798
Simplicity2,WINDPOWER,2680,2010,0.350463455
Simplicity2,WINDPOWER,2681,2010,0.435920301
Simplicity2,WINDPOWER,2682,2010,0.376742344
Simplicity2,WINDPOWER,2683,2010,0.408764071
Simplicity2,WINDPOWER,2684,2010,0.415692458
Simplicity2,WINDPOWER,2685,2010,0.413770972
Simplicity2,WINDPOWER,2686,2010,0.384725453
Simplicity2,WINDPOWER,2687,2010,0.262275376
Simplicity2,WINDPOWER,2688,2010,0.289488704
Simplicity2,WINDPOWER,2689,2010,0.407582104
Simplicity2,WINDPOWER,2690,2010,0.42428007
Simplicity2,WINDPOWER,2691,2010,0.403733093
Simplicity2,WINDPOWER,2692,2010,0.37112622
Simplicity2,WINDPOWER,2693,2010,0.312634011
Simplicity2,WINDPOWER,2694,2010,0.297566595
Simplicity2,WINDPOWER,2695,2010,0.283944166
Simplicity2,WINDPOWER,2696,2010,0.397004228
Simplicity2,WINDPOWER,2697,2010,0.477248703
Simplicity2,WINDPOWER,2698,2010,0.48218277
Simplicity2,WINDPOWER,2699,2010,0.444558593
Simplicity2,WINDPOWER,2700,2010,0.454400225
Simplicity2,WINDPOWER,2701,2010,0.56114056
Simplicity2,WINDPOWER,2702,2010,0.52582713
Simplicity2,WINDPOWER,2703,2010,0.443936116
Simplicity2,WINDPOWER,2704,2010,0.425189431
Simplicity2,WINDPOWER,2705,2010,0.417215704
Simplicity2,WINDPOWER,2706,2010,0.399948484
Simplicity2,WINDPOWER,2707,2010,0.395668909
Simplicity2,WINDPOWER,2708,2010,0.400422061
Simplicity2,WINDPOWER,2709,2010,0.465776312
Simplicity2,WINDPOWER,2710,2010,0.462088557
Simplicity2,WINDPOWER,2711,2010,0.490107636
Simplicity2,WINDPOWER,2712,2010,0.438275813
Simplicity2,WINDPOWER,2713,2010,0.435882972
Simplicity2,WINDPOWER,2714,2010,0.366462774
Simplicity2,WINDPOWER,2715,2010,0.4374063
Simplicity2,WINDPOWER,2716,2010,0.524959457
Simplicity2,WINDPOWER,2717,2010,0.386891682
Simplicity2,WINDPOWER,2718,2010,0.386029418
Simplicity2,WINDPOWER,2719,2010,0.405922396
Simplicity2,WINDPOWER,2720,2010,0.414760679
Simplicity2,WINDPOWER,2721,2010,0.403006874
Simplicity2,WINDPOWER,2722,2010,0.385492425
Simplicity2,WINDPOWER,2723,2010,0.41325361
Simplicity2,WINDPOWER,2724,2010,0.386785141
Simplicity2,WINDPOWER,2725,2010,0.470637508
Simplicity2,WINDPOWER,2726,2010,0.449874412
Simplicity2,WINDPOWER,2727,2010,0.448563349
Simplicity2,WINDPOWER,2728,2010,0.491211207
Simplicity2,WINDPOWER,2729,2010,0.528858073
Simplicity2,WINDPOWER,2730,2010,0.515182961
Simplicity2,WINDPOWER,2731,2010,0.512110607
Simplicity2,WINDPOWER,2732,2010,0.505731915
Simplicity2,WINDPOWER,2733,2010,0.495786731
Simplicity2,WINDPOWER,2734,2010,0.518885012
Simplicity2,WINDPOWER,2735,2010,0.447793286
Simplicity2,WINDPOWER,2736,2010,0.395007008
Simplicity2,WINDPOWER,2737,2010,0.467761946
Simplicity2,WINDPOWER,2738,2010,0.472270753
Simplicity2,WINDPOWER,2739,2010,0.470873824
Simplicity2,WINDPOWER,2740,2010,0.537428142
Simplicity2,WINDPOWER,2741,2010,0.555200765
Simplicity2,WINDPOWER,2742,2010,0.533206603
Simplicity2,WINDPOWER,2743,2010,0.500356652
Simplicity2,WINDPOWER,2744,2010,0.480974332
Simplicity2,WINDPOWER,2745,2010,0.477174084
Simplicity2,WINDPOWER,2746,2010,0.558863473
Simplicity2,WINDPOWER,2747,2010,0.524691619
Simplicity2,WINDPOWER,2748,2010,0.575877038
Simplicity2,WINDPOWER,2749,2010,0.467651575
Simplicity2,WINDPOWER,2750,2010,0.497764069
Simplicity2,WINDPOWER,2751,2010,0.519494946
Simplicity2,WINDPOWER,2752,2010,0.467204921
Simplicity2,WINDPOWER,2753,2010,0.494471239
Simplicity2,WINDPOWER,2754,2010,0.550139174
Simplicity2,WINDPOWER,2755,2010,0.514018634
Simplicity2,WINDPOWER,2756,2010,0.591098221
Simplicity2,WINDPOWER,2757,2010,0.577097414
Simplicity2,WINDPOWER,2758,2010,0.554970304
Simplicity2,WINDPOWER,2759,2010,0.550757961
Simplicity2,WINDPOWER,2760,2010,0.594688243
Simplicity2,WINDPOWER,2761,2010,0.58307558
Simplicity2,WINDPOWER,2762,2010,0.583464899
Simplicity2,WINDPOWER,2763,2010,0.542959436
Simplicity2,WINDPOWER,2764,2010,0.498609779
Simplicity2,WINDPOWER,2765,2010,0.394187525
Simplicity2,WINDPOWER,2766,2010,0.4459757
Simplicity2,WINDPOWER,2767,2010,0.544110452
Simplicity2,WINDPOWER,2768,2010,0.557041098
Simplicity2,WINDPOWER,2769,2010,0.506075416
Simplicity2,WINDPOWER,2770,2010,0.503393202
Simplicity2,WINDPOWER,2771,2010,0.491899725
Simplicity2,WINDPOWER,2772,2010,0.52986457
Simplicity2,WINDPOWER,2773,2010,0.590661489
Simplicity2,WINDPOWER,2774,2010,0.589987606
Simplicity2,WINDPOWER,2775,2010,0.524342892
Simplicity2,WINDPOWER,2776,2010,0.517150328
Simplicity2,WINDPOWER,2777,2010,0.533027611
Simplicity2,WINDPOWER,2778,2010,0.476178426
Simplicity2,WINDPOWER,2779,2010,0.50395986
Simplicity2,WINDPOWER,2780,2010,0.586002441
Simplicity2,WINDPOWER,2781,2010,0.59199275
Simplicity2,WINDPOWER,2782,2010,0.589148402
Simplicity2,WINDPOWER,2783,2010,0.541515318
Simplicity2,WINDPOWER,2784,2010,0.58833458
Simplicity2,WINDPOWER,2785,2010,0.604997495
Simplicity2,WINDPOWER,2786,2010,0.545284372
Simplicity2,WINDPOWER,2787,2010,0.523572685
Simplicity2,WINDPOWER,2788,2010,0.525941382
Simplicity2,WINDPOWER,2789,2010,0.534597216
Simplicity2,WINDPOWER,2790,2010,0.511024476
Simplicity2,WINDPOWER,2791,2010,0.583493298
Simplicity2,WINDPOWER,2792,2010,0.540419084
Simplicity2,WINDPOWER,2793,2010,0.499595158
Simplicity2,WINDPOWER,2794,2010,0.469069692
Simplicity2,WINDPOWER,2795,2010,0.510140653
Simplicity2,WINDPOWER,2796,2010,0.50319782
Simplicity2,WINDPOWER,2797,2010,0.543566958
Simplicity2,WINDPOWER,2798,2010,0.545871835
Simplicity2,WINDPOWER,2799,2010,0.580894549
Simplicity2,WINDPOWER,2800,2010,0.551075596
Simplicity2,WINDPOWER,2801,2010,0.598716575
Simplicity2,WINDPOWER,2802,2010,0.553158791
Simplicity2,WINDPOWER,2803,2010,0.562753782
Simplicity2,WINDPOWER,2804,2010,0.551723163
Simplicity2,WINDPOWER,2805,2010,0.582223549
Simplicity2,WINDPOWER,2806,2010,0.602866643
Simplicity2,WINDPOWER,2807,2010,0.543810092
Simplicity2,WINDPOWER,2808,2010,0.500139982
Simplicity2,WINDPOWER,2809,2010,0.52145363
Simplicity2,WINDPOWER,2810,2010,0.576617038
Simplicity2,WINDPOWER,2811,2010,0.568609791
Simplicity2,WINDPOWER,2812,2010,0.452331192
Simplicity2,WINDPOWER,2813,2010,0.484759281
Simplicity2,WINDPOWER,2814,2010,0.498149788
Simplicity2,WINDPOWER,2815,2010,0.579282672
Simplicity2,WINDPOWER,2816,2010,0.611698493
Simplicity2,WINDPOWER,2817,2010,0.538358595
Simplicity2,WINDPOWER,2818,2010,0.537546679
Simplicity2,WINDPOWER,2819,2010,0.491965687
Simplicity2,WINDPOWER,2820,2010,0.357045525
Simplicity2,WINDPOWER,2821,2010,0.423059533
Simplicity2,WINDPOWER,2822,2010,0.428142454
Simplicity2,WINDPOWER,2823,2010,0.503225349
Simplicity2,WINDPOWER,2824,2010,0.54924137
Simplicity2,WINDPOWER,2825,2010,0.50545181
Simplicity2,WINDPOWER,2826,2010,0.510919344
Simplicity2,WINDPOWER,2827,2010,0.497134119
Simplicity2,WINDPOWER,2828,2010,0.537826916
Simplicity2,WINDPOWER,2829,2010,0.527829373
Simplicity2,WINDPOWER,2830,2010,0.507759102
Simplicity2,WINDPOWER,2831,2010,0.499440849
Simplicity2,WINDPOWER,2832,2010,0.543519841
Simplicity2,WINDPOWER,2833,2010,0.558628965
Simplicity2,WINDPOWER,2834,2010,0.554959392
Simplicity2,WINDPOWER,2835,2010,0.526129897
Simplicity2,WINDPOWER,2836,2010,0.434308977
Simplicity2,WINDPOWER,2837,2010,0.625397474
Simplicity2,WINDPOWER,2838,2010,0.519068888
Simplicity2,WINDPOWER,2839,2010,0.54984007
Simplicity2,WINDPOWER,2840,2010,0.540591519
Simplicity2,WINDPOWER,2841,2010,0.522553957
Simplicity2,WINDPOWER,2842,2010,0.569583984
Simplicity2,WINDPOWER,2843,2010,0.589634183
Simplicity2,WINDPOWER,2844,2010,0.596985215
Simplicity2,WINDPOWER,2845,2010,0.585230231
Simplicity2,WINDPOWER,2846,2010,0.57173729
Simplicity2,WINDPOWER,2847,2010,0.491535597
Simplicity2,WINDPOWER,2848,2010,0.493713773
Simplicity2,WINDPOWER,2849,2010,0.488260558
Simplicity2,WINDPOWER,2850,2010,0.417365342
Simplicity2,WINDPOWER,2851,2010,0.393739596
Simplicity2,WINDPOWER,2852,2010,0.489214078
Simplicity2,WINDPOWER,2853,2010,0.387300687
Simplicity2,WINDPOWER,2854,2010,0.377795211
Simplicity2,WINDPOWER,2855,2010,0.468805839
Simplicity2,WINDPOWER,2856,2010,0.548553008
Simplicity2,WINDPOWER,2857,2010,0.558865747
Simplicity2,WINDPOWER,2858,2010,0.587073002
Simplicity2,WINDPOWER,2859,2010,0.464030171
Simplicity2,WINDPOWER,2860,2010,0.36645718
Simplicity2,WINDPOWER,2861,2010,0.280276786
Simplicity2,WINDPOWER,2862,2010,0.256660695
Simplicity2,WINDPOWER,2863,2010,0.241933702
Simplicity2,WINDPOWER,2864,2010,0.130714723
Simplicity2,WINDPOWER,2865,2010,0.322705235
Simplicity2,WINDPOWER,2866,2010,0.407269652
Simplicity2,WINDPOWER,2867,2010,0.388681712
Simplicity2,WINDPOWER,2868,2010,0.451313871
Simplicity2,WINDPOWER,2869,2010,0.478099567
Simplicity2,WINDPOWER,2870,2010,0.463977511
Simplicity2,WINDPOWER,2871,2010,0.415427495
Simplicity2,WINDPOWER,2872,2010,0.385948232
Simplicity2,WINDPOWER,2873,2010,0.479904691
Simplicity2,WINDPOWER,2874,2010,0.411940814
Simplicity2,WINDPOWER,2875,2010,0.471465634
Simplicity2,WINDPOWER,2876,2010,0.502449041
Simplicity2,WINDPOWER,2877,2010,0.376802026
Simplicity2,WINDPOWER,2878,2010,0.413788115
Simplicity2,WINDPOWER,2879,2010,0.392856908
Simplicity2,WINDPOWER,2880,2010,0.483634443
Simplicity2,WINDPOWER,2881,2010,0.502749258
Simplicity2,WINDPOWER,2882,2010,0.468509597
Simplicity2,WINDPOWER,2883,2010,0.304196269
Simplicity2,WINDPOWER,2884,2010,0.396567027
Simplicity2,WINDPOWER,2885,2010,0.398190822
Simplicity2,WINDPOWER,2886,2010,0.36982965
Simplicity2,WINDPOWER,2887,2010,0.320661526
Simplicity2,WINDPOWER,2888,2010,0.295713356
Simplicity2,WINDPOWER,2889,2010,0.282115676
Simplicity2,WINDPOWER,2890,2010,0.302910279
Simplicity2,WINDPOWER,2891,2010,0.354167632
Simplicity2,WINDPOWER,2892,2010,0.362099835
Simplicity2,WINDPOWER,2893,2010,0.346811772
Simplicity2,WINDPOWER,2894,2010,0.406674775
Simplicity2,WINDPOWER,2895,2010,0.494668691
Simplicity2,WINDPOWER,2896,2010,0.481739245
Simplicity2,WINDPOWER,2897,2010,0.430207295
Simplicity2,WINDPOWER,2898,2010,0.334137866
Simplicity2,WINDPOWER,2899,2010,0.365214348
Simplicity2,WINDPOWER,2900,2010,0.42557146
Simplicity2,WINDPOWER,2901,2010,0.421807832
Simplicity2,WINDPOWER,2902,2010,0.394496728
Simplicity2,WINDPOWER,2903,2010,0.415317198
Simplicity2,WINDPOWER,2904,2010,0.430004978
Simplicity2,WINDPOWER,2905,2010,0.438893386
Simplicity2,WINDPOWER,2906,2010,0.38933107
Simplicity2,WINDPOWER,2907,2010,0.363047616
Simplicity2,WINDPOWER,2908,2010,0.31153472
Simplicity2,WINDPOWER,2909,2010,0.271965128
Simplicity2,WINDPOWER,2910,2010,0.252806442
Simplicity2,WINDPOWER,2911,2010,0.280423688
Simplicity2,WINDPOWER,2912,2010,0.264586267
Simplicity2,WINDPOWER,2913,2010,0.214857602
Simplicity2,WINDPOWER,2914,2010,0.294696255
Simplicity2,WINDPOWER,2915,2010,0.2821696
Simplicity2,WINDPOWER,2916,2010,0.300959229
Simplicity2,WINDPOWER,2917,2010,0.410964072
Simplicity2,WINDPOWER,2918,2010,0.458481175
Simplicity2,WINDPOWER,2919,2010,0.394011488
Simplicity2,WINDPOWER,2920,2010,0.328179374
Simplicity2,WINDPOWER,2921,2010,0.381244216
Simplicity2,WINDPOWER,2922,2010,0.335371585
Simplicity2,WINDPOWER,2923,2010,0.34602111
Simplicity2,WINDPOWER,2924,2010,0.332969052
Simplicity2,WINDPOWER,2925,2010,0.415955399
Simplicity2,WINDPOWER,2926,2010,0.314732414
Simplicity2,WINDPOWER,2927,2010,0.328633167
Simplicity2,WINDPOWER,2928,2010,0.336515775
Simplicity2,WINDPOWER,2929,2010,0.333406107
Simplicity2,WINDPOWER,2930,2010,0.317758413
Simplicity2,WINDPOWER,2931,2010,0.265003977
Simplicity2,WINDPOWER,2932,2010,0.257749253
Simplicity2,WINDPOWER,2933,2010,0.211751307
Simplicity2,WINDPOWER,2934,2010,0.405497614
Simplicity2,WINDPOWER,2935,2010,0.424556453
Simplicity2,WINDPOWER,2936,2010,0.401381845
Simplicity2,WINDPOWER,2937,2010,0.482286225
Simplicity2,WINDPOWER,2938,2010,0.468098584
Simplicity2,WINDPOWER,2939,2010,0.418770829
Simplicity2,WINDPOWER,2940,2010,0.315824701
Simplicity2,WINDPOWER,2941,2010,0.329299895
Simplicity2,WINDPOWER,2942,2010,0.350473013
Simplicity2,WINDPOWER,2943,2010,0.340482546
Simplicity2,WINDPOWER,2944,2010,0.318279988
Simplicity2,WINDPOWER,2945,2010,0.319324475
Simplicity2,WINDPOWER,2946,2010,0.369711942
Simplicity2,WINDPOWER,2947,2010,0.385720336
Simplicity2,WINDPOWER,2948,2010,0.347684095
Simplicity2,WINDPOWER,2949,2010,0.351291217
Simplicity2,WINDPOWER,2950,2010,0.422168678
Simplicity2,WINDPOWER,2951,2010,0.487177369
Simplicity2,WINDPOWER,2952,2010,0.475094737
Simplicity2,WINDPOWER,2953,2010,0.352801409
Simplicity2,WINDPOWER,2954,2010,0.406033572
Simplicity2,WINDPOWER,2955,2010,0.412164261
Simplicity2,WINDPOWER,2956,2010,0.331541683
Simplicity2,WINDPOWER,2957,2010,0.22326933
Simplicity2,WINDPOWER,2958,2010,0.261711025
Simplicity2,WINDPOWER,2959,2010,0.323996102
Simplicity2,WINDPOWER,2960,2010,0.287561538
Simplicity2,WINDPOWER,2961,2010,0.382159072
Simplicity2,WINDPOWER,2962,2010,0.434304749
Simplicity2,WINDPOWER,2963,2010,0.366248896
Simplicity2,WINDPOWER,2964,2010,0.442900783
Simplicity2,WINDPOWER,2965,2010,0.386559444
Simplicity2,WINDPOWER,2966,2010,0.309907042
Simplicity2,WINDPOWER,2967,2010,0.192654905
Simplicity2,WINDPOWER,2968,2010,0.150811266
Simplicity2,WINDPOWER,2969,2010,0.242413051
Simplicity2,WINDPOWER,2970,2010,0.233922506
Simplicity2,WINDPOWER,2971,2010,0.247473871
Simplicity2,WINDPOWER,2972,2010,0.43090083
Simplicity2,WINDPOWER,2973,2010,0.437361104
Simplicity2,WINDPOWER,2974,2010,0.298845935
Simplicity2,WINDPOWER,2975,2010,0.299590374
Simplicity2,WINDPOWER,2976,2010,0.361632557
Simplicity2,WINDPOWER,2977,2010,0.364269333
Simplicity2,WINDPOWER,2978,2010,0.465123019
Simplicity2,WINDPOWER,2979,2010,0.50337507
Simplicity2,WINDPOWER,2980,2010,0.517404955
Simplicity2,WINDPOWER,2981,2010,0.433123364
Simplicity2,WINDPOWER,2982,2010,0.406916253
Simplicity2,WINDPOWER,2983,2010,0.425560367
Simplicity2,WINDPOWER,2984,2010,0.37778637
Simplicity2,WINDPOWER,2985,2010,0.345743282
Simplicity2,WINDPOWER,2986,2010,0.370129745
Simplicity2,WINDPOWER,2987,2010,0.356820932
Simplicity2,WINDPOWER,2988,2010,0.374424956
Simplicity2,WINDPOWER,2989,2010,0.397677483
Simplicity2,WINDPOWER,2990,2010,0.397080689
Simplicity2,WINDPOWER,2991,2010,0.290428347
Simplicity2,WINDPOWER,2992,2010,0.327572889
Simplicity2,WINDPOWER,2993,2010,0.260794301
Simplicity2,WINDPOWER,2994,2010,0.265378538
Simplicity2,WINDPOWER,2995,2010,0.227134465
Simplicity2,WINDPOWER,2996,2010,0.256634889
Simplicity2,WINDPOWER,2997,2010,0.269205742
Simplicity2,WINDPOWER,2998,2010,0.313550251
Simplicity2,WINDPOWER,2999,2010,0.290598049
Simplicity2,WINDPOWER,3000,2010,0.332570569
Simplicity2,WINDPOWER,3001,2010,0.31576809
Simplicity2,WINDPOWER,3002,2010,0.401518544
Simplicity2,WINDPOWER,3003,2010,0.364812951
Simplicity2,WINDPOWER,3004,2010,0.328696144
Simplicity2,WINDPOWER,3005,2010,0.357019885
Simplicity2,WINDPOWER,3006,2010,0.257136492
Simplicity2,WINDPOWER,3007,2010,0.307806385
Simplicity2,WINDPOWER,3008,2010,0.328061033
Simplicity2,WINDPOWER,3009,2010,0.349357816
Simplicity2,WINDPOWER,3010,2010,0.295786752
Simplicity2,WINDPOWER,3011,2010,0.270340674
Simplicity2,WINDPOWER,3012,2010,0.206373427
Simplicity2,WINDPOWER,3013,2010,0.293748154
Simplicity2,WINDPOWER,3014,2010,0.378399708
Simplicity2,WINDPOWER,3015,2010,0.395841044
Simplicity2,WINDPOWER,3016,2010,0.431784191
Simplicity2,WINDPOWER,3017,2010,0.445769184
Simplicity2,WINDPOWER,3018,2010,0.408495801
Simplicity2,WINDPOWER,3019,2010,0.41758177
Simplicity2,WINDPOWER,3020,2010,0.320837829
Simplicity2,WINDPOWER,3021,2010,0.33639218
Simplicity2,WINDPOWER,3022,2010,0.301883669
Simplicity2,WINDPOWER,3023,2010,0.288985194
Simplicity2,WINDPOWER,3024,2010,0.216434533
Simplicity2,WINDPOWER,3025,2010,0.342446165
Simplicity2,WINDPOWER,3026,2010,0.21407347
Simplicity2,WINDPOWER,3027,2010,0.253261959
Simplicity2,WINDPOWER,3028,2010,0.210695536
Simplicity2,WINDPOWER,3029,2010,0.240733899
Simplicity2,WINDPOWER,3030,2010,0.204894564
Simplicity2,WINDPOWER,3031,2010,0.225901238
Simplicity2,WINDPOWER,3032,2010,0.340637335
Simplicity2,WINDPOWER,3033,2010,0.326803586
Simplicity2,WINDPOWER,3034,2010,0.389381682
Simplicity2,WINDPOWER,3035,2010,0.419055502
Simplicity2,WINDPOWER,3036,2010,0.489785037
Simplicity2,WINDPOWER,3037,2010,0.369972699
Simplicity2,WINDPOWER,3038,2010,0.297115186
Simplicity2,WINDPOWER,3039,2010,0.340677836
Simplicity2,WINDPOWER,3040,2010,0.420167915
Simplicity2,WINDPOWER,3041,2010,0.400285939
Simplicity2,WINDPOWER,3042,2010,0.320162072
Simplicity2,WINDPOWER,3043,2010,0.362757377
Simplicity2,WINDPOWER,3044,2010,0.345044667
Simplicity2,WINDPOWER,3045,2010,0.378605817
Simplicity2,WINDPOWER,3046,2010,0.441359924
Simplicity2,WINDPOWER,3047,2010,0.367629688
Simplicity2,WINDPOWER,3048,2010,0.426644897
Simplicity2,WINDPOWER,3049,2010,0.436146146
Simplicity2,WINDPOWER,3050,2010,0.419548468
Simplicity2,WINDPOWER,3051,2010,0.369243592
Simplicity2,WINDPOWER,3052,2010,0.25835685
Simplicity2,WINDPOWER,3053,2010,0.285337594
Simplicity2,WINDPOWER,3054,2010,0.414181594
Simplicity2,WINDPOWER,3055,2010,0.445584579
Simplicity2,WINDPOWER,3056,2010,0.412298534
Simplicity2,WINDPOWER,3057,2010,0.368059186
Simplicity2,WINDPOWER,3058,2010,0.312304229
Simplicity2,WINDPOWER,3059,2010,0.287891588
Simplicity2,WINDPOWER,3060,2010,0.287627914
Simplicity2,WINDPOWER,3061,2010,0.412646449
Simplicity2,WINDPOWER,3062,2010,0.503818001
Simplicity2,WINDPOWER,3063,2010,0.494259552
Simplicity2,WINDPOWER,3064,2010,0.467323799
Simplicity2,WINDPOWER,3065,2010,0.472443239
Simplicity2,WINDPOWER,3066,2010,0.598939139
Simplicity2,WINDPOWER,3067,2010,0.556994093
Simplicity2,WINDPOWER,3068,2010,0.460761786
Simplicity2,WINDPOWER,3069,2010,0.439685072
Simplicity2,WINDPOWER,3070,2010,0.417167408
Simplicity2,WINDPOWER,3071,2010,0.394482102
Simplicity2,WINDPOWER,3072,2010,0.389239147
Simplicity2,WINDPOWER,3073,2010,0.391430955
Simplicity2,WINDPOWER,3074,2010,0.478753258
Simplicity2,WINDPOWER,3075,2010,0.478405124
Simplicity2,WINDPOWER,3076,2010,0.521663204
Simplicity2,WINDPOWER,3077,2010,0.469812978
Simplicity2,WINDPOWER,3078,2010,0.441820427
Simplicity2,WINDPOWER,3079,2010,0.366154678
Simplicity2,WINDPOWER,3080,2010,0.447679111
Simplicity2,WINDPOWER,3081,2010,0.543170697
Simplicity2,WINDPOWER,3082,2010,0.381497807
Simplicity2,WINDPOWER,3083,2010,0.367786179
Simplicity2,WINDPOWER,3084,2010,0.415915773
Simplicity2,WINDPOWER,3085,2010,0.438251553
Simplicity2,WINDPOWER,3086,2010,0.409317401
Simplicity2,WINDPOWER,3087,2010,0.390076147
Simplicity2,WINDPOWER,3088,2010,0.425891125
Simplicity2,WINDPOWER,3089,2010,0.379891222
Simplicity2,WINDPOWER,3090,2010,0.486377609
Simplicity2,WINDPOWER,3091,2010,0.475739938
Simplicity2,WINDPOWER,3092,2010,0.48523989
Simplicity2,WINDPOWER,3093,2010,0.538142825
Simplicity2,WINDPOWER,3094,2010,0.567695986
Simplicity2,WINDPOWER,3095,2010,0.551809274
Simplicity2,WINDPOWER,3096,2010,0.52764779
Simplicity2,WINDPOWER,3097,2010,0.496061328
Simplicity2,WINDPOWER,3098,2010,0.51979449
Simplicity2,WINDPOWER,3099,2010,0.533416339
Simplicity2,WINDPOWER,3100,2010,0.436785762
Simplicity2,WINDPOWER,3101,2010,0.403410786
Simplicity2,WINDPOWER,3102,2010,0.481979887
Simplicity2,WINDPOWER,3103,2010,0.499038353
Simplicity2,WINDPOWER,3104,2010,0.480995293
Simplicity2,WINDPOWER,3105,2010,0.562905412
Simplicity2,WINDPOWER,3106,2010,0.543805165
Simplicity2,WINDPOWER,3107,2010,0.55893876
Simplicity2,WINDPOWER,3108,2010,0.480125372
Simplicity2,WINDPOWER,3109,2010,0.484496572
Simplicity2,WINDPOWER,3110,2010,0.511759894
Simplicity2,WINDPOWER,3111,2010,0.596795283
Simplicity2,WINDPOWER,3112,2010,0.562800991
Simplicity2,WINDPOWER,3113,2010,0.608273884
Simplicity2,WINDPOWER,3114,2010,0.486901568
Simplicity2,WINDPOWER,3115,2010,0.50731517
Simplicity2,WINDPOWER,3116,2010,0.536838913
Simplicity2,WINDPOWER,3117,2010,0.462146195
Simplicity2,WINDPOWER,3118,2010,0.51082538
Simplicity2,WINDPOWER,3119,2010,0.546466069
Simplicity2,WINDPOWER,3120,2010,0.534095737
Simplicity2,WINDPOWER,3121,2010,0.621977395
Simplicity2,WINDPOWER,3122,2010,0.61131079
Simplicity2,WINDPOWER,3123,2010,0.572682914
Simplicity2,WINDPOWER,3124,2010,0.570914593
Simplicity2,WINDPOWER,3125,2010,0.620670003
Simplicity2,WINDPOWER,3126,2010,0.595923081
Simplicity2,WINDPOWER,3127,2010,0.623449321
Simplicity2,WINDPOWER,3128,2010,0.571042931
Simplicity2,WINDPOWER,3129,2010,0.533808981
Simplicity2,WINDPOWER,3130,2010,0.385096596
Simplicity2,WINDPOWER,3131,2010,0.428602652
Simplicity2,WINDPOWER,3132,2010,0.544494025
Simplicity2,WINDPOWER,3133,2010,0.594110001
Simplicity2,WINDPOWER,3134,2010,0.54369434
Simplicity2,WINDPOWER,3135,2010,0.519899512
Simplicity2,WINDPOWER,3136,2010,0.503821378
Simplicity2,WINDPOWER,3137,2010,0.554072064
Simplicity2,WINDPOWER,3138,2010,0.599628579
Simplicity2,WINDPOWER,3139,2010,0.62500683
Simplicity2,WINDPOWER,3140,2010,0.532186823
Simplicity2,WINDPOWER,3141,2010,0.593055994
Simplicity2,WINDPOWER,3142,2010,0.559406849
Simplicity2,WINDPOWER,3143,2010,0.474101778
Simplicity2,WINDPOWER,3144,2010,0.534510363
Simplicity2,WINDPOWER,3145,2010,0.582023207
Simplicity2,WINDPOWER,3146,2010,0.603569757
Simplicity2,WINDPOWER,3147,2010,0.52528564
Simplicity2,WINDPOWER,3148,2010,0.551639072
Simplicity2,WINDPOWER,3149,2010,0.588842883
Simplicity2,WINDPOWER,3150,2010,0.587851633
Simplicity2,WINDPOWER,3151,2010,0.527341896
Simplicity2,WINDPOWER,3152,2010,0.524792943
Simplicity2,WINDPOWER,3153,2010,0.524629232
Simplicity2,WINDPOWER,3154,2010,0.548387442
Simplicity2,WINDPOWER,3155,2010,0.524709615
Simplicity2,WINDPOWER,3156,2010,0.60459516
Simplicity2,WINDPOWER,3157,2010,0.558901918
Simplicity2,WINDPOWER,3158,2010,0.494448251
Simplicity2,WINDPOWER,3159,2010,0.469720033
Simplicity2,WINDPOWER,3160,2010,0.515208471
Simplicity2,WINDPOWER,3161,2010,0.48948828
Simplicity2,WINDPOWER,3162,2010,0.571062189
Simplicity2,WINDPOWER,3163,2010,0.575300606
Simplicity2,WINDPOWER,3164,2010,0.596358141
Simplicity2,WINDPOWER,3165,2010,0.560460226
Simplicity2,WINDPOWER,3166,2010,0.597858234
Simplicity2,WINDPOWER,3167,2010,0.546278584
Simplicity2,WINDPOWER,3168,2010,0.555299432
Simplicity2,WINDPOWER,3169,2010,0.563659688
Simplicity2,WINDPOWER,3170,2010,0.590040586
Simplicity2,WINDPOWER,3171,2010,0.609737317
Simplicity2,WINDPOWER,3172,2010,0.541604051
Simplicity2,WINDPOWER,3173,2010,0.465300173
Simplicity2,WINDPOWER,3174,2010,0.498333984
Simplicity2,WINDPOWER,3175,2010,0.580473972
Simplicity2,WINDPOWER,3176,2010,0.580354379
Simplicity2,WINDPOWER,3177,2010,0.431944004
Simplicity2,WINDPOWER,3178,2010,0.483043015
Simplicity2,WINDPOWER,3179,2010,0.514022864
Simplicity2,WINDPOWER,3180,2010,0.588337079
Simplicity2,WINDPOWER,3181,2010,0.581819482
Simplicity2,WINDPOWER,3182,2010,0.520309087
Simplicity2,WINDPOWER,3183,2010,0.543408045
Simplicity2,WINDPOWER,3184,2010,0.483619694
Simplicity2,WINDPOWER,3185,2010,0.344550594
Simplicity2,WINDPOWER,3186,2010,0.40900088
Simplicity2,WINDPOWER,3187,2010,0.415108428
Simplicity2,WINDPOWER,3188,2010,0.512140874
Simplicity2,WINDPOWER,3189,2010,0.547155052
Simplicity2,WINDPOWER,3190,2010,0.523505012
Simplicity2,WINDPOWER,3191,2010,0.505461852
Simplicity2,WINDPOWER,3192,2010,0.505046698
Simplicity2,WINDPOWER,3193,2010,0.517203302
Simplicity2,WINDPOWER,3194,2010,0.524130134
Simplicity2,WINDPOWER,3195,2010,0.482159295
Simplicity2,WINDPOWER,3196,2010,0.488177062
Simplicity2,WINDPOWER,3197,2010,0.531566764
Simplicity2,WINDPOWER,3198,2010,0.547492157
Simplicity2,WINDPOWER,3199,2010,0.563386847
Simplicity2,WINDPOWER,3200,2010,0.487286865
Simplicity2,WINDPOWER,3201,2010,0.410522245
Simplicity2,WINDPOWER,3202,2010,0.613157119
Simplicity2,WINDPOWER,3203,2010,0.513871508
Simplicity2,WINDPOWER,3204,2010,0.536170356
Simplicity2,WINDPOWER,3205,2010,0.509119079
Simplicity2,WINDPOWER,3206,2010,0.498941174
Simplicity2,WINDPOWER,3207,2010,0.548317181
Simplicity2,WINDPOWER,3208,2010,0.581627453
Simplicity2,WINDPOWER,3209,2010,0.607313028
Simplicity2,WINDPOWER,3210,2010,0.574455477
Simplicity2,WINDPOWER,3211,2010,0.539113057
Simplicity2,WINDPOWER,3212,2010,0.453650137
Simplicity2,WINDPOWER,3213,2010,0.469414913
Simplicity2,WINDPOWER,3214,2010,0.466769125
Simplicity2,WINDPOWER,3215,2010,0.381187642
Simplicity2,WINDPOWER,3216,2010,0.376194326
Simplicity2,WINDPOWER,3217,2010,0.467173625
Simplicity2,WINDPOWER,3218,2010,0.395060792
Simplicity2,WINDPOWER,3219,2010,0.403241623
Simplicity2,WINDPOWER,3220,2010,0.486550363
Simplicity2,WINDPOWER,3221,2010,0.544333543
Simplicity2,WINDPOWER,3222,2010,0.549280216
Simplicity2,WINDPOWER,3223,2010,0.555022735
Simplicity2,WINDPOWER,3224,2010,0.398303559
Simplicity2,WINDPOWER,3225,2010,0.350027935
Simplicity2,WINDPOWER,3226,2010,0.274710196
Simplicity2,WINDPOWER,3227,2010,0.237808152
Simplicity2,WINDPOWER,3228,2010,0.239484193
Simplicity2,WINDPOWER,3229,2010,0.12776505
Simplicity2,WINDPOWER,3230,2010,0.311296219
Simplicity2,WINDPOWER,3231,2010,0.410820736
Simplicity2,WINDPOWER,3232,2010,0.395081917
Simplicity2,WINDPOWER,3233,2010,0.436783308
Simplicity2,WINDPOWER,3234,2010,0.452162854
Simplicity2,WINDPOWER,3235,2010,0.422999015
Simplicity2,WINDPOWER,3236,2010,0.385399852
Simplicity2,WINDPOWER,3237,2010,0.369566328
Simplicity2,WINDPOWER,3238,2010,0.459560256
Simplicity2,WINDPOWER,3239,2010,0.398620013
Simplicity2,WINDPOWER,3240,2010,0.448564804
Simplicity2,WINDPOWER,3241,2010,0.483230032
Simplicity2,WINDPOWER,3242,2010,0.354991844
Simplicity2,WINDPOWER,3243,2010,0.399927157
Simplicity2,WINDPOWER,3244,2010,0.367670491
Simplicity2,WINDPOWER,3245,2010,0.459963577
Simplicity2,WINDPOWER,3246,2010,0.465850605
Simplicity2,WINDPOWER,3247,2010,0.450340007
Simplicity2,WINDPOWER,3248,2010,0.31322294
Simplicity2,WINDPOWER,3249,2010,0.378081536
Simplicity2,WINDPOWER,3250,2010,0.38483503
Simplicity2,WINDPOWER,3251,2010,0.356428674
Simplicity2,WINDPOWER,3252,2010,0.330364901
Simplicity2,WINDPOWER,3253,2010,0.279937823
Simplicity2,WINDPOWER,3254,2010,0.26734061
Simplicity2,WINDPOWER,3255,2010,0.264190361
Simplicity2,WINDPOWER,3256,2010,0.343682962
Simplicity2,WINDPOWER,3257,2010,0.367898898
Simplicity2,WINDPOWER,3258,2010,0.354092458
Simplicity2,WINDPOWER,3259,2010,0.425746447
Simplicity2,WINDPOWER,3260,2010,0.494103558
Simplicity2,WINDPOWER,3261,2010,0.448103574
Simplicity2,WINDPOWER,3262,2010,0.411631893
Simplicity2,WINDPOWER,3263,2010,0.318519281
Simplicity2,WINDPOWER,3264,2010,0.365024398
Simplicity2,WINDPOWER,3265,2010,0.405707002
Simplicity2,WINDPOWER,3266,2010,0.408041687
Simplicity2,WINDPOWER,3267,2010,0.377711858
Simplicity2,WINDPOWER,3268,2010,0.41896258
Simplicity2,WINDPOWER,3269,2010,0.437540858
Simplicity2,WINDPOWER,3270,2010,0.442370247
Simplicity2,WINDPOWER,3271,2010,0.38545192
Simplicity2,WINDPOWER,3272,2010,0.339438766
Simplicity2,WINDPOWER,3273,2010,0.300039949
Simplicity2,WINDPOWER,3274,2010,0.273349383
Simplicity2,WINDPOWER,3275,2010,0.269308986
Simplicity2,WINDPOWER,3276,2010,0.309336447
Simplicity2,WINDPOWER,3277,2010,0.267891316
Simplicity2,WINDPOWER,3278,2010,0.2169968
Simplicity2,WINDPOWER,3279,2010,0.299764546
Simplicity2,WINDPOWER,3280,2010,0.277329472
Simplicity2,WINDPOWER,3281,2010,0.308380176
Simplicity2,WINDPOWER,3282,2010,0.427132686
Simplicity2,WINDPOWER,3283,2010,0.439794704
Simplicity2,WINDPOWER,3284,2010,0.386781615
Simplicity2,WINDPOWER,3285,2010,0.323435564
Simplicity2,WINDPOWER,3286,2010,0.345837963
Simplicity2,WINDPOWER,3287,2010,0.297817752
Simplicity2,WINDPOWER,3288,2010,0.332661618
Simplicity2,WINDPOWER,3289,2010,0.301262139
Simplicity2,WINDPOWER,3290,2010,0.374861283
Simplicity2,WINDPOWER,3291,2010,0.293423568
Simplicity2,WINDPOWER,3292,2010,0.300127131
Simplicity2,WINDPOWER,3293,2010,0.306946752
Simplicity2,WINDPOWER,3294,2010,0.303272713
Simplicity2,WINDPOWER,3295,2010,0.282350508
Simplicity2,WINDPOWER,3296,2010,0.231736534
Simplicity2,WINDPOWER,3297,2010,0.221345758
Simplicity2,WINDPOWER,3298,2010,0.185354559
Simplicity2,WINDPOWER,3299,2010,0.397729608
Simplicity2,WINDPOWER,3300,2010,0.387160366
Simplicity2,WINDPOWER,3301,2010,0.362577672
Simplicity2,WINDPOWER,3302,2010,0.447031508
Simplicity2,WINDPOWER,3303,2010,0.447193782
Simplicity2,WINDPOWER,3304,2010,0.376294943
Simplicity2,WINDPOWER,3305,2010,0.305872985
Simplicity2,WINDPOWER,3306,2010,0.313122384
Simplicity2,WINDPOWER,3307,2010,0.344505806
Simplicity2,WINDPOWER,3308,2010,0.325705785
Simplicity2,WINDPOWER,3309,2010,0.293046687
Simplicity2,WINDPOWER,3310,2010,0.296724303
Simplicity2,WINDPOWER,3311,2010,0.357117763
Simplicity2,WINDPOWER,3312,2010,0.355794802
Simplicity2,WINDPOWER,3313,2010,0.32660405
Simplicity2,WINDPOWER,3314,2010,0.310383326
Simplicity2,WINDPOWER,3315,2010,0.41047047
Simplicity2,WINDPOWER,3316,2010,0.464583665
Simplicity2,WINDPOWER,3317,2010,0.447294363
Simplicity2,WINDPOWER,3318,2010,0.328427764
Simplicity2,WINDPOWER,3319,2010,0.362640397
Simplicity2,WINDPOWER,3320,2010,0.37544764
Simplicity2,WINDPOWER,3321,2010,0.319360752
Simplicity2,WINDPOWER,3322,2010,0.217340199
Simplicity2,WINDPOWER,3323,2010,0.238303265
Simplicity2,WINDPOWER,3324,2010,0.286353876
Simplicity2,WINDPOWER,3325,2010,0.239455734
Simplicity2,WINDPOWER,3326,2010,0.354118243
Simplicity2,WINDPOWER,3327,2010,0.416702907
Simplicity2,WINDPOWER,3328,2010,0.346910621
Simplicity2,WINDPOWER,3329,2010,0.426291305
Simplicity2,WINDPOWER,3330,2010,0.364105714
Simplicity2,WINDPOWER,3331,2010,0.267571918
Simplicity2,WINDPOWER,3332,2010,0.180631894
Simplicity2,WINDPOWER,3333,2010,0.155819177
Simplicity2,WINDPOWER,3334,2010,0.232527934
Simplicity2,WINDPOWER,3335,2010,0.216499937
Simplicity2,WINDPOWER,3336,2010,0.245251929
Simplicity2,WINDPOWER,3337,2010,0.431847976
Simplicity2,WINDPOWER,3338,2010,0.423795743
Simplicity2,WINDPOWER,3339,2010,0.268865653
Simplicity2,WINDPOWER,3340,2010,0.278502423
Simplicity2,WINDPOWER,3341,2010,0.360484051
Simplicity2,WINDPOWER,3342,2010,0.348720174
Simplicity2,WINDPOWER,3343,2010,0.451493553
Simplicity2,WINDPOWER,3344,2010,0.50779773
Simplicity2,WINDPOWER,3345,2010,0.492846819
Simplicity2,WINDPOWER,3346,2010,0.415993367
Simplicity2,WINDPOWER,3347,2010,0.381382788
Simplicity2,WINDPOWER,3348,2010,0.401873874
Simplicity2,WINDPOWER,3349,2010,0.332100896
Simplicity2,WINDPOWER,3350,2010,0.339996408
Simplicity2,WINDPOWER,3351,2010,0.355529965
Simplicity2,WINDPOWER,3352,2010,0.34514452
Simplicity2,WINDPOWER,3353,2010,0.357218422
Simplicity2,WINDPOWER,3354,2010,0.380950077
Simplicity2,WINDPOWER,3355,2010,0.347160444
Simplicity2,WINDPOWER,3356,2010,0.2580193
Simplicity2,WINDPOWER,3357,2010,0.273934885
Simplicity2,WINDPOWER,3358,2010,0.222966429
Simplicity2,WINDPOWER,3359,2010,0.233589595
Simplicity2,WINDPOWER,3360,2010,0.198693275
Simplicity2,WINDPOWER,3361,2010,0.238533236
Simplicity2,WINDPOWER,3362,2010,0.247690825
Simplicity2,WINDPOWER,3363,2010,0.307565679
Simplicity2,WINDPOWER,3364,2010,0.281453088
Simplicity2,WINDPOWER,3365,2010,0.314273854
Simplicity2,WINDPOWER,3366,2010,0.312823795
Simplicity2,WINDPOWER,3367,2010,0.40604014
Simplicity2,WINDPOWER,3368,2010,0.345458599
Simplicity2,WINDPOWER,3369,2010,0.299584095
Simplicity2,WINDPOWER,3370,2010,0.326748293
Simplicity2,WINDPOWER,3371,2010,0.237501054
Simplicity2,WINDPOWER,3372,2010,0.307175422
Simplicity2,WINDPOWER,3373,2010,0.309873233
Simplicity2,WINDPOWER,3374,2010,0.333103723
Simplicity2,WINDPOWER,3375,2010,0.293315767
Simplicity2,WINDPOWER,3376,2010,0.25512038
Simplicity2,WINDPOWER,3377,2010,0.18435748
Simplicity2,WINDPOWER,3378,2010,0.296222647
Simplicity2,WINDPOWER,3379,2010,0.383647729
Simplicity2,WINDPOWER,3380,2010,0.393468707
Simplicity2,WINDPOWER,3381,2010,0.405305402
Simplicity2,WINDPOWER,3382,2010,0.417977828
Simplicity2,WINDPOWER,3383,2010,0.396255262
Simplicity2,WINDPOWER,3384,2010,0.393447632
Simplicity2,WINDPOWER,3385,2010,0.293132592
Simplicity2,WINDPOWER,3386,2010,0.319738781
Simplicity2,WINDPOWER,3387,2010,0.264188556
Simplicity2,WINDPOWER,3388,2010,0.266114984
Simplicity2,WINDPOWER,3389,2010,0.201359871
Simplicity2,WINDPOWER,3390,2010,0.305374816
Simplicity2,WINDPOWER,3391,2010,0.212223332
Simplicity2,WINDPOWER,3392,2010,0.221268297
Simplicity2,WINDPOWER,3393,2010,0.203033626
Simplicity2,WINDPOWER,3394,2010,0.235976239
Simplicity2,WINDPOWER,3395,2010,0.202420948
Simplicity2,WINDPOWER,3396,2010,0.222439223
Simplicity2,WINDPOWER,3397,2010,0.323734012
Simplicity2,WINDPOWER,3398,2010,0.300856939
Simplicity2,WINDPOWER,3399,2010,0.384868091
Simplicity2,WINDPOWER,3400,2010,0.410929859
Simplicity2,WINDPOWER,3401,2010,0.485865748
Simplicity2,WINDPOWER,3402,2010,0.349677211
Simplicity2,WINDPOWER,3403,2010,0.280070413
Simplicity2,WINDPOWER,3404,2010,0.335404609
Simplicity2,WINDPOWER,3405,2010,0.415765284
Simplicity2,WINDPOWER,3406,2010,0.370153247
Simplicity2,WINDPOWER,3407,2010,0.300015044
Simplicity2,WINDPOWER,3408,2010,0.33847698
Simplicity2,WINDPOWER,3409,2010,0.322892573
Simplicity2,WINDPOWER,3410,2010,0.357398254
Simplicity2,WINDPOWER,3411,2010,0.412500244
Simplicity2,WINDPOWER,3412,2010,0.340840656
Simplicity2,WINDPOWER,3413,2010,0.402222981
Simplicity2,WINDPOWER,3414,2010,0.418082539
Simplicity2,WINDPOWER,3415,2010,0.387530137
Simplicity2,WINDPOWER,3416,2010,0.334736428
Simplicity2,WINDPOWER,3417,2010,0.246210471
Simplicity2,WINDPOWER,3418,2010,0.257049636
Simplicity2,WINDPOWER,3419,2010,0.40107437
Simplicity2,WINDPOWER,3420,2010,0.419750049
Simplicity2,WINDPOWER,3421,2010,0.397026774
Simplicity2,WINDPOWER,3422,2010,0.343082578
Simplicity2,WINDPOWER,3423,2010,0.282255277
Simplicity2,WINDPOWER,3424,2010,0.254823508
Simplicity2,WINDPOWER,3425,2010,0.265648628
Simplicity2,WINDPOWER,3426,2010,0.400930664
Simplicity2,WINDPOWER,3427,2010,0.493618749
Simplicity2,WINDPOWER,3428,2010,0.513028442
Simplicity2,WINDPOWER,3429,2010,0.455989251
Simplicity2,WINDPOWER,3430,2010,0.451993345
Simplicity2,WINDPOWER,3431,2010,0.608867704
Simplicity2,WINDPOWER,3432,2010,0.547134297
Simplicity2,WINDPOWER,3433,2010,0.434649802
Simplicity2,WINDPOWER,3434,2010,0.417111295
Simplicity2,WINDPOWER,3435,2010,0.403246284
Simplicity2,WINDPOWER,3436,2010,0.36855153
Simplicity2,WINDPOWER,3437,2010,0.350577969
Simplicity2,WINDPOWER,3438,2010,0.351313912
Simplicity2,WINDPOWER,3439,2010,0.462346299
Simplicity2,WINDPOWER,3440,2010,0.461815599
Simplicity2,WINDPOWER,3441,2010,0.510311344
Simplicity2,WINDPOWER,3442,2010,0.469077093
Simplicity2,WINDPOWER,3443,2010,0.408607313
Simplicity2,WINDPOWER,3444,2010,0.336037009
Simplicity2,WINDPOWER,3445,2010,0.441767025
Simplicity2,WINDPOWER,3446,2010,0.519272151
Simplicity2,WINDPOWER,3447,2010,0.346200898
Simplicity2,WINDPOWER,3448,2010,0.330941216
Simplicity2,WINDPOWER,3449,2010,0.410537281
Simplicity2,WINDPOWER,3450,2010,0.441440825
Simplicity2,WINDPOWER,3451,2010,0.409028427
Simplicity2,WINDPOWER,3452,2010,0.374373918
Simplicity2,WINDPOWER,3453,2010,0.403490194
Simplicity2,WINDPOWER,3454,2010,0.360636167
Simplicity2,WINDPOWER,3455,2010,0.496900681
Simplicity2,WINDPOWER,3456,2010,0.479818096
Simplicity2,WINDPOWER,3457,2010,0.496781968
Simplicity2,WINDPOWER,3458,2010,0.542025592
Simplicity2,WINDPOWER,3459,2010,0.57243689
Simplicity2,WINDPOWER,3460,2010,0.551106608
Simplicity2,WINDPOWER,3461,2010,0.488007544
Simplicity2,WINDPOWER,3462,2010,0.47643522
Simplicity2,WINDPOWER,3463,2010,0.530127005
Simplicity2,WINDPOWER,3464,2010,0.536652095
Simplicity2,WINDPOWER,3465,2010,0.412010875
Simplicity2,WINDPOWER,3466,2010,0.394137187
Simplicity2,WINDPOWER,3467,2010,0.490732488
Simplicity2,WINDPOWER,3468,2010,0.487727204
Simplicity2,WINDPOWER,3469,2010,0.470906384
Simplicity2,WINDPOWER,3470,2010,0.566112474
Simplicity2,WINDPOWER,3471,2010,0.538614254
Simplicity2,WINDPOWER,3472,2010,0.582749313
Simplicity2,WINDPOWER,3473,2010,0.436334967
Simplicity2,WINDPOWER,3474,2010,0.48965873
Simplicity2,WINDPOWER,3475,2010,0.514029215
Simplicity2,WINDPOWER,3476,2010,0.601155755
Simplicity2,WINDPOWER,3477,2010,0.555139974
Simplicity2,WINDPOWER,3478,2010,0.606345006
Simplicity2,WINDPOWER,3479,2010,0.491971647
Simplicity2,WINDPOWER,3480,2010,0.492419588
Simplicity2,WINDPOWER,3481,2010,0.517578523
Simplicity2,WINDPOWER,3482,2010,0.430530454
Simplicity2,WINDPOWER,3483,2010,0.485898257
Simplicity2,WINDPOWER,3484,2010,0.53427507
Simplicity2,WINDPOWER,3485,2010,0.531479048
Simplicity2,WINDPOWER,3486,2010,0.608740911
Simplicity2,WINDPOWER,3487,2010,0.586657916
Simplicity2,WINDPOWER,3488,2010,0.570936235
Simplicity2,WINDPOWER,3489,2010,0.555844892
Simplicity2,WINDPOWER,3490,2010,0.600715026
Simplicity2,WINDPOWER,3491,2010,0.568289615
Simplicity2,WINDPOWER,3492,2010,0.614832152
Simplicity2,WINDPOWER,3493,2010,0.54712014
Simplicity2,WINDPOWER,3494,2010,0.512451791
Simplicity2,WINDPOWER,3495,2010,0.337758196
Simplicity2,WINDPOWER,3496,2010,0.398141183
Simplicity2,WINDPOWER,3497,2010,0.530998222
Simplicity2,WINDPOWER,3498,2010,0.58370425
Simplicity2,WINDPOWER,3499,2010,0.540984887
Simplicity2,WINDPOWER,3500,2010,0.502462035
Simplicity2,WINDPOWER,3501,2010,0.490961574
Simplicity2,WINDPOWER,3502,2010,0.534083903
Simplicity2,WINDPOWER,3503,2010,0.572089157
Simplicity2,WINDPOWER,3504,2010,0.599909134
Simplicity2,WINDPOWER,3505,2010,0.516988365
Simplicity2,WINDPOWER,3506,2010,0.581188049
Simplicity2,WINDPOWER,3507,2010,0.545471849
Simplicity2,WINDPOWER,3508,2010,0.454601123
Simplicity2,WINDPOWER,3509,2010,0.54077645
Simplicity2,WINDPOWER,3510,2010,0.549171958
Simplicity2,WINDPOWER,3511,2010,0.588768419
Simplicity2,WINDPOWER,3512,2010,0.413141277
Simplicity2,WINDPOWER,3513,2010,0.537066697
Simplicity2,WINDPOWER,3514,2010,0.582811571
Simplicity2,WINDPOWER,3515,2010,0.562329857
Simplicity2,WINDPOWER,3516,2010,0.512143671
Simplicity2,WINDPOWER,3517,2010,0.496048453
Simplicity2,WINDPOWER,3518,2010,0.512129685
Simplicity2,WINDPOWER,3519,2010,0.529944668
Simplicity2,WINDPOWER,3520,2010,0.514498025
Simplicity2,WINDPOWER,3521,2010,0.586208891
Simplicity2,WINDPOWER,3522,2010,0.530261245
Simplicity2,WINDPOWER,3523,2010,0.485556008
Simplicity2,WINDPOWER,3524,2010,0.452567295
Simplicity2,WINDPOWER,3525,2010,0.476809558
Simplicity2,WINDPOWER,3526,2010,0.468019818
Simplicity2,WINDPOWER,3527,2010,0.541210553
Simplicity2,WINDPOWER,3528,2010,0.534408543
Simplicity2,WINDPOWER,3529,2010,0.56168761
Simplicity2,WINDPOWER,3530,2010,0.546638867
Simplicity2,WINDPOWER,3531,2010,0.553843287
Simplicity2,WINDPOWER,3532,2010,0.523674312
Simplicity2,WINDPOWER,3533,2010,0.526220692
Simplicity2,WINDPOWER,3534,2010,0.548934121
Simplicity2,WINDPOWER,3535,2010,0.57006716
Simplicity2,WINDPOWER,3536,2010,0.588715535
Simplicity2,WINDPOWER,3537,2010,0.49273483
Simplicity2,WINDPOWER,3538,2010,0.406679935
Simplicity2,WINDPOWER,3539,2010,0.482756895
Simplicity2,WINDPOWER,3540,2010,0.55755622
Simplicity2,WINDPOWER,3541,2010,0.555126851
Simplicity2,WINDPOWER,3542,2010,0.388758248
Simplicity2,WINDPOWER,3543,2010,0.446129511
Simplicity2,WINDPOWER,3544,2010,0.50756747
Simplicity2,WINDPOWER,3545,2010,0.559877316
Simplicity2,WINDPOWER,3546,2010,0.536218661
Simplicity2,WINDPOWER,3547,2010,0.490934223
Simplicity2,WINDPOWER,3548,2010,0.503175483
Simplicity2,WINDPOWER,3549,2010,0.426454775
Simplicity2,WINDPOWER,3550,2010,0.320569982
Simplicity2,WINDPOWER,3551,2010,0.391347231
Simplicity2,WINDPOWER,3552,2010,0.39633984
Simplicity2,WINDPOWER,3553,2010,0.494245569
Simplicity2,WINDPOWER,3554,2010,0.516533344
Simplicity2,WINDPOWER,3555,2010,0.492185575
Simplicity2,WINDPOWER,3556,2010,0.482147126
Simplicity2,WINDPOWER,3557,2010,0.468558347
Simplicity2,WINDPOWER,3558,2010,0.483691396
Simplicity2,WINDPOWER,3559,2010,0.492193844
Simplicity2,WINDPOWER,3560,2010,0.441833093
Simplicity2,WINDPOWER,3561,2010,0.450590259
Simplicity2,WINDPOWER,3562,2010,0.499277884
Simplicity2,WINDPOWER,3563,2010,0.511278434
Simplicity2,WINDPOWER,3564,2010,0.520025548
Simplicity2,WINDPOWER,3565,2010,0.419392047
Simplicity2,WINDPOWER,3566,2010,0.383469559
Simplicity2,WINDPOWER,3567,2010,0.589654874
Simplicity2,WINDPOWER,3568,2010,0.485895702
Simplicity2,WINDPOWER,3569,2010,0.497018897
Simplicity2,WINDPOWER,3570,2010,0.449176911
Simplicity2,WINDPOWER,3571,2010,0.450498121
Simplicity2,WINDPOWER,3572,2010,0.511418545
Simplicity2,WINDPOWER,3573,2010,0.54450505
Simplicity2,WINDPOWER,3574,2010,0.586558033
Simplicity2,WINDPOWER,3575,2010,0.546358073
Simplicity2,WINDPOWER,3576,2010,0.493621497
Simplicity2,WINDPOWER,3577,2010,0.390918189
Simplicity2,WINDPOWER,3578,2010,0.434148112
Simplicity2,WINDPOWER,3579,2010,0.437057616
Simplicity2,WINDPOWER,3580,2010,0.332323765
Simplicity2,WINDPOWER,3581,2010,0.352075393
Simplicity2,WINDPOWER,3582,2010,0.424522777
Simplicity2,WINDPOWER,3583,2010,0.377724916
Simplicity2,WINDPOWER,3584,2010,0.377240297
Simplicity2,WINDPOWER,3585,2010,0.462951846
Simplicity2,WINDPOWER,3586,2010,0.519899538
Simplicity2,WINDPOWER,3587,2010,0.513294938
Simplicity2,WINDPOWER,3588,2010,0.480215684
Simplicity2,WINDPOWER,3589,2010,0.328824125
Simplicity2,WINDPOWER,3590,2010,0.324321864
Simplicity2,WINDPOWER,3591,2010,0.248911627
Simplicity2,WINDPOWER,3592,2010,0.230689381
Simplicity2,WINDPOWER,3593,2010,0.22350375
Simplicity2,WINDPOWER,3594,2010,0.12519269
Simplicity2,WINDPOWER,3595,2010,0.301886756
Simplicity2,WINDPOWER,3596,2010,0.401226853
Simplicity2,WINDPOWER,3597,2010,0.365942627
Simplicity2,WINDPOWER,3598,2010,0.404388919
Simplicity2,WINDPOWER,3599,2010,0.409356313
Simplicity2,WINDPOWER,3600,2010,0.382010972
Simplicity2,WINDPOWER,3601,2010,0.344686206
Simplicity2,WINDPOWER,3602,2010,0.350060314
Simplicity2,WINDPOWER,3603,2010,0.423664273
Simplicity2,WINDPOWER,3604,2010,0.374091316
Simplicity2,WINDPOWER,3605,2010,0.405149162
Simplicity2,WINDPOWER,3606,2010,0.43997315
Simplicity2,WINDPOWER,3607,2010,0.318732029
Simplicity2,WINDPOWER,3608,2010,0.368124424
Simplicity2,WINDPOWER,3609,2010,0.33629639
Simplicity2,WINDPOWER,3610,2010,0.420778072
Simplicity2,WINDPOWER,3611,2010,0.424347879
Simplicity2,WINDPOWER,3612,2010,0.401398495
Simplicity2,WINDPOWER,3613,2010,0.297064702
Simplicity2,WINDPOWER,3614,2010,0.344731106
Simplicity2,WINDPOWER,3615,2010,0.359830196
Simplicity2,WINDPOWER,3616,2010,0.326438422
Simplicity2,WINDPOWER,3617,2010,0.313189387
Simplicity2,WINDPOWER,3618,2010,0.263707879
Simplicity2,WINDPOWER,3619,2010,0.259861417
Simplicity2,WINDPOWER,3620,2010,0.233081914
Simplicity2,WINDPOWER,3621,2010,0.309188127
Simplicity2,WINDPOWER,3622,2010,0.325575264
Simplicity2,WINDPOWER,3623,2010,0.334451811
Simplicity2,WINDPOWER,3624,2010,0.418328891
Simplicity2,WINDPOWER,3625,2010,0.451242636
Simplicity2,WINDPOWER,3626,2010,0.413183655
Simplicity2,WINDPOWER,3627,2010,0.361510464
Simplicity2,WINDPOWER,3628,2010,0.296708792
Simplicity2,WINDPOWER,3629,2010,0.332512509
Simplicity2,WINDPOWER,3630,2010,0.378794033
Simplicity2,WINDPOWER,3631,2010,0.388477423
Simplicity2,WINDPOWER,3632,2010,0.356022252
Simplicity2,WINDPOWER,3633,2010,0.400048753
Simplicity2,WINDPOWER,3634,2010,0.414646195
Simplicity2,WINDPOWER,3635,2010,0.41846213
Simplicity2,WINDPOWER,3636,2010,0.352762195
Simplicity2,WINDPOWER,3637,2010,0.313589002
Simplicity2,WINDPOWER,3638,2010,0.270610511
Simplicity2,WINDPOWER,3639,2010,0.253566712
Simplicity2,WINDPOWER,3640,2010,0.279526386
Simplicity2,WINDPOWER,3641,2010,0.31665962
Simplicity2,WINDPOWER,3642,2010,0.262544777
Simplicity2,WINDPOWER,3643,2010,0.205808519
Simplicity2,WINDPOWER,3644,2010,0.284359504
Simplicity2,WINDPOWER,3645,2010,0.26618581
Simplicity2,WINDPOWER,3646,2010,0.293437889
Simplicity2,WINDPOWER,3647,2010,0.401642134
Simplicity2,WINDPOWER,3648,2010,0.38253758
Simplicity2,WINDPOWER,3649,2010,0.33592741
Simplicity2,WINDPOWER,3650,2010,0.320609462
Simplicity2,WINDPOWER,3651,2010,0.320916221
Simplicity2,WINDPOWER,3652,2010,0.280183555
Simplicity2,WINDPOWER,3653,2010,0.314370263
Simplicity2,WINDPOWER,3654,2010,0.283276565
Simplicity2,WINDPOWER,3655,2010,0.340670009
Simplicity2,WINDPOWER,3656,2010,0.264671072
Simplicity2,WINDPOWER,3657,2010,0.281994581
Simplicity2,WINDPOWER,3658,2010,0.293059114
Simplicity2,WINDPOWER,3659,2010,0.276674978
Simplicity2,WINDPOWER,3660,2010,0.258392451
Simplicity2,WINDPOWER,3661,2010,0.210792124
Simplicity2,WINDPOWER,3662,2010,0.200940362
Simplicity2,WINDPOWER,3663,2010,0.178322192
Simplicity2,WINDPOWER,3664,2010,0.373460289
Simplicity2,WINDPOWER,3665,2010,0.35127805
Simplicity2,WINDPOWER,3666,2010,0.317196959
Simplicity2,WINDPOWER,3667,2010,0.417281051
Simplicity2,WINDPOWER,3668,2010,0.416268107
Simplicity2,WINDPOWER,3669,2010,0.337796965
Simplicity2,WINDPOWER,3670,2010,0.284071084
Simplicity2,WINDPOWER,3671,2010,0.291960107
Simplicity2,WINDPOWER,3672,2010,0.333084132
Simplicity2,WINDPOWER,3673,2010,0.307778986
Simplicity2,WINDPOWER,3674,2010,0.263495346
Simplicity2,WINDPOWER,3675,2010,0.272484343
Simplicity2,WINDPOWER,3676,2010,0.327489689
Simplicity2,WINDPOWER,3677,2010,0.320267126
Simplicity2,WINDPOWER,3678,2010,0.301171569
Simplicity2,WINDPOWER,3679,2010,0.276830783
Simplicity2,WINDPOWER,3680,2010,0.379149057
Simplicity2,WINDPOWER,3681,2010,0.426944213
Simplicity2,WINDPOWER,3682,2010,0.396411384
Simplicity2,WINDPOWER,3683,2010,0.285814393
Simplicity2,WINDPOWER,3684,2010,0.31748581
Simplicity2,WINDPOWER,3685,2010,0.341460984
Simplicity2,WINDPOWER,3686,2010,0.30027743
Simplicity2,WINDPOWER,3687,2010,0.19830669
Simplicity2,WINDPOWER,3688,2010,0.219742148
Simplicity2,WINDPOWER,3689,2010,0.246027693
Simplicity2,WINDPOWER,3690,2010,0.200792884
Simplicity2,WINDPOWER,3691,2010,0.318974728
Simplicity2,WINDPOWER,3692,2010,0.402430041
Simplicity2,WINDPOWER,3693,2010,0.322915173
Simplicity2,WINDPOWER,3694,2010,0.398742272
Simplicity2,WINDPOWER,3695,2010,0.333804909
Simplicity2,WINDPOWER,3696,2010,0.245558561
Simplicity2,WINDPOWER,3697,2010,0.155357013
Simplicity2,WINDPOWER,3698,2010,0.15237263
Simplicity2,WINDPOWER,3699,2010,0.220341493
Simplicity2,WINDPOWER,3700,2010,0.213788463
Simplicity2,WINDPOWER,3701,2010,0.242426277
Simplicity2,WINDPOWER,3702,2010,0.429227996
Simplicity2,WINDPOWER,3703,2010,0.38807711
Simplicity2,WINDPOWER,3704,2010,0.228802802
Simplicity2,WINDPOWER,3705,2010,0.24953044
Simplicity2,WINDPOWER,3706,2010,0.342019827
Simplicity2,WINDPOWER,3707,2010,0.326773063
Simplicity2,WINDPOWER,3708,2010,0.424505275
Simplicity2,WINDPOWER,3709,2010,0.484940299
Simplicity2,WINDPOWER,3710,2010,0.439899178
Simplicity2,WINDPOWER,3711,2010,0.401623711
Simplicity2,WINDPOWER,3712,2010,0.345125917
Simplicity2,WINDPOWER,3713,2010,0.359501363
Simplicity2,WINDPOWER,3714,2010,0.29656976
Simplicity2,WINDPOWER,3715,2010,0.322551079
Simplicity2,WINDPOWER,3716,2010,0.335381252
Simplicity2,WINDPOWER,3717,2010,0.30802981
Simplicity2,WINDPOWER,3718,2010,0.326811895
Simplicity2,WINDPOWER,3719,2010,0.336950911
Simplicity2,WINDPOWER,3720,2010,0.299184257
Simplicity2,WINDPOWER,3721,2010,0.23159067
Simplicity2,WINDPOWER,3722,2010,0.223296665
Simplicity2,WINDPOWER,3723,2010,0.18164809
Simplicity2,WINDPOWER,3724,2010,0.192637752
Simplicity2,WINDPOWER,3725,2010,0.167103663
Simplicity2,WINDPOWER,3726,2010,0.206698862
Simplicity2,WINDPOWER,3727,2010,0.228025233
Simplicity2,WINDPOWER,3728,2010,0.291173991
Simplicity2,WINDPOWER,3729,2010,0.255502661
Simplicity2,WINDPOWER,3730,2010,0.294682877
Simplicity2,WINDPOWER,3731,2010,0.290623679
Simplicity2,WINDPOWER,3732,2010,0.393429921
Simplicity2,WINDPOWER,3733,2010,0.31763798
Simplicity2,WINDPOWER,3734,2010,0.26421657
Simplicity2,WINDPOWER,3735,2010,0.296076776
Simplicity2,WINDPOWER,3736,2010,0.201340605
Simplicity2,WINDPOWER,3737,2010,0.290687426
Simplicity2,WINDPOWER,3738,2010,0.266820011
Simplicity2,WINDPOWER,3739,2010,0.298800523
Simplicity2,WINDPOWER,3740,2010,0.263920439
Simplicity2,WINDPOWER,3741,2010,0.224079818
Simplicity2,WINDPOWER,3742,2010,0.160468347
Simplicity2,WINDPOWER,3743,2010,0.286420762
Simplicity2,WINDPOWER,3744,2010,0.350186681
Simplicity2,WINDPOWER,3745,2010,0.354605354
Simplicity2,WINDPOWER,3746,2010,0.356263264
Simplicity2,WINDPOWER,3747,2010,0.36745719
Simplicity2,WINDPOWER,3748,2010,0.37503175
Simplicity2,WINDPOWER,3749,2010,0.358129665
Simplicity2,WINDPOWER,3750,2010,0.265566895
Simplicity2,WINDPOWER,3751,2010,0.284738826
Simplicity2,WINDPOWER,3752,2010,0.223738443
Simplicity2,WINDPOWER,3753,2010,0.231068037
Simplicity2,WINDPOWER,3754,2010,0.189890549
Simplicity2,WINDPOWER,3755,2010,0.29134743
Simplicity2,WINDPOWER,3756,2010,0.203745815
Simplicity2,WINDPOWER,3757,2010,0.172870585
Simplicity2,WINDPOWER,3758,2010,0.192200053
Simplicity2,WINDPOWER,3759,2010,0.208639031
Simplicity2,WINDPOWER,3760,2010,0.195910442
Simplicity2,WINDPOWER,3761,2010,0.213013801
Simplicity2,WINDPOWER,3762,2010,0.300086879
Simplicity2,WINDPOWER,3763,2010,0.277669479
Simplicity2,WINDPOWER,3764,2010,0.357213318
Simplicity2,WINDPOWER,3765,2010,0.377734017
Simplicity2,WINDPOWER,3766,2010,0.454441053
Simplicity2,WINDPOWER,3767,2010,0.303304667
Simplicity2,WINDPOWER,3768,2010,0.249316524
Simplicity2,WINDPOWER,3769,2010,0.312305241
Simplicity2,WINDPOWER,3770,2010,0.385908884
Simplicity2,WINDPOWER,3771,2010,0.351251069
Simplicity2,WINDPOWER,3772,2010,0.260611931
Simplicity2,WINDPOWER,3773,2010,0.298347773
Simplicity2,WINDPOWER,3774,2010,0.284097444
Simplicity2,WINDPOWER,3775,2010,0.305712364
Simplicity2,WINDPOWER,3776,2010,0.36642801
Simplicity2,WINDPOWER,3777,2010,0.305457786
Simplicity2,WINDPOWER,3778,2010,0.368256495
Simplicity2,WINDPOWER,3779,2010,0.391172659
Simplicity2,WINDPOWER,3780,2010,0.335341389
Simplicity2,WINDPOWER,3781,2010,0.291802336
Simplicity2,WINDPOWER,3782,2010,0.216675914
Simplicity2,WINDPOWER,3783,2010,0.233895167
Simplicity2,WINDPOWER,3784,2010,0.385685559
Simplicity2,WINDPOWER,3785,2010,0.376395071
Simplicity2,WINDPOWER,3786,2010,0.363270495
Simplicity2,WINDPOWER,3787,2010,0.30700567
Simplicity2,WINDPOWER,3788,2010,0.24228901
Simplicity2,WINDPOWER,3789,2010,0.226725691
Simplicity2,WINDPOWER,3790,2010,0.230890914
Simplicity2,WINDPOWER,3791,2010,0.376609234
Simplicity2,WINDPOWER,3792,2010,0.452810177
Simplicity2,WINDPOWER,3793,2010,0.501050375
Simplicity2,WINDPOWER,3794,2010,0.418080078
Simplicity2,WINDPOWER,3795,2010,0.422279535
Simplicity2,WINDPOWER,3796,2010,0.580835691
Simplicity2,WINDPOWER,3797,2010,0.519509974
Simplicity2,WINDPOWER,3798,2010,0.399367721
Simplicity2,WINDPOWER,3799,2010,0.353337015
Simplicity2,WINDPOWER,3800,2010,0.376606124
Simplicity2,WINDPOWER,3801,2010,0.327440405
Simplicity2,WINDPOWER,3802,2010,0.307083355
Simplicity2,WINDPOWER,3803,2010,0.293682081
Simplicity2,WINDPOWER,3804,2010,0.420101239
Simplicity2,WINDPOWER,3805,2010,0.435498947
Simplicity2,WINDPOWER,3806,2010,0.476213501
Simplicity2,WINDPOWER,3807,2010,0.450143225
Simplicity2,WINDPOWER,3808,2010,0.36738116
Simplicity2,WINDPOWER,3809,2010,0.311751743
Simplicity2,WINDPOWER,3810,2010,0.412080656
Simplicity2,WINDPOWER,3811,2010,0.463720359
Simplicity2,WINDPOWER,3812,2010,0.306834591
Simplicity2,WINDPOWER,3813,2010,0.295390457
Simplicity2,WINDPOWER,3814,2010,0.377457932
Simplicity2,WINDPOWER,3815,2010,0.421686779
Simplicity2,WINDPOWER,3816,2010,0.374226592
Simplicity2,WINDPOWER,3817,2010,0.337849076
Simplicity2,WINDPOWER,3818,2010,0.372984569
Simplicity2,WINDPOWER,3819,2010,0.330518709
Simplicity2,WINDPOWER,3820,2010,0.475015537
Simplicity2,WINDPOWER,3821,2010,0.456787153
Simplicity2,WINDPOWER,3822,2010,0.484268831
Simplicity2,WINDPOWER,3823,2010,0.525878962
Simplicity2,WINDPOWER,3824,2010,0.56405343
Simplicity2,WINDPOWER,3825,2010,0.544433111
Simplicity2,WINDPOWER,3826,2010,0.452353754
Simplicity2,WINDPOWER,3827,2010,0.442963116
Simplicity2,WINDPOWER,3828,2010,0.520553182
Simplicity2,WINDPOWER,3829,2010,0.510258421
Simplicity2,WINDPOWER,3830,2010,0.366391494
Simplicity2,WINDPOWER,3831,2010,0.356546281
Simplicity2,WINDPOWER,3832,2010,0.490941887
Simplicity2,WINDPOWER,3833,2010,0.461414964
Simplicity2,WINDPOWER,3834,2010,0.443564193
Simplicity2,WINDPOWER,3835,2010,0.548119174
Simplicity2,WINDPOWER,3836,2010,0.539781029
Simplicity2,WINDPOWER,3837,2010,0.564491938
Simplicity2,WINDPOWER,3838,2010,0.398199531
Simplicity2,WINDPOWER,3839,2010,0.477897864
Simplicity2,WINDPOWER,3840,2010,0.495797554
Simplicity2,WINDPOWER,3841,2010,0.576222308
Simplicity2,WINDPOWER,3842,2010,0.523628598
Simplicity2,WINDPOWER,3843,2010,0.574171982
Simplicity2,WINDPOWER,3844,2010,0.461568645
Simplicity2,WINDPOWER,3845,2010,0.460444957
Simplicity2,WINDPOWER,3846,2010,0.48663101
Simplicity2,WINDPOWER,3847,2010,0.396858963
Simplicity2,WINDPOWER,3848,2010,0.464701726
Simplicity2,WINDPOWER,3849,2010,0.502640019
Simplicity2,WINDPOWER,3850,2010,0.514390833
Simplicity2,WINDPOWER,3851,2010,0.587992351
Simplicity2,WINDPOWER,3852,2010,0.564683507
Simplicity2,WINDPOWER,3853,2010,0.543005668
Simplicity2,WINDPOWER,3854,2010,0.530018282
Simplicity2,WINDPOWER,3855,2010,0.587924283
Simplicity2,WINDPOWER,3856,2010,0.549595646
Simplicity2,WINDPOWER,3857,2010,0.590347307
Simplicity2,WINDPOWER,3858,2010,0.503381533
Simplicity2,WINDPOWER,3859,2010,0.451731342
Simplicity2,WINDPOWER,3860,2010,0.287940904
Simplicity2,WINDPOWER,3861,2010,0.359304454
Simplicity2,WINDPOWER,3862,2010,0.502935352
Simplicity2,WINDPOWER,3863,2010,0.544364177
Simplicity2,WINDPOWER,3864,2010,0.510068085
Simplicity2,WINDPOWER,3865,2010,0.46941186
Simplicity2,WINDPOWER,3866,2010,0.447328612
Simplicity2,WINDPOWER,3867,2010,0.475153699
Simplicity2,WINDPOWER,3868,2010,0.541031472
Simplicity2,WINDPOWER,3869,2010,0.577038229
Simplicity2,WINDPOWER,3870,2010,0.485036774
Simplicity2,WINDPOWER,3871,2010,0.544617891
Simplicity2,WINDPOWER,3872,2010,0.498753721
Simplicity2,WINDPOWER,3873,2010,0.427685502
Simplicity2,WINDPOWER,3874,2010,0.515955639
Simplicity2,WINDPOWER,3875,2010,0.517560845
Simplicity2,WINDPOWER,3876,2010,0.556913412
Simplicity2,WINDPOWER,3877,2010,0.391287907
Simplicity2,WINDPOWER,3878,2010,0.517069436
Simplicity2,WINDPOWER,3879,2010,0.561312482
Simplicity2,WINDPOWER,3880,2010,0.531162038
Simplicity2,WINDPOWER,3881,2010,0.477841994
Simplicity2,WINDPOWER,3882,2010,0.47633515
Simplicity2,WINDPOWER,3883,2010,0.484603832
Simplicity2,WINDPOWER,3884,2010,0.502384459
Simplicity2,WINDPOWER,3885,2010,0.482053446
Simplicity2,WINDPOWER,3886,2010,0.555615969
Simplicity2,WINDPOWER,3887,2010,0.50770438
Simplicity2,WINDPOWER,3888,2010,0.463138471
Simplicity2,WINDPOWER,3889,2010,0.422410475
Simplicity2,WINDPOWER,3890,2010,0.435205286
Simplicity2,WINDPOWER,3891,2010,0.447596574
Simplicity2,WINDPOWER,3892,2010,0.492000844
Simplicity2,WINDPOWER,3893,2010,0.486504172
Simplicity2,WINDPOWER,3894,2010,0.521633825
Simplicity2,WINDPOWER,3895,2010,0.523672741
Simplicity2,WINDPOWER,3896,2010,0.500571035
Simplicity2,WINDPOWER,3897,2010,0.483413479
Simplicity2,WINDPOWER,3898,2010,0.487699221
Simplicity2,WINDPOWER,3899,2010,0.532993901
Simplicity2,WINDPOWER,3900,2010,0.558377739
Simplicity2,WINDPOWER,3901,2010,0.549478796
Simplicity2,WINDPOWER,3902,2010,0.441055607
Simplicity2,WINDPOWER,3903,2010,0.352925705
Simplicity2,WINDPOWER,3904,2010,0.451114759
Simplicity2,WINDPOWER,3905,2010,0.53854926
Simplicity2,WINDPOWER,3906,2010,0.513156333
Simplicity2,WINDPOWER,3907,2010,0.351464365
Simplicity2,WINDPOWER,3908,2010,0.404758909
Simplicity2,WINDPOWER,3909,2010,0.48552692
Simplicity2,WINDPOWER,3910,2010,0.519456082
Simplicity2,WINDPOWER,3911,2010,0.493198161
Simplicity2,WINDPOWER,3912,2010,0.436863061
Simplicity2,WINDPOWER,3913,2010,0.455831809
Simplicity2,WINDPOWER,3914,2010,0.368592566
Simplicity2,WINDPOWER,3915,2010,0.303127586
Simplicity2,WINDPOWER,3916,2010,0.362791992
Simplicity2,WINDPOWER,3917,2010,0.371738291
Simplicity2,WINDPOWER,3918,2010,0.4637634
Simplicity2,WINDPOWER,3919,2010,0.466393967
Simplicity2,WINDPOWER,3920,2010,0.452551913
Simplicity2,WINDPOWER,3921,2010,0.448756684
Simplicity2,WINDPOWER,3922,2010,0.417371856
Simplicity2,WINDPOWER,3923,2010,0.447146576
Simplicity2,WINDPOWER,3924,2010,0.455068938
Simplicity2,WINDPOWER,3925,2010,0.394025408
Simplicity2,WINDPOWER,3926,2010,0.406334199
Simplicity2,WINDPOWER,3927,2010,0.436093749
Simplicity2,WINDPOWER,3928,2010,0.475188834
Simplicity2,WINDPOWER,3929,2010,0.475964499
Simplicity2,WINDPOWER,3930,2010,0.361841798
Simplicity2,WINDPOWER,3931,2010,0.352691019
Simplicity2,WINDPOWER,3932,2010,0.566352564
Simplicity2,WINDPOWER,3933,2010,0.453273304
Simplicity2,WINDPOWER,3934,2010,0.477286786
Simplicity2,WINDPOWER,3935,2010,0.392530777
Simplicity2,WINDPOWER,3936,2010,0.399541768
Simplicity2,WINDPOWER,3937,2010,0.461847309
Simplicity2,WINDPOWER,3938,2010,0.507462916
Simplicity2,WINDPOWER,3939,2010,0.5451534
Simplicity2,WINDPOWER,3940,2010,0.529407095
Simplicity2,WINDPOWER,3941,2010,0.449978961
Simplicity2,WINDPOWER,3942,2010,0.341942794
Simplicity2,WINDPOWER,3943,2010,0.38065923
Simplicity2,WINDPOWER,3944,2010,0.408740246
Simplicity2,WINDPOWER,3945,2010,0.300070599
Simplicity2,WINDPOWER,3946,2010,0.33152855
Simplicity2,WINDPOWER,3947,2010,0.381692186
Simplicity2,WINDPOWER,3948,2010,0.363828315
Simplicity2,WINDPOWER,3949,2010,0.353093112
Simplicity2,WINDPOWER,3950,2010,0.436547216
Simplicity2,WINDPOWER,3951,2010,0.482738596
Simplicity2,WINDPOWER,3952,2010,0.479560699
Simplicity2,WINDPOWER,3953,2010,0.403834314
Simplicity2,WINDPOWER,3954,2010,0.286979896
Simplicity2,WINDPOWER,3955,2010,0.29737038
Simplicity2,WINDPOWER,3956,2010,0.234212665
Simplicity2,WINDPOWER,3957,2010,0.231698175
Simplicity2,WINDPOWER,3958,2010,0.215173827
Simplicity2,WINDPOWER,3959,2010,0.137281609
Simplicity2,WINDPOWER,3960,2010,0.30596304
Simplicity2,WINDPOWER,3961,2010,0.383312089
Simplicity2,WINDPOWER,3962,2010,0.341090049
Simplicity2,WINDPOWER,3963,2010,0.381781406
Simplicity2,WINDPOWER,3964,2010,0.381448607
Simplicity2,WINDPOWER,3965,2010,0.353288527
Simplicity2,WINDPOWER,3966,2010,0.294500138
Simplicity2,WINDPOWER,3967,2010,0.323513962
Simplicity2,WINDPOWER,3968,2010,0.3986443
Simplicity2,WINDPOWER,3969,2010,0.352097265
Simplicity2,WINDPOWER,3970,2010,0.36115529
Simplicity2,WINDPOWER,3971,2010,0.400101554
Simplicity2,WINDPOWER,3972,2010,0.299043821
Simplicity2,WINDPOWER,3973,2010,0.3185674
Simplicity2,WINDPOWER,3974,2010,0.312154151
Simplicity2,WINDPOWER,3975,2010,0.362906243
Simplicity2,WINDPOWER,3976,2010,0.377992296
Simplicity2,WINDPOWER,3977,2010,0.36468647
Simplicity2,WINDPOWER,3978,2010,0.27538583
Simplicity2,WINDPOWER,3979,2010,0.313828597
Simplicity2,WINDPOWER,3980,2010,0.332566314
Simplicity2,WINDPOWER,3981,2010,0.296255263
Simplicity2,WINDPOWER,3982,2010,0.294948678
Simplicity2,WINDPOWER,3983,2010,0.264933727
Simplicity2,WINDPOWER,3984,2010,0.244329964
Simplicity2,WINDPOWER,3985,2010,0.225815706
Simplicity2,WINDPOWER,3986,2010,0.284028565
Simplicity2,WINDPOWER,3987,2010,0.311685744
Simplicity2,WINDPOWER,3988,2010,0.304661715
Simplicity2,WINDPOWER,3989,2010,0.401321223
Simplicity2,WINDPOWER,3990,2010,0.422799207
Simplicity2,WINDPOWER,3991,2010,0.386646476
Simplicity2,WINDPOWER,3992,2010,0.317419955
Simplicity2,WINDPOWER,3993,2010,0.282326
Simplicity2,WINDPOWER,3994,2010,0.290277847
Simplicity2,WINDPOWER,3995,2010,0.359477869
Simplicity2,WINDPOWER,3996,2010,0.363372885
Simplicity2,WINDPOWER,3997,2010,0.348770628
Simplicity2,WINDPOWER,3998,2010,0.379066722
Simplicity2,WINDPOWER,3999,2010,0.395836496
Simplicity2,WINDPOWER,4000,2010,0.395017585
Simplicity2,WINDPOWER,4001,2010,0.317787928
Simplicity2,WINDPOWER,4002,2010,0.285310917
Simplicity2,WINDPOWER,4003,2010,0.247033912
Simplicity2,WINDPOWER,4004,2010,0.233347558
Simplicity2,WINDPOWER,4005,2010,0.280220115
Simplicity2,WINDPOWER,4006,2010,0.326407461
Simplicity2,WINDPOWER,4007,2010,0.266532969
Simplicity2,WINDPOWER,4008,2010,0.1971172
Simplicity2,WINDPOWER,4009,2010,0.270412829
Simplicity2,WINDPOWER,4010,2010,0.25000585
Simplicity2,WINDPOWER,4011,2010,0.279573815
Simplicity2,WINDPOWER,4012,2010,0.366668459
Simplicity2,WINDPOWER,4013,2010,0.331108204
Simplicity2,WINDPOWER,4014,2010,0.29307117
Simplicity2,WINDPOWER,4015,2010,0.314155779
Simplicity2,WINDPOWER,4016,2010,0.308416438
Simplicity2,WINDPOWER,4017,2010,0.264000983
Simplicity2,WINDPOWER,4018,2010,0.311332677
Simplicity2,WINDPOWER,4019,2010,0.284212871
Simplicity2,WINDPOWER,4020,2010,0.316707637
Simplicity2,WINDPOWER,4021,2010,0.251820114
Simplicity2,WINDPOWER,4022,2010,0.282505995
Simplicity2,WINDPOWER,4023,2010,0.286078004
Simplicity2,WINDPOWER,4024,2010,0.272856657
Simplicity2,WINDPOWER,4025,2010,0.249286999
Simplicity2,WINDPOWER,4026,2010,0.211756337
Simplicity2,WINDPOWER,4027,2010,0.18508176
Simplicity2,WINDPOWER,4028,2010,0.173331926
Simplicity2,WINDPOWER,4029,2010,0.350863238
Simplicity2,WINDPOWER,4030,2010,0.33330736
Simplicity2,WINDPOWER,4031,2010,0.283903247
Simplicity2,WINDPOWER,4032,2010,0.391847399
Simplicity2,WINDPOWER,4033,2010,0.392703612
Simplicity2,WINDPOWER,4034,2010,0.305387646
Simplicity2,WINDPOWER,4035,2010,0.266035085
Simplicity2,WINDPOWER,4036,2010,0.281122137
Simplicity2,WINDPOWER,4037,2010,0.326039582
Simplicity2,WINDPOWER,4038,2010,0.301165352
Simplicity2,WINDPOWER,4039,2010,0.249504942
Simplicity2,WINDPOWER,4040,2010,0.246902065
Simplicity2,WINDPOWER,4041,2010,0.30419439
Simplicity2,WINDPOWER,4042,2010,0.291688209
Simplicity2,WINDPOWER,4043,2010,0.279507991
Simplicity2,WINDPOWER,4044,2010,0.276202588
Simplicity2,WINDPOWER,4045,2010,0.364183918
Simplicity2,WINDPOWER,4046,2010,0.405311378
Simplicity2,WINDPOWER,4047,2010,0.372083295
Simplicity2,WINDPOWER,4048,2010,0.265979901
Simplicity2,WINDPOWER,4049,2010,0.288904936
Simplicity2,WINDPOWER,4050,2010,0.329966307
Simplicity2,WINDPOWER,4051,2010,0.284304257
Simplicity2,WINDPOWER,4052,2010,0.193863428
Simplicity2,WINDPOWER,4053,2010,0.220653477
Simplicity2,WINDPOWER,4054,2010,0.22623178
Simplicity2,WINDPOWER,4055,2010,0.198687029
Simplicity2,WINDPOWER,4056,2010,0.295294151
Simplicity2,WINDPOWER,4057,2010,0.402395283
Simplicity2,WINDPOWER,4058,2010,0.304143831
Simplicity2,WINDPOWER,4059,2010,0.372638136
Simplicity2,WINDPOWER,4060,2010,0.295139365
Simplicity2,WINDPOWER,4061,2010,0.228519701
Simplicity2,WINDPOWER,4062,2010,0.140445349
Simplicity2,WINDPOWER,4063,2010,0.148988933
Simplicity2,WINDPOWER,4064,2010,0.209854487
Simplicity2,WINDPOWER,4065,2010,0.204005269
Simplicity2,WINDPOWER,4066,2010,0.251779451
Simplicity2,WINDPOWER,4067,2010,0.415786498
Simplicity2,WINDPOWER,4068,2010,0.351504728
Simplicity2,WINDPOWER,4069,2010,0.200747644
Simplicity2,WINDPOWER,4070,2010,0.237594852
Simplicity2,WINDPOWER,4071,2010,0.322989476
Simplicity2,WINDPOWER,4072,2010,0.297733989
Simplicity2,WINDPOWER,4073,2010,0.397587739
Simplicity2,WINDPOWER,4074,2010,0.448574618
Simplicity2,WINDPOWER,4075,2010,0.399778863
Simplicity2,WINDPOWER,4076,2010,0.400161895
Simplicity2,WINDPOWER,4077,2010,0.314635791
Simplicity2,WINDPOWER,4078,2010,0.317995458
Simplicity2,WINDPOWER,4079,2010,0.274935041
Simplicity2,WINDPOWER,4080,2010,0.311925604
Simplicity2,WINDPOWER,4081,2010,0.305615259
Simplicity2,WINDPOWER,4082,2010,0.286666545
Simplicity2,WINDPOWER,4083,2010,0.291246961
Simplicity2,WINDPOWER,4084,2010,0.299508954
Simplicity2,WINDPOWER,4085,2010,0.262075526
Simplicity2,WINDPOWER,4086,2010,0.200443388
Simplicity2,WINDPOWER,4087,2010,0.18621051
Simplicity2,WINDPOWER,4088,2010,0.155580846
Simplicity2,WINDPOWER,4089,2010,0.166734085
Simplicity2,WINDPOWER,4090,2010,0.15212603
Simplicity2,WINDPOWER,4091,2010,0.182890047
Simplicity2,WINDPOWER,4092,2010,0.215429058
Simplicity2,WINDPOWER,4093,2010,0.276820279
Simplicity2,WINDPOWER,4094,2010,0.236237082
Simplicity2,WINDPOWER,4095,2010,0.281578541
Simplicity2,WINDPOWER,4096,2010,0.27536923
Simplicity2,WINDPOWER,4097,2010,0.3758144
Simplicity2,WINDPOWER,4098,2010,0.28410425
Simplicity2,WINDPOWER,4099,2010,0.228284693
Simplicity2,WINDPOWER,4100,2010,0.272297192
Simplicity2,WINDPOWER,4101,2010,0.159130557
Simplicity2,WINDPOWER,4102,2010,0.255706102
Simplicity2,WINDPOWER,4103,2010,0.209035913
Simplicity2,WINDPOWER,4104,2010,0.260160548
Simplicity2,WINDPOWER,4105,2010,0.213462659
Simplicity2,WINDPOWER,4106,2010,0.197158663
Simplicity2,WINDPOWER,4107,2010,0.154915932
Simplicity2,WINDPOWER,4108,2010,0.26936976
Simplicity2,WINDPOWER,4109,2010,0.322844105
Simplicity2,WINDPOWER,4110,2010,0.313077745
Simplicity2,WINDPOWER,4111,2010,0.309757399
Simplicity2,WINDPOWER,4112,2010,0.316702016
Simplicity2,WINDPOWER,4113,2010,0.3412346
Simplicity2,WINDPOWER,4114,2010,0.317388695
Simplicity2,WINDPOWER,4115,2010,0.243040741
Simplicity2,WINDPOWER,4116,2010,0.241896841
Simplicity2,WINDPOWER,4117,2010,0.191426524
Simplicity2,WINDPOWER,4118,2010,0.216415691
Simplicity2,WINDPOWER,4119,2010,0.17384478
Simplicity2,WINDPOWER,4120,2010,0.247025005
Simplicity2,WINDPOWER,4121,2010,0.194222761
Simplicity2,WINDPOWER,4122,2010,0.142311523
Simplicity2,WINDPOWER,4123,2010,0.190994314
Simplicity2,WINDPOWER,4124,2010,0.194708133
Simplicity2,WINDPOWER,4125,2010,0.189948749
Simplicity2,WINDPOWER,4126,2010,0.2154493
Simplicity2,WINDPOWER,4127,2010,0.286339725
Simplicity2,WINDPOWER,4128,2010,0.261126508
Simplicity2,WINDPOWER,4129,2010,0.327306652
Simplicity2,WINDPOWER,4130,2010,0.338416571
Simplicity2,WINDPOWER,4131,2010,0.41739404
Simplicity2,WINDPOWER,4132,2010,0.246561475
Simplicity2,WINDPOWER,4133,2010,0.229591631
Simplicity2,WINDPOWER,4134,2010,0.282662177
Simplicity2,WINDPOWER,4135,2010,0.34968587
Simplicity2,WINDPOWER,4136,2010,0.330097313
Simplicity2,WINDPOWER,4137,2010,0.225988236
Simplicity2,WINDPOWER,4138,2010,0.266435382
Simplicity2,WINDPOWER,4139,2010,0.253350695
Simplicity2,WINDPOWER,4140,2010,0.290026923
Simplicity2,WINDPOWER,4141,2010,0.33332328
Simplicity2,WINDPOWER,4142,2010,0.277052406
Simplicity2,WINDPOWER,4143,2010,0.324100193
Simplicity2,WINDPOWER,4144,2010,0.346703701
Simplicity2,WINDPOWER,4145,2010,0.287649092
Simplicity2,WINDPOWER,4146,2010,0.245119638
Simplicity2,WINDPOWER,4147,2010,0.183175569
Simplicity2,WINDPOWER,4148,2010,0.206073305
Simplicity2,WINDPOWER,4149,2010,0.359132047
Simplicity2,WINDPOWER,4150,2010,0.330808992
Simplicity2,WINDPOWER,4151,2010,0.31740171
Simplicity2,WINDPOWER,4152,2010,0.274096915
Simplicity2,WINDPOWER,4153,2010,0.208165606
Simplicity2,WINDPOWER,4154,2010,0.20498272
Simplicity2,WINDPOWER,4155,2010,0.207285392
Simplicity2,WINDPOWER,4156,2010,0.34529696
Simplicity2,WINDPOWER,4157,2010,0.39145735
Simplicity2,WINDPOWER,4158,2010,0.472569241
Simplicity2,WINDPOWER,4159,2010,0.37551658
Simplicity2,WINDPOWER,4160,2010,0.387041468
Simplicity2,WINDPOWER,4161,2010,0.544909761
Simplicity2,WINDPOWER,4162,2010,0.490013612
Simplicity2,WINDPOWER,4163,2010,0.371975978
Simplicity2,WINDPOWER,4164,2010,0.309437142
Simplicity2,WINDPOWER,4165,2010,0.348958407
Simplicity2,WINDPOWER,4166,2010,0.295011131
Simplicity2,WINDPOWER,4167,2010,0.268875169
Simplicity2,WINDPOWER,4168,2010,0.261992728
Simplicity2,WINDPOWER,4169,2010,0.364612916
Simplicity2,WINDPOWER,4170,2010,0.41630947
Simplicity2,WINDPOWER,4171,2010,0.447799295
Simplicity2,WINDPOWER,4172,2010,0.405505708
Simplicity2,WINDPOWER,4173,2010,0.3294907
Simplicity2,WINDPOWER,4174,2010,0.289106071
Simplicity2,WINDPOWER,4175,2010,0.37733489
Simplicity2,WINDPOWER,4176,2010,0.402962088
Simplicity2,WINDPOWER,4177,2010,0.270122521
Simplicity2,WINDPOWER,4178,2010,0.278347694
Simplicity2,WINDPOWER,4179,2010,0.352317847
Simplicity2,WINDPOWER,4180,2010,0.408367385
Simplicity2,WINDPOWER,4181,2010,0.335276662
Simplicity2,WINDPOWER,4182,2010,0.302611771
Simplicity2,WINDPOWER,4183,2010,0.341759097
Simplicity2,WINDPOWER,4184,2010,0.307668072
Simplicity2,WINDPOWER,4185,2010,0.43562356
Simplicity2,WINDPOWER,4186,2010,0.425439745
Simplicity2,WINDPOWER,4187,2010,0.467052045
Simplicity2,WINDPOWER,4188,2010,0.496336672
Simplicity2,WINDPOWER,4189,2010,0.542040466
Simplicity2,WINDPOWER,4190,2010,0.499857492
Simplicity2,WINDPOWER,4191,2010,0.42190525
Simplicity2,WINDPOWER,4192,2010,0.385254514
Simplicity2,WINDPOWER,4193,2010,0.485092645
Simplicity2,WINDPOWER,4194,2010,0.469083699
Simplicity2,WINDPOWER,4195,2010,0.313476268
Simplicity2,WINDPOWER,4196,2010,0.326664473
Simplicity2,WINDPOWER,4197,2010,0.469544201
Simplicity2,WINDPOWER,4198,2010,0.431270546
Simplicity2,WINDPOWER,4199,2010,0.429921771
Simplicity2,WINDPOWER,4200,2010,0.510591612
Simplicity2,WINDPOWER,4201,2010,0.528945244
Simplicity2,WINDPOWER,4202,2010,0.520719135
Simplicity2,WINDPOWER,4203,2010,0.358039768
Simplicity2,WINDPOWER,4204,2010,0.439469367
Simplicity2,WINDPOWER,4205,2010,0.456666486
Simplicity2,WINDPOWER,4206,2010,0.546329205
Simplicity2,WINDPOWER,4207,2010,0.484845436
Simplicity2,WINDPOWER,4208,2010,0.531172609
Simplicity2,WINDPOWER,4209,2010,0.425872584
Simplicity2,WINDPOWER,4210,2010,0.433989398
Simplicity2,WINDPOWER,4211,2010,0.461902563
Simplicity2,WINDPOWER,4212,2010,0.371040331
Simplicity2,WINDPOWER,4213,2010,0.451192538
Simplicity2,WINDPOWER,4214,2010,0.469148963
Simplicity2,WINDPOWER,4215,2010,0.491469653
Simplicity2,WINDPOWER,4216,2010,0.56778443
Simplicity2,WINDPOWER,4217,2010,0.537488527
Simplicity2,WINDPOWER,4218,2010,0.525001618
Simplicity2,WINDPOWER,4219,2010,0.510537146
Simplicity2,WINDPOWER,4220,2010,0.567032893
Simplicity2,WINDPOWER,4221,2010,0.515057713
Simplicity2,WINDPOWER,4222,2010,0.540543606
Simplicity2,WINDPOWER,4223,2010,0.445916869
Simplicity2,WINDPOWER,4224,2010,0.391589003
Simplicity2,WINDPOWER,4225,2010,0.251308936
Simplicity2,WINDPOWER,4226,2010,0.345564379
Simplicity2,WINDPOWER,4227,2010,0.48550438
Simplicity2,WINDPOWER,4228,2010,0.517745948
Simplicity2,WINDPOWER,4229,2010,0.460450773
Simplicity2,WINDPOWER,4230,2010,0.416643781
Simplicity2,WINDPOWER,4231,2010,0.376886331
Simplicity2,WINDPOWER,4232,2010,0.418756193
Simplicity2,WINDPOWER,4233,2010,0.519476701
Simplicity2,WINDPOWER,4234,2010,0.566531714
Simplicity2,WINDPOWER,4235,2010,0.455482755
Simplicity2,WINDPOWER,4236,2010,0.504371219
Simplicity2,WINDPOWER,4237,2010,0.449459088
Simplicity2,WINDPOWER,4238,2010,0.395738481
Simplicity2,WINDPOWER,4239,2010,0.488901519
Simplicity2,WINDPOWER,4240,2010,0.474078046
Simplicity2,WINDPOWER,4241,2010,0.527717864
Simplicity2,WINDPOWER,4242,2010,0.35752631
Simplicity2,WINDPOWER,4243,2010,0.492326315
Simplicity2,WINDPOWER,4244,2010,0.537615836
Simplicity2,WINDPOWER,4245,2010,0.509614402
Simplicity2,WINDPOWER,4246,2010,0.435170135
Simplicity2,WINDPOWER,4247,2010,0.454317074
Simplicity2,WINDPOWER,4248,2010,0.456168027
Simplicity2,WINDPOWER,4249,2010,0.485439384
Simplicity2,WINDPOWER,4250,2010,0.445620051
Simplicity2,WINDPOWER,4251,2010,0.512672994
Simplicity2,WINDPOWER,4252,2010,0.486524743
Simplicity2,WINDPOWER,4253,2010,0.432486806
Simplicity2,WINDPOWER,4254,2010,0.396917384
Simplicity2,WINDPOWER,4255,2010,0.394744725
Simplicity2,WINDPOWER,4256,2010,0.420207442
Simplicity2,WINDPOWER,4257,2010,0.446539356
Simplicity2,WINDPOWER,4258,2010,0.449309945
Simplicity2,WINDPOWER,4259,2010,0.497542647
Simplicity2,WINDPOWER,4260,2010,0.503800717
Simplicity2,WINDPOWER,4261,2010,0.450125206
Simplicity2,WINDPOWER,4262,2010,0.448015485
Simplicity2,WINDPOWER,4263,2010,0.451800552
Simplicity2,WINDPOWER,4264,2010,0.519904555
Simplicity2,WINDPOWER,4265,2010,0.533921144
Simplicity2,WINDPOWER,4266,2010,0.502183956
Simplicity2,WINDPOWER,4267,2010,0.380327969
Simplicity2,WINDPOWER,4268,2010,0.308176881
Simplicity2,WINDPOWER,4269,2010,0.416114561
Simplicity2,WINDPOWER,4270,2010,0.513404006
Simplicity2,WINDPOWER,4271,2010,0.486208749
Simplicity2,WINDPOWER,4272,2010,0.333290951
Simplicity2,WINDPOWER,4273,2010,0.380514868
Simplicity2,WINDPOWER,4274,2010,0.470438231
Simplicity2,WINDPOWER,4275,2010,0.49143395
Simplicity2,WINDPOWER,4276,2010,0.452048209
Simplicity2,WINDPOWER,4277,2010,0.393325389
Simplicity2,WINDPOWER,4278,2010,0.415373728
Simplicity2,WINDPOWER,4279,2010,0.347157861
Simplicity2,WINDPOWER,4280,2010,0.291759571
Simplicity2,WINDPOWER,4281,2010,0.340906295
Simplicity2,WINDPOWER,4282,2010,0.354246323
Simplicity2,WINDPOWER,4283,2010,0.441031372
Simplicity2,WINDPOWER,4284,2010,0.429407267
Simplicity2,WINDPOWER,4285,2010,0.405003409
Simplicity2,WINDPOWER,4286,2010,0.40970633
Simplicity2,WINDPOWER,4287,2010,0.371447191
Simplicity2,WINDPOWER,4288,2010,0.427604122
Simplicity2,WINDPOWER,4289,2010,0.421494813
Simplicity2,WINDPOWER,4290,2010,0.353857727
Simplicity2,WINDPOWER,4291,2010,0.373501484
Simplicity2,WINDPOWER,4292,2010,0.387868898
Simplicity2,WINDPOWER,4293,2010,0.425399621
Simplicity2,WINDPOWER,4294,2010,0.442006367
Simplicity2,WINDPOWER,4295,2010,0.31912624
Simplicity2,WINDPOWER,4296,2010,0.332948575
Simplicity2,WINDPOWER,4297,2010,0.528209845
Simplicity2,WINDPOWER,4298,2010,0.432038175
Simplicity2,WINDPOWER,4299,2010,0.458318037
Simplicity2,WINDPOWER,4300,2010,0.355842416
Simplicity2,WINDPOWER,4301,2010,0.355536746
Simplicity2,WINDPOWER,4302,2010,0.426880265
Simplicity2,WINDPOWER,4303,2010,0.484861593
Simplicity2,WINDPOWER,4304,2010,0.507410103
Simplicity2,WINDPOWER,4305,2010,0.488086952
Simplicity2,WINDPOWER,4306,2010,0.401700653
Simplicity2,WINDPOWER,4307,2010,0.306726165
Simplicity2,WINDPOWER,4308,2010,0.339881301
Simplicity2,WINDPOWER,4309,2010,0.387537784
Simplicity2,WINDPOWER,4310,2010,0.279880114
Simplicity2,WINDPOWER,4311,2010,0.322164356
Simplicity2,WINDPOWER,4312,2010,0.351014016
Simplicity2,WINDPOWER,4313,2010,0.356812577
Simplicity2,WINDPOWER,4314,2010,0.342045195
Simplicity2,WINDPOWER,4315,2010,0.405179646
Simplicity2,WINDPOWER,4316,2010,0.452914417
Simplicity2,WINDPOWER,4317,2010,0.454289837
Simplicity2,WINDPOWER,4318,2010,0.345331729
Simplicity2,WINDPOWER,4319,2010,0.274754366
Simplicity2,WINDPOWER,4320,2010,0.278880344
Simplicity2,WINDPOWER,4321,2010,0.231292665
Simplicity2,WINDPOWER,4322,2010,0.249424219
Simplicity2,WINDPOWER,4323,2010,0.213254091
Simplicity2,WINDPOWER,4324,2010,0.158966223
Simplicity2,WINDPOWER,4325,2010,0.311299894
Simplicity2,WINDPOWER,4326,2010,0.371683997
Simplicity2,WINDPOWER,4327,2010,0.326018014
Simplicity2,WINDPOWER,4328,2010,0.383801291
Simplicity2,WINDPOWER,4329,2010,0.374751261
Simplicity2,WINDPOWER,4330,2010,0.342976505
Simplicity2,WINDPOWER,4331,2010,0.254532879
Simplicity2,WINDPOWER,4332,2010,0.31089345
Simplicity2,WINDPOWER,4333,2010,0.371688736
Simplicity2,WINDPOWER,4334,2010,0.341952489
Simplicity2,WINDPOWER,4335,2010,0.344944371
Simplicity2,WINDPOWER,4336,2010,0.362713474
Simplicity2,WINDPOWER,4337,2010,0.294348403
Simplicity2,WINDPOWER,4338,2010,0.292407327
Simplicity2,WINDPOWER,4339,2010,0.298687126
Simplicity2,WINDPOWER,4340,2010,0.324781964
Simplicity2,WINDPOWER,4341,2010,0.354510986
Simplicity2,WINDPOWER,4342,2010,0.33603635
Simplicity2,WINDPOWER,4343,2010,0.269115959
Simplicity2,WINDPOWER,4344,2010,0.28739628
Simplicity2,WINDPOWER,4345,2010,0.323609771
Simplicity2,WINDPOWER,4346,2010,0.268364455
Simplicity2,WINDPOWER,4347,2010,0.277892653
Simplicity2,WINDPOWER,4348,2010,0.274138937
Simplicity2,WINDPOWER,4349,2010,0.240575667
Simplicity2,WINDPOWER,4350,2010,0.224842604
Simplicity2,WINDPOWER,4351,2010,0.271619962
Simplicity2,WINDPOWER,4352,2010,0.316814742
Simplicity2,WINDPOWER,4353,2010,0.293565472
Simplicity2,WINDPOWER,4354,2010,0.399423902
Simplicity2,WINDPOWER,4355,2010,0.381450384
Simplicity2,WINDPOWER,4356,2010,0.369210208
Simplicity2,WINDPOWER,4357,2010,0.296254269
Simplicity2,WINDPOWER,4358,2010,0.282790892
Simplicity2,WINDPOWER,4359,2010,0.282933341
Simplicity2,WINDPOWER,4360,2010,0.344390356
Simplicity2,WINDPOWER,4361,2010,0.346510473
Simplicity2,WINDPOWER,4362,2010,0.347469869
Simplicity2,WINDPOWER,4363,2010,0.363845642
Simplicity2,WINDPOWER,4364,2010,0.373039311
Simplicity2,WINDPOWER,4365,2010,0.36065341
Simplicity2,WINDPOWER,4366,2010,0.303856267
Simplicity2,WINDPOWER,4367,2010,0.277984684
Simplicity2,WINDPOWER,4368,2010,0.234323012
Simplicity2,WINDPOWER,4369,2010,0.241628437
Simplicity2,WINDPOWER,4370,2010,0.285518173
Simplicity2,WINDPOWER,4371,2010,0.325872661
Simplicity2,WINDPOWER,4372,2010,0.273670551
Simplicity2,WINDPOWER,4373,2010,0.210621454
Simplicity2,WINDPOWER,4374,2010,0.267149884
Simplicity2,WINDPOWER,4375,2010,0.247390153
Simplicity2,WINDPOWER,4376,2010,0.280221643
Simplicity2,WINDPOWER,4377,2010,0.342483989
Simplicity2,WINDPOWER,4378,2010,0.304789784
Simplicity2,WINDPOWER,4379,2010,0.266439498
Simplicity2,WINDPOWER,4380,2010,0.30500394
Simplicity2,WINDPOWER,4381,2010,0.308612163
Simplicity2,WINDPOWER,4382,2010,0.275410597
Simplicity2,WINDPOWER,4383,2010,0.301613259
Simplicity2,WINDPOWER,4384,2010,0.303132354
Simplicity2,WINDPOWER,4385,2010,0.315279763
Simplicity2,WINDPOWER,4386,2010,0.254520559
Simplicity2,WINDPOWER,4387,2010,0.293211543
Simplicity2,WINDPOWER,4388,2010,0.310747176
Simplicity2,WINDPOWER,4389,2010,0.276997416
Simplicity2,WINDPOWER,4390,2010,0.26143371
Simplicity2,WINDPOWER,4391,2010,0.211754756
Simplicity2,WINDPOWER,4392,2010,0.182833425
Simplicity2,WINDPOWER,4393,2010,0.179554867
Simplicity2,WINDPOWER,4394,2010,0.348022059
Simplicity2,WINDPOWER,4395,2010,0.324159378
Simplicity2,WINDPOWER,4396,2010,0.275640689
Simplicity2,WINDPOWER,4397,2010,0.37131407
Simplicity2,WINDPOWER,4398,2010,0.367746426
Simplicity2,WINDPOWER,4399,2010,0.275219377
Simplicity2,WINDPOWER,4400,2010,0.261847284
Simplicity2,WINDPOWER,4401,2010,0.287607409
Simplicity2,WINDPOWER,4402,2010,0.325872266
Simplicity2,WINDPOWER,4403,2010,0.297719317
Simplicity2,WINDPOWER,4404,2010,0.250433515
Simplicity2,WINDPOWER,4405,2010,0.236600471
Simplicity2,WINDPOWER,4406,2010,0.29871416
Simplicity2,WINDPOWER,4407,2010,0.276246686
Simplicity2,WINDPOWER,4408,2010,0.262076437
Simplicity2,WINDPOWER,4409,2010,0.278788926
Simplicity2,WINDPOWER,4410,2010,0.353232467
Simplicity2,WINDPOWER,4411,2010,0.387852005
Simplicity2,WINDPOWER,4412,2010,0.347756246
Simplicity2,WINDPOWER,4413,2010,0.267155679
Simplicity2,WINDPOWER,4414,2010,0.291701055
Simplicity2,WINDPOWER,4415,2010,0.310751197
Simplicity2,WINDPOWER,4416,2010,0.290925809
Simplicity2,WINDPOWER,4417,2010,0.213440078
Simplicity2,WINDPOWER,4418,2010,0.227352947
Simplicity2,WINDPOWER,4419,2010,0.22479751
Simplicity2,WINDPOWER,4420,2010,0.203059476
Simplicity2,WINDPOWER,4421,2010,0.287570159
Simplicity2,WINDPOWER,4422,2010,0.400982945
Simplicity2,WINDPOWER,4423,2010,0.296252216
Simplicity2,WINDPOWER,4424,2010,0.357557031
Simplicity2,WINDPOWER,4425,2010,0.2837693
Simplicity2,WINDPOWER,4426,2010,0.222928023
Simplicity2,WINDPOWER,4427,2010,0.139624686
Simplicity2,WINDPOWER,4428,2010,0.167661785
Simplicity2,WINDPOWER,4429,2010,0.219681062
Simplicity2,WINDPOWER,4430,2010,0.194354805
Simplicity2,WINDPOWER,4431,2010,0.24812911
Simplicity2,WINDPOWER,4432,2010,0.402358529
Simplicity2,WINDPOWER,4433,2010,0.325115973
Simplicity2,WINDPOWER,4434,2010,0.195296489
Simplicity2,WINDPOWER,4435,2010,0.231860244
Simplicity2,WINDPOWER,4436,2010,0.297340283
Simplicity2,WINDPOWER,4437,2010,0.28805403
Simplicity2,WINDPOWER,4438,2010,0.375835847
Simplicity2,WINDPOWER,4439,2010,0.413840411
Simplicity2,WINDPOWER,4440,2010,0.384621374
Simplicity2,WINDPOWER,4441,2010,0.38855579
Simplicity2,WINDPOWER,4442,2010,0.298825654
Simplicity2,WINDPOWER,4443,2010,0.265122141
Simplicity2,WINDPOWER,4444,2010,0.259107447
Simplicity2,WINDPOWER,4445,2010,0.304196247
Simplicity2,WINDPOWER,4446,2010,0.297532513
Simplicity2,WINDPOWER,4447,2010,0.267306618
Simplicity2,WINDPOWER,4448,2010,0.270146853
Simplicity2,WINDPOWER,4449,2010,0.255198364
Simplicity2,WINDPOWER,4450,2010,0.246534097
Simplicity2,WINDPOWER,4451,2010,0.189201172
Simplicity2,WINDPOWER,4452,2010,0.173177987
Simplicity2,WINDPOWER,4453,2010,0.148610153
Simplicity2,WINDPOWER,4454,2010,0.155110742
Simplicity2,WINDPOWER,4455,2010,0.147905241
Simplicity2,WINDPOWER,4456,2010,0.171497268
Simplicity2,WINDPOWER,4457,2010,0.213734518
Simplicity2,WINDPOWER,4458,2010,0.253106703
Simplicity2,WINDPOWER,4459,2010,0.209738667
Simplicity2,WINDPOWER,4460,2010,0.279844634
Simplicity2,WINDPOWER,4461,2010,0.251590055
Simplicity2,WINDPOWER,4462,2010,0.35435781
Simplicity2,WINDPOWER,4463,2010,0.253198515
Simplicity2,WINDPOWER,4464,2010,0.209084237
Simplicity2,WINDPOWER,4465,2010,0.230038065
Simplicity2,WINDPOWER,4466,2010,0.146997194
Simplicity2,WINDPOWER,4467,2010,0.243311303
Simplicity2,WINDPOWER,4468,2010,0.192383066
Simplicity2,WINDPOWER,4469,2010,0.22709949
Simplicity2,WINDPOWER,4470,2010,0.183623376
Simplicity2,WINDPOWER,4471,2010,0.178762523
Simplicity2,WINDPOWER,4472,2010,0.1545229
Simplicity2,WINDPOWER,4473,2010,0.266836216
Simplicity2,WINDPOWER,4474,2010,0.302709562
Simplicity2,WINDPOWER,4475,2010,0.293140319
Simplicity2,WINDPOWER,4476,2010,0.269918444
Simplicity2,WINDPOWER,4477,2010,0.284474516
Simplicity2,WINDPOWER,4478,2010,0.320027013
Simplicity2,WINDPOWER,4479,2010,0.292143369
Simplicity2,WINDPOWER,4480,2010,0.237756255
Simplicity2,WINDPOWER,4481,2010,0.223697595
Simplicity2,WINDPOWER,4482,2010,0.187616629
Simplicity2,WINDPOWER,4483,2010,0.202078541
Simplicity2,WINDPOWER,4484,2010,0.17289951
Simplicity2,WINDPOWER,4485,2010,0.224287442
Simplicity2,WINDPOWER,4486,2010,0.188376594
Simplicity2,WINDPOWER,4487,2010,0.135152895
Simplicity2,WINDPOWER,4488,2010,0.191660728
Simplicity2,WINDPOWER,4489,2010,0.183587997
Simplicity2,WINDPOWER,4490,2010,0.185956313
Simplicity2,WINDPOWER,4491,2010,0.223493435
Simplicity2,WINDPOWER,4492,2010,0.270475311
Simplicity2,WINDPOWER,4493,2010,0.25632884
Simplicity2,WINDPOWER,4494,2010,0.306147295
Simplicity2,WINDPOWER,4495,2010,0.308162368
Simplicity2,WINDPOWER,4496,2010,0.379941062
Simplicity2,WINDPOWER,4497,2010,0.209713326
Simplicity2,WINDPOWER,4498,2010,0.215784717
Simplicity2,WINDPOWER,4499,2010,0.256714115
Simplicity2,WINDPOWER,4500,2010,0.327029496
Simplicity2,WINDPOWER,4501,2010,0.305758982
Simplicity2,WINDPOWER,4502,2010,0.202847826
Simplicity2,WINDPOWER,4503,2010,0.245986893
Simplicity2,WINDPOWER,4504,2010,0.22930041
Simplicity2,WINDPOWER,4505,2010,0.274326987
Simplicity2,WINDPOWER,4506,2010,0.291382394
Simplicity2,WINDPOWER,4507,2010,0.259767238
Simplicity2,WINDPOWER,4508,2010,0.304187419
Simplicity2,WINDPOWER,4509,2010,0.318934677
Simplicity2,WINDPOWER,4510,2010,0.255876816
Simplicity2,WINDPOWER,4511,2010,0.226231667
Simplicity2,WINDPOWER,4512,2010,0.15497294
Simplicity2,WINDPOWER,4513,2010,0.182737829
Simplicity2,WINDPOWER,4514,2010,0.327314302
Simplicity2,WINDPOWER,4515,2010,0.293450831
Simplicity2,WINDPOWER,4516,2010,0.281966699
Simplicity2,WINDPOWER,4517,2010,0.244008993
Simplicity2,WINDPOWER,4518,2010,0.194494485
Simplicity2,WINDPOWER,4519,2010,0.192955127
Simplicity2,WINDPOWER,4520,2010,0.192811585
Simplicity2,WINDPOWER,4521,2010,0.309947216
Simplicity2,WINDPOWER,4522,2010,0.340086301
Simplicity2,WINDPOWER,4523,2010,0.436159348
Simplicity2,WINDPOWER,4524,2010,0.3496506
Simplicity2,WINDPOWER,4525,2010,0.377058974
Simplicity2,WINDPOWER,4526,2010,0.515516385
Simplicity2,WINDPOWER,4527,2010,0.454307701
Simplicity2,WINDPOWER,4528,2010,0.33268918
Simplicity2,WINDPOWER,4529,2010,0.269789232
Simplicity2,WINDPOWER,4530,2010,0.332522889
Simplicity2,WINDPOWER,4531,2010,0.267519112
Simplicity2,WINDPOWER,4532,2010,0.240123584
Simplicity2,WINDPOWER,4533,2010,0.235849426
Simplicity2,WINDPOWER,4534,2010,0.323652692
Simplicity2,WINDPOWER,4535,2010,0.40424394
Simplicity2,WINDPOWER,4536,2010,0.419133604
Simplicity2,WINDPOWER,4537,2010,0.35943016
Simplicity2,WINDPOWER,4538,2010,0.305926595
Simplicity2,WINDPOWER,4539,2010,0.253301952
Simplicity2,WINDPOWER,4540,2010,0.345766156
Simplicity2,WINDPOWER,4541,2010,0.358095915
Simplicity2,WINDPOWER,4542,2010,0.252382936
Simplicity2,WINDPOWER,4543,2010,0.265642567
Simplicity2,WINDPOWER,4544,2010,0.339910521
Simplicity2,WINDPOWER,4545,2010,0.392648141
Simplicity2,WINDPOWER,4546,2010,0.316353828
Simplicity2,WINDPOWER,4547,2010,0.273076977
Simplicity2,WINDPOWER,4548,2010,0.31609152
Simplicity2,WINDPOWER,4549,2010,0.276603175
Simplicity2,WINDPOWER,4550,2010,0.408941454
Simplicity2,WINDPOWER,4551,2010,0.395876238
Simplicity2,WINDPOWER,4552,2010,0.453420819
Simplicity2,WINDPOWER,4553,2010,0.447317089
Simplicity2,WINDPOWER,4554,2010,0.515756913
Simplicity2,WINDPOWER,4555,2010,0.467035856
Simplicity2,WINDPOWER,4556,2010,0.389341533
Simplicity2,WINDPOWER,4557,2010,0.330889139
Simplicity2,WINDPOWER,4558,2010,0.436294843
Simplicity2,WINDPOWER,4559,2010,0.429191946
Simplicity2,WINDPOWER,4560,2010,0.272025162
Simplicity2,WINDPOWER,4561,2010,0.303108878
Simplicity2,WINDPOWER,4562,2010,0.428991683
Simplicity2,WINDPOWER,4563,2010,0.416246127
Simplicity2,WINDPOWER,4564,2010,0.415804635
Simplicity2,WINDPOWER,4565,2010,0.48753376
Simplicity2,WINDPOWER,4566,2010,0.511514925
Simplicity2,WINDPOWER,4567,2010,0.466827632
Simplicity2,WINDPOWER,4568,2010,0.330875024
Simplicity2,WINDPOWER,4569,2010,0.402328467
Simplicity2,WINDPOWER,4570,2010,0.428410899
Simplicity2,WINDPOWER,4571,2010,0.51386178
Simplicity2,WINDPOWER,4572,2010,0.453831043
Simplicity2,WINDPOWER,4573,2010,0.482695826
Simplicity2,WINDPOWER,4574,2010,0.397006055
Simplicity2,WINDPOWER,4575,2010,0.415198931
Simplicity2,WINDPOWER,4576,2010,0.417039379
Simplicity2,WINDPOWER,4577,2010,0.349965111
Simplicity2,WINDPOWER,4578,2010,0.42405249
Simplicity2,WINDPOWER,4579,2010,0.429171633
Simplicity2,WINDPOWER,4580,2010,0.464126088
Simplicity2,WINDPOWER,4581,2010,0.559139215
Simplicity2,WINDPOWER,4582,2010,0.529764937
Simplicity2,WINDPOWER,4583,2010,0.498936946
Simplicity2,WINDPOWER,4584,2010,0.497186923
Simplicity2,WINDPOWER,4585,2010,0.537018106
Simplicity2,WINDPOWER,4586,2010,0.4919192
Simplicity2,WINDPOWER,4587,2010,0.489723726
Simplicity2,WINDPOWER,4588,2010,0.399697015
Simplicity2,WINDPOWER,4589,2010,0.364596071
Simplicity2,WINDPOWER,4590,2010,0.236808017
Simplicity2,WINDPOWER,4591,2010,0.325978041
Simplicity2,WINDPOWER,4592,2010,0.458637305
Simplicity2,WINDPOWER,4593,2010,0.494458003
Simplicity2,WINDPOWER,4594,2010,0.433455566
Simplicity2,WINDPOWER,4595,2010,0.363545557
Simplicity2,WINDPOWER,4596,2010,0.332573579
Simplicity2,WINDPOWER,4597,2010,0.374190103
Simplicity2,WINDPOWER,4598,2010,0.493819788
Simplicity2,WINDPOWER,4599,2010,0.540478525
Simplicity2,WINDPOWER,4600,2010,0.436113624
Simplicity2,WINDPOWER,4601,2010,0.473533689
Simplicity2,WINDPOWER,4602,2010,0.414407067
Simplicity2,WINDPOWER,4603,2010,0.366512889
Simplicity2,WINDPOWER,4604,2010,0.469616946
Simplicity2,WINDPOWER,4605,2010,0.43422958
Simplicity2,WINDPOWER,4606,2010,0.488532565
Simplicity2,WINDPOWER,4607,2010,0.332682685
Simplicity2,WINDPOWER,4608,2010,0.461643958
Simplicity2,WINDPOWER,4609,2010,0.512835446
Simplicity2,WINDPOWER,4610,2010,0.485428725
Simplicity2,WINDPOWER,4611,2010,0.402520459
Simplicity2,WINDPOWER,4612,2010,0.431684641
Simplicity2,WINDPOWER,4613,2010,0.434000831
Simplicity2,WINDPOWER,4614,2010,0.454688262
Simplicity2,WINDPOWER,4615,2010,0.411204637
Simplicity2,WINDPOWER,4616,2010,0.474075167
Simplicity2,WINDPOWER,4617,2010,0.450219333
Simplicity2,WINDPOWER,4618,2010,0.406383394
Simplicity2,WINDPOWER,4619,2010,0.378547049
Simplicity2,WINDPOWER,4620,2010,0.370912876
Simplicity2,WINDPOWER,4621,2010,0.400885766
Simplicity2,WINDPOWER,4622,2010,0.416025705
Simplicity2,WINDPOWER,4623,2010,0.41769266
Simplicity2,WINDPOWER,4624,2010,0.47203685
Simplicity2,WINDPOWER,4625,2010,0.481394253
Simplicity2,WINDPOWER,4626,2010,0.411476382
Simplicity2,WINDPOWER,4627,2010,0.418579412
Simplicity2,WINDPOWER,4628,2010,0.438741863
Simplicity2,WINDPOWER,4629,2010,0.512103519
Simplicity2,WINDPOWER,4630,2010,0.532654314
Simplicity2,WINDPOWER,4631,2010,0.462719519
Simplicity2,WINDPOWER,4632,2010,0.342884766
Simplicity2,WINDPOWER,4633,2010,0.282547961
Simplicity2,WINDPOWER,4634,2010,0.395746922
Simplicity2,WINDPOWER,4635,2010,0.4889974
Simplicity2,WINDPOWER,4636,2010,0.459280999
Simplicity2,WINDPOWER,4637,2010,0.338003412
Simplicity2,WINDPOWER,4638,2010,0.362298994
Simplicity2,WINDPOWER,4639,2010,0.453492776
Simplicity2,WINDPOWER,4640,2010,0.476066618
Simplicity2,WINDPOWER,4641,2010,0.424929575
Simplicity2,WINDPOWER,4642,2010,0.374899438
Simplicity2,WINDPOWER,4643,2010,0.403966229
Simplicity2,WINDPOWER,4644,2010,0.340646489
Simplicity2,WINDPOWER,4645,2010,0.290483378
Simplicity2,WINDPOWER,4646,2010,0.32480618
Simplicity2,WINDPOWER,4647,2010,0.348397635
Simplicity2,WINDPOWER,4648,2010,0.430757252
Simplicity2,WINDPOWER,4649,2010,0.418126072
Simplicity2,WINDPOWER,4650,2010,0.371568839
Simplicity2,WINDPOWER,4651,2010,0.37897681
Simplicity2,WINDPOWER,4652,2010,0.341391967
Simplicity2,WINDPOWER,4653,2010,0.410778533
Simplicity2,WINDPOWER,4654,2010,0.383145289
Simplicity2,WINDPOWER,4655,2010,0.336174568
Simplicity2,WINDPOWER,4656,2010,0.367539751
Simplicity2,WINDPOWER,4657,2010,0.361823277
Simplicity2,WINDPOWER,4658,2010,0.401980765
Simplicity2,WINDPOWER,4659,2010,0.435804242
Simplicity2,WINDPOWER,4660,2010,0.301792891
Simplicity2,WINDPOWER,4661,2010,0.337920535
Simplicity2,WINDPOWER,4662,2010,0.505169622
Simplicity2,WINDPOWER,4663,2010,0.440718472
Simplicity2,WINDPOWER,4664,2010,0.44461948
Simplicity2,WINDPOWER,4665,2010,0.334563187
Simplicity2,WINDPOWER,4666,2010,0.336817931
Simplicity2,WINDPOWER,4667,2010,0.405001668
Simplicity2,WINDPOWER,4668,2010,0.470003947
Simplicity2,WINDPOWER,4669,2010,0.46876318
Simplicity2,WINDPOWER,4670,2010,0.452425691
Simplicity2,WINDPOWER,4671,2010,0.375012018
Simplicity2,WINDPOWER,4672,2010,0.292665633
Simplicity2,WINDPOWER,4673,2010,0.32332334
Simplicity2,WINDPOWER,4674,2010,0.381832861
Simplicity2,WINDPOWER,4675,2010,0.276779797
Simplicity2,WINDPOWER,4676,2010,0.311232564
Simplicity2,WINDPOWER,4677,2010,0.349035937
Simplicity2,WINDPOWER,4678,2010,0.363646213
Simplicity2,WINDPOWER,4679,2010,0.340627486
Simplicity2,WINDPOWER,4680,2010,0.394929893
Simplicity2,WINDPOWER,4681,2010,0.44438602
Simplicity2,WINDPOWER,4682,2010,0.436598365
Simplicity2,WINDPOWER,4683,2010,0.312675442
Simplicity2,WINDPOWER,4684,2010,0.281160225
Simplicity2,WINDPOWER,4685,2010,0.279692262
Simplicity2,WINDPOWER,4686,2010,0.22917242
Simplicity2,WINDPOWER,4687,2010,0.265898138
Simplicity2,WINDPOWER,4688,2010,0.215579189
Simplicity2,WINDPOWER,4689,2010,0.180997066
Simplicity2,WINDPOWER,4690,2010,0.324690964
Simplicity2,WINDPOWER,4691,2010,0.366041071
Simplicity2,WINDPOWER,4692,2010,0.322884142
Simplicity2,WINDPOWER,4693,2010,0.377080052
Simplicity2,WINDPOWER,4694,2010,0.367781651
Simplicity2,WINDPOWER,4695,2010,0.343417207
Simplicity2,WINDPOWER,4696,2010,0.240611176
Simplicity2,WINDPOWER,4697,2010,0.317284183
Simplicity2,WINDPOWER,4698,2010,0.359336359
Simplicity2,WINDPOWER,4699,2010,0.350841529
Simplicity2,WINDPOWER,4700,2010,0.3398585
Simplicity2,WINDPOWER,4701,2010,0.34009597
Simplicity2,WINDPOWER,4702,2010,0.293386155
Simplicity2,WINDPOWER,4703,2010,0.290400429
Simplicity2,WINDPOWER,4704,2010,0.293360974
Simplicity2,WINDPOWER,4705,2010,0.306544517
Simplicity2,WINDPOWER,4706,2010,0.345194813
Simplicity2,WINDPOWER,4707,2010,0.320691633
Simplicity2,WINDPOWER,4708,2010,0.282666482
Simplicity2,WINDPOWER,4709,2010,0.277150541
Simplicity2,WINDPOWER,4710,2010,0.326725248
Simplicity2,WINDPOWER,4711,2010,0.271376847
Simplicity2,WINDPOWER,4712,2010,0.282583272
Simplicity2,WINDPOWER,4713,2010,0.291204657
Simplicity2,WINDPOWER,4714,2010,0.258550672
Simplicity2,WINDPOWER,4715,2010,0.242218443
Simplicity2,WINDPOWER,4716,2010,0.285154114
Simplicity2,WINDPOWER,4717,2010,0.311855327
Simplicity2,WINDPOWER,4718,2010,0.295479253
Simplicity2,WINDPOWER,4719,2010,0.405783625
Simplicity2,WINDPOWER,4720,2010,0.37959174
Simplicity2,WINDPOWER,4721,2010,0.362055161
Simplicity2,WINDPOWER,4722,2010,0.298029977
Simplicity2,WINDPOWER,4723,2010,0.293820648
Simplicity2,WINDPOWER,4724,2010,0.293278864
Simplicity2,WINDPOWER,4725,2010,0.334929662
Simplicity2,WINDPOWER,4726,2010,0.347594744
Simplicity2,WINDPOWER,4727,2010,0.343798829
Simplicity2,WINDPOWER,4728,2010,0.356051842
Simplicity2,WINDPOWER,4729,2010,0.364199748
Simplicity2,WINDPOWER,4730,2010,0.342620561
Simplicity2,WINDPOWER,4731,2010,0.293351973
Simplicity2,WINDPOWER,4732,2010,0.281267061
Simplicity2,WINDPOWER,4733,2010,0.237478203
Simplicity2,WINDPOWER,4734,2010,0.259822303
Simplicity2,WINDPOWER,4735,2010,0.295939897
Simplicity2,WINDPOWER,4736,2010,0.332020998
Simplicity2,WINDPOWER,4737,2010,0.274265999
Simplicity2,WINDPOWER,4738,2010,0.234676466
Simplicity2,WINDPOWER,4739,2010,0.266610461
Simplicity2,WINDPOWER,4740,2010,0.254762832
Simplicity2,WINDPOWER,4741,2010,0.283479017
Simplicity2,WINDPOWER,4742,2010,0.325118139
Simplicity2,WINDPOWER,4743,2010,0.285396478
Simplicity2,WINDPOWER,4744,2010,0.262821575
Simplicity2,WINDPOWER,4745,2010,0.293889552
Simplicity2,WINDPOWER,4746,2010,0.328189698
Simplicity2,WINDPOWER,4747,2010,0.305616362
Simplicity2,WINDPOWER,4748,2010,0.327471023
Simplicity2,WINDPOWER,4749,2010,0.32376156
Simplicity2,WINDPOWER,4750,2010,0.316071892
Simplicity2,WINDPOWER,4751,2010,0.263213289
Simplicity2,WINDPOWER,4752,2010,0.303555639
Simplicity2,WINDPOWER,4753,2010,0.325669038
Simplicity2,WINDPOWER,4754,2010,0.291145712
Simplicity2,WINDPOWER,4755,2010,0.276878437
Simplicity2,WINDPOWER,4756,2010,0.216034135
Simplicity2,WINDPOWER,4757,2010,0.195194089
Simplicity2,WINDPOWER,4758,2010,0.206483971
Simplicity2,WINDPOWER,4759,2010,0.36814508
Simplicity2,WINDPOWER,4760,2010,0.306298456
Simplicity2,WINDPOWER,4761,2010,0.273603423
Simplicity2,WINDPOWER,4762,2010,0.371120345
Simplicity2,WINDPOWER,4763,2010,0.358119656
Simplicity2,WINDPOWER,4764,2010,0.279304769
Simplicity2,WINDPOWER,4765,2010,0.267097256
Simplicity2,WINDPOWER,4766,2010,0.299705982
Simplicity2,WINDPOWER,4767,2010,0.332396599
Simplicity2,WINDPOWER,4768,2010,0.310052939
Simplicity2,WINDPOWER,4769,2010,0.272225977
Simplicity2,WINDPOWER,4770,2010,0.244548354
Simplicity2,WINDPOWER,4771,2010,0.301722257
Simplicity2,WINDPOWER,4772,2010,0.276436404
Simplicity2,WINDPOWER,4773,2010,0.251535908
Simplicity2,WINDPOWER,4774,2010,0.280402485
Simplicity2,WINDPOWER,4775,2010,0.347867053
Simplicity2,WINDPOWER,4776,2010,0.367333049
Simplicity2,WINDPOWER,4777,2010,0.347690745
Simplicity2,WINDPOWER,4778,2010,0.290216432
Simplicity2,WINDPOWER,4779,2010,0.311521854
Simplicity2,WINDPOWER,4780,2010,0.311716955
Simplicity2,WINDPOWER,4781,2010,0.301913824
Simplicity2,WINDPOWER,4782,2010,0.232346854
Simplicity2,WINDPOWER,4783,2010,0.247054875
Simplicity2,WINDPOWER,4784,2010,0.239590753
Simplicity2,WINDPOWER,4785,2010,0.216769947
Simplicity2,WINDPOWER,4786,2010,0.293246372
Simplicity2,WINDPOWER,4787,2010,0.411511084
Simplicity2,WINDPOWER,4788,2010,0.304894011
Simplicity2,WINDPOWER,4789,2010,0.352633354
Simplicity2,WINDPOWER,4790,2010,0.291808088
Simplicity2,WINDPOWER,4791,2010,0.232923007
Simplicity2,WINDPOWER,4792,2010,0.158014937
Simplicity2,WINDPOWER,4793,2010,0.194625239
Simplicity2,WINDPOWER,4794,2010,0.238459091
Simplicity2,WINDPOWER,4795,2010,0.19459294
Simplicity2,WINDPOWER,4796,2010,0.253979923
Simplicity2,WINDPOWER,4797,2010,0.39613497
Simplicity2,WINDPOWER,4798,2010,0.328131315
Simplicity2,WINDPOWER,4799,2010,0.214152075
Simplicity2,WINDPOWER,4800,2010,0.235314746
Simplicity2,WINDPOWER,4801,2010,0.289694281
Simplicity2,WINDPOWER,4802,2010,0.275097473
Simplicity2,WINDPOWER,4803,2010,0.367670484
Simplicity2,WINDPOWER,4804,2010,0.404989889
Simplicity2,WINDPOWER,4805,2010,0.394396476
Simplicity2,WINDPOWER,4806,2010,0.385975102
Simplicity2,WINDPOWER,4807,2010,0.286224818
Simplicity2,WINDPOWER,4808,2010,0.245618456
Simplicity2,WINDPOWER,4809,2010,0.259174291
Simplicity2,WINDPOWER,4810,2010,0.311325578
Simplicity2,WINDPOWER,4811,2010,0.308200325
Simplicity2,WINDPOWER,4812,2010,0.278715088
Simplicity2,WINDPOWER,4813,2010,0.260552254
Simplicity2,WINDPOWER,4814,2010,0.241368775
Simplicity2,WINDPOWER,4815,2010,0.260026183
Simplicity2,WINDPOWER,4816,2010,0.199806785
Simplicity2,WINDPOWER,4817,2010,0.176780084
Simplicity2,WINDPOWER,4818,2010,0.17521776
Simplicity2,WINDPOWER,4819,2010,0.167627098
Simplicity2,WINDPOWER,4820,2010,0.158204902
Simplicity2,WINDPOWER,4821,2010,0.179630452
Simplicity2,WINDPOWER,4822,2010,0.209342995
Simplicity2,WINDPOWER,4823,2010,0.233335469
Simplicity2,WINDPOWER,4824,2010,0.227774317
Simplicity2,WINDPOWER,4825,2010,0.269106914
Simplicity2,WINDPOWER,4826,2010,0.245649116
Simplicity2,WINDPOWER,4827,2010,0.338875716
Simplicity2,WINDPOWER,4828,2010,0.23255018
Simplicity2,WINDPOWER,4829,2010,0.20476699
Simplicity2,WINDPOWER,4830,2010,0.197014281
Simplicity2,WINDPOWER,4831,2010,0.14505755
Simplicity2,WINDPOWER,4832,2010,0.228660926
Simplicity2,WINDPOWER,4833,2010,0.189355964
Simplicity2,WINDPOWER,4834,2010,0.219158508
Simplicity2,WINDPOWER,4835,2010,0.184476831
Simplicity2,WINDPOWER,4836,2010,0.179670547
Simplicity2,WINDPOWER,4837,2010,0.153802311
Simplicity2,WINDPOWER,4838,2010,0.254593107
Simplicity2,WINDPOWER,4839,2010,0.29739252
Simplicity2,WINDPOWER,4840,2010,0.284627727
Simplicity2,WINDPOWER,4841,2010,0.255543309
Simplicity2,WINDPOWER,4842,2010,0.270082419
Simplicity2,WINDPOWER,4843,2010,0.31419002
Simplicity2,WINDPOWER,4844,2010,0.28267222
Simplicity2,WINDPOWER,4845,2010,0.231449507
Simplicity2,WINDPOWER,4846,2010,0.22754989
Simplicity2,WINDPOWER,4847,2010,0.196759354
Simplicity2,WINDPOWER,4848,2010,0.196502286
Simplicity2,WINDPOWER,4849,2010,0.186036323
Simplicity2,WINDPOWER,4850,2010,0.222947617
Simplicity2,WINDPOWER,4851,2010,0.19588316
Simplicity2,WINDPOWER,4852,2010,0.150852566
Simplicity2,WINDPOWER,4853,2010,0.201668094
Simplicity2,WINDPOWER,4854,2010,0.173209792
Simplicity2,WINDPOWER,4855,2010,0.191365231
Simplicity2,WINDPOWER,4856,2010,0.2338487
Simplicity2,WINDPOWER,4857,2010,0.2536135
Simplicity2,WINDPOWER,4858,2010,0.260642247
Simplicity2,WINDPOWER,4859,2010,0.300645358
Simplicity2,WINDPOWER,4860,2010,0.296568958
Simplicity2,WINDPOWER,4861,2010,0.36002771
Simplicity2,WINDPOWER,4862,2010,0.197294765
Simplicity2,WINDPOWER,4863,2010,0.220845229
Simplicity2,WINDPOWER,4864,2010,0.251960732
Simplicity2,WINDPOWER,4865,2010,0.322780726
Simplicity2,WINDPOWER,4866,2010,0.302810653
Simplicity2,WINDPOWER,4867,2010,0.190723582
Simplicity2,WINDPOWER,4868,2010,0.241455031
Simplicity2,WINDPOWER,4869,2010,0.231986845
Simplicity2,WINDPOWER,4870,2010,0.24563482
Simplicity2,WINDPOWER,4871,2010,0.274429355
Simplicity2,WINDPOWER,4872,2010,0.249431696
Simplicity2,WINDPOWER,4873,2010,0.298537817
Simplicity2,WINDPOWER,4874,2010,0.286048214
Simplicity2,WINDPOWER,4875,2010,0.23293521
Simplicity2,WINDPOWER,4876,2010,0.232546878
Simplicity2,WINDPOWER,4877,2010,0.165339468
Simplicity2,WINDPOWER,4878,2010,0.181051625
Simplicity2,WINDPOWER,4879,2010,0.300608049
Simplicity2,WINDPOWER,4880,2010,0.260796674
Simplicity2,WINDPOWER,4881,2010,0.253015685
Simplicity2,WINDPOWER,4882,2010,0.226437529
Simplicity2,WINDPOWER,4883,2010,0.184871545
Simplicity2,WINDPOWER,4884,2010,0.189772189
Simplicity2,WINDPOWER,4885,2010,0.189600059
Simplicity2,WINDPOWER,4886,2010,0.28758764
Simplicity2,WINDPOWER,4887,2010,0.314021362
Simplicity2,WINDPOWER,4888,2010,0.423284367
Simplicity2,WINDPOWER,4889,2010,0.325133858
Simplicity2,WINDPOWER,4890,2010,0.359213677
Simplicity2,WINDPOWER,4891,2010,0.487564306
Simplicity2,WINDPOWER,4892,2010,0.420867908
Simplicity2,WINDPOWER,4893,2010,0.315188801
Simplicity2,WINDPOWER,4894,2010,0.247136079
Simplicity2,WINDPOWER,4895,2010,0.323223581
Simplicity2,WINDPOWER,4896,2010,0.255408305
Simplicity2,WINDPOWER,4897,2010,0.231880537
Simplicity2,WINDPOWER,4898,2010,0.240109992
Simplicity2,WINDPOWER,4899,2010,0.303133615
Simplicity2,WINDPOWER,4900,2010,0.395848034
Simplicity2,WINDPOWER,4901,2010,0.395170037
Simplicity2,WINDPOWER,4902,2010,0.333955016
Simplicity2,WINDPOWER,4903,2010,0.283168647
Simplicity2,WINDPOWER,4904,2010,0.248596398
Simplicity2,WINDPOWER,4905,2010,0.322714705
Simplicity2,WINDPOWER,4906,2010,0.325498169
Simplicity2,WINDPOWER,4907,2010,0.238042857
Simplicity2,WINDPOWER,4908,2010,0.256190882
Simplicity2,WINDPOWER,4909,2010,0.330288899
Simplicity2,WINDPOWER,4910,2010,0.38081137
Simplicity2,WINDPOWER,4911,2010,0.305228148
Simplicity2,WINDPOWER,4912,2010,0.259663818
Simplicity2,WINDPOWER,4913,2010,0.27862443
Simplicity2,WINDPOWER,4914,2010,0.259248183
Simplicity2,WINDPOWER,4915,2010,0.378517475
Simplicity2,WINDPOWER,4916,2010,0.373845893
Simplicity2,WINDPOWER,4917,2010,0.42797022
Simplicity2,WINDPOWER,4918,2010,0.430448873
Simplicity2,WINDPOWER,4919,2010,0.487353843
Simplicity2,WINDPOWER,4920,2010,0.447264536
Simplicity2,WINDPOWER,4921,2010,0.351386309
Simplicity2,WINDPOWER,4922,2010,0.298037476
Simplicity2,WINDPOWER,4923,2010,0.403731675
Simplicity2,WINDPOWER,4924,2010,0.384485114
Simplicity2,WINDPOWER,4925,2010,0.253139225
Simplicity2,WINDPOWER,4926,2010,0.296216791
Simplicity2,WINDPOWER,4927,2010,0.399048803
Simplicity2,WINDPOWER,4928,2010,0.402940363
Simplicity2,WINDPOWER,4929,2010,0.400787385
Simplicity2,WINDPOWER,4930,2010,0.471009816
Simplicity2,WINDPOWER,4931,2010,0.493961817
Simplicity2,WINDPOWER,4932,2010,0.409882886
Simplicity2,WINDPOWER,4933,2010,0.319731461
Simplicity2,WINDPOWER,4934,2010,0.395637444
Simplicity2,WINDPOWER,4935,2010,0.421821368
Simplicity2,WINDPOWER,4936,2010,0.491662903
Simplicity2,WINDPOWER,4937,2010,0.433529802
Simplicity2,WINDPOWER,4938,2010,0.437897613
Simplicity2,WINDPOWER,4939,2010,0.400275718
Simplicity2,WINDPOWER,4940,2010,0.397781013
Simplicity2,WINDPOWER,4941,2010,0.384126265
Simplicity2,WINDPOWER,4942,2010,0.324284557
Simplicity2,WINDPOWER,4943,2010,0.413058234
Simplicity2,WINDPOWER,4944,2010,0.403739136
Simplicity2,WINDPOWER,4945,2010,0.44823804
Simplicity2,WINDPOWER,4946,2010,0.554660036
Simplicity2,WINDPOWER,4947,2010,0.517819006
Simplicity2,WINDPOWER,4948,2010,0.491370852
Simplicity2,WINDPOWER,4949,2010,0.479415412
Simplicity2,WINDPOWER,4950,2010,0.51930135
Simplicity2,WINDPOWER,4951,2010,0.467353246
Simplicity2,WINDPOWER,4952,2010,0.459875542
Simplicity2,WINDPOWER,4953,2010,0.3797578
Simplicity2,WINDPOWER,4954,2010,0.352240932
Simplicity2,WINDPOWER,4955,2010,0.232020475
Simplicity2,WINDPOWER,4956,2010,0.310523066
Simplicity2,WINDPOWER,4957,2010,0.458788269
Simplicity2,WINDPOWER,4958,2010,0.481374018
Simplicity2,WINDPOWER,4959,2010,0.416916855
Simplicity2,WINDPOWER,4960,2010,0.341930113
Simplicity2,WINDPOWER,4961,2010,0.316922239
Simplicity2,WINDPOWER,4962,2010,0.352397104
Simplicity2,WINDPOWER,4963,2010,0.46972432
Simplicity2,WINDPOWER,4964,2010,0.527082089
Simplicity2,WINDPOWER,4965,2010,0.416734868
Simplicity2,WINDPOWER,4966,2010,0.430809093
Simplicity2,WINDPOWER,4967,2010,0.393818915
Simplicity2,WINDPOWER,4968,2010,0.351351812
Simplicity2,WINDPOWER,4969,2010,0.443778218
Simplicity2,WINDPOWER,4970,2010,0.398466835
Simplicity2,WINDPOWER,4971,2010,0.467170283
Simplicity2,WINDPOWER,4972,2010,0.321096564
Simplicity2,WINDPOWER,4973,2010,0.446744656
Simplicity2,WINDPOWER,4974,2010,0.482374216
Simplicity2,WINDPOWER,4975,2010,0.471822635
Simplicity2,WINDPOWER,4976,2010,0.390335504
Simplicity2,WINDPOWER,4977,2010,0.413870313
Simplicity2,WINDPOWER,4978,2010,0.422411743
Simplicity2,WINDPOWER,4979,2010,0.44219378
Simplicity2,WINDPOWER,4980,2010,0.388925443
Simplicity2,WINDPOWER,4981,2010,0.438325787
Simplicity2,WINDPOWER,4982,2010,0.428870178
Simplicity2,WINDPOWER,4983,2010,0.37944691
Simplicity2,WINDPOWER,4984,2010,0.359184716
Simplicity2,WINDPOWER,4985,2010,0.366737199
Simplicity2,WINDPOWER,4986,2010,0.395698373
Simplicity2,WINDPOWER,4987,2010,0.396744749
Simplicity2,WINDPOWER,4988,2010,0.401752028
Simplicity2,WINDPOWER,4989,2010,0.454242427
Simplicity2,WINDPOWER,4990,2010,0.454644429
Simplicity2,WINDPOWER,4991,2010,0.393097198
Simplicity2,WINDPOWER,4992,2010,0.394465403
Simplicity2,WINDPOWER,4993,2010,0.439270011
Simplicity2,WINDPOWER,4994,2010,0.513306364
Simplicity2,WINDPOWER,4995,2010,0.538345077
Simplicity2,WINDPOWER,4996,2010,0.447256195
Simplicity2,WINDPOWER,4997,2010,0.330580228
Simplicity2,WINDPOWER,4998,2010,0.282798313
Simplicity2,WINDPOWER,4999,2010,0.398736371
Simplicity2,WINDPOWER,5000,2010,0.479598511
Simplicity2,WINDPOWER,5001,2010,0.453927724
Simplicity2,WINDPOWER,5002,2010,0.346797277
Simplicity2,WINDPOWER,5003,2010,0.359550211
Simplicity2,WINDPOWER,5004,2010,0.441589748
Simplicity2,WINDPOWER,5005,2010,0.463783048
Simplicity2,WINDPOWER,5006,2010,0.407989428
Simplicity2,WINDPOWER,5007,2010,0.377517242
Simplicity2,WINDPOWER,5008,2010,0.408557091
Simplicity2,WINDPOWER,5009,2010,0.348620775
Simplicity2,WINDPOWER,5010,2010,0.294418489
Simplicity2,WINDPOWER,5011,2010,0.334530953
Simplicity2,WINDPOWER,5012,2010,0.364553465
Simplicity2,WINDPOWER,5013,2010,0.436278263
Simplicity2,WINDPOWER,5014,2010,0.419473471
Simplicity2,WINDPOWER,5015,2010,0.353968066
Simplicity2,WINDPOWER,5016,2010,0.365758201
Simplicity2,WINDPOWER,5017,2010,0.332352665
Simplicity2,WINDPOWER,5018,2010,0.416334123
Simplicity2,WINDPOWER,5019,2010,0.36600271
Simplicity2,WINDPOWER,5020,2010,0.345939695
Simplicity2,WINDPOWER,5021,2010,0.379233521
Simplicity2,WINDPOWER,5022,2010,0.356076007
Simplicity2,WINDPOWER,5023,2010,0.411852909
Simplicity2,WINDPOWER,5024,2010,0.44517103
Simplicity2,WINDPOWER,5025,2010,0.308671818
Simplicity2,WINDPOWER,5026,2010,0.367398017
Simplicity2,WINDPOWER,5027,2010,0.495608781
Simplicity2,WINDPOWER,5028,2010,0.464088609
Simplicity2,WINDPOWER,5029,2010,0.44715855
Simplicity2,WINDPOWER,5030,2010,0.338259544
Simplicity2,WINDPOWER,5031,2010,0.351065957
Simplicity2,WINDPOWER,5032,2010,0.400638367
Simplicity2,WINDPOWER,5033,2010,0.47500658
Simplicity2,WINDPOWER,5034,2010,0.475272851
Simplicity2,WINDPOWER,5035,2010,0.450070654
Simplicity2,WINDPOWER,5036,2010,0.36327921
Simplicity2,WINDPOWER,5037,2010,0.29478326
Simplicity2,WINDPOWER,5038,2010,0.327020402
Simplicity2,WINDPOWER,5039,2010,0.38215162
Simplicity2,WINDPOWER,5040,2010,0.287838941
Simplicity2,WINDPOWER,5041,2010,0.294428601
Simplicity2,WINDPOWER,5042,2010,0.345971628
Simplicity2,WINDPOWER,5043,2010,0.373130636
Simplicity2,WINDPOWER,5044,2010,0.354056399
Simplicity2,WINDPOWER,5045,2010,0.4098193
Simplicity2,WINDPOWER,5046,2010,0.448961616
Simplicity2,WINDPOWER,5047,2010,0.426143884
Simplicity2,WINDPOWER,5048,2010,0.298654474
Simplicity2,WINDPOWER,5049,2010,0.296029468
Simplicity2,WINDPOWER,5050,2010,0.287810134
Simplicity2,WINDPOWER,5051,2010,0.248053754
Simplicity2,WINDPOWER,5052,2010,0.285283325
Simplicity2,WINDPOWER,5053,2010,0.227815196
Simplicity2,WINDPOWER,5054,2010,0.201102318
Simplicity2,WINDPOWER,5055,2010,0.340108717
Simplicity2,WINDPOWER,5056,2010,0.381930743
Simplicity2,WINDPOWER,5057,2010,0.335245017
Simplicity2,WINDPOWER,5058,2010,0.37931662
Simplicity2,WINDPOWER,5059,2010,0.368368254
Simplicity2,WINDPOWER,5060,2010,0.359787994
Simplicity2,WINDPOWER,5061,2010,0.263536816
Simplicity2,WINDPOWER,5062,2010,0.335449361
Simplicity2,WINDPOWER,5063,2010,0.36766883
Simplicity2,WINDPOWER,5064,2010,0.368057646
Simplicity2,WINDPOWER,5065,2010,0.342184782
Simplicity2,WINDPOWER,5066,2010,0.349370322
Simplicity2,WINDPOWER,5067,2010,0.298928447
Simplicity2,WINDPOWER,5068,2010,0.310350888
Simplicity2,WINDPOWER,5069,2010,0.305370314
Simplicity2,WINDPOWER,5070,2010,0.309395317
Simplicity2,WINDPOWER,5071,2010,0.360671349
Simplicity2,WINDPOWER,5072,2010,0.319261286
Simplicity2,WINDPOWER,5073,2010,0.301900744
Simplicity2,WINDPOWER,5074,2010,0.281375269
Simplicity2,WINDPOWER,5075,2010,0.329326829
Simplicity2,WINDPOWER,5076,2010,0.293630682
Simplicity2,WINDPOWER,5077,2010,0.303913971
Simplicity2,WINDPOWER,5078,2010,0.304353454
Simplicity2,WINDPOWER,5079,2010,0.26727009
Simplicity2,WINDPOWER,5080,2010,0.255782024
Simplicity2,WINDPOWER,5081,2010,0.284295835
Simplicity2,WINDPOWER,5082,2010,0.323715171
Simplicity2,WINDPOWER,5083,2010,0.310260293
Simplicity2,WINDPOWER,5084,2010,0.417518306
Simplicity2,WINDPOWER,5085,2010,0.393767479
Simplicity2,WINDPOWER,5086,2010,0.358127961
Simplicity2,WINDPOWER,5087,2010,0.31149711
Simplicity2,WINDPOWER,5088,2010,0.311173563
Simplicity2,WINDPOWER,5089,2010,0.306093163
Simplicity2,WINDPOWER,5090,2010,0.339761246
Simplicity2,WINDPOWER,5091,2010,0.356818318
Simplicity2,WINDPOWER,5092,2010,0.345322287
Simplicity2,WINDPOWER,5093,2010,0.369117048
Simplicity2,WINDPOWER,5094,2010,0.356851365
Simplicity2,WINDPOWER,5095,2010,0.34446808
Simplicity2,WINDPOWER,5096,2010,0.300103588
Simplicity2,WINDPOWER,5097,2010,0.298196343
Simplicity2,WINDPOWER,5098,2010,0.248815775
Simplicity2,WINDPOWER,5099,2010,0.267925437
Simplicity2,WINDPOWER,5100,2010,0.301606875
Simplicity2,WINDPOWER,5101,2010,0.355973686
Simplicity2,WINDPOWER,5102,2010,0.278524843
Simplicity2,WINDPOWER,5103,2010,0.25057517
Simplicity2,WINDPOWER,5104,2010,0.267383711
Simplicity2,WINDPOWER,5105,2010,0.271903552
Simplicity2,WINDPOWER,5106,2010,0.294789322
Simplicity2,WINDPOWER,5107,2010,0.32447886
Simplicity2,WINDPOWER,5108,2010,0.28416909
Simplicity2,WINDPOWER,5109,2010,0.285768177
Simplicity2,WINDPOWER,5110,2010,0.299206643
Simplicity2,WINDPOWER,5111,2010,0.35479999
Simplicity2,WINDPOWER,5112,2010,0.336965842
Simplicity2,WINDPOWER,5113,2010,0.330932913
Simplicity2,WINDPOWER,5114,2010,0.356107788
Simplicity2,WINDPOWER,5115,2010,0.338135036
Simplicity2,WINDPOWER,5116,2010,0.284068203
Simplicity2,WINDPOWER,5117,2010,0.317322921
Simplicity2,WINDPOWER,5118,2010,0.337585632
Simplicity2,WINDPOWER,5119,2010,0.313138695
Simplicity2,WINDPOWER,5120,2010,0.289983131
Simplicity2,WINDPOWER,5121,2010,0.223988861
Simplicity2,WINDPOWER,5122,2010,0.223502657
Simplicity2,WINDPOWER,5123,2010,0.247815543
Simplicity2,WINDPOWER,5124,2010,0.397040458
Simplicity2,WINDPOWER,5125,2010,0.304211109
Simplicity2,WINDPOWER,5126,2010,0.287060907
Simplicity2,WINDPOWER,5127,2010,0.383535576
Simplicity2,WINDPOWER,5128,2010,0.350983117
Simplicity2,WINDPOWER,5129,2010,0.288559445
Simplicity2,WINDPOWER,5130,2010,0.278999237
Simplicity2,WINDPOWER,5131,2010,0.317351282
Simplicity2,WINDPOWER,5132,2010,0.35012941
Simplicity2,WINDPOWER,5133,2010,0.326381323
Simplicity2,WINDPOWER,5134,2010,0.297000482
Simplicity2,WINDPOWER,5135,2010,0.234398258
Simplicity2,WINDPOWER,5136,2010,0.322191592
Simplicity2,WINDPOWER,5137,2010,0.28756137
Simplicity2,WINDPOWER,5138,2010,0.273780129
Simplicity2,WINDPOWER,5139,2010,0.290206188
Simplicity2,WINDPOWER,5140,2010,0.361935635
Simplicity2,WINDPOWER,5141,2010,0.368048227
Simplicity2,WINDPOWER,5142,2010,0.362217836
Simplicity2,WINDPOWER,5143,2010,0.315889712
Simplicity2,WINDPOWER,5144,2010,0.325703905
Simplicity2,WINDPOWER,5145,2010,0.332571755
Simplicity2,WINDPOWER,5146,2010,0.305634029
Simplicity2,WINDPOWER,5147,2010,0.247492571
Simplicity2,WINDPOWER,5148,2010,0.270881721
Simplicity2,WINDPOWER,5149,2010,0.267299759
Simplicity2,WINDPOWER,5150,2010,0.232362719
Simplicity2,WINDPOWER,5151,2010,0.306244996
Simplicity2,WINDPOWER,5152,2010,0.438623774
Simplicity2,WINDPOWER,5153,2010,0.306254559
Simplicity2,WINDPOWER,5154,2010,0.365029313
Simplicity2,WINDPOWER,5155,2010,0.307722272
Simplicity2,WINDPOWER,5156,2010,0.258730189
Simplicity2,WINDPOWER,5157,2010,0.170034096
Simplicity2,WINDPOWER,5158,2010,0.215441248
Simplicity2,WINDPOWER,5159,2010,0.248480887
Simplicity2,WINDPOWER,5160,2010,0.223178602
Simplicity2,WINDPOWER,5161,2010,0.272088047
Simplicity2,WINDPOWER,5162,2010,0.410535323
Simplicity2,WINDPOWER,5163,2010,0.342400882
Simplicity2,WINDPOWER,5164,2010,0.242871395
Simplicity2,WINDPOWER,5165,2010,0.238570137
Simplicity2,WINDPOWER,5166,2010,0.284900646
Simplicity2,WINDPOWER,5167,2010,0.281409027
Simplicity2,WINDPOWER,5168,2010,0.388887275
Simplicity2,WINDPOWER,5169,2010,0.405183242
Simplicity2,WINDPOWER,5170,2010,0.406870191
Simplicity2,WINDPOWER,5171,2010,0.381893145
Simplicity2,WINDPOWER,5172,2010,0.296691258
Simplicity2,WINDPOWER,5173,2010,0.260651286
Simplicity2,WINDPOWER,5174,2010,0.280105756
Simplicity2,WINDPOWER,5175,2010,0.331932042
Simplicity2,WINDPOWER,5176,2010,0.314713653
Simplicity2,WINDPOWER,5177,2010,0.294751427
Simplicity2,WINDPOWER,5178,2010,0.27294182
Simplicity2,WINDPOWER,5179,2010,0.253353819
Simplicity2,WINDPOWER,5180,2010,0.293892127
Simplicity2,WINDPOWER,5181,2010,0.220346684
Simplicity2,WINDPOWER,5182,2010,0.197912582
Simplicity2,WINDPOWER,5183,2010,0.183644998
Simplicity2,WINDPOWER,5184,2010,0.176332978
Simplicity2,WINDPOWER,5185,2010,0.169531656
Simplicity2,WINDPOWER,5186,2010,0.199440011
Simplicity2,WINDPOWER,5187,2010,0.206196109
Simplicity2,WINDPOWER,5188,2010,0.232739564
Simplicity2,WINDPOWER,5189,2010,0.23868223
Simplicity2,WINDPOWER,5190,2010,0.286279393
Simplicity2,WINDPOWER,5191,2010,0.262668077
Simplicity2,WINDPOWER,5192,2010,0.33958128
Simplicity2,WINDPOWER,5193,2010,0.230803895
Simplicity2,WINDPOWER,5194,2010,0.212205008
Simplicity2,WINDPOWER,5195,2010,0.192700917
Simplicity2,WINDPOWER,5196,2010,0.140874672
Simplicity2,WINDPOWER,5197,2010,0.22137316
Simplicity2,WINDPOWER,5198,2010,0.192031335
Simplicity2,WINDPOWER,5199,2010,0.22801425
Simplicity2,WINDPOWER,5200,2010,0.196363449
Simplicity2,WINDPOWER,5201,2010,0.187964608
Simplicity2,WINDPOWER,5202,2010,0.163979749
Simplicity2,WINDPOWER,5203,2010,0.259465166
Simplicity2,WINDPOWER,5204,2010,0.294133171
Simplicity2,WINDPOWER,5205,2010,0.279665277
Simplicity2,WINDPOWER,5206,2010,0.244898919
Simplicity2,WINDPOWER,5207,2010,0.269533208
Simplicity2,WINDPOWER,5208,2010,0.322242942
Simplicity2,WINDPOWER,5209,2010,0.275032611
Simplicity2,WINDPOWER,5210,2010,0.226621975
Simplicity2,WINDPOWER,5211,2010,0.220408984
Simplicity2,WINDPOWER,5212,2010,0.216995833
Simplicity2,WINDPOWER,5213,2010,0.198723009
Simplicity2,WINDPOWER,5214,2010,0.177310183
Simplicity2,WINDPOWER,5215,2010,0.237072879
Simplicity2,WINDPOWER,5216,2010,0.210829892
Simplicity2,WINDPOWER,5217,2010,0.15040933
Simplicity2,WINDPOWER,5218,2010,0.232050362
Simplicity2,WINDPOWER,5219,2010,0.171166466
Simplicity2,WINDPOWER,5220,2010,0.193414167
Simplicity2,WINDPOWER,5221,2010,0.252032078
Simplicity2,WINDPOWER,5222,2010,0.257769989
Simplicity2,WINDPOWER,5223,2010,0.270542507
Simplicity2,WINDPOWER,5224,2010,0.301768523
Simplicity2,WINDPOWER,5225,2010,0.316806106
Simplicity2,WINDPOWER,5226,2010,0.358666819
Simplicity2,WINDPOWER,5227,2010,0.192715138
Simplicity2,WINDPOWER,5228,2010,0.235560642
Simplicity2,WINDPOWER,5229,2010,0.257180941
Simplicity2,WINDPOWER,5230,2010,0.326883872
Simplicity2,WINDPOWER,5231,2010,0.289853302
Simplicity2,WINDPOWER,5232,2010,0.182910011
Simplicity2,WINDPOWER,5233,2010,0.246700244
Simplicity2,WINDPOWER,5234,2010,0.228564589
Simplicity2,WINDPOWER,5235,2010,0.239747972
Simplicity2,WINDPOWER,5236,2010,0.264298024
Simplicity2,WINDPOWER,5237,2010,0.250045219
Simplicity2,WINDPOWER,5238,2010,0.30178725
Simplicity2,WINDPOWER,5239,2010,0.269659504
Simplicity2,WINDPOWER,5240,2010,0.233364413
Simplicity2,WINDPOWER,5241,2010,0.227526022
Simplicity2,WINDPOWER,5242,2010,0.172786796
Simplicity2,WINDPOWER,5243,2010,0.184202008
Simplicity2,WINDPOWER,5244,2010,0.303632042
Simplicity2,WINDPOWER,5245,2010,0.246998365
Simplicity2,WINDPOWER,5246,2010,0.239981077
Simplicity2,WINDPOWER,5247,2010,0.225637907
Simplicity2,WINDPOWER,5248,2010,0.18973953
Simplicity2,WINDPOWER,5249,2010,0.189370894
Simplicity2,WINDPOWER,5250,2010,0.187051023
Simplicity2,WINDPOWER,5251,2010,0.298481653
Simplicity2,WINDPOWER,5252,2010,0.319585128
Simplicity2,WINDPOWER,5253,2010,0.409303719
Simplicity2,WINDPOWER,5254,2010,0.312441086
Simplicity2,WINDPOWER,5255,2010,0.347084756
Simplicity2,WINDPOWER,5256,2010,0.469685056
Simplicity2,WINDPOWER,5257,2010,0.408442806
Simplicity2,WINDPOWER,5258,2010,0.304003159
Simplicity2,WINDPOWER,5259,2010,0.22717107
Simplicity2,WINDPOWER,5260,2010,0.320202095
Simplicity2,WINDPOWER,5261,2010,0.254714912
Simplicity2,WINDPOWER,5262,2010,0.239863475
Simplicity2,WINDPOWER,5263,2010,0.253961968
Simplicity2,WINDPOWER,5264,2010,0.30550911
Simplicity2,WINDPOWER,5265,2010,0.386226067
Simplicity2,WINDPOWER,5266,2010,0.37013948
Simplicity2,WINDPOWER,5267,2010,0.312463632
Simplicity2,WINDPOWER,5268,2010,0.266727418
Simplicity2,WINDPOWER,5269,2010,0.255135151
Simplicity2,WINDPOWER,5270,2010,0.324464609
Simplicity2,WINDPOWER,5271,2010,0.307860767
Simplicity2,WINDPOWER,5272,2010,0.244115996
Simplicity2,WINDPOWER,5273,2010,0.25525735
Simplicity2,WINDPOWER,5274,2010,0.332131756
Simplicity2,WINDPOWER,5275,2010,0.380626336
Simplicity2,WINDPOWER,5276,2010,0.299698038
Simplicity2,WINDPOWER,5277,2010,0.254613511
Simplicity2,WINDPOWER,5278,2010,0.268367883
Simplicity2,WINDPOWER,5279,2010,0.257275353
Simplicity2,WINDPOWER,5280,2010,0.371450319
Simplicity2,WINDPOWER,5281,2010,0.35690651
Simplicity2,WINDPOWER,5282,2010,0.41565004
Simplicity2,WINDPOWER,5283,2010,0.436433388
Simplicity2,WINDPOWER,5284,2010,0.452549327
Simplicity2,WINDPOWER,5285,2010,0.416985006
Simplicity2,WINDPOWER,5286,2010,0.316876221
Simplicity2,WINDPOWER,5287,2010,0.2778908
Simplicity2,WINDPOWER,5288,2010,0.37879754
Simplicity2,WINDPOWER,5289,2010,0.373730871
Simplicity2,WINDPOWER,5290,2010,0.250144289
Simplicity2,WINDPOWER,5291,2010,0.295149566
Simplicity2,WINDPOWER,5292,2010,0.377059123
Simplicity2,WINDPOWER,5293,2010,0.406556866
Simplicity2,WINDPOWER,5294,2010,0.396068275
Simplicity2,WINDPOWER,5295,2010,0.464596366
Simplicity2,WINDPOWER,5296,2010,0.487140938
Simplicity2,WINDPOWER,5297,2010,0.370562458
Simplicity2,WINDPOWER,5298,2010,0.31295504
Simplicity2,WINDPOWER,5299,2010,0.388041874
Simplicity2,WINDPOWER,5300,2010,0.421406957
Simplicity2,WINDPOWER,5301,2010,0.475010067
Simplicity2,WINDPOWER,5302,2010,0.418723564
Simplicity2,WINDPOWER,5303,2010,0.417052623
Simplicity2,WINDPOWER,5304,2010,0.399914728
Simplicity2,WINDPOWER,5305,2010,0.404175538
Simplicity2,WINDPOWER,5306,2010,0.369198425
Simplicity2,WINDPOWER,5307,2010,0.302978241
Simplicity2,WINDPOWER,5308,2010,0.419601391
Simplicity2,WINDPOWER,5309,2010,0.394818561
Simplicity2,WINDPOWER,5310,2010,0.44209801
Simplicity2,WINDPOWER,5311,2010,0.557064184
Simplicity2,WINDPOWER,5312,2010,0.496736288
Simplicity2,WINDPOWER,5313,2010,0.489343191
Simplicity2,WINDPOWER,5314,2010,0.465622477
Simplicity2,WINDPOWER,5315,2010,0.511691056
Simplicity2,WINDPOWER,5316,2010,0.452540859
Simplicity2,WINDPOWER,5317,2010,0.441001283
Simplicity2,WINDPOWER,5318,2010,0.377188355
Simplicity2,WINDPOWER,5319,2010,0.361184939
Simplicity2,WINDPOWER,5320,2010,0.244731664
Simplicity2,WINDPOWER,5321,2010,0.308654124
Simplicity2,WINDPOWER,5322,2010,0.459354401
Simplicity2,WINDPOWER,5323,2010,0.466733973
Simplicity2,WINDPOWER,5324,2010,0.401477691
Simplicity2,WINDPOWER,5325,2010,0.322042714
Simplicity2,WINDPOWER,5326,2010,0.327878772
Simplicity2,WINDPOWER,5327,2010,0.365308669
Simplicity2,WINDPOWER,5328,2010,0.473775676
Simplicity2,WINDPOWER,5329,2010,0.523351953
Simplicity2,WINDPOWER,5330,2010,0.418325027
Simplicity2,WINDPOWER,5331,2010,0.419757125
Simplicity2,WINDPOWER,5332,2010,0.381980851
Simplicity2,WINDPOWER,5333,2010,0.347449405
Simplicity2,WINDPOWER,5334,2010,0.476675237
Simplicity2,WINDPOWER,5335,2010,0.385891864
Simplicity2,WINDPOWER,5336,2010,0.465411148
Simplicity2,WINDPOWER,5337,2010,0.321486733
Simplicity2,WINDPOWER,5338,2010,0.447432283
Simplicity2,WINDPOWER,5339,2010,0.469894913
Simplicity2,WINDPOWER,5340,2010,0.479904747
Simplicity2,WINDPOWER,5341,2010,0.393605538
Simplicity2,WINDPOWER,5342,2010,0.406866474
Simplicity2,WINDPOWER,5343,2010,0.422733652
Simplicity2,WINDPOWER,5344,2010,0.452642771
Simplicity2,WINDPOWER,5345,2010,0.377319106
Simplicity2,WINDPOWER,5346,2010,0.429381648
Simplicity2,WINDPOWER,5347,2010,0.420188086
Simplicity2,WINDPOWER,5348,2010,0.366771514
Simplicity2,WINDPOWER,5349,2010,0.375540919
Simplicity2,WINDPOWER,5350,2010,0.377178889
Simplicity2,WINDPOWER,5351,2010,0.414339277
Simplicity2,WINDPOWER,5352,2010,0.401928361
Simplicity2,WINDPOWER,5353,2010,0.411541105
Simplicity2,WINDPOWER,5354,2010,0.463251428
Simplicity2,WINDPOWER,5355,2010,0.459271651
Simplicity2,WINDPOWER,5356,2010,0.390084632
Simplicity2,WINDPOWER,5357,2010,0.392533332
Simplicity2,WINDPOWER,5358,2010,0.439713153
Simplicity2,WINDPOWER,5359,2010,0.530637236
Simplicity2,WINDPOWER,5360,2010,0.531355596
Simplicity2,WINDPOWER,5361,2010,0.457244442
Simplicity2,WINDPOWER,5362,2010,0.342248587
Simplicity2,WINDPOWER,5363,2010,0.318073107
Simplicity2,WINDPOWER,5364,2010,0.407488963
Simplicity2,WINDPOWER,5365,2010,0.477356575
Simplicity2,WINDPOWER,5366,2010,0.469101087
Simplicity2,WINDPOWER,5367,2010,0.368617218
Simplicity2,WINDPOWER,5368,2010,0.375183402
Simplicity2,WINDPOWER,5369,2010,0.444311869
Simplicity2,WINDPOWER,5370,2010,0.468313595
Simplicity2,WINDPOWER,5371,2010,0.417807683
Simplicity2,WINDPOWER,5372,2010,0.393593607
Simplicity2,WINDPOWER,5373,2010,0.434464674
Simplicity2,WINDPOWER,5374,2010,0.368647691
Simplicity2,WINDPOWER,5375,2010,0.307355252
Simplicity2,WINDPOWER,5376,2010,0.356938968
Simplicity2,WINDPOWER,5377,2010,0.400424788
Simplicity2,WINDPOWER,5378,2010,0.455820204
Simplicity2,WINDPOWER,5379,2010,0.426162614
Simplicity2,WINDPOWER,5380,2010,0.368064793
Simplicity2,WINDPOWER,5381,2010,0.367545053
Simplicity2,WINDPOWER,5382,2010,0.349021317
Simplicity2,WINDPOWER,5383,2010,0.433530165
Simplicity2,WINDPOWER,5384,2010,0.371857666
Simplicity2,WINDPOWER,5385,2010,0.373390379
Simplicity2,WINDPOWER,5386,2010,0.413296833
Simplicity2,WINDPOWER,5387,2010,0.377881883
Simplicity2,WINDPOWER,5388,2010,0.424954746
Simplicity2,WINDPOWER,5389,2010,0.464488345
Simplicity2,WINDPOWER,5390,2010,0.325083819
Simplicity2,WINDPOWER,5391,2010,0.418592183
Simplicity2,WINDPOWER,5392,2010,0.516802342
Simplicity2,WINDPOWER,5393,2010,0.491956468
Simplicity2,WINDPOWER,5394,2010,0.463993755
Simplicity2,WINDPOWER,5395,2010,0.365473957
Simplicity2,WINDPOWER,5396,2010,0.382713257
Simplicity2,WINDPOWER,5397,2010,0.418354149
Simplicity2,WINDPOWER,5398,2010,0.503849705
Simplicity2,WINDPOWER,5399,2010,0.490822896
Simplicity2,WINDPOWER,5400,2010,0.466230434
Simplicity2,WINDPOWER,5401,2010,0.373324634
Simplicity2,WINDPOWER,5402,2010,0.31930977
Simplicity2,WINDPOWER,5403,2010,0.346267081
Simplicity2,WINDPOWER,5404,2010,0.381538525
Simplicity2,WINDPOWER,5405,2010,0.302979456
Simplicity2,WINDPOWER,5406,2010,0.31562048
Simplicity2,WINDPOWER,5407,2010,0.357591351
Simplicity2,WINDPOWER,5408,2010,0.38536194
Simplicity2,WINDPOWER,5409,2010,0.360208949
Simplicity2,WINDPOWER,5410,2010,0.441601984
Simplicity2,WINDPOWER,5411,2010,0.454013306
Simplicity2,WINDPOWER,5412,2010,0.442827525
Simplicity2,WINDPOWER,5413,2010,0.317481708
Simplicity2,WINDPOWER,5414,2010,0.323019235
Simplicity2,WINDPOWER,5415,2010,0.31026767
Simplicity2,WINDPOWER,5416,2010,0.27041916
Simplicity2,WINDPOWER,5417,2010,0.318440308
Simplicity2,WINDPOWER,5418,2010,0.247689957
Simplicity2,WINDPOWER,5419,2010,0.221481658
Simplicity2,WINDPOWER,5420,2010,0.354071655
Simplicity2,WINDPOWER,5421,2010,0.392984213
Simplicity2,WINDPOWER,5422,2010,0.363421392
Simplicity2,WINDPOWER,5423,2010,0.39236461
Simplicity2,WINDPOWER,5424,2010,0.37854022
Simplicity2,WINDPOWER,5425,2010,0.377335003
Simplicity2,WINDPOWER,5426,2010,0.308321508
Simplicity2,WINDPOWER,5427,2010,0.369904769
Simplicity2,WINDPOWER,5428,2010,0.383023444
Simplicity2,WINDPOWER,5429,2010,0.394812066
Simplicity2,WINDPOWER,5430,2010,0.359929767
Simplicity2,WINDPOWER,5431,2010,0.360524443
Simplicity2,WINDPOWER,5432,2010,0.318936908
Simplicity2,WINDPOWER,5433,2010,0.347174763
Simplicity2,WINDPOWER,5434,2010,0.329273688
Simplicity2,WINDPOWER,5435,2010,0.329492644
Simplicity2,WINDPOWER,5436,2010,0.381570415
Simplicity2,WINDPOWER,5437,2010,0.333873433
Simplicity2,WINDPOWER,5438,2010,0.326439424
Simplicity2,WINDPOWER,5439,2010,0.293468357
Simplicity2,WINDPOWER,5440,2010,0.330638905
Simplicity2,WINDPOWER,5441,2010,0.303123352
Simplicity2,WINDPOWER,5442,2010,0.32381923
Simplicity2,WINDPOWER,5443,2010,0.336721268
Simplicity2,WINDPOWER,5444,2010,0.269981633
Simplicity2,WINDPOWER,5445,2010,0.271376597
Simplicity2,WINDPOWER,5446,2010,0.307860047
Simplicity2,WINDPOWER,5447,2010,0.344609928
Simplicity2,WINDPOWER,5448,2010,0.32889139
Simplicity2,WINDPOWER,5449,2010,0.450332815
Simplicity2,WINDPOWER,5450,2010,0.406644221
Simplicity2,WINDPOWER,5451,2010,0.369352794
Simplicity2,WINDPOWER,5452,2010,0.333267827
Simplicity2,WINDPOWER,5453,2010,0.329658127
Simplicity2,WINDPOWER,5454,2010,0.320559033
Simplicity2,WINDPOWER,5455,2010,0.349083341
Simplicity2,WINDPOWER,5456,2010,0.375766392
Simplicity2,WINDPOWER,5457,2010,0.365105674
Simplicity2,WINDPOWER,5458,2010,0.395651507
Simplicity2,WINDPOWER,5459,2010,0.35645777
Simplicity2,WINDPOWER,5460,2010,0.354317525
Simplicity2,WINDPOWER,5461,2010,0.312706068
Simplicity2,WINDPOWER,5462,2010,0.32702901
Simplicity2,WINDPOWER,5463,2010,0.255493316
Simplicity2,WINDPOWER,5464,2010,0.266333281
Simplicity2,WINDPOWER,5465,2010,0.315255545
Simplicity2,WINDPOWER,5466,2010,0.412003422
Simplicity2,WINDPOWER,5467,2010,0.278235421
Simplicity2,WINDPOWER,5468,2010,0.266967179
Simplicity2,WINDPOWER,5469,2010,0.262347036
Simplicity2,WINDPOWER,5470,2010,0.310055156
Simplicity2,WINDPOWER,5471,2010,0.315372128
Simplicity2,WINDPOWER,5472,2010,0.335197236
Simplicity2,WINDPOWER,5473,2010,0.303981686
Simplicity2,WINDPOWER,5474,2010,0.313546274
Simplicity2,WINDPOWER,5475,2010,0.322277029
Simplicity2,WINDPOWER,5476,2010,0.389391629
Simplicity2,WINDPOWER,5477,2010,0.354608451
Simplicity2,WINDPOWER,5478,2010,0.346344171
Simplicity2,WINDPOWER,5479,2010,0.389675194
Simplicity2,WINDPOWER,5480,2010,0.373398418
Simplicity2,WINDPOWER,5481,2010,0.302431437
Simplicity2,WINDPOWER,5482,2010,0.3486883
Simplicity2,WINDPOWER,5483,2010,0.345809582
Simplicity2,WINDPOWER,5484,2010,0.337602891
Simplicity2,WINDPOWER,5485,2010,0.321069952
Simplicity2,WINDPOWER,5486,2010,0.24863667
Simplicity2,WINDPOWER,5487,2010,0.238080931
Simplicity2,WINDPOWER,5488,2010,0.282056707
Simplicity2,WINDPOWER,5489,2010,0.420312714
Simplicity2,WINDPOWER,5490,2010,0.3198029
Simplicity2,WINDPOWER,5491,2010,0.309161704
Simplicity2,WINDPOWER,5492,2010,0.421401033
Simplicity2,WINDPOWER,5493,2010,0.37624374
Simplicity2,WINDPOWER,5494,2010,0.305451821
Simplicity2,WINDPOWER,5495,2010,0.295639232
Simplicity2,WINDPOWER,5496,2010,0.339583618
Simplicity2,WINDPOWER,5497,2010,0.360634605
Simplicity2,WINDPOWER,5498,2010,0.343445281
Simplicity2,WINDPOWER,5499,2010,0.314384055
Simplicity2,WINDPOWER,5500,2010,0.259165406
Simplicity2,WINDPOWER,5501,2010,0.349397338
Simplicity2,WINDPOWER,5502,2010,0.299309446
Simplicity2,WINDPOWER,5503,2010,0.30178198
Simplicity2,WINDPOWER,5504,2010,0.305394102
Simplicity2,WINDPOWER,5505,2010,0.376692903
Simplicity2,WINDPOWER,5506,2010,0.380791811
Simplicity2,WINDPOWER,5507,2010,0.382555919
Simplicity2,WINDPOWER,5508,2010,0.354510662
Simplicity2,WINDPOWER,5509,2010,0.347398893
Simplicity2,WINDPOWER,5510,2010,0.37094093
Simplicity2,WINDPOWER,5511,2010,0.308381737
Simplicity2,WINDPOWER,5512,2010,0.268108839
Simplicity2,WINDPOWER,5513,2010,0.307410596
Simplicity2,WINDPOWER,5514,2010,0.299379281
Simplicity2,WINDPOWER,5515,2010,0.251503486
Simplicity2,WINDPOWER,5516,2010,0.334922029
Simplicity2,WINDPOWER,5517,2010,0.459925923
Simplicity2,WINDPOWER,5518,2010,0.313481591
Simplicity2,WINDPOWER,5519,2010,0.376423854
Simplicity2,WINDPOWER,5520,2010,0.318063737
Simplicity2,WINDPOWER,5521,2010,0.292035293
Simplicity2,WINDPOWER,5522,2010,0.178952499
Simplicity2,WINDPOWER,5523,2010,0.243975537
Simplicity2,WINDPOWER,5524,2010,0.275224572
Simplicity2,WINDPOWER,5525,2010,0.255447933
Simplicity2,WINDPOWER,5526,2010,0.2863906
Simplicity2,WINDPOWER,5527,2010,0.428644114
Simplicity2,WINDPOWER,5528,2010,0.355180968
Simplicity2,WINDPOWER,5529,2010,0.275244013
Simplicity2,WINDPOWER,5530,2010,0.254657458
Simplicity2,WINDPOWER,5531,2010,0.299052913
Simplicity2,WINDPOWER,5532,2010,0.302492798
Simplicity2,WINDPOWER,5533,2010,0.425293058
Simplicity2,WINDPOWER,5534,2010,0.418564354
Simplicity2,WINDPOWER,5535,2010,0.424181539
Simplicity2,WINDPOWER,5536,2010,0.372101961
Simplicity2,WINDPOWER,5537,2010,0.326674098
Simplicity2,WINDPOWER,5538,2010,0.286494346
Simplicity2,WINDPOWER,5539,2010,0.302278113
Simplicity2,WINDPOWER,5540,2010,0.344868722
Simplicity2,WINDPOWER,5541,2010,0.322447841
Simplicity2,WINDPOWER,5542,2010,0.322924287
Simplicity2,WINDPOWER,5543,2010,0.289329737
Simplicity2,WINDPOWER,5544,2010,0.284837135
Simplicity2,WINDPOWER,5545,2010,0.330903211
Simplicity2,WINDPOWER,5546,2010,0.240458148
Simplicity2,WINDPOWER,5547,2010,0.219123646
Simplicity2,WINDPOWER,5548,2010,0.205572488
Simplicity2,WINDPOWER,5549,2010,0.180740335
Simplicity2,WINDPOWER,5550,2010,0.17636126
Simplicity2,WINDPOWER,5551,2010,0.215926538
Simplicity2,WINDPOWER,5552,2010,0.21031871
Simplicity2,WINDPOWER,5553,2010,0.226879816
Simplicity2,WINDPOWER,5554,2010,0.249519096
Simplicity2,WINDPOWER,5555,2010,0.296455928
Simplicity2,WINDPOWER,5556,2010,0.287952168
Simplicity2,WINDPOWER,5557,2010,0.348684161
Simplicity2,WINDPOWER,5558,2010,0.241679959
Simplicity2,WINDPOWER,5559,2010,0.213280909
Simplicity2,WINDPOWER,5560,2010,0.195973631
Simplicity2,WINDPOWER,5561,2010,0.156994433
Simplicity2,WINDPOWER,5562,2010,0.212197173
Simplicity2,WINDPOWER,5563,2010,0.209330786
Simplicity2,WINDPOWER,5564,2010,0.236130406
Simplicity2,WINDPOWER,5565,2010,0.217571448
Simplicity2,WINDPOWER,5566,2010,0.204866386
Simplicity2,WINDPOWER,5567,2010,0.177308866
Simplicity2,WINDPOWER,5568,2010,0.252570081
Simplicity2,WINDPOWER,5569,2010,0.301622281
Simplicity2,WINDPOWER,5570,2010,0.283179385
Simplicity2,WINDPOWER,5571,2010,0.252710614
Simplicity2,WINDPOWER,5572,2010,0.278471124
Simplicity2,WINDPOWER,5573,2010,0.330660151
Simplicity2,WINDPOWER,5574,2010,0.289831118
Simplicity2,WINDPOWER,5575,2010,0.225170406
Simplicity2,WINDPOWER,5576,2010,0.226866096
Simplicity2,WINDPOWER,5577,2010,0.234104877
Simplicity2,WINDPOWER,5578,2010,0.202554423
Simplicity2,WINDPOWER,5579,2010,0.190739746
Simplicity2,WINDPOWER,5580,2010,0.236592519
Simplicity2,WINDPOWER,5581,2010,0.219397234
Simplicity2,WINDPOWER,5582,2010,0.160322402
Simplicity2,WINDPOWER,5583,2010,0.261732381
Simplicity2,WINDPOWER,5584,2010,0.160474504
Simplicity2,WINDPOWER,5585,2010,0.194038944
Simplicity2,WINDPOWER,5586,2010,0.262506859
Simplicity2,WINDPOWER,5587,2010,0.255698519
Simplicity2,WINDPOWER,5588,2010,0.274245055
Simplicity2,WINDPOWER,5589,2010,0.309227
Simplicity2,WINDPOWER,5590,2010,0.339099482
Simplicity2,WINDPOWER,5591,2010,0.364106128
Simplicity2,WINDPOWER,5592,2010,0.201016242
Simplicity2,WINDPOWER,5593,2010,0.238714007
Simplicity2,WINDPOWER,5594,2010,0.264809445
Simplicity2,WINDPOWER,5595,2010,0.333347389
Simplicity2,WINDPOWER,5596,2010,0.284810366
Simplicity2,WINDPOWER,5597,2010,0.191997087
Simplicity2,WINDPOWER,5598,2010,0.261752669
Simplicity2,WINDPOWER,5599,2010,0.230632766
Simplicity2,WINDPOWER,5600,2010,0.264911011
Simplicity2,WINDPOWER,5601,2010,0.273500762
Simplicity2,WINDPOWER,5602,2010,0.260515668
Simplicity2,WINDPOWER,5603,2010,0.306244639
Simplicity2,WINDPOWER,5604,2010,0.28768598
Simplicity2,WINDPOWER,5605,2010,0.249344536
Simplicity2,WINDPOWER,5606,2010,0.233387789
Simplicity2,WINDPOWER,5607,2010,0.193513744
Simplicity2,WINDPOWER,5608,2010,0.197955668
Simplicity2,WINDPOWER,5609,2010,0.321709024
Simplicity2,WINDPOWER,5610,2010,0.241226296
Simplicity2,WINDPOWER,5611,2010,0.236368627
Simplicity2,WINDPOWER,5612,2010,0.248122541
Simplicity2,WINDPOWER,5613,2010,0.203972269
Simplicity2,WINDPOWER,5614,2010,0.196059497
Simplicity2,WINDPOWER,5615,2010,0.204628167
Simplicity2,WINDPOWER,5616,2010,0.321822323
Simplicity2,WINDPOWER,5617,2010,0.314293434
Simplicity2,WINDPOWER,5618,2010,0.392182951
Simplicity2,WINDPOWER,5619,2010,0.325420373
Simplicity2,WINDPOWER,5620,2010,0.358515089
Simplicity2,WINDPOWER,5621,2010,0.464194563
Simplicity2,WINDPOWER,5622,2010,0.393166021
Simplicity2,WINDPOWER,5623,2010,0.297496147
Simplicity2,WINDPOWER,5624,2010,0.230782869
Simplicity2,WINDPOWER,5625,2010,0.330517882
Simplicity2,WINDPOWER,5626,2010,0.266388433
Simplicity2,WINDPOWER,5627,2010,0.258009954
Simplicity2,WINDPOWER,5628,2010,0.278844523
Simplicity2,WINDPOWER,5629,2010,0.335059659
Simplicity2,WINDPOWER,5630,2010,0.378609233
Simplicity2,WINDPOWER,5631,2010,0.370485933
Simplicity2,WINDPOWER,5632,2010,0.296430407
Simplicity2,WINDPOWER,5633,2010,0.267171637
Simplicity2,WINDPOWER,5634,2010,0.270017859
Simplicity2,WINDPOWER,5635,2010,0.342521026
Simplicity2,WINDPOWER,5636,2010,0.327455192
Simplicity2,WINDPOWER,5637,2010,0.265013058
Simplicity2,WINDPOWER,5638,2010,0.264725639
Simplicity2,WINDPOWER,5639,2010,0.360513718
Simplicity2,WINDPOWER,5640,2010,0.394200895
Simplicity2,WINDPOWER,5641,2010,0.303174353
Simplicity2,WINDPOWER,5642,2010,0.252845364
Simplicity2,WINDPOWER,5643,2010,0.284879752
Simplicity2,WINDPOWER,5644,2010,0.268244705
Simplicity2,WINDPOWER,5645,2010,0.379257885
Simplicity2,WINDPOWER,5646,2010,0.355411673
Simplicity2,WINDPOWER,5647,2010,0.416188833
Simplicity2,WINDPOWER,5648,2010,0.431563091
Simplicity2,WINDPOWER,5649,2010,0.435289894
Simplicity2,WINDPOWER,5650,2010,0.398878223
Simplicity2,WINDPOWER,5651,2010,0.309824854
Simplicity2,WINDPOWER,5652,2010,0.284038993
Simplicity2,WINDPOWER,5653,2010,0.37455029
Simplicity2,WINDPOWER,5654,2010,0.367159693
Simplicity2,WINDPOWER,5655,2010,0.268335194
Simplicity2,WINDPOWER,5656,2010,0.302891287
Simplicity2,WINDPOWER,5657,2010,0.378124968
Simplicity2,WINDPOWER,5658,2010,0.411740819
Simplicity2,WINDPOWER,5659,2010,0.390983146
Simplicity2,WINDPOWER,5660,2010,0.459274334
Simplicity2,WINDPOWER,5661,2010,0.47438079
Simplicity2,WINDPOWER,5662,2010,0.353016487
Simplicity2,WINDPOWER,5663,2010,0.321649075
Simplicity2,WINDPOWER,5664,2010,0.378182644
Simplicity2,WINDPOWER,5665,2010,0.420931501
Simplicity2,WINDPOWER,5666,2010,0.471822943
Simplicity2,WINDPOWER,5667,2010,0.401302198
Simplicity2,WINDPOWER,5668,2010,0.411409504
Simplicity2,WINDPOWER,5669,2010,0.406906568
Simplicity2,WINDPOWER,5670,2010,0.400761951
Simplicity2,WINDPOWER,5671,2010,0.358436505
Simplicity2,WINDPOWER,5672,2010,0.32571176
Simplicity2,WINDPOWER,5673,2010,0.43062412
Simplicity2,WINDPOWER,5674,2010,0.399048622
Simplicity2,WINDPOWER,5675,2010,0.438166316
Simplicity2,WINDPOWER,5676,2010,0.566044781
Simplicity2,WINDPOWER,5677,2010,0.500786825
Simplicity2,WINDPOWER,5678,2010,0.50228127
Simplicity2,WINDPOWER,5679,2010,0.460535867
Simplicity2,WINDPOWER,5680,2010,0.514431817
Simplicity2,WINDPOWER,5681,2010,0.44900371
Simplicity2,WINDPOWER,5682,2010,0.431405333
Simplicity2,WINDPOWER,5683,2010,0.385751347
Simplicity2,WINDPOWER,5684,2010,0.379074486
Simplicity2,WINDPOWER,5685,2010,0.261671636
Simplicity2,WINDPOWER,5686,2010,0.332343507
Simplicity2,WINDPOWER,5687,2010,0.481355021
Simplicity2,WINDPOWER,5688,2010,0.466215946
Simplicity2,WINDPOWER,5689,2010,0.402637653
Simplicity2,WINDPOWER,5690,2010,0.324966902
Simplicity2,WINDPOWER,5691,2010,0.353674035
Simplicity2,WINDPOWER,5692,2010,0.391986834
Simplicity2,WINDPOWER,5693,2010,0.503763866
Simplicity2,WINDPOWER,5694,2010,0.528687206
Simplicity2,WINDPOWER,5695,2010,0.425726303
Simplicity2,WINDPOWER,5696,2010,0.426192415
Simplicity2,WINDPOWER,5697,2010,0.385172662
Simplicity2,WINDPOWER,5698,2010,0.364699094
Simplicity2,WINDPOWER,5699,2010,0.504240518
Simplicity2,WINDPOWER,5700,2010,0.415283446
Simplicity2,WINDPOWER,5701,2010,0.459378631
Simplicity2,WINDPOWER,5702,2010,0.35165103
Simplicity2,WINDPOWER,5703,2010,0.464564853
Simplicity2,WINDPOWER,5704,2010,0.478071747
Simplicity2,WINDPOWER,5705,2010,0.500491492
Simplicity2,WINDPOWER,5706,2010,0.415877445
Simplicity2,WINDPOWER,5707,2010,0.423099659
Simplicity2,WINDPOWER,5708,2010,0.449343276
Simplicity2,WINDPOWER,5709,2010,0.469148259
Simplicity2,WINDPOWER,5710,2010,0.387618351
Simplicity2,WINDPOWER,5711,2010,0.433387539
Simplicity2,WINDPOWER,5712,2010,0.425422859
Simplicity2,WINDPOWER,5713,2010,0.366862571
Simplicity2,WINDPOWER,5714,2010,0.382266773
Simplicity2,WINDPOWER,5715,2010,0.393984024
Simplicity2,WINDPOWER,5716,2010,0.447365772
Simplicity2,WINDPOWER,5717,2010,0.423698647
Simplicity2,WINDPOWER,5718,2010,0.440601035
Simplicity2,WINDPOWER,5719,2010,0.492491185
Simplicity2,WINDPOWER,5720,2010,0.478030722
Simplicity2,WINDPOWER,5721,2010,0.40275929
Simplicity2,WINDPOWER,5722,2010,0.406684736
Simplicity2,WINDPOWER,5723,2010,0.458451817
Simplicity2,WINDPOWER,5724,2010,0.546911048
Simplicity2,WINDPOWER,5725,2010,0.540778583
Simplicity2,WINDPOWER,5726,2010,0.480719264
Simplicity2,WINDPOWER,5727,2010,0.36037123
Simplicity2,WINDPOWER,5728,2010,0.363937976
Simplicity2,WINDPOWER,5729,2010,0.430978676
Simplicity2,WINDPOWER,5730,2010,0.488434733
Simplicity2,WINDPOWER,5731,2010,0.476378458
Simplicity2,WINDPOWER,5732,2010,0.401766546
Simplicity2,WINDPOWER,5733,2010,0.40468942
Simplicity2,WINDPOWER,5734,2010,0.462368024
Simplicity2,WINDPOWER,5735,2010,0.477525158
Simplicity2,WINDPOWER,5736,2010,0.436712081
Simplicity2,WINDPOWER,5737,2010,0.429694204
Simplicity2,WINDPOWER,5738,2010,0.474239772
Simplicity2,WINDPOWER,5739,2010,0.390427792
Simplicity2,WINDPOWER,5740,2010,0.316161165
Simplicity2,WINDPOWER,5741,2010,0.392260299
Simplicity2,WINDPOWER,5742,2010,0.430935905
Simplicity2,WINDPOWER,5743,2010,0.486953413
Simplicity2,WINDPOWER,5744,2010,0.437638969
Simplicity2,WINDPOWER,5745,2010,0.402911896
Simplicity2,WINDPOWER,5746,2010,0.388853313
Simplicity2,WINDPOWER,5747,2010,0.377562569
Simplicity2,WINDPOWER,5748,2010,0.465872234
Simplicity2,WINDPOWER,5749,2010,0.399109649
Simplicity2,WINDPOWER,5750,2010,0.40401571
Simplicity2,WINDPOWER,5751,2010,0.450499225
Simplicity2,WINDPOWER,5752,2010,0.410958412
Simplicity2,WINDPOWER,5753,2010,0.43876302
Simplicity2,WINDPOWER,5754,2010,0.495477893
Simplicity2,WINDPOWER,5755,2010,0.356958641
Simplicity2,WINDPOWER,5756,2010,0.464179492
Simplicity2,WINDPOWER,5757,2010,0.528128746
Simplicity2,WINDPOWER,5758,2010,0.513076126
Simplicity2,WINDPOWER,5759,2010,0.485851323
Simplicity2,WINDPOWER,5760,2010,0.386335085
Simplicity2,WINDPOWER,5761,2010,0.429914421
Simplicity2,WINDPOWER,5762,2010,0.452513768
Simplicity2,WINDPOWER,5763,2010,0.539923562
Simplicity2,WINDPOWER,5764,2010,0.509120191
Simplicity2,WINDPOWER,5765,2010,0.487200655
Simplicity2,WINDPOWER,5766,2010,0.404205309
Simplicity2,WINDPOWER,5767,2010,0.35631824
Simplicity2,WINDPOWER,5768,2010,0.38184295
Simplicity2,WINDPOWER,5769,2010,0.382490158
Simplicity2,WINDPOWER,5770,2010,0.332111757
Simplicity2,WINDPOWER,5771,2010,0.348595791
Simplicity2,WINDPOWER,5772,2010,0.373120133
Simplicity2,WINDPOWER,5773,2010,0.415267134
Simplicity2,WINDPOWER,5774,2010,0.370703295
Simplicity2,WINDPOWER,5775,2010,0.48015017
Simplicity2,WINDPOWER,5776,2010,0.467003278
Simplicity2,WINDPOWER,5777,2010,0.462441677
Simplicity2,WINDPOWER,5778,2010,0.355084178
Simplicity2,WINDPOWER,5779,2010,0.352188035
Simplicity2,WINDPOWER,5780,2010,0.332370269
Simplicity2,WINDPOWER,5781,2010,0.300638762
Simplicity2,WINDPOWER,5782,2010,0.348259933
Simplicity2,WINDPOWER,5783,2010,0.26637423
Simplicity2,WINDPOWER,5784,2010,0.266017708
Simplicity2,WINDPOWER,5785,2010,0.378946731
Simplicity2,WINDPOWER,5786,2010,0.403059995
Simplicity2,WINDPOWER,5787,2010,0.393030328
Simplicity2,WINDPOWER,5788,2010,0.409011938
Simplicity2,WINDPOWER,5789,2010,0.40543369
Simplicity2,WINDPOWER,5790,2010,0.400724863
Simplicity2,WINDPOWER,5791,2010,0.341450092
Simplicity2,WINDPOWER,5792,2010,0.402820024
Simplicity2,WINDPOWER,5793,2010,0.405125914
Simplicity2,WINDPOWER,5794,2010,0.406184956
Simplicity2,WINDPOWER,5795,2010,0.388073524
Simplicity2,WINDPOWER,5796,2010,0.381379487
Simplicity2,WINDPOWER,5797,2010,0.342660374
Simplicity2,WINDPOWER,5798,2010,0.387330776
Simplicity2,WINDPOWER,5799,2010,0.356569748
Simplicity2,WINDPOWER,5800,2010,0.352630512
Simplicity2,WINDPOWER,5801,2010,0.410140842
Simplicity2,WINDPOWER,5802,2010,0.351580338
Simplicity2,WINDPOWER,5803,2010,0.353765602
Simplicity2,WINDPOWER,5804,2010,0.332177051
Simplicity2,WINDPOWER,5805,2010,0.361045753
Simplicity2,WINDPOWER,5806,2010,0.317416814
Simplicity2,WINDPOWER,5807,2010,0.324760608
Simplicity2,WINDPOWER,5808,2010,0.357241533
Simplicity2,WINDPOWER,5809,2010,0.284511102
Simplicity2,WINDPOWER,5810,2010,0.297482179
Simplicity2,WINDPOWER,5811,2010,0.335504471
Simplicity2,WINDPOWER,5812,2010,0.38010157
Simplicity2,WINDPOWER,5813,2010,0.332334004
Simplicity2,WINDPOWER,5814,2010,0.489637894
Simplicity2,WINDPOWER,5815,2010,0.41285781
Simplicity2,WINDPOWER,5816,2010,0.376511159
Simplicity2,WINDPOWER,5817,2010,0.355607243
Simplicity2,WINDPOWER,5818,2010,0.365539796
Simplicity2,WINDPOWER,5819,2010,0.354028254
Simplicity2,WINDPOWER,5820,2010,0.373979811
Simplicity2,WINDPOWER,5821,2010,0.402015869
Simplicity2,WINDPOWER,5822,2010,0.390902927
Simplicity2,WINDPOWER,5823,2010,0.418083576
Simplicity2,WINDPOWER,5824,2010,0.382336892
Simplicity2,WINDPOWER,5825,2010,0.364879192
Simplicity2,WINDPOWER,5826,2010,0.339935421
Simplicity2,WINDPOWER,5827,2010,0.36344295
Simplicity2,WINDPOWER,5828,2010,0.282711351
Simplicity2,WINDPOWER,5829,2010,0.279200024
Simplicity2,WINDPOWER,5830,2010,0.324796558
Simplicity2,WINDPOWER,5831,2010,0.38158936
Simplicity2,WINDPOWER,5832,2010,0.282067251
Simplicity2,WINDPOWER,5833,2010,0.288477894
Simplicity2,WINDPOWER,5834,2010,0.287508256
Simplicity2,WINDPOWER,5835,2010,0.338388399
Simplicity2,WINDPOWER,5836,2010,0.341729474
Simplicity2,WINDPOWER,5837,2010,0.349182366
Simplicity2,WINDPOWER,5838,2010,0.331951027
Simplicity2,WINDPOWER,5839,2010,0.338760298
Simplicity2,WINDPOWER,5840,2010,0.331566668
Simplicity2,WINDPOWER,5841,2010,0.405955479
Simplicity2,WINDPOWER,5842,2010,0.381645662
Simplicity2,WINDPOWER,5843,2010,0.36024052
Simplicity2,WINDPOWER,5844,2010,0.408210952
Simplicity2,WINDPOWER,5845,2010,0.398802066
Simplicity2,WINDPOWER,5846,2010,0.31703911
Simplicity2,WINDPOWER,5847,2010,0.382490795
Simplicity2,WINDPOWER,5848,2010,0.356015862
Simplicity2,WINDPOWER,5849,2010,0.365868952
Simplicity2,WINDPOWER,5850,2010,0.348444813
Simplicity2,WINDPOWER,5851,2010,0.265589774
Simplicity2,WINDPOWER,5852,2010,0.253756443
Simplicity2,WINDPOWER,5853,2010,0.334964173
Simplicity2,WINDPOWER,5854,2010,0.433387448
Simplicity2,WINDPOWER,5855,2010,0.354954609
Simplicity2,WINDPOWER,5856,2010,0.325342223
Simplicity2,WINDPOWER,5857,2010,0.458643301
Simplicity2,WINDPOWER,5858,2010,0.407735194
Simplicity2,WINDPOWER,5859,2010,0.332569362
Simplicity2,WINDPOWER,5860,2010,0.331111892
Simplicity2,WINDPOWER,5861,2010,0.361605727
Simplicity2,WINDPOWER,5862,2010,0.37526689
Simplicity2,WINDPOWER,5863,2010,0.350805042
Simplicity2,WINDPOWER,5864,2010,0.34045923
Simplicity2,WINDPOWER,5865,2010,0.300645078
Simplicity2,WINDPOWER,5866,2010,0.380564487
Simplicity2,WINDPOWER,5867,2010,0.324694829
Simplicity2,WINDPOWER,5868,2010,0.31059929
Simplicity2,WINDPOWER,5869,2010,0.323763004
Simplicity2,WINDPOWER,5870,2010,0.395269493
Simplicity2,WINDPOWER,5871,2010,0.403407368
Simplicity2,WINDPOWER,5872,2010,0.397367571
Simplicity2,WINDPOWER,5873,2010,0.389251626
Simplicity2,WINDPOWER,5874,2010,0.388422716
Simplicity2,WINDPOWER,5875,2010,0.410353688
Simplicity2,WINDPOWER,5876,2010,0.326191756
Simplicity2,WINDPOWER,5877,2010,0.278565732
Simplicity2,WINDPOWER,5878,2010,0.337677507
Simplicity2,WINDPOWER,5879,2010,0.333578772
Simplicity2,WINDPOWER,5880,2010,0.271449163
Simplicity2,WINDPOWER,5881,2010,0.370554555
Simplicity2,WINDPOWER,5882,2010,0.48032817
Simplicity2,WINDPOWER,5883,2010,0.341146519
Simplicity2,WINDPOWER,5884,2010,0.390683403
Simplicity2,WINDPOWER,5885,2010,0.334091596
Simplicity2,WINDPOWER,5886,2010,0.307710637
Simplicity2,WINDPOWER,5887,2010,0.19125852
Simplicity2,WINDPOWER,5888,2010,0.25349814
Simplicity2,WINDPOWER,5889,2010,0.295898963
Simplicity2,WINDPOWER,5890,2010,0.292291603
Simplicity2,WINDPOWER,5891,2010,0.318081383
Simplicity2,WINDPOWER,5892,2010,0.445470789
Simplicity2,WINDPOWER,5893,2010,0.363823229
Simplicity2,WINDPOWER,5894,2010,0.290093804
Simplicity2,WINDPOWER,5895,2010,0.269307136
Simplicity2,WINDPOWER,5896,2010,0.318098026
Simplicity2,WINDPOWER,5897,2010,0.341198212
Simplicity2,WINDPOWER,5898,2010,0.455359644
Simplicity2,WINDPOWER,5899,2010,0.44017739
Simplicity2,WINDPOWER,5900,2010,0.439465359
Simplicity2,WINDPOWER,5901,2010,0.364777591
Simplicity2,WINDPOWER,5902,2010,0.37018659
Simplicity2,WINDPOWER,5903,2010,0.334424567
Simplicity2,WINDPOWER,5904,2010,0.320917065
Simplicity2,WINDPOWER,5905,2010,0.36476513
Simplicity2,WINDPOWER,5906,2010,0.328330934
Simplicity2,WINDPOWER,5907,2010,0.339203905
Simplicity2,WINDPOWER,5908,2010,0.302792723
Simplicity2,WINDPOWER,5909,2010,0.315811319
Simplicity2,WINDPOWER,5910,2010,0.352916234
Simplicity2,WINDPOWER,5911,2010,0.260822887
Simplicity2,WINDPOWER,5912,2010,0.260284111
Simplicity2,WINDPOWER,5913,2010,0.229111755
Simplicity2,WINDPOWER,5914,2010,0.177395655
Simplicity2,WINDPOWER,5915,2010,0.177462168
Simplicity2,WINDPOWER,5916,2010,0.245688596
Simplicity2,WINDPOWER,5917,2010,0.233571449
Simplicity2,WINDPOWER,5918,2010,0.232571674
Simplicity2,WINDPOWER,5919,2010,0.271439657
Simplicity2,WINDPOWER,5920,2010,0.300229193
Simplicity2,WINDPOWER,5921,2010,0.298541204
Simplicity2,WINDPOWER,5922,2010,0.365446567
Simplicity2,WINDPOWER,5923,2010,0.242488915
Simplicity2,WINDPOWER,5924,2010,0.224188911
Simplicity2,WINDPOWER,5925,2010,0.210017394
Simplicity2,WINDPOWER,5926,2010,0.166668991
Simplicity2,WINDPOWER,5927,2010,0.209803558
Simplicity2,WINDPOWER,5928,2010,0.224396906
Simplicity2,WINDPOWER,5929,2010,0.250522127
Simplicity2,WINDPOWER,5930,2010,0.228504055
Simplicity2,WINDPOWER,5931,2010,0.222389116
Simplicity2,WINDPOWER,5932,2010,0.178149984
Simplicity2,WINDPOWER,5933,2010,0.245908834
Simplicity2,WINDPOWER,5934,2010,0.307035877
Simplicity2,WINDPOWER,5935,2010,0.304263503
Simplicity2,WINDPOWER,5936,2010,0.251779604
Simplicity2,WINDPOWER,5937,2010,0.288180289
Simplicity2,WINDPOWER,5938,2010,0.331469933
Simplicity2,WINDPOWER,5939,2010,0.276551503
Simplicity2,WINDPOWER,5940,2010,0.232674279
Simplicity2,WINDPOWER,5941,2010,0.238934231
Simplicity2,WINDPOWER,5942,2010,0.257732761
Simplicity2,WINDPOWER,5943,2010,0.201787909
Simplicity2,WINDPOWER,5944,2010,0.204227017
Simplicity2,WINDPOWER,5945,2010,0.249300597
Simplicity2,WINDPOWER,5946,2010,0.218573038
Simplicity2,WINDPOWER,5947,2010,0.172258848
Simplicity2,WINDPOWER,5948,2010,0.260539589
Simplicity2,WINDPOWER,5949,2010,0.158163721
Simplicity2,WINDPOWER,5950,2010,0.188322969
Simplicity2,WINDPOWER,5951,2010,0.270822998
Simplicity2,WINDPOWER,5952,2010,0.249574586
Simplicity2,WINDPOWER,5953,2010,0.283364556
Simplicity2,WINDPOWER,5954,2010,0.316185324
Simplicity2,WINDPOWER,5955,2010,0.347143489
Simplicity2,WINDPOWER,5956,2010,0.353252819
Simplicity2,WINDPOWER,5957,2010,0.207733298
Simplicity2,WINDPOWER,5958,2010,0.247531482
Simplicity2,WINDPOWER,5959,2010,0.273356291
Simplicity2,WINDPOWER,5960,2010,0.334226844
Simplicity2,WINDPOWER,5961,2010,0.276862345
Simplicity2,WINDPOWER,5962,2010,0.206328315
Simplicity2,WINDPOWER,5963,2010,0.281653064
Simplicity2,WINDPOWER,5964,2010,0.243828307
Simplicity2,WINDPOWER,5965,2010,0.270176705
Simplicity2,WINDPOWER,5966,2010,0.283249493
Simplicity2,WINDPOWER,5967,2010,0.260708239
Simplicity2,WINDPOWER,5968,2010,0.332066236
Simplicity2,WINDPOWER,5969,2010,0.28603986
Simplicity2,WINDPOWER,5970,2010,0.271831125
Simplicity2,WINDPOWER,5971,2010,0.24467866
Simplicity2,WINDPOWER,5972,2010,0.195044005
Simplicity2,WINDPOWER,5973,2010,0.218613324
Simplicity2,WINDPOWER,5974,2010,0.31678447
Simplicity2,WINDPOWER,5975,2010,0.233377519
Simplicity2,WINDPOWER,5976,2010,0.24018304
Simplicity2,WINDPOWER,5977,2010,0.258327771
Simplicity2,WINDPOWER,5978,2010,0.204446861
Simplicity2,WINDPOWER,5979,2010,0.20262845
Simplicity2,WINDPOWER,5980,2010,0.224024021
Simplicity2,WINDPOWER,5981,2010,0.332008725
Simplicity2,WINDPOWER,5982,2010,0.334096335
Simplicity2,WINDPOWER,5983,2010,0.374588745
Simplicity2,WINDPOWER,5984,2010,0.321238849
Simplicity2,WINDPOWER,5985,2010,0.356564898
Simplicity2,WINDPOWER,5986,2010,0.438701894
Simplicity2,WINDPOWER,5987,2010,0.37161229
Simplicity2,WINDPOWER,5988,2010,0.297379848
Simplicity2,WINDPOWER,5989,2010,0.237584242
Simplicity2,WINDPOWER,5990,2010,0.340167373
Simplicity2,WINDPOWER,5991,2010,0.272160166
Simplicity2,WINDPOWER,5992,2010,0.265452659
Simplicity2,WINDPOWER,5993,2010,0.311372793
Simplicity2,WINDPOWER,5994,2010,0.352661581
Simplicity2,WINDPOWER,5995,2010,0.391612451
Simplicity2,WINDPOWER,5996,2010,0.380028305
Simplicity2,WINDPOWER,5997,2010,0.292887693
Simplicity2,WINDPOWER,5998,2010,0.267914222
Simplicity2,WINDPOWER,5999,2010,0.283862578
Simplicity2,WINDPOWER,6000,2010,0.345975913
Simplicity2,WINDPOWER,6001,2010,0.329026686
Simplicity2,WINDPOWER,6002,2010,0.282971736
Simplicity2,WINDPOWER,6003,2010,0.268534626
Simplicity2,WINDPOWER,6004,2010,0.375239993
Simplicity2,WINDPOWER,6005,2010,0.405069705
Simplicity2,WINDPOWER,6006,2010,0.305761653
Simplicity2,WINDPOWER,6007,2010,0.25444665
Simplicity2,WINDPOWER,6008,2010,0.294547041
Simplicity2,WINDPOWER,6009,2010,0.31141474
Simplicity2,WINDPOWER,6010,2010,0.387036554
Simplicity2,WINDPOWER,6011,2010,0.371661528
Simplicity2,WINDPOWER,6012,2010,0.397090696
Simplicity2,WINDPOWER,6013,2010,0.441189256
Simplicity2,WINDPOWER,6014,2010,0.422326865
Simplicity2,WINDPOWER,6015,2010,0.3861612
Simplicity2,WINDPOWER,6016,2010,0.325800521
Simplicity2,WINDPOWER,6017,2010,0.306017002
Simplicity2,WINDPOWER,6018,2010,0.366676313
Simplicity2,WINDPOWER,6019,2010,0.378609032
Simplicity2,WINDPOWER,6020,2010,0.276894046
Simplicity2,WINDPOWER,6021,2010,0.323559234
Simplicity2,WINDPOWER,6022,2010,0.391927484
Simplicity2,WINDPOWER,6023,2010,0.40256055
Simplicity2,WINDPOWER,6024,2010,0.40676278
Simplicity2,WINDPOWER,6025,2010,0.46304842
Simplicity2,WINDPOWER,6026,2010,0.460426855
Simplicity2,WINDPOWER,6027,2010,0.363526643
Simplicity2,WINDPOWER,6028,2010,0.343542688
Simplicity2,WINDPOWER,6029,2010,0.385996501
Simplicity2,WINDPOWER,6030,2010,0.400824041
Simplicity2,WINDPOWER,6031,2010,0.45320055
Simplicity2,WINDPOWER,6032,2010,0.398230667
Simplicity2,WINDPOWER,6033,2010,0.42248939
Simplicity2,WINDPOWER,6034,2010,0.417817073
Simplicity2,WINDPOWER,6035,2010,0.407603374
Simplicity2,WINDPOWER,6036,2010,0.369072205
Simplicity2,WINDPOWER,6037,2010,0.360978818
Simplicity2,WINDPOWER,6038,2010,0.444595869
Simplicity2,WINDPOWER,6039,2010,0.392314359
Simplicity2,WINDPOWER,6040,2010,0.45047293
Simplicity2,WINDPOWER,6041,2010,0.554703246
Simplicity2,WINDPOWER,6042,2010,0.495219949
Simplicity2,WINDPOWER,6043,2010,0.517660749
Simplicity2,WINDPOWER,6044,2010,0.466349579
Simplicity2,WINDPOWER,6045,2010,0.515771798
Simplicity2,WINDPOWER,6046,2010,0.459592922
Simplicity2,WINDPOWER,6047,2010,0.439104281
Simplicity2,WINDPOWER,6048,2010,0.380241998
Simplicity2,WINDPOWER,6049,2010,0.382244222
Simplicity2,WINDPOWER,6050,2010,0.282146302
Simplicity2,WINDPOWER,6051,2010,0.369880549
Simplicity2,WINDPOWER,6052,2010,0.512473571
Simplicity2,WINDPOWER,6053,2010,0.476541187
Simplicity2,WINDPOWER,6054,2010,0.414648744
Simplicity2,WINDPOWER,6055,2010,0.33727882
Simplicity2,WINDPOWER,6056,2010,0.382761078
Simplicity2,WINDPOWER,6057,2010,0.415284845
Simplicity2,WINDPOWER,6058,2010,0.53215546
Simplicity2,WINDPOWER,6059,2010,0.550420091
Simplicity2,WINDPOWER,6060,2010,0.430016092
Simplicity2,WINDPOWER,6061,2010,0.448535322
Simplicity2,WINDPOWER,6062,2010,0.401173445
Simplicity2,WINDPOWER,6063,2010,0.381519684
Simplicity2,WINDPOWER,6064,2010,0.527536318
Simplicity2,WINDPOWER,6065,2010,0.458993355
Simplicity2,WINDPOWER,6066,2010,0.459684201
Simplicity2,WINDPOWER,6067,2010,0.39131573
Simplicity2,WINDPOWER,6068,2010,0.478425592
Simplicity2,WINDPOWER,6069,2010,0.511732117
Simplicity2,WINDPOWER,6070,2010,0.53274017
Simplicity2,WINDPOWER,6071,2010,0.433140226
Simplicity2,WINDPOWER,6072,2010,0.457903547
Simplicity2,WINDPOWER,6073,2010,0.474104527
Simplicity2,WINDPOWER,6074,2010,0.482997219
Simplicity2,WINDPOWER,6075,2010,0.410479159
Simplicity2,WINDPOWER,6076,2010,0.436986802
Simplicity2,WINDPOWER,6077,2010,0.44442647
Simplicity2,WINDPOWER,6078,2010,0.38283731
Simplicity2,WINDPOWER,6079,2010,0.406846863
Simplicity2,WINDPOWER,6080,2010,0.413219481
Simplicity2,WINDPOWER,6081,2010,0.477132238
Simplicity2,WINDPOWER,6082,2010,0.457025845
Simplicity2,WINDPOWER,6083,2010,0.476422924
Simplicity2,WINDPOWER,6084,2010,0.525747308
Simplicity2,WINDPOWER,6085,2010,0.496365432
Simplicity2,WINDPOWER,6086,2010,0.420308737
Simplicity2,WINDPOWER,6087,2010,0.425662723
Simplicity2,WINDPOWER,6088,2010,0.494928835
Simplicity2,WINDPOWER,6089,2010,0.562846556
Simplicity2,WINDPOWER,6090,2010,0.560225897
Simplicity2,WINDPOWER,6091,2010,0.49877538
Simplicity2,WINDPOWER,6092,2010,0.397279821
Simplicity2,WINDPOWER,6093,2010,0.407016975
Simplicity2,WINDPOWER,6094,2010,0.475932732
Simplicity2,WINDPOWER,6095,2010,0.516737004
Simplicity2,WINDPOWER,6096,2010,0.504243655
Simplicity2,WINDPOWER,6097,2010,0.432365248
Simplicity2,WINDPOWER,6098,2010,0.451729099
Simplicity2,WINDPOWER,6099,2010,0.499436956
Simplicity2,WINDPOWER,6100,2010,0.504067227
Simplicity2,WINDPOWER,6101,2010,0.475829097
Simplicity2,WINDPOWER,6102,2010,0.470105099
Simplicity2,WINDPOWER,6103,2010,0.515331223
Simplicity2,WINDPOWER,6104,2010,0.4054625
Simplicity2,WINDPOWER,6105,2010,0.333041193
Simplicity2,WINDPOWER,6106,2010,0.42350486
Simplicity2,WINDPOWER,6107,2010,0.462624462
Simplicity2,WINDPOWER,6108,2010,0.526745419
Simplicity2,WINDPOWER,6109,2010,0.455295098
Simplicity2,WINDPOWER,6110,2010,0.42295789
Simplicity2,WINDPOWER,6111,2010,0.412914916
Simplicity2,WINDPOWER,6112,2010,0.4157818
Simplicity2,WINDPOWER,6113,2010,0.504320922
Simplicity2,WINDPOWER,6114,2010,0.446138166
Simplicity2,WINDPOWER,6115,2010,0.431672792
Simplicity2,WINDPOWER,6116,2010,0.486689539
Simplicity2,WINDPOWER,6117,2010,0.439216581
Simplicity2,WINDPOWER,6118,2010,0.448018544
Simplicity2,WINDPOWER,6119,2010,0.520736102
Simplicity2,WINDPOWER,6120,2010,0.384116072
Simplicity2,WINDPOWER,6121,2010,0.503181158
Simplicity2,WINDPOWER,6122,2010,0.539986117
Simplicity2,WINDPOWER,6123,2010,0.529321085
Simplicity2,WINDPOWER,6124,2010,0.502534132
Simplicity2,WINDPOWER,6125,2010,0.423030197
Simplicity2,WINDPOWER,6126,2010,0.476448797
Simplicity2,WINDPOWER,6127,2010,0.486751985
Simplicity2,WINDPOWER,6128,2010,0.566971504
Simplicity2,WINDPOWER,6129,2010,0.526374266
Simplicity2,WINDPOWER,6130,2010,0.50974468
Simplicity2,WINDPOWER,6131,2010,0.434378783
Simplicity2,WINDPOWER,6132,2010,0.40322648
Simplicity2,WINDPOWER,6133,2010,0.413984516
Simplicity2,WINDPOWER,6134,2010,0.392702087
Simplicity2,WINDPOWER,6135,2010,0.357164296
Simplicity2,WINDPOWER,6136,2010,0.372145991
Simplicity2,WINDPOWER,6137,2010,0.386504394
Simplicity2,WINDPOWER,6138,2010,0.449269264
Simplicity2,WINDPOWER,6139,2010,0.386931571
Simplicity2,WINDPOWER,6140,2010,0.51811349
Simplicity2,WINDPOWER,6141,2010,0.495191719
Simplicity2,WINDPOWER,6142,2010,0.502807378
Simplicity2,WINDPOWER,6143,2010,0.393460886
Simplicity2,WINDPOWER,6144,2010,0.385992072
Simplicity2,WINDPOWER,6145,2010,0.347231125
Simplicity2,WINDPOWER,6146,2010,0.325838418
Simplicity2,WINDPOWER,6147,2010,0.365723541
Simplicity2,WINDPOWER,6148,2010,0.294139345
Simplicity2,WINDPOWER,6149,2010,0.300484604
Simplicity2,WINDPOWER,6150,2010,0.389204959
Simplicity2,WINDPOWER,6151,2010,0.419903939
Simplicity2,WINDPOWER,6152,2010,0.416733291
Simplicity2,WINDPOWER,6153,2010,0.412120565
Simplicity2,WINDPOWER,6154,2010,0.429904551
Simplicity2,WINDPOWER,6155,2010,0.43598821
Simplicity2,WINDPOWER,6156,2010,0.363193913
Simplicity2,WINDPOWER,6157,2010,0.43278002
Simplicity2,WINDPOWER,6158,2010,0.42454181
Simplicity2,WINDPOWER,6159,2010,0.433382072
Simplicity2,WINDPOWER,6160,2010,0.419252422
Simplicity2,WINDPOWER,6161,2010,0.399281448
Simplicity2,WINDPOWER,6162,2010,0.363275784
Simplicity2,WINDPOWER,6163,2010,0.42477674
Simplicity2,WINDPOWER,6164,2010,0.375384307
Simplicity2,WINDPOWER,6165,2010,0.380445651
Simplicity2,WINDPOWER,6166,2010,0.44275736
Simplicity2,WINDPOWER,6167,2010,0.379597068
Simplicity2,WINDPOWER,6168,2010,0.382839467
Simplicity2,WINDPOWER,6169,2010,0.374718796
Simplicity2,WINDPOWER,6170,2010,0.416738915
Simplicity2,WINDPOWER,6171,2010,0.31630554
Simplicity2,WINDPOWER,6172,2010,0.32272985
Simplicity2,WINDPOWER,6173,2010,0.380975853
Simplicity2,WINDPOWER,6174,2010,0.303085883
Simplicity2,WINDPOWER,6175,2010,0.323512403
Simplicity2,WINDPOWER,6176,2010,0.353007447
Simplicity2,WINDPOWER,6177,2010,0.403913551
Simplicity2,WINDPOWER,6178,2010,0.34805917
Simplicity2,WINDPOWER,6179,2010,0.513598984
Simplicity2,WINDPOWER,6180,2010,0.430403529
Simplicity2,WINDPOWER,6181,2010,0.388444576
Simplicity2,WINDPOWER,6182,2010,0.363813531
Simplicity2,WINDPOWER,6183,2010,0.392877989
Simplicity2,WINDPOWER,6184,2010,0.374024824
Simplicity2,WINDPOWER,6185,2010,0.398207683
Simplicity2,WINDPOWER,6186,2010,0.427765502
Simplicity2,WINDPOWER,6187,2010,0.416121993
Simplicity2,WINDPOWER,6188,2010,0.431895223
Simplicity2,WINDPOWER,6189,2010,0.410415502
Simplicity2,WINDPOWER,6190,2010,0.390839627
Simplicity2,WINDPOWER,6191,2010,0.369953333
Simplicity2,WINDPOWER,6192,2010,0.399269783
Simplicity2,WINDPOWER,6193,2010,0.300803424
Simplicity2,WINDPOWER,6194,2010,0.301085432
Simplicity2,WINDPOWER,6195,2010,0.337688008
Simplicity2,WINDPOWER,6196,2010,0.394122889
Simplicity2,WINDPOWER,6197,2010,0.282015545
Simplicity2,WINDPOWER,6198,2010,0.2940792
Simplicity2,WINDPOWER,6199,2010,0.349071164
Simplicity2,WINDPOWER,6200,2010,0.343672196
Simplicity2,WINDPOWER,6201,2010,0.371194783
Simplicity2,WINDPOWER,6202,2010,0.371444425
Simplicity2,WINDPOWER,6203,2010,0.361967935
Simplicity2,WINDPOWER,6204,2010,0.373125711
Simplicity2,WINDPOWER,6205,2010,0.3482623
Simplicity2,WINDPOWER,6206,2010,0.404663881
Simplicity2,WINDPOWER,6207,2010,0.394259746
Simplicity2,WINDPOWER,6208,2010,0.385739415
Simplicity2,WINDPOWER,6209,2010,0.41423647
Simplicity2,WINDPOWER,6210,2010,0.415491621
Simplicity2,WINDPOWER,6211,2010,0.314908226
Simplicity2,WINDPOWER,6212,2010,0.403481081
Simplicity2,WINDPOWER,6213,2010,0.362266341
Simplicity2,WINDPOWER,6214,2010,0.372375019
Simplicity2,WINDPOWER,6215,2010,0.359412182
Simplicity2,WINDPOWER,6216,2010,0.276213236
Simplicity2,WINDPOWER,6217,2010,0.261372455
Simplicity2,WINDPOWER,6218,2010,0.341650673
Simplicity2,WINDPOWER,6219,2010,0.410062555
Simplicity2,WINDPOWER,6220,2010,0.368906359
Simplicity2,WINDPOWER,6221,2010,0.337916208
Simplicity2,WINDPOWER,6222,2010,0.475291039
Simplicity2,WINDPOWER,6223,2010,0.415847307
Simplicity2,WINDPOWER,6224,2010,0.335549121
Simplicity2,WINDPOWER,6225,2010,0.338330539
Simplicity2,WINDPOWER,6226,2010,0.373337782
Simplicity2,WINDPOWER,6227,2010,0.37712341
Simplicity2,WINDPOWER,6228,2010,0.344910736
Simplicity2,WINDPOWER,6229,2010,0.357576412
Simplicity2,WINDPOWER,6230,2010,0.329347811
Simplicity2,WINDPOWER,6231,2010,0.396549395
Simplicity2,WINDPOWER,6232,2010,0.321789565
Simplicity2,WINDPOWER,6233,2010,0.326379205
Simplicity2,WINDPOWER,6234,2010,0.322854787
Simplicity2,WINDPOWER,6235,2010,0.421803078
Simplicity2,WINDPOWER,6236,2010,0.411000669
Simplicity2,WINDPOWER,6237,2010,0.394153736
Simplicity2,WINDPOWER,6238,2010,0.397769459
Simplicity2,WINDPOWER,6239,2010,0.399600847
Simplicity2,WINDPOWER,6240,2010,0.426897111
Simplicity2,WINDPOWER,6241,2010,0.317923146
Simplicity2,WINDPOWER,6242,2010,0.27317676
Simplicity2,WINDPOWER,6243,2010,0.357657019
Simplicity2,WINDPOWER,6244,2010,0.35878055
Simplicity2,WINDPOWER,6245,2010,0.281133385
Simplicity2,WINDPOWER,6246,2010,0.394894514
Simplicity2,WINDPOWER,6247,2010,0.48354343
Simplicity2,WINDPOWER,6248,2010,0.371354175
Simplicity2,WINDPOWER,6249,2010,0.400585028
Simplicity2,WINDPOWER,6250,2010,0.338694054
Simplicity2,WINDPOWER,6251,2010,0.316940354
Simplicity2,WINDPOWER,6252,2010,0.195749683
Simplicity2,WINDPOWER,6253,2010,0.26471523
Simplicity2,WINDPOWER,6254,2010,0.307106568
Simplicity2,WINDPOWER,6255,2010,0.282627446
Simplicity2,WINDPOWER,6256,2010,0.327371147
Simplicity2,WINDPOWER,6257,2010,0.450979057
Simplicity2,WINDPOWER,6258,2010,0.365114791
Simplicity2,WINDPOWER,6259,2010,0.306810358
Simplicity2,WINDPOWER,6260,2010,0.281257869
Simplicity2,WINDPOWER,6261,2010,0.320042877
Simplicity2,WINDPOWER,6262,2010,0.361175398
Simplicity2,WINDPOWER,6263,2010,0.443905973
Simplicity2,WINDPOWER,6264,2010,0.424986267
Simplicity2,WINDPOWER,6265,2010,0.440524556
Simplicity2,WINDPOWER,6266,2010,0.359293275
Simplicity2,WINDPOWER,6267,2010,0.387637454
Simplicity2,WINDPOWER,6268,2010,0.355467759
Simplicity2,WINDPOWER,6269,2010,0.331395955
Simplicity2,WINDPOWER,6270,2010,0.384617581
Simplicity2,WINDPOWER,6271,2010,0.339213517
Simplicity2,WINDPOWER,6272,2010,0.311555897
Simplicity2,WINDPOWER,6273,2010,0.333461919
Simplicity2,WINDPOWER,6274,2010,0.326293406
Simplicity2,WINDPOWER,6275,2010,0.358169464
Simplicity2,WINDPOWER,6276,2010,0.271492773
Simplicity2,WINDPOWER,6277,2010,0.297980703
Simplicity2,WINDPOWER,6278,2010,0.244881637
Simplicity2,WINDPOWER,6279,2010,0.177805255
Simplicity2,WINDPOWER,6280,2010,0.183279678
Simplicity2,WINDPOWER,6281,2010,0.251867123
Simplicity2,WINDPOWER,6282,2010,0.240888225
Simplicity2,WINDPOWER,6283,2010,0.244530698
Simplicity2,WINDPOWER,6284,2010,0.276378399
Simplicity2,WINDPOWER,6285,2010,0.288459909
Simplicity2,WINDPOWER,6286,2010,0.306453815
Simplicity2,WINDPOWER,6287,2010,0.362716866
Simplicity2,WINDPOWER,6288,2010,0.249970629
Simplicity2,WINDPOWER,6289,2010,0.233840507
Simplicity2,WINDPOWER,6290,2010,0.215886033
Simplicity2,WINDPOWER,6291,2010,0.18108953
Simplicity2,WINDPOWER,6292,2010,0.21927761
Simplicity2,WINDPOWER,6293,2010,0.225242007
Simplicity2,WINDPOWER,6294,2010,0.271582206
Simplicity2,WINDPOWER,6295,2010,0.233324074
Simplicity2,WINDPOWER,6296,2010,0.22111436
Simplicity2,WINDPOWER,6297,2010,0.181809101
Simplicity2,WINDPOWER,6298,2010,0.242730122
Simplicity2,WINDPOWER,6299,2010,0.301770868
Simplicity2,WINDPOWER,6300,2010,0.323876005
Simplicity2,WINDPOWER,6301,2010,0.244950663
Simplicity2,WINDPOWER,6302,2010,0.291408153
Simplicity2,WINDPOWER,6303,2010,0.326023357
Simplicity2,WINDPOWER,6304,2010,0.263424712
Simplicity2,WINDPOWER,6305,2010,0.240324526
Simplicity2,WINDPOWER,6306,2010,0.248232141
Simplicity2,WINDPOWER,6307,2010,0.266209661
Simplicity2,WINDPOWER,6308,2010,0.216324913
Simplicity2,WINDPOWER,6309,2010,0.211429588
Simplicity2,WINDPOWER,6310,2010,0.258772194
Simplicity2,WINDPOWER,6311,2010,0.221737392
Simplicity2,WINDPOWER,6312,2010,0.20138732
Simplicity2,WINDPOWER,6313,2010,0.261048046
Simplicity2,WINDPOWER,6314,2010,0.166880377
Simplicity2,WINDPOWER,6315,2010,0.174702554
Simplicity2,WINDPOWER,6316,2010,0.273569132
Simplicity2,WINDPOWER,6317,2010,0.265879511
Simplicity2,WINDPOWER,6318,2010,0.288151863
Simplicity2,WINDPOWER,6319,2010,0.33749888
Simplicity2,WINDPOWER,6320,2010,0.328096881
Simplicity2,WINDPOWER,6321,2010,0.345607012
Simplicity2,WINDPOWER,6322,2010,0.219495972
Simplicity2,WINDPOWER,6323,2010,0.257792954
Simplicity2,WINDPOWER,6324,2010,0.283469747
Simplicity2,WINDPOWER,6325,2010,0.33439283
Simplicity2,WINDPOWER,6326,2010,0.292581208
Simplicity2,WINDPOWER,6327,2010,0.223536141
Simplicity2,WINDPOWER,6328,2010,0.316075297
Simplicity2,WINDPOWER,6329,2010,0.262919554
Simplicity2,WINDPOWER,6330,2010,0.303122966
Simplicity2,WINDPOWER,6331,2010,0.30664644
Simplicity2,WINDPOWER,6332,2010,0.280664898
Simplicity2,WINDPOWER,6333,2010,0.343286363
Simplicity2,WINDPOWER,6334,2010,0.303016037
Simplicity2,WINDPOWER,6335,2010,0.291052365
Simplicity2,WINDPOWER,6336,2010,0.245804422
Simplicity2,WINDPOWER,6337,2010,0.20318215
Simplicity2,WINDPOWER,6338,2010,0.251601801
Simplicity2,WINDPOWER,6339,2010,0.32721804
Simplicity2,WINDPOWER,6340,2010,0.241004836
Simplicity2,WINDPOWER,6341,2010,0.255375543
Simplicity2,WINDPOWER,6342,2010,0.264045335
Simplicity2,WINDPOWER,6343,2010,0.231356914
Simplicity2,WINDPOWER,6344,2010,0.218985784
Simplicity2,WINDPOWER,6345,2010,0.256716748
Simplicity2,WINDPOWER,6346,2010,0.340118261
Simplicity2,WINDPOWER,6347,2010,0.340985494
Simplicity2,WINDPOWER,6348,2010,0.36974309
Simplicity2,WINDPOWER,6349,2010,0.312466298
Simplicity2,WINDPOWER,6350,2010,0.353434901
Simplicity2,WINDPOWER,6351,2010,0.411345364
Simplicity2,WINDPOWER,6352,2010,0.355322971
Simplicity2,WINDPOWER,6353,2010,0.301946326
Simplicity2,WINDPOWER,6354,2010,0.254990592
Simplicity2,WINDPOWER,6355,2010,0.346142285
Simplicity2,WINDPOWER,6356,2010,0.295248376
Simplicity2,WINDPOWER,6357,2010,0.268617708
Simplicity2,WINDPOWER,6358,2010,0.34155534
Simplicity2,WINDPOWER,6359,2010,0.353737724
Simplicity2,WINDPOWER,6360,2010,0.394376098
Simplicity2,WINDPOWER,6361,2010,0.367776978
Simplicity2,WINDPOWER,6362,2010,0.304600256
Simplicity2,WINDPOWER,6363,2010,0.289018112
Simplicity2,WINDPOWER,6364,2010,0.305229253
Simplicity2,WINDPOWER,6365,2010,0.367029225
Simplicity2,WINDPOWER,6366,2010,0.32570469
Simplicity2,WINDPOWER,6367,2010,0.295148625
Simplicity2,WINDPOWER,6368,2010,0.278210847
Simplicity2,WINDPOWER,6369,2010,0.379385546
Simplicity2,WINDPOWER,6370,2010,0.399377163
Simplicity2,WINDPOWER,6371,2010,0.306043965
Simplicity2,WINDPOWER,6372,2010,0.276019834
Simplicity2,WINDPOWER,6373,2010,0.317148187
Simplicity2,WINDPOWER,6374,2010,0.320640799
Simplicity2,WINDPOWER,6375,2010,0.367971561
Simplicity2,WINDPOWER,6376,2010,0.375950635
Simplicity2,WINDPOWER,6377,2010,0.383517571
Simplicity2,WINDPOWER,6378,2010,0.4286755
Simplicity2,WINDPOWER,6379,2010,0.408939078
Simplicity2,WINDPOWER,6380,2010,0.374601481
Simplicity2,WINDPOWER,6381,2010,0.323079246
Simplicity2,WINDPOWER,6382,2010,0.317713901
Simplicity2,WINDPOWER,6383,2010,0.363084863
Simplicity2,WINDPOWER,6384,2010,0.383839974
Simplicity2,WINDPOWER,6385,2010,0.297797647
Simplicity2,WINDPOWER,6386,2010,0.344810181
Simplicity2,WINDPOWER,6387,2010,0.407737537
Simplicity2,WINDPOWER,6388,2010,0.40896293
Simplicity2,WINDPOWER,6389,2010,0.417770654
Simplicity2,WINDPOWER,6390,2010,0.443146591
Simplicity2,WINDPOWER,6391,2010,0.449775495
Simplicity2,WINDPOWER,6392,2010,0.383992931
Simplicity2,WINDPOWER,6393,2010,0.355030372
Simplicity2,WINDPOWER,6394,2010,0.397253548
Simplicity2,WINDPOWER,6395,2010,0.383255619
Simplicity2,WINDPOWER,6396,2010,0.432889524
Simplicity2,WINDPOWER,6397,2010,0.38525709
Simplicity2,WINDPOWER,6398,2010,0.446612132
Simplicity2,WINDPOWER,6399,2010,0.42924568
Simplicity2,WINDPOWER,6400,2010,0.40239358
Simplicity2,WINDPOWER,6401,2010,0.364070997
Simplicity2,WINDPOWER,6402,2010,0.379441941
Simplicity2,WINDPOWER,6403,2010,0.441054993
Simplicity2,WINDPOWER,6404,2010,0.402282852
Simplicity2,WINDPOWER,6405,2010,0.461124649
Simplicity2,WINDPOWER,6406,2010,0.537555644
Simplicity2,WINDPOWER,6407,2010,0.480789461
Simplicity2,WINDPOWER,6408,2010,0.532782055
Simplicity2,WINDPOWER,6409,2010,0.46474806
Simplicity2,WINDPOWER,6410,2010,0.492704266
Simplicity2,WINDPOWER,6411,2010,0.455889622
Simplicity2,WINDPOWER,6412,2010,0.438780009
Simplicity2,WINDPOWER,6413,2010,0.373571781
Simplicity2,WINDPOWER,6414,2010,0.385561242
Simplicity2,WINDPOWER,6415,2010,0.29866445
Simplicity2,WINDPOWER,6416,2010,0.418388169
Simplicity2,WINDPOWER,6417,2010,0.516650743
Simplicity2,WINDPOWER,6418,2010,0.482808468
Simplicity2,WINDPOWER,6419,2010,0.409766251
Simplicity2,WINDPOWER,6420,2010,0.348122808
Simplicity2,WINDPOWER,6421,2010,0.402873296
Simplicity2,WINDPOWER,6422,2010,0.411385816
Simplicity2,WINDPOWER,6423,2010,0.54655617
Simplicity2,WINDPOWER,6424,2010,0.544414978
Simplicity2,WINDPOWER,6425,2010,0.434564655
Simplicity2,WINDPOWER,6426,2010,0.4735156
Simplicity2,WINDPOWER,6427,2010,0.418185202
Simplicity2,WINDPOWER,6428,2010,0.38574833
Simplicity2,WINDPOWER,6429,2010,0.538728893
Simplicity2,WINDPOWER,6430,2010,0.468127436
Simplicity2,WINDPOWER,6431,2010,0.478860295
Simplicity2,WINDPOWER,6432,2010,0.442252094
Simplicity2,WINDPOWER,6433,2010,0.479857683
Simplicity2,WINDPOWER,6434,2010,0.515345386
Simplicity2,WINDPOWER,6435,2010,0.557305935
Simplicity2,WINDPOWER,6436,2010,0.435446676
Simplicity2,WINDPOWER,6437,2010,0.483544346
Simplicity2,WINDPOWER,6438,2010,0.48357441
Simplicity2,WINDPOWER,6439,2010,0.491246283
Simplicity2,WINDPOWER,6440,2010,0.446572358
Simplicity2,WINDPOWER,6441,2010,0.448372496
Simplicity2,WINDPOWER,6442,2010,0.455964141
Simplicity2,WINDPOWER,6443,2010,0.396997203
Simplicity2,WINDPOWER,6444,2010,0.42810307
Simplicity2,WINDPOWER,6445,2010,0.426708627
Simplicity2,WINDPOWER,6446,2010,0.487141889
Simplicity2,WINDPOWER,6447,2010,0.491554362
Simplicity2,WINDPOWER,6448,2010,0.506824285
Simplicity2,WINDPOWER,6449,2010,0.536216654
Simplicity2,WINDPOWER,6450,2010,0.515124235
Simplicity2,WINDPOWER,6451,2010,0.441030672
Simplicity2,WINDPOWER,6452,2010,0.460298256
Simplicity2,WINDPOWER,6453,2010,0.532874238
Simplicity2,WINDPOWER,6454,2010,0.587852821
Simplicity2,WINDPOWER,6455,2010,0.591450309
Simplicity2,WINDPOWER,6456,2010,0.549989668
Simplicity2,WINDPOWER,6457,2010,0.450463226
Simplicity2,WINDPOWER,6458,2010,0.452047441
Simplicity2,WINDPOWER,6459,2010,0.536817945
Simplicity2,WINDPOWER,6460,2010,0.545658791
Simplicity2,WINDPOWER,6461,2010,0.50170093
Simplicity2,WINDPOWER,6462,2010,0.440743041
Simplicity2,WINDPOWER,6463,2010,0.484632149
Simplicity2,WINDPOWER,6464,2010,0.541013833
Simplicity2,WINDPOWER,6465,2010,0.525033109
Simplicity2,WINDPOWER,6466,2010,0.515679427
Simplicity2,WINDPOWER,6467,2010,0.492065481
Simplicity2,WINDPOWER,6468,2010,0.53950036
Simplicity2,WINDPOWER,6469,2010,0.429887161
Simplicity2,WINDPOWER,6470,2010,0.354357959
Simplicity2,WINDPOWER,6471,2010,0.44102169
Simplicity2,WINDPOWER,6472,2010,0.493537697
Simplicity2,WINDPOWER,6473,2010,0.533923671
Simplicity2,WINDPOWER,6474,2010,0.483267721
Simplicity2,WINDPOWER,6475,2010,0.433018852
Simplicity2,WINDPOWER,6476,2010,0.436863853
Simplicity2,WINDPOWER,6477,2010,0.447637365
Simplicity2,WINDPOWER,6478,2010,0.517257325
Simplicity2,WINDPOWER,6479,2010,0.454209658
Simplicity2,WINDPOWER,6480,2010,0.442667042
Simplicity2,WINDPOWER,6481,2010,0.500359164
Simplicity2,WINDPOWER,6482,2010,0.447269554
Simplicity2,WINDPOWER,6483,2010,0.449599499
Simplicity2,WINDPOWER,6484,2010,0.529521067
Simplicity2,WINDPOWER,6485,2010,0.41145709
Simplicity2,WINDPOWER,6486,2010,0.528341375
Simplicity2,WINDPOWER,6487,2010,0.535879407
Simplicity2,WINDPOWER,6488,2010,0.520204295
Simplicity2,WINDPOWER,6489,2010,0.483642815
Simplicity2,WINDPOWER,6490,2010,0.443522605
Simplicity2,WINDPOWER,6491,2010,0.502837357
Simplicity2,WINDPOWER,6492,2010,0.511272118
Simplicity2,WINDPOWER,6493,2010,0.583919116
Simplicity2,WINDPOWER,6494,2010,0.527696644
Simplicity2,WINDPOWER,6495,2010,0.521826772
Simplicity2,WINDPOWER,6496,2010,0.445744808
Simplicity2,WINDPOWER,6497,2010,0.422140879
Simplicity2,WINDPOWER,6498,2010,0.430568942
Simplicity2,WINDPOWER,6499,2010,0.404407358
Simplicity2,WINDPOWER,6500,2010,0.371709995
Simplicity2,WINDPOWER,6501,2010,0.379990864
Simplicity2,WINDPOWER,6502,2010,0.394249932
Simplicity2,WINDPOWER,6503,2010,0.461254223
Simplicity2,WINDPOWER,6504,2010,0.388505721
Simplicity2,WINDPOWER,6505,2010,0.52156186
Simplicity2,WINDPOWER,6506,2010,0.511554536
Simplicity2,WINDPOWER,6507,2010,0.52727603
Simplicity2,WINDPOWER,6508,2010,0.434586068
Simplicity2,WINDPOWER,6509,2010,0.400408716
Simplicity2,WINDPOWER,6510,2010,0.3562879
Simplicity2,WINDPOWER,6511,2010,0.315007375
Simplicity2,WINDPOWER,6512,2010,0.351967845
Simplicity2,WINDPOWER,6513,2010,0.286363591
Simplicity2,WINDPOWER,6514,2010,0.328599993
Simplicity2,WINDPOWER,6515,2010,0.3805722
Simplicity2,WINDPOWER,6516,2010,0.415473514
Simplicity2,WINDPOWER,6517,2010,0.427533974
Simplicity2,WINDPOWER,6518,2010,0.413816018
Simplicity2,WINDPOWER,6519,2010,0.443385451
Simplicity2,WINDPOWER,6520,2010,0.44175443
Simplicity2,WINDPOWER,6521,2010,0.379513652
Simplicity2,WINDPOWER,6522,2010,0.465986963
Simplicity2,WINDPOWER,6523,2010,0.435410849
Simplicity2,WINDPOWER,6524,2010,0.476222622
Simplicity2,WINDPOWER,6525,2010,0.437951486
Simplicity2,WINDPOWER,6526,2010,0.414561444
Simplicity2,WINDPOWER,6527,2010,0.384901928
Simplicity2,WINDPOWER,6528,2010,0.453403451
Simplicity2,WINDPOWER,6529,2010,0.374335792
Simplicity2,WINDPOWER,6530,2010,0.377897462
Simplicity2,WINDPOWER,6531,2010,0.469065241
Simplicity2,WINDPOWER,6532,2010,0.393594197
Simplicity2,WINDPOWER,6533,2010,0.389444135
Simplicity2,WINDPOWER,6534,2010,0.397752346
Simplicity2,WINDPOWER,6535,2010,0.446756086
Simplicity2,WINDPOWER,6536,2010,0.302874263
Simplicity2,WINDPOWER,6537,2010,0.310079578
Simplicity2,WINDPOWER,6538,2010,0.375971665
Simplicity2,WINDPOWER,6539,2010,0.307912589
Simplicity2,WINDPOWER,6540,2010,0.351073473
Simplicity2,WINDPOWER,6541,2010,0.36061556
Simplicity2,WINDPOWER,6542,2010,0.41279007
Simplicity2,WINDPOWER,6543,2010,0.366911218
Simplicity2,WINDPOWER,6544,2010,0.530508449
Simplicity2,WINDPOWER,6545,2010,0.443261512
Simplicity2,WINDPOWER,6546,2010,0.406881658
Simplicity2,WINDPOWER,6547,2010,0.370299171
Simplicity2,WINDPOWER,6548,2010,0.408159492
Simplicity2,WINDPOWER,6549,2010,0.394056807
Simplicity2,WINDPOWER,6550,2010,0.409042342
Simplicity2,WINDPOWER,6551,2010,0.451270118
Simplicity2,WINDPOWER,6552,2010,0.417121289
Simplicity2,WINDPOWER,6553,2010,0.41755616
Simplicity2,WINDPOWER,6554,2010,0.406496939
Simplicity2,WINDPOWER,6555,2010,0.400035611
Simplicity2,WINDPOWER,6556,2010,0.381431386
Simplicity2,WINDPOWER,6557,2010,0.418528349
Simplicity2,WINDPOWER,6558,2010,0.314024798
Simplicity2,WINDPOWER,6559,2010,0.307053521
Simplicity2,WINDPOWER,6560,2010,0.346540794
Simplicity2,WINDPOWER,6561,2010,0.365941885
Simplicity2,WINDPOWER,6562,2010,0.273022886
Simplicity2,WINDPOWER,6563,2010,0.283760905
Simplicity2,WINDPOWER,6564,2010,0.34512466
Simplicity2,WINDPOWER,6565,2010,0.316781477
Simplicity2,WINDPOWER,6566,2010,0.386473169
Simplicity2,WINDPOWER,6567,2010,0.39381301
Simplicity2,WINDPOWER,6568,2010,0.389183538
Simplicity2,WINDPOWER,6569,2010,0.386791485
Simplicity2,WINDPOWER,6570,2010,0.336896447
Simplicity2,WINDPOWER,6571,2010,0.403055764
Simplicity2,WINDPOWER,6572,2010,0.38936302
Simplicity2,WINDPOWER,6573,2010,0.408531799
Simplicity2,WINDPOWER,6574,2010,0.418665822
Simplicity2,WINDPOWER,6575,2010,0.403984965
Simplicity2,WINDPOWER,6576,2010,0.319145541
Simplicity2,WINDPOWER,6577,2010,0.413228779
Simplicity2,WINDPOWER,6578,2010,0.363254809
Simplicity2,WINDPOWER,6579,2010,0.367172971
Simplicity2,WINDPOWER,6580,2010,0.354096369
Simplicity2,WINDPOWER,6581,2010,0.284605265
Simplicity2,WINDPOWER,6582,2010,0.27694749
Simplicity2,WINDPOWER,6583,2010,0.33849563
Simplicity2,WINDPOWER,6584,2010,0.417604924
Simplicity2,WINDPOWER,6585,2010,0.372803173
Simplicity2,WINDPOWER,6586,2010,0.33639269
Simplicity2,WINDPOWER,6587,2010,0.489589451
Simplicity2,WINDPOWER,6588,2010,0.420886971
Simplicity2,WINDPOWER,6589,2010,0.368367421
Simplicity2,WINDPOWER,6590,2010,0.337558145
Simplicity2,WINDPOWER,6591,2010,0.367013423
Simplicity2,WINDPOWER,6592,2010,0.368631394
Simplicity2,WINDPOWER,6593,2010,0.343618891
Simplicity2,WINDPOWER,6594,2010,0.377095269
Simplicity2,WINDPOWER,6595,2010,0.359070095
Simplicity2,WINDPOWER,6596,2010,0.398387901
Simplicity2,WINDPOWER,6597,2010,0.327704445
Simplicity2,WINDPOWER,6598,2010,0.337729851
Simplicity2,WINDPOWER,6599,2010,0.330312497
Simplicity2,WINDPOWER,6600,2010,0.4342634
Simplicity2,WINDPOWER,6601,2010,0.413709216
Simplicity2,WINDPOWER,6602,2010,0.393447256
Simplicity2,WINDPOWER,6603,2010,0.405279329
Simplicity2,WINDPOWER,6604,2010,0.395805375
Simplicity2,WINDPOWER,6605,2010,0.413986838
Simplicity2,WINDPOWER,6606,2010,0.304033444
Simplicity2,WINDPOWER,6607,2010,0.273931198
Simplicity2,WINDPOWER,6608,2010,0.366981897
Simplicity2,WINDPOWER,6609,2010,0.372965604
Simplicity2,WINDPOWER,6610,2010,0.28862873
Simplicity2,WINDPOWER,6611,2010,0.402619382
Simplicity2,WINDPOWER,6612,2010,0.483890086
Simplicity2,WINDPOWER,6613,2010,0.362533948
Simplicity2,WINDPOWER,6614,2010,0.41514432
Simplicity2,WINDPOWER,6615,2010,0.333447962
Simplicity2,WINDPOWER,6616,2010,0.298182553
Simplicity2,WINDPOWER,6617,2010,0.192866048
Simplicity2,WINDPOWER,6618,2010,0.257055698
Simplicity2,WINDPOWER,6619,2010,0.304068558
Simplicity2,WINDPOWER,6620,2010,0.260025125
Simplicity2,WINDPOWER,6621,2010,0.324124995
Simplicity2,WINDPOWER,6622,2010,0.466026758
Simplicity2,WINDPOWER,6623,2010,0.369392271
Simplicity2,WINDPOWER,6624,2010,0.322226974
Simplicity2,WINDPOWER,6625,2010,0.298536751
Simplicity2,WINDPOWER,6626,2010,0.314589999
Simplicity2,WINDPOWER,6627,2010,0.384505804
Simplicity2,WINDPOWER,6628,2010,0.439822037
Simplicity2,WINDPOWER,6629,2010,0.420222292
Simplicity2,WINDPOWER,6630,2010,0.446534794
Simplicity2,WINDPOWER,6631,2010,0.370979466
Simplicity2,WINDPOWER,6632,2010,0.404164387
Simplicity2,WINDPOWER,6633,2010,0.373834398
Simplicity2,WINDPOWER,6634,2010,0.349953904
Simplicity2,WINDPOWER,6635,2010,0.405835732
Simplicity2,WINDPOWER,6636,2010,0.349137791
Simplicity2,WINDPOWER,6637,2010,0.328221203
Simplicity2,WINDPOWER,6638,2010,0.372695264
Simplicity2,WINDPOWER,6639,2010,0.345292511
Simplicity2,WINDPOWER,6640,2010,0.35534036
Simplicity2,WINDPOWER,6641,2010,0.283848578
Simplicity2,WINDPOWER,6642,2010,0.325270577
Simplicity2,WINDPOWER,6643,2010,0.262566887
Simplicity2,WINDPOWER,6644,2010,0.199412957
Simplicity2,WINDPOWER,6645,2010,0.199047437
Simplicity2,WINDPOWER,6646,2010,0.274481399
Simplicity2,WINDPOWER,6647,2010,0.254033489
Simplicity2,WINDPOWER,6648,2010,0.250205367
Simplicity2,WINDPOWER,6649,2010,0.274439275
Simplicity2,WINDPOWER,6650,2010,0.296476527
Simplicity2,WINDPOWER,6651,2010,0.318713794
Simplicity2,WINDPOWER,6652,2010,0.383105283
Simplicity2,WINDPOWER,6653,2010,0.275809903
Simplicity2,WINDPOWER,6654,2010,0.278486239
Simplicity2,WINDPOWER,6655,2010,0.239230469
Simplicity2,WINDPOWER,6656,2010,0.223393141
Simplicity2,WINDPOWER,6657,2010,0.255075232
Simplicity2,WINDPOWER,6658,2010,0.248710413
Simplicity2,WINDPOWER,6659,2010,0.296890008
Simplicity2,WINDPOWER,6660,2010,0.243026844
Simplicity2,WINDPOWER,6661,2010,0.243873951
Simplicity2,WINDPOWER,6662,2010,0.212195794
Simplicity2,WINDPOWER,6663,2010,0.277937629
Simplicity2,WINDPOWER,6664,2010,0.335534083
Simplicity2,WINDPOWER,6665,2010,0.377205131
Simplicity2,WINDPOWER,6666,2010,0.285734097
Simplicity2,WINDPOWER,6667,2010,0.341465391
Simplicity2,WINDPOWER,6668,2010,0.355217545
Simplicity2,WINDPOWER,6669,2010,0.314556101
Simplicity2,WINDPOWER,6670,2010,0.279379864
Simplicity2,WINDPOWER,6671,2010,0.302517519
Simplicity2,WINDPOWER,6672,2010,0.30290166
Simplicity2,WINDPOWER,6673,2010,0.255476737
Simplicity2,WINDPOWER,6674,2010,0.247581528
Simplicity2,WINDPOWER,6675,2010,0.270283441
Simplicity2,WINDPOWER,6676,2010,0.251170576
Simplicity2,WINDPOWER,6677,2010,0.234865738
Simplicity2,WINDPOWER,6678,2010,0.283237166
Simplicity2,WINDPOWER,6679,2010,0.177498551
Simplicity2,WINDPOWER,6680,2010,0.184016099
Simplicity2,WINDPOWER,6681,2010,0.314564359
Simplicity2,WINDPOWER,6682,2010,0.309821967
Simplicity2,WINDPOWER,6683,2010,0.318096494
Simplicity2,WINDPOWER,6684,2010,0.391856185
Simplicity2,WINDPOWER,6685,2010,0.352094124
Simplicity2,WINDPOWER,6686,2010,0.39711138
Simplicity2,WINDPOWER,6687,2010,0.248726893
Simplicity2,WINDPOWER,6688,2010,0.289212811
Simplicity2,WINDPOWER,6689,2010,0.336934763
Simplicity2,WINDPOWER,6690,2010,0.377404779
Simplicity2,WINDPOWER,6691,2010,0.324390561
Simplicity2,WINDPOWER,6692,2010,0.257707935
Simplicity2,WINDPOWER,6693,2010,0.357100637
Simplicity2,WINDPOWER,6694,2010,0.316722134
Simplicity2,WINDPOWER,6695,2010,0.374355919
Simplicity2,WINDPOWER,6696,2010,0.367373952
Simplicity2,WINDPOWER,6697,2010,0.333280256
Simplicity2,WINDPOWER,6698,2010,0.388997527
Simplicity2,WINDPOWER,6699,2010,0.352894383
Simplicity2,WINDPOWER,6700,2010,0.334368949
Simplicity2,WINDPOWER,6701,2010,0.258182804
Simplicity2,WINDPOWER,6702,2010,0.252444635
Simplicity2,WINDPOWER,6703,2010,0.287507366
Simplicity2,WINDPOWER,6704,2010,0.381062271
Simplicity2,WINDPOWER,6705,2010,0.291648036
Simplicity2,WINDPOWER,6706,2010,0.311693645
Simplicity2,WINDPOWER,6707,2010,0.306976692
Simplicity2,WINDPOWER,6708,2010,0.278981265
Simplicity2,WINDPOWER,6709,2010,0.255183031
Simplicity2,WINDPOWER,6710,2010,0.314807897
Simplicity2,WINDPOWER,6711,2010,0.391455691
Simplicity2,WINDPOWER,6712,2010,0.393825257
Simplicity2,WINDPOWER,6713,2010,0.407780503
Simplicity2,WINDPOWER,6714,2010,0.356321636
Simplicity2,WINDPOWER,6715,2010,0.396287646
Simplicity2,WINDPOWER,6716,2010,0.460019585
Simplicity2,WINDPOWER,6717,2010,0.369064695
Simplicity2,WINDPOWER,6718,2010,0.343342447
Simplicity2,WINDPOWER,6719,2010,0.297147121
Simplicity2,WINDPOWER,6720,2010,0.384875451
Simplicity2,WINDPOWER,6721,2010,0.349289879
Simplicity2,WINDPOWER,6722,2010,0.312387457
Simplicity2,WINDPOWER,6723,2010,0.404212789
Simplicity2,WINDPOWER,6724,2010,0.398421505
Simplicity2,WINDPOWER,6725,2010,0.420937395
Simplicity2,WINDPOWER,6726,2010,0.400536176
Simplicity2,WINDPOWER,6727,2010,0.35303009
Simplicity2,WINDPOWER,6728,2010,0.328802359
Simplicity2,WINDPOWER,6729,2010,0.360488729
Simplicity2,WINDPOWER,6730,2010,0.424328561
Simplicity2,WINDPOWER,6731,2010,0.381622146
Simplicity2,WINDPOWER,6732,2010,0.343922934
Simplicity2,WINDPOWER,6733,2010,0.337191198
Simplicity2,WINDPOWER,6734,2010,0.42392348
Simplicity2,WINDPOWER,6735,2010,0.424433311
Simplicity2,WINDPOWER,6736,2010,0.337495657
Simplicity2,WINDPOWER,6737,2010,0.338757922
Simplicity2,WINDPOWER,6738,2010,0.36391093
Simplicity2,WINDPOWER,6739,2010,0.370781762
Simplicity2,WINDPOWER,6740,2010,0.406927935
Simplicity2,WINDPOWER,6741,2010,0.412969168
Simplicity2,WINDPOWER,6742,2010,0.413155546
Simplicity2,WINDPOWER,6743,2010,0.462053003
Simplicity2,WINDPOWER,6744,2010,0.438126733
Simplicity2,WINDPOWER,6745,2010,0.411722009
Simplicity2,WINDPOWER,6746,2010,0.355556327
Simplicity2,WINDPOWER,6747,2010,0.347197859
Simplicity2,WINDPOWER,6748,2010,0.400256912
Simplicity2,WINDPOWER,6749,2010,0.428097001
Simplicity2,WINDPOWER,6750,2010,0.345933196
Simplicity2,WINDPOWER,6751,2010,0.391385448
Simplicity2,WINDPOWER,6752,2010,0.45469797
Simplicity2,WINDPOWER,6753,2010,0.442690797
Simplicity2,WINDPOWER,6754,2010,0.445846078
Simplicity2,WINDPOWER,6755,2010,0.464845339
Simplicity2,WINDPOWER,6756,2010,0.476238737
Simplicity2,WINDPOWER,6757,2010,0.433659375
Simplicity2,WINDPOWER,6758,2010,0.384113535
Simplicity2,WINDPOWER,6759,2010,0.44536123
Simplicity2,WINDPOWER,6760,2010,0.414060596
Simplicity2,WINDPOWER,6761,2010,0.471889989
Simplicity2,WINDPOWER,6762,2010,0.423316974
Simplicity2,WINDPOWER,6763,2010,0.496759227
Simplicity2,WINDPOWER,6764,2010,0.455243796
Simplicity2,WINDPOWER,6765,2010,0.426767643
Simplicity2,WINDPOWER,6766,2010,0.406714206
Simplicity2,WINDPOWER,6767,2010,0.436451383
Simplicity2,WINDPOWER,6768,2010,0.479107098
Simplicity2,WINDPOWER,6769,2010,0.435642596
Simplicity2,WINDPOWER,6770,2010,0.506002021
Simplicity2,WINDPOWER,6771,2010,0.547228411
Simplicity2,WINDPOWER,6772,2010,0.490042225
Simplicity2,WINDPOWER,6773,2010,0.542082316
Simplicity2,WINDPOWER,6774,2010,0.487924362
Simplicity2,WINDPOWER,6775,2010,0.489975174
Simplicity2,WINDPOWER,6776,2010,0.478101441
Simplicity2,WINDPOWER,6777,2010,0.464869453
Simplicity2,WINDPOWER,6778,2010,0.418173574
Simplicity2,WINDPOWER,6779,2010,0.420087792
Simplicity2,WINDPOWER,6780,2010,0.350906995
Simplicity2,WINDPOWER,6781,2010,0.47760214
Simplicity2,WINDPOWER,6782,2010,0.543163541
Simplicity2,WINDPOWER,6783,2010,0.492673641
Simplicity2,WINDPOWER,6784,2010,0.418645902
Simplicity2,WINDPOWER,6785,2010,0.379895098
Simplicity2,WINDPOWER,6786,2010,0.449488061
Simplicity2,WINDPOWER,6787,2010,0.463272855
Simplicity2,WINDPOWER,6788,2010,0.582173216
Simplicity2,WINDPOWER,6789,2010,0.578592679
Simplicity2,WINDPOWER,6790,2010,0.488674127
Simplicity2,WINDPOWER,6791,2010,0.505788667
Simplicity2,WINDPOWER,6792,2010,0.470759932
Simplicity2,WINDPOWER,6793,2010,0.426400342
Simplicity2,WINDPOWER,6794,2010,0.563728576
Simplicity2,WINDPOWER,6795,2010,0.518991419
Simplicity2,WINDPOWER,6796,2010,0.504873503
Simplicity2,WINDPOWER,6797,2010,0.504501588
Simplicity2,WINDPOWER,6798,2010,0.512152553
Simplicity2,WINDPOWER,6799,2010,0.536591051
Simplicity2,WINDPOWER,6800,2010,0.581404961
Simplicity2,WINDPOWER,6801,2010,0.455120465
Simplicity2,WINDPOWER,6802,2010,0.519244186
Simplicity2,WINDPOWER,6803,2010,0.529420055
Simplicity2,WINDPOWER,6804,2010,0.525449997
Simplicity2,WINDPOWER,6805,2010,0.492639426
Simplicity2,WINDPOWER,6806,2010,0.503677202
Simplicity2,WINDPOWER,6807,2010,0.497135258
Simplicity2,WINDPOWER,6808,2010,0.433753909
Simplicity2,WINDPOWER,6809,2010,0.459227918
Simplicity2,WINDPOWER,6810,2010,0.460443891
Simplicity2,WINDPOWER,6811,2010,0.51005392
Simplicity2,WINDPOWER,6812,2010,0.543540193
Simplicity2,WINDPOWER,6813,2010,0.536287621
Simplicity2,WINDPOWER,6814,2010,0.568719001
Simplicity2,WINDPOWER,6815,2010,0.52931218
Simplicity2,WINDPOWER,6816,2010,0.477663558
Simplicity2,WINDPOWER,6817,2010,0.494373727
Simplicity2,WINDPOWER,6818,2010,0.548831855
Simplicity2,WINDPOWER,6819,2010,0.617663635
Simplicity2,WINDPOWER,6820,2010,0.622668204
Simplicity2,WINDPOWER,6821,2010,0.589819596
Simplicity2,WINDPOWER,6822,2010,0.525534658
Simplicity2,WINDPOWER,6823,2010,0.517087023
Simplicity2,WINDPOWER,6824,2010,0.583774807
Simplicity2,WINDPOWER,6825,2010,0.572917891
Simplicity2,WINDPOWER,6826,2010,0.531241754
Simplicity2,WINDPOWER,6827,2010,0.481273882
Simplicity2,WINDPOWER,6828,2010,0.546293786
Simplicity2,WINDPOWER,6829,2010,0.600790759
Simplicity2,WINDPOWER,6830,2010,0.580600877
Simplicity2,WINDPOWER,6831,2010,0.555544493
Simplicity2,WINDPOWER,6832,2010,0.533267192
Simplicity2,WINDPOWER,6833,2010,0.569280102
Simplicity2,WINDPOWER,6834,2010,0.457205652
Simplicity2,WINDPOWER,6835,2010,0.396181548
Simplicity2,WINDPOWER,6836,2010,0.461131558
Simplicity2,WINDPOWER,6837,2010,0.517498815
Simplicity2,WINDPOWER,6838,2010,0.550587291
Simplicity2,WINDPOWER,6839,2010,0.50746639
Simplicity2,WINDPOWER,6840,2010,0.474327974
Simplicity2,WINDPOWER,6841,2010,0.478551961
Simplicity2,WINDPOWER,6842,2010,0.501145192
Simplicity2,WINDPOWER,6843,2010,0.558581375
Simplicity2,WINDPOWER,6844,2010,0.495263577
Simplicity2,WINDPOWER,6845,2010,0.474506926
Simplicity2,WINDPOWER,6846,2010,0.525521071
Simplicity2,WINDPOWER,6847,2010,0.484512603
Simplicity2,WINDPOWER,6848,2010,0.466835747
Simplicity2,WINDPOWER,6849,2010,0.538911981
Simplicity2,WINDPOWER,6850,2010,0.455523486
Simplicity2,WINDPOWER,6851,2010,0.554438014
Simplicity2,WINDPOWER,6852,2010,0.550394179
Simplicity2,WINDPOWER,6853,2010,0.544847957
Simplicity2,WINDPOWER,6854,2010,0.482798032
Simplicity2,WINDPOWER,6855,2010,0.471123521
Simplicity2,WINDPOWER,6856,2010,0.535932555
Simplicity2,WINDPOWER,6857,2010,0.549064184
Simplicity2,WINDPOWER,6858,2010,0.59841347
Simplicity2,WINDPOWER,6859,2010,0.535890054
Simplicity2,WINDPOWER,6860,2010,0.545555249
Simplicity2,WINDPOWER,6861,2010,0.461740511
Simplicity2,WINDPOWER,6862,2010,0.443837345
Simplicity2,WINDPOWER,6863,2010,0.45451127
Simplicity2,WINDPOWER,6864,2010,0.42464009
Simplicity2,WINDPOWER,6865,2010,0.39996226
Simplicity2,WINDPOWER,6866,2010,0.394309042
Simplicity2,WINDPOWER,6867,2010,0.40727343
Simplicity2,WINDPOWER,6868,2010,0.461252455
Simplicity2,WINDPOWER,6869,2010,0.404885007
Simplicity2,WINDPOWER,6870,2010,0.518261664
Simplicity2,WINDPOWER,6871,2010,0.553104417
Simplicity2,WINDPOWER,6872,2010,0.550747643
Simplicity2,WINDPOWER,6873,2010,0.489743632
Simplicity2,WINDPOWER,6874,2010,0.419662114
Simplicity2,WINDPOWER,6875,2010,0.35051307
Simplicity2,WINDPOWER,6876,2010,0.306978422
Simplicity2,WINDPOWER,6877,2010,0.340751017
Simplicity2,WINDPOWER,6878,2010,0.271261278
Simplicity2,WINDPOWER,6879,2010,0.33571856
Simplicity2,WINDPOWER,6880,2010,0.390115052
Simplicity2,WINDPOWER,6881,2010,0.42167121
Simplicity2,WINDPOWER,6882,2010,0.449939597
Simplicity2,WINDPOWER,6883,2010,0.429973391
Simplicity2,WINDPOWER,6884,2010,0.471330391
Simplicity2,WINDPOWER,6885,2010,0.464855639
Simplicity2,WINDPOWER,6886,2010,0.401716029
Simplicity2,WINDPOWER,6887,2010,0.513021874
Simplicity2,WINDPOWER,6888,2010,0.452916253
Simplicity2,WINDPOWER,6889,2010,0.506179806
Simplicity2,WINDPOWER,6890,2010,0.463765132
Simplicity2,WINDPOWER,6891,2010,0.443117184
Simplicity2,WINDPOWER,6892,2010,0.399855798
Simplicity2,WINDPOWER,6893,2010,0.45251782
Simplicity2,WINDPOWER,6894,2010,0.383789254
Simplicity2,WINDPOWER,6895,2010,0.401741701
Simplicity2,WINDPOWER,6896,2010,0.495946833
Simplicity2,WINDPOWER,6897,2010,0.41038002
Simplicity2,WINDPOWER,6898,2010,0.410835597
Simplicity2,WINDPOWER,6899,2010,0.422190638
Simplicity2,WINDPOWER,6900,2010,0.46037026
Simplicity2,WINDPOWER,6901,2010,0.301724081
Simplicity2,WINDPOWER,6902,2010,0.307987779
Simplicity2,WINDPOWER,6903,2010,0.373698058
Simplicity2,WINDPOWER,6904,2010,0.316140322
Simplicity2,WINDPOWER,6905,2010,0.376655531
Simplicity2,WINDPOWER,6906,2010,0.383676428
Simplicity2,WINDPOWER,6907,2010,0.438230094
Simplicity2,WINDPOWER,6908,2010,0.362935825
Simplicity2,WINDPOWER,6909,2010,0.548395301
Simplicity2,WINDPOWER,6910,2010,0.461107037
Simplicity2,WINDPOWER,6911,2010,0.430386204
Simplicity2,WINDPOWER,6912,2010,0.366559509
Simplicity2,WINDPOWER,6913,2010,0.410767867
Simplicity2,WINDPOWER,6914,2010,0.409020568
Simplicity2,WINDPOWER,6915,2010,0.421266951
Simplicity2,WINDPOWER,6916,2010,0.457704154
Simplicity2,WINDPOWER,6917,2010,0.416956476
Simplicity2,WINDPOWER,6918,2010,0.426105471
Simplicity2,WINDPOWER,6919,2010,0.410760462
Simplicity2,WINDPOWER,6920,2010,0.412489745
Simplicity2,WINDPOWER,6921,2010,0.380009528
Simplicity2,WINDPOWER,6922,2010,0.436350669
Simplicity2,WINDPOWER,6923,2010,0.323209267
Simplicity2,WINDPOWER,6924,2010,0.303729734
Simplicity2,WINDPOWER,6925,2010,0.330190319
Simplicity2,WINDPOWER,6926,2010,0.345209754
Simplicity2,WINDPOWER,6927,2010,0.258684003
Simplicity2,WINDPOWER,6928,2010,0.292457055
Simplicity2,WINDPOWER,6929,2010,0.34422089
Simplicity2,WINDPOWER,6930,2010,0.314622719
Simplicity2,WINDPOWER,6931,2010,0.406935115
Simplicity2,WINDPOWER,6932,2010,0.433585949
Simplicity2,WINDPOWER,6933,2010,0.411335138
Simplicity2,WINDPOWER,6934,2010,0.405562458
Simplicity2,WINDPOWER,6935,2010,0.330806019
Simplicity2,WINDPOWER,6936,2010,0.432448683
Simplicity2,WINDPOWER,6937,2010,0.403872388
Simplicity2,WINDPOWER,6938,2010,0.424937646
Simplicity2,WINDPOWER,6939,2010,0.430070161
Simplicity2,WINDPOWER,6940,2010,0.423414171
Simplicity2,WINDPOWER,6941,2010,0.332982911
Simplicity2,WINDPOWER,6942,2010,0.430803757
Simplicity2,WINDPOWER,6943,2010,0.376024461
Simplicity2,WINDPOWER,6944,2010,0.365577146
Simplicity2,WINDPOWER,6945,2010,0.358715739
Simplicity2,WINDPOWER,6946,2010,0.307871687
Simplicity2,WINDPOWER,6947,2010,0.294920633
Simplicity2,WINDPOWER,6948,2010,0.350531146
Simplicity2,WINDPOWER,6949,2010,0.448835552
Simplicity2,WINDPOWER,6950,2010,0.418822158
Simplicity2,WINDPOWER,6951,2010,0.350506098
Simplicity2,WINDPOWER,6952,2010,0.512442457
Simplicity2,WINDPOWER,6953,2010,0.449864608
Simplicity2,WINDPOWER,6954,2010,0.368020874
Simplicity2,WINDPOWER,6955,2010,0.344967355
Simplicity2,WINDPOWER,6956,2010,0.377262372
Simplicity2,WINDPOWER,6957,2010,0.385974131
Simplicity2,WINDPOWER,6958,2010,0.369572511
Simplicity2,WINDPOWER,6959,2010,0.390948199
Simplicity2,WINDPOWER,6960,2010,0.40655282
Simplicity2,WINDPOWER,6961,2010,0.434010297
Simplicity2,WINDPOWER,6962,2010,0.339696655
Simplicity2,WINDPOWER,6963,2010,0.364501573
Simplicity2,WINDPOWER,6964,2010,0.365469248
Simplicity2,WINDPOWER,6965,2010,0.467207715
Simplicity2,WINDPOWER,6966,2010,0.437596842
Simplicity2,WINDPOWER,6967,2010,0.421260712
Simplicity2,WINDPOWER,6968,2010,0.423644711
Simplicity2,WINDPOWER,6969,2010,0.418371195
Simplicity2,WINDPOWER,6970,2010,0.408995353
Simplicity2,WINDPOWER,6971,2010,0.327870152
Simplicity2,WINDPOWER,6972,2010,0.297282204
Simplicity2,WINDPOWER,6973,2010,0.373773181
Simplicity2,WINDPOWER,6974,2010,0.377204379
Simplicity2,WINDPOWER,6975,2010,0.299764252
Simplicity2,WINDPOWER,6976,2010,0.418800242
Simplicity2,WINDPOWER,6977,2010,0.493477924
Simplicity2,WINDPOWER,6978,2010,0.385230818
Simplicity2,WINDPOWER,6979,2010,0.424155019
Simplicity2,WINDPOWER,6980,2010,0.347030696
Simplicity2,WINDPOWER,6981,2010,0.291272567
Simplicity2,WINDPOWER,6982,2010,0.19919882
Simplicity2,WINDPOWER,6983,2010,0.25249205
Simplicity2,WINDPOWER,6984,2010,0.304569785
Simplicity2,WINDPOWER,6985,2010,0.243095471
Simplicity2,WINDPOWER,6986,2010,0.342447684
Simplicity2,WINDPOWER,6987,2010,0.496235924
Simplicity2,WINDPOWER,6988,2010,0.393715616
Simplicity2,WINDPOWER,6989,2010,0.326587343
Simplicity2,WINDPOWER,6990,2010,0.333314351
Simplicity2,WINDPOWER,6991,2010,0.343167341
Simplicity2,WINDPOWER,6992,2010,0.438354167
Simplicity2,WINDPOWER,6993,2010,0.461957291
Simplicity2,WINDPOWER,6994,2010,0.451120798
Simplicity2,WINDPOWER,6995,2010,0.482499291
Simplicity2,WINDPOWER,6996,2010,0.403836225
Simplicity2,WINDPOWER,6997,2010,0.450440613
Simplicity2,WINDPOWER,6998,2010,0.393780304
Simplicity2,WINDPOWER,6999,2010,0.384776818
Simplicity2,WINDPOWER,7000,2010,0.423980583
Simplicity2,WINDPOWER,7001,2010,0.371074294
Simplicity2,WINDPOWER,7002,2010,0.367945276
Simplicity2,WINDPOWER,7003,2010,0.420270112
Simplicity2,WINDPOWER,7004,2010,0.39057463
Simplicity2,WINDPOWER,7005,2010,0.368065144
Simplicity2,WINDPOWER,7006,2010,0.314742633
Simplicity2,WINDPOWER,7007,2010,0.343733391
Simplicity2,WINDPOWER,7008,2010,0.289256162
Simplicity2,WINDPOWER,7009,2010,0.229499699
Simplicity2,WINDPOWER,7010,2010,0.232480761
Simplicity2,WINDPOWER,7011,2010,0.307405891
Simplicity2,WINDPOWER,7012,2010,0.276074849
Simplicity2,WINDPOWER,7013,2010,0.270018603
Simplicity2,WINDPOWER,7014,2010,0.304250829
Simplicity2,WINDPOWER,7015,2010,0.321788256
Simplicity2,WINDPOWER,7016,2010,0.358409266
Simplicity2,WINDPOWER,7017,2010,0.416661215
Simplicity2,WINDPOWER,7018,2010,0.30225693
Simplicity2,WINDPOWER,7019,2010,0.325742645
Simplicity2,WINDPOWER,7020,2010,0.276048736
Simplicity2,WINDPOWER,7021,2010,0.253967639
Simplicity2,WINDPOWER,7022,2010,0.298394643
Simplicity2,WINDPOWER,7023,2010,0.291313321
Simplicity2,WINDPOWER,7024,2010,0.332435776
Simplicity2,WINDPOWER,7025,2010,0.26207827
Simplicity2,WINDPOWER,7026,2010,0.259700309
Simplicity2,WINDPOWER,7027,2010,0.24813036
Simplicity2,WINDPOWER,7028,2010,0.327280913
Simplicity2,WINDPOWER,7029,2010,0.380981392
Simplicity2,WINDPOWER,7030,2010,0.417435455
Simplicity2,WINDPOWER,7031,2010,0.342984459
Simplicity2,WINDPOWER,7032,2010,0.396624524
Simplicity2,WINDPOWER,7033,2010,0.390648227
Simplicity2,WINDPOWER,7034,2010,0.363542241
Simplicity2,WINDPOWER,7035,2010,0.325573988
Simplicity2,WINDPOWER,7036,2010,0.354676567
Simplicity2,WINDPOWER,7037,2010,0.346458357
Simplicity2,WINDPOWER,7038,2010,0.281942821
Simplicity2,WINDPOWER,7039,2010,0.285189283
Simplicity2,WINDPOWER,7040,2010,0.289366065
Simplicity2,WINDPOWER,7041,2010,0.293345092
Simplicity2,WINDPOWER,7042,2010,0.276063812
Simplicity2,WINDPOWER,7043,2010,0.290116385
Simplicity2,WINDPOWER,7044,2010,0.200398524
Simplicity2,WINDPOWER,7045,2010,0.210269503
Simplicity2,WINDPOWER,7046,2010,0.344568075
Simplicity2,WINDPOWER,7047,2010,0.372961428
Simplicity2,WINDPOWER,7048,2010,0.344476542
Simplicity2,WINDPOWER,7049,2010,0.438995409
Simplicity2,WINDPOWER,7050,2010,0.391355568
Simplicity2,WINDPOWER,7051,2010,0.458385959
Simplicity2,WINDPOWER,7052,2010,0.278830074
Simplicity2,WINDPOWER,7053,2010,0.319004952
Simplicity2,WINDPOWER,7054,2010,0.384417012
Simplicity2,WINDPOWER,7055,2010,0.431302219
Simplicity2,WINDPOWER,7056,2010,0.348357697
Simplicity2,WINDPOWER,7057,2010,0.293130622
Simplicity2,WINDPOWER,7058,2010,0.408507148
Simplicity2,WINDPOWER,7059,2010,0.35993956
Simplicity2,WINDPOWER,7060,2010,0.422536899
Simplicity2,WINDPOWER,7061,2010,0.427820938
Simplicity2,WINDPOWER,7062,2010,0.381255322
Simplicity2,WINDPOWER,7063,2010,0.434722593
Simplicity2,WINDPOWER,7064,2010,0.412021953
Simplicity2,WINDPOWER,7065,2010,0.376174882
Simplicity2,WINDPOWER,7066,2010,0.277022573
Simplicity2,WINDPOWER,7067,2010,0.274997776
Simplicity2,WINDPOWER,7068,2010,0.33629323
Simplicity2,WINDPOWER,7069,2010,0.421579946
Simplicity2,WINDPOWER,7070,2010,0.348398716
Simplicity2,WINDPOWER,7071,2010,0.36553927
Simplicity2,WINDPOWER,7072,2010,0.361445492
Simplicity2,WINDPOWER,7073,2010,0.305245485
Simplicity2,WINDPOWER,7074,2010,0.283850844
Simplicity2,WINDPOWER,7075,2010,0.368711437
Simplicity2,WINDPOWER,7076,2010,0.449675487
Simplicity2,WINDPOWER,7077,2010,0.451059534
Simplicity2,WINDPOWER,7078,2010,0.452324053
Simplicity2,WINDPOWER,7079,2010,0.394996306
Simplicity2,WINDPOWER,7080,2010,0.451592613
Simplicity2,WINDPOWER,7081,2010,0.521125228
Simplicity2,WINDPOWER,7082,2010,0.407644407
Simplicity2,WINDPOWER,7083,2010,0.391952513
Simplicity2,WINDPOWER,7084,2010,0.361957184
Simplicity2,WINDPOWER,7085,2010,0.432541262
Simplicity2,WINDPOWER,7086,2010,0.39527916
Simplicity2,WINDPOWER,7087,2010,0.356613613
Simplicity2,WINDPOWER,7088,2010,0.46241959
Simplicity2,WINDPOWER,7089,2010,0.463848018
Simplicity2,WINDPOWER,7090,2010,0.482582885
Simplicity2,WINDPOWER,7091,2010,0.445803701
Simplicity2,WINDPOWER,7092,2010,0.387564651
Simplicity2,WINDPOWER,7093,2010,0.372493749
Simplicity2,WINDPOWER,7094,2010,0.41032431
Simplicity2,WINDPOWER,7095,2010,0.485770589
Simplicity2,WINDPOWER,7096,2010,0.44565496
Simplicity2,WINDPOWER,7097,2010,0.394148456
Simplicity2,WINDPOWER,7098,2010,0.387288687
Simplicity2,WINDPOWER,7099,2010,0.476293561
Simplicity2,WINDPOWER,7100,2010,0.451399154
Simplicity2,WINDPOWER,7101,2010,0.377878659
Simplicity2,WINDPOWER,7102,2010,0.396941022
Simplicity2,WINDPOWER,7103,2010,0.408743799
Simplicity2,WINDPOWER,7104,2010,0.423794712
Simplicity2,WINDPOWER,7105,2010,0.466462836
Simplicity2,WINDPOWER,7106,2010,0.466811885
Simplicity2,WINDPOWER,7107,2010,0.461836754
Simplicity2,WINDPOWER,7108,2010,0.510312611
Simplicity2,WINDPOWER,7109,2010,0.487284182
Simplicity2,WINDPOWER,7110,2010,0.480534045
Simplicity2,WINDPOWER,7111,2010,0.404968531
Simplicity2,WINDPOWER,7112,2010,0.381816154
Simplicity2,WINDPOWER,7113,2010,0.461561669
Simplicity2,WINDPOWER,7114,2010,0.476207206
Simplicity2,WINDPOWER,7115,2010,0.399302834
Simplicity2,WINDPOWER,7116,2010,0.437527353
Simplicity2,WINDPOWER,7117,2010,0.513422934
Simplicity2,WINDPOWER,7118,2010,0.487520653
Simplicity2,WINDPOWER,7119,2010,0.484150816
Simplicity2,WINDPOWER,7120,2010,0.524638164
Simplicity2,WINDPOWER,7121,2010,0.535082171
Simplicity2,WINDPOWER,7122,2010,0.506712758
Simplicity2,WINDPOWER,7123,2010,0.437847869
Simplicity2,WINDPOWER,7124,2010,0.495018064
Simplicity2,WINDPOWER,7125,2010,0.469606804
Simplicity2,WINDPOWER,7126,2010,0.534811219
Simplicity2,WINDPOWER,7127,2010,0.499566042
Simplicity2,WINDPOWER,7128,2010,0.55248587
Simplicity2,WINDPOWER,7129,2010,0.503280617
Simplicity2,WINDPOWER,7130,2010,0.482266771
Simplicity2,WINDPOWER,7131,2010,0.472448621
Simplicity2,WINDPOWER,7132,2010,0.495302087
Simplicity2,WINDPOWER,7133,2010,0.536096301
Simplicity2,WINDPOWER,7134,2010,0.4883166
Simplicity2,WINDPOWER,7135,2010,0.565583265
Simplicity2,WINDPOWER,7136,2010,0.592055524
Simplicity2,WINDPOWER,7137,2010,0.519442065
Simplicity2,WINDPOWER,7138,2010,0.585096145
Simplicity2,WINDPOWER,7139,2010,0.55306153
Simplicity2,WINDPOWER,7140,2010,0.546802634
Simplicity2,WINDPOWER,7141,2010,0.54493444
Simplicity2,WINDPOWER,7142,2010,0.53316514
Simplicity2,WINDPOWER,7143,2010,0.465473694
Simplicity2,WINDPOWER,7144,2010,0.477797244
Simplicity2,WINDPOWER,7145,2010,0.403810709
Simplicity2,WINDPOWER,7146,2010,0.53995987
Simplicity2,WINDPOWER,7147,2010,0.601510309
Simplicity2,WINDPOWER,7148,2010,0.536868696
Simplicity2,WINDPOWER,7149,2010,0.45597552
Simplicity2,WINDPOWER,7150,2010,0.444622088
Simplicity2,WINDPOWER,7151,2010,0.529300632
Simplicity2,WINDPOWER,7152,2010,0.553676673
Simplicity2,WINDPOWER,7153,2010,0.647938917
Simplicity2,WINDPOWER,7154,2010,0.624434533
Simplicity2,WINDPOWER,7155,2010,0.554395783
Simplicity2,WINDPOWER,7156,2010,0.547090118
Simplicity2,WINDPOWER,7157,2010,0.517257531
Simplicity2,WINDPOWER,7158,2010,0.480157531
Simplicity2,WINDPOWER,7159,2010,0.624303409
Simplicity2,WINDPOWER,7160,2010,0.572783698
Simplicity2,WINDPOWER,7161,2010,0.552980908
Simplicity2,WINDPOWER,7162,2010,0.56444724
Simplicity2,WINDPOWER,7163,2010,0.563004224
Simplicity2,WINDPOWER,7164,2010,0.6064594
Simplicity2,WINDPOWER,7165,2010,0.624592662
Simplicity2,WINDPOWER,7166,2010,0.495389575
Simplicity2,WINDPOWER,7167,2010,0.581705483
Simplicity2,WINDPOWER,7168,2010,0.598126116
Simplicity2,WINDPOWER,7169,2010,0.581064833
Simplicity2,WINDPOWER,7170,2010,0.54549584
Simplicity2,WINDPOWER,7171,2010,0.586153269
Simplicity2,WINDPOWER,7172,2010,0.557697626
Simplicity2,WINDPOWER,7173,2010,0.499746518
Simplicity2,WINDPOWER,7174,2010,0.502198952
Simplicity2,WINDPOWER,7175,2010,0.517384133
Simplicity2,WINDPOWER,7176,2010,0.560019813
Simplicity2,WINDPOWER,7177,2010,0.60789175
Simplicity2,WINDPOWER,7178,2010,0.574864941
Simplicity2,WINDPOWER,7179,2010,0.61782285
Simplicity2,WINDPOWER,7180,2010,0.583655342
Simplicity2,WINDPOWER,7181,2010,0.541815275
Simplicity2,WINDPOWER,7182,2010,0.540019563
Simplicity2,WINDPOWER,7183,2010,0.578583693
Simplicity2,WINDPOWER,7184,2010,0.64743524
Simplicity2,WINDPOWER,7185,2010,0.653831986
Simplicity2,WINDPOWER,7186,2010,0.617768293
Simplicity2,WINDPOWER,7187,2010,0.579439084
Simplicity2,WINDPOWER,7188,2010,0.568411916
Simplicity2,WINDPOWER,7189,2010,0.62345609
Simplicity2,WINDPOWER,7190,2010,0.622676184
Simplicity2,WINDPOWER,7191,2010,0.564134886
Simplicity2,WINDPOWER,7192,2010,0.534641039
Simplicity2,WINDPOWER,7193,2010,0.610072599
Simplicity2,WINDPOWER,7194,2010,0.649976882
Simplicity2,WINDPOWER,7195,2010,0.632587905
Simplicity2,WINDPOWER,7196,2010,0.609501787
Simplicity2,WINDPOWER,7197,2010,0.588251106
Simplicity2,WINDPOWER,7198,2010,0.616077403
Simplicity2,WINDPOWER,7199,2010,0.500810299
Simplicity2,WINDPOWER,7200,2010,0.45863217
Simplicity2,WINDPOWER,7201,2010,0.498695332
Simplicity2,WINDPOWER,7202,2010,0.541738634
Simplicity2,WINDPOWER,7203,2010,0.580269765
Simplicity2,WINDPOWER,7204,2010,0.552271928
Simplicity2,WINDPOWER,7205,2010,0.526733197
Simplicity2,WINDPOWER,7206,2010,0.523037003
Simplicity2,WINDPOWER,7207,2010,0.564548192
Simplicity2,WINDPOWER,7208,2010,0.604105113
Simplicity2,WINDPOWER,7209,2010,0.543118506
Simplicity2,WINDPOWER,7210,2010,0.522355395
Simplicity2,WINDPOWER,7211,2010,0.560615026
Simplicity2,WINDPOWER,7212,2010,0.538641604
Simplicity2,WINDPOWER,7213,2010,0.520917108
Simplicity2,WINDPOWER,7214,2010,0.571626756
Simplicity2,WINDPOWER,7215,2010,0.503257352
Simplicity2,WINDPOWER,7216,2010,0.593760735
Simplicity2,WINDPOWER,7217,2010,0.58926395
Simplicity2,WINDPOWER,7218,2010,0.586048324
Simplicity2,WINDPOWER,7219,2010,0.510970705
Simplicity2,WINDPOWER,7220,2010,0.530106906
Simplicity2,WINDPOWER,7221,2010,0.578926139
Simplicity2,WINDPOWER,7222,2010,0.580471045
Simplicity2,WINDPOWER,7223,2010,0.631854458
Simplicity2,WINDPOWER,7224,2010,0.568922378
Simplicity2,WINDPOWER,7225,2010,0.592604793
Simplicity2,WINDPOWER,7226,2010,0.50384949
Simplicity2,WINDPOWER,7227,2010,0.48313544
Simplicity2,WINDPOWER,7228,2010,0.490336553
Simplicity2,WINDPOWER,7229,2010,0.451588404
Simplicity2,WINDPOWER,7230,2010,0.447123907
Simplicity2,WINDPOWER,7231,2010,0.422072421
Simplicity2,WINDPOWER,7232,2010,0.422482239
Simplicity2,WINDPOWER,7233,2010,0.472119841
Simplicity2,WINDPOWER,7234,2010,0.422021375
Simplicity2,WINDPOWER,7235,2010,0.552047489
Simplicity2,WINDPOWER,7236,2010,0.600276584
Simplicity2,WINDPOWER,7237,2010,0.577436313
Simplicity2,WINDPOWER,7238,2010,0.540615558
Simplicity2,WINDPOWER,7239,2010,0.440883138
Simplicity2,WINDPOWER,7240,2010,0.36357587
Simplicity2,WINDPOWER,7241,2010,0.312524099
Simplicity2,WINDPOWER,7242,2010,0.329574362
Simplicity2,WINDPOWER,7243,2010,0.268449356
Simplicity2,WINDPOWER,7244,2010,0.33677192
Simplicity2,WINDPOWER,7245,2010,0.397397207
Simplicity2,WINDPOWER,7246,2010,0.443001706
Simplicity2,WINDPOWER,7247,2010,0.479603359
Simplicity2,WINDPOWER,7248,2010,0.454595515
Simplicity2,WINDPOWER,7249,2010,0.505016034
Simplicity2,WINDPOWER,7250,2010,0.522198399
Simplicity2,WINDPOWER,7251,2010,0.437170866
Simplicity2,WINDPOWER,7252,2010,0.57541445
Simplicity2,WINDPOWER,7253,2010,0.46648267
Simplicity2,WINDPOWER,7254,2010,0.534102104
Simplicity2,WINDPOWER,7255,2010,0.497877209
Simplicity2,WINDPOWER,7256,2010,0.482674524
Simplicity2,WINDPOWER,7257,2010,0.411189242
Simplicity2,WINDPOWER,7258,2010,0.444328412
Simplicity2,WINDPOWER,7259,2010,0.403324635
Simplicity2,WINDPOWER,7260,2010,0.436017719
Simplicity2,WINDPOWER,7261,2010,0.525061734
Simplicity2,WINDPOWER,7262,2010,0.421913035
Simplicity2,WINDPOWER,7263,2010,0.425327133
Simplicity2,WINDPOWER,7264,2010,0.450205376
Simplicity2,WINDPOWER,7265,2010,0.461437668
Simplicity2,WINDPOWER,7266,2010,0.325198927
Simplicity2,WINDPOWER,7267,2010,0.319774744
Simplicity2,WINDPOWER,7268,2010,0.380124733
Simplicity2,WINDPOWER,7269,2010,0.325848966
Simplicity2,WINDPOWER,7270,2010,0.409117008
Simplicity2,WINDPOWER,7271,2010,0.412998395
Simplicity2,WINDPOWER,7272,2010,0.453606648
Simplicity2,WINDPOWER,7273,2010,0.389252529
Simplicity2,WINDPOWER,7274,2010,0.572084571
Simplicity2,WINDPOWER,7275,2010,0.492191604
Simplicity2,WINDPOWER,7276,2010,0.460393931
Simplicity2,WINDPOWER,7277,2010,0.392913514
Simplicity2,WINDPOWER,7278,2010,0.41152114
Simplicity2,WINDPOWER,7279,2010,0.423318324
Simplicity2,WINDPOWER,7280,2010,0.460785588
Simplicity2,WINDPOWER,7281,2010,0.469017724
Simplicity2,WINDPOWER,7282,2010,0.435046478
Simplicity2,WINDPOWER,7283,2010,0.445713889
Simplicity2,WINDPOWER,7284,2010,0.447423767
Simplicity2,WINDPOWER,7285,2010,0.43673416
Simplicity2,WINDPOWER,7286,2010,0.408367923
Simplicity2,WINDPOWER,7287,2010,0.454115572
Simplicity2,WINDPOWER,7288,2010,0.330776067
Simplicity2,WINDPOWER,7289,2010,0.317945519
Simplicity2,WINDPOWER,7290,2010,0.349533044
Simplicity2,WINDPOWER,7291,2010,0.353717339
Simplicity2,WINDPOWER,7292,2010,0.265077869
Simplicity2,WINDPOWER,7293,2010,0.318992785
Simplicity2,WINDPOWER,7294,2010,0.358072152
Simplicity2,WINDPOWER,7295,2010,0.334245189
Simplicity2,WINDPOWER,7296,2010,0.436592641
Simplicity2,WINDPOWER,7297,2010,0.480893365
Simplicity2,WINDPOWER,7298,2010,0.463397586
Simplicity2,WINDPOWER,7299,2010,0.447893378
Simplicity2,WINDPOWER,7300,2010,0.352066286
Simplicity2,WINDPOWER,7301,2010,0.445408731
Simplicity2,WINDPOWER,7302,2010,0.412603274
Simplicity2,WINDPOWER,7303,2010,0.417438851
Simplicity2,WINDPOWER,7304,2010,0.444639727
Simplicity2,WINDPOWER,7305,2010,0.43269288
Simplicity2,WINDPOWER,7306,2010,0.344995741
Simplicity2,WINDPOWER,7307,2010,0.43727177
Simplicity2,WINDPOWER,7308,2010,0.394403405
Simplicity2,WINDPOWER,7309,2010,0.361947031
Simplicity2,WINDPOWER,7310,2010,0.360965223
Simplicity2,WINDPOWER,7311,2010,0.323208992
Simplicity2,WINDPOWER,7312,2010,0.305792954
Simplicity2,WINDPOWER,7313,2010,0.368775641
Simplicity2,WINDPOWER,7314,2010,0.478003822
Simplicity2,WINDPOWER,7315,2010,0.443741029
Simplicity2,WINDPOWER,7316,2010,0.374635253
Simplicity2,WINDPOWER,7317,2010,0.502710164
Simplicity2,WINDPOWER,7318,2010,0.481457696
Simplicity2,WINDPOWER,7319,2010,0.37381506
Simplicity2,WINDPOWER,7320,2010,0.366383368
Simplicity2,WINDPOWER,7321,2010,0.388263961
Simplicity2,WINDPOWER,7322,2010,0.406989106
Simplicity2,WINDPOWER,7323,2010,0.391479144
Simplicity2,WINDPOWER,7324,2010,0.399785943
Simplicity2,WINDPOWER,7325,2010,0.417776646
Simplicity2,WINDPOWER,7326,2010,0.432428288
Simplicity2,WINDPOWER,7327,2010,0.347038368
Simplicity2,WINDPOWER,7328,2010,0.380582684
Simplicity2,WINDPOWER,7329,2010,0.396745193
Simplicity2,WINDPOWER,7330,2010,0.487881518
Simplicity2,WINDPOWER,7331,2010,0.478600285
Simplicity2,WINDPOWER,7332,2010,0.452752754
Simplicity2,WINDPOWER,7333,2010,0.434604762
Simplicity2,WINDPOWER,7334,2010,0.437792494
Simplicity2,WINDPOWER,7335,2010,0.408347525
Simplicity2,WINDPOWER,7336,2010,0.343924402
Simplicity2,WINDPOWER,7337,2010,0.317231718
Simplicity2,WINDPOWER,7338,2010,0.382991682
Simplicity2,WINDPOWER,7339,2010,0.378282634
Simplicity2,WINDPOWER,7340,2010,0.312747929
Simplicity2,WINDPOWER,7341,2010,0.42033585
Simplicity2,WINDPOWER,7342,2010,0.491110077
Simplicity2,WINDPOWER,7343,2010,0.403762588
Simplicity2,WINDPOWER,7344,2010,0.438557886
Simplicity2,WINDPOWER,7345,2010,0.350837738
Simplicity2,WINDPOWER,7346,2010,0.291114186
Simplicity2,WINDPOWER,7347,2010,0.215996269
Simplicity2,WINDPOWER,7348,2010,0.250819696
Simplicity2,WINDPOWER,7349,2010,0.305507149
Simplicity2,WINDPOWER,7350,2010,0.255135127
Simplicity2,WINDPOWER,7351,2010,0.362323527
Simplicity2,WINDPOWER,7352,2010,0.518497223
Simplicity2,WINDPOWER,7353,2010,0.411302343
Simplicity2,WINDPOWER,7354,2010,0.320970597
Simplicity2,WINDPOWER,7355,2010,0.350897935
Simplicity2,WINDPOWER,7356,2010,0.358407392
Simplicity2,WINDPOWER,7357,2010,0.468873749
Simplicity2,WINDPOWER,7358,2010,0.482629646
Simplicity2,WINDPOWER,7359,2010,0.48292341
Simplicity2,WINDPOWER,7360,2010,0.51795335
Simplicity2,WINDPOWER,7361,2010,0.43755323
Simplicity2,WINDPOWER,7362,2010,0.480312078
Simplicity2,WINDPOWER,7363,2010,0.422613448
Simplicity2,WINDPOWER,7364,2010,0.414771455
Simplicity2,WINDPOWER,7365,2010,0.41190741
Simplicity2,WINDPOWER,7366,2010,0.38495289
Simplicity2,WINDPOWER,7367,2010,0.392226905
Simplicity2,WINDPOWER,7368,2010,0.459415133
Simplicity2,WINDPOWER,7369,2010,0.412563604
Simplicity2,WINDPOWER,7370,2010,0.369660562
Simplicity2,WINDPOWER,7371,2010,0.327672506
Simplicity2,WINDPOWER,7372,2010,0.346807375
Simplicity2,WINDPOWER,7373,2010,0.292901942
Simplicity2,WINDPOWER,7374,2010,0.251278842
Simplicity2,WINDPOWER,7375,2010,0.24495605
Simplicity2,WINDPOWER,7376,2010,0.3377796
Simplicity2,WINDPOWER,7377,2010,0.297501053
Simplicity2,WINDPOWER,7378,2010,0.297557021
Simplicity2,WINDPOWER,7379,2010,0.326929395
Simplicity2,WINDPOWER,7380,2010,0.340337566
Simplicity2,WINDPOWER,7381,2010,0.366829511
Simplicity2,WINDPOWER,7382,2010,0.461128827
Simplicity2,WINDPOWER,7383,2010,0.328026462
Simplicity2,WINDPOWER,7384,2010,0.367552867
Simplicity2,WINDPOWER,7385,2010,0.297634563
Simplicity2,WINDPOWER,7386,2010,0.285616015
Simplicity2,WINDPOWER,7387,2010,0.330585429
Simplicity2,WINDPOWER,7388,2010,0.320477054
Simplicity2,WINDPOWER,7389,2010,0.357423846
Simplicity2,WINDPOWER,7390,2010,0.284259013
Simplicity2,WINDPOWER,7391,2010,0.259841339
Simplicity2,WINDPOWER,7392,2010,0.276298605
Simplicity2,WINDPOWER,7393,2010,0.355379478
Simplicity2,WINDPOWER,7394,2010,0.416257829
Simplicity2,WINDPOWER,7395,2010,0.449146069
Simplicity2,WINDPOWER,7396,2010,0.377609049
Simplicity2,WINDPOWER,7397,2010,0.412045022
Simplicity2,WINDPOWER,7398,2010,0.397028097
Simplicity2,WINDPOWER,7399,2010,0.40137884
Simplicity2,WINDPOWER,7400,2010,0.351670014
Simplicity2,WINDPOWER,7401,2010,0.375942852
Simplicity2,WINDPOWER,7402,2010,0.368592088
Simplicity2,WINDPOWER,7403,2010,0.298149164
Simplicity2,WINDPOWER,7404,2010,0.308452416
Simplicity2,WINDPOWER,7405,2010,0.30227186
Simplicity2,WINDPOWER,7406,2010,0.303018542
Simplicity2,WINDPOWER,7407,2010,0.306858343
Simplicity2,WINDPOWER,7408,2010,0.302910191
Simplicity2,WINDPOWER,7409,2010,0.212259635
Simplicity2,WINDPOWER,7410,2010,0.221271867
Simplicity2,WINDPOWER,7411,2010,0.364442998
Simplicity2,WINDPOWER,7412,2010,0.40045954
Simplicity2,WINDPOWER,7413,2010,0.388978504
Simplicity2,WINDPOWER,7414,2010,0.451313476
Simplicity2,WINDPOWER,7415,2010,0.422473742
Simplicity2,WINDPOWER,7416,2010,0.503908428
Simplicity2,WINDPOWER,7417,2010,0.299916027
Simplicity2,WINDPOWER,7418,2010,0.342853657
Simplicity2,WINDPOWER,7419,2010,0.409989209
Simplicity2,WINDPOWER,7420,2010,0.471623745
Simplicity2,WINDPOWER,7421,2010,0.37269986
Simplicity2,WINDPOWER,7422,2010,0.321783069
Simplicity2,WINDPOWER,7423,2010,0.442771592
Simplicity2,WINDPOWER,7424,2010,0.379190752
Simplicity2,WINDPOWER,7425,2010,0.440530073
Simplicity2,WINDPOWER,7426,2010,0.459113463
Simplicity2,WINDPOWER,7427,2010,0.420236159
Simplicity2,WINDPOWER,7428,2010,0.471624856
Simplicity2,WINDPOWER,7429,2010,0.455687818
Simplicity2,WINDPOWER,7430,2010,0.424332795
Simplicity2,WINDPOWER,7431,2010,0.292854673
Simplicity2,WINDPOWER,7432,2010,0.291164832
Simplicity2,WINDPOWER,7433,2010,0.366362306
Simplicity2,WINDPOWER,7434,2010,0.468730109
Simplicity2,WINDPOWER,7435,2010,0.403626579
Simplicity2,WINDPOWER,7436,2010,0.397569235
Simplicity2,WINDPOWER,7437,2010,0.392098549
Simplicity2,WINDPOWER,7438,2010,0.316009835
Simplicity2,WINDPOWER,7439,2010,0.312732456
Simplicity2,WINDPOWER,7440,2010,0.398430448
Simplicity2,WINDPOWER,7441,2010,0.493698769
Simplicity2,WINDPOWER,7442,2010,0.505062774
Simplicity2,WINDPOWER,7443,2010,0.487439498
Simplicity2,WINDPOWER,7444,2010,0.434610392
Simplicity2,WINDPOWER,7445,2010,0.507299611
Simplicity2,WINDPOWER,7446,2010,0.543586779
Simplicity2,WINDPOWER,7447,2010,0.443768075
Simplicity2,WINDPOWER,7448,2010,0.435295303
Simplicity2,WINDPOWER,7449,2010,0.415928118
Simplicity2,WINDPOWER,7450,2010,0.455432925
Simplicity2,WINDPOWER,7451,2010,0.424575725
Simplicity2,WINDPOWER,7452,2010,0.387478603
Simplicity2,WINDPOWER,7453,2010,0.505837852
Simplicity2,WINDPOWER,7454,2010,0.507371624
Simplicity2,WINDPOWER,7455,2010,0.523673683
Simplicity2,WINDPOWER,7456,2010,0.484749805
Simplicity2,WINDPOWER,7457,2010,0.403161527
Simplicity2,WINDPOWER,7458,2010,0.410455338
Simplicity2,WINDPOWER,7459,2010,0.444913376
Simplicity2,WINDPOWER,7460,2010,0.527306614
Simplicity2,WINDPOWER,7461,2010,0.48194273
Simplicity2,WINDPOWER,7462,2010,0.427067196
Simplicity2,WINDPOWER,7463,2010,0.423978742
Simplicity2,WINDPOWER,7464,2010,0.520136706
Simplicity2,WINDPOWER,7465,2010,0.481699193
Simplicity2,WINDPOWER,7466,2010,0.393045688
Simplicity2,WINDPOWER,7467,2010,0.438644016
Simplicity2,WINDPOWER,7468,2010,0.437501572
Simplicity2,WINDPOWER,7469,2010,0.454635822
Simplicity2,WINDPOWER,7470,2010,0.5227118
Simplicity2,WINDPOWER,7471,2010,0.491276667
Simplicity2,WINDPOWER,7472,2010,0.489351048
Simplicity2,WINDPOWER,7473,2010,0.536739855
Simplicity2,WINDPOWER,7474,2010,0.524665156
Simplicity2,WINDPOWER,7475,2010,0.538257627
Simplicity2,WINDPOWER,7476,2010,0.44987717
Simplicity2,WINDPOWER,7477,2010,0.403722843
Simplicity2,WINDPOWER,7478,2010,0.51540675
Simplicity2,WINDPOWER,7479,2010,0.518236081
Simplicity2,WINDPOWER,7480,2010,0.433393586
Simplicity2,WINDPOWER,7481,2010,0.445502016
Simplicity2,WINDPOWER,7482,2010,0.536249022
Simplicity2,WINDPOWER,7483,2010,0.51951442
Simplicity2,WINDPOWER,7484,2010,0.517591965
Simplicity2,WINDPOWER,7485,2010,0.561558013
Simplicity2,WINDPOWER,7486,2010,0.588433969
Simplicity2,WINDPOWER,7487,2010,0.557206736
Simplicity2,WINDPOWER,7488,2010,0.484441944
Simplicity2,WINDPOWER,7489,2010,0.546856083
Simplicity2,WINDPOWER,7490,2010,0.524084365
Simplicity2,WINDPOWER,7491,2010,0.577811754
Simplicity2,WINDPOWER,7492,2010,0.565152236
Simplicity2,WINDPOWER,7493,2010,0.597964491
Simplicity2,WINDPOWER,7494,2010,0.542707959
Simplicity2,WINDPOWER,7495,2010,0.535409985
Simplicity2,WINDPOWER,7496,2010,0.520582182
Simplicity2,WINDPOWER,7497,2010,0.5345009
Simplicity2,WINDPOWER,7498,2010,0.580820277
Simplicity2,WINDPOWER,7499,2010,0.524885686
Simplicity2,WINDPOWER,7500,2010,0.609625331
Simplicity2,WINDPOWER,7501,2010,0.620667994
Simplicity2,WINDPOWER,7502,2010,0.536310309
Simplicity2,WINDPOWER,7503,2010,0.622432805
Simplicity2,WINDPOWER,7504,2010,0.593869041
Simplicity2,WINDPOWER,7505,2010,0.600158362
Simplicity2,WINDPOWER,7506,2010,0.581226486
Simplicity2,WINDPOWER,7507,2010,0.588881073
Simplicity2,WINDPOWER,7508,2010,0.514775286
Simplicity2,WINDPOWER,7509,2010,0.50739095
Simplicity2,WINDPOWER,7510,2010,0.428507067
Simplicity2,WINDPOWER,7511,2010,0.572205531
Simplicity2,WINDPOWER,7512,2010,0.64438132
Simplicity2,WINDPOWER,7513,2010,0.582362526
Simplicity2,WINDPOWER,7514,2010,0.498445235
Simplicity2,WINDPOWER,7515,2010,0.489801297
Simplicity2,WINDPOWER,7516,2010,0.581442101
Simplicity2,WINDPOWER,7517,2010,0.605717236
Simplicity2,WINDPOWER,7518,2010,0.691667875
Simplicity2,WINDPOWER,7519,2010,0.643470398
Simplicity2,WINDPOWER,7520,2010,0.588812516
Simplicity2,WINDPOWER,7521,2010,0.574104568
Simplicity2,WINDPOWER,7522,2010,0.542316201
Simplicity2,WINDPOWER,7523,2010,0.517843896
Simplicity2,WINDPOWER,7524,2010,0.655095982
Simplicity2,WINDPOWER,7525,2010,0.621345392
Simplicity2,WINDPOWER,7526,2010,0.602619558
Simplicity2,WINDPOWER,7527,2010,0.61642932
Simplicity2,WINDPOWER,7528,2010,0.599642462
Simplicity2,WINDPOWER,7529,2010,0.632936371
Simplicity2,WINDPOWER,7530,2010,0.645749043
Simplicity2,WINDPOWER,7531,2010,0.535514579
Simplicity2,WINDPOWER,7532,2010,0.625555872
Simplicity2,WINDPOWER,7533,2010,0.639225293
Simplicity2,WINDPOWER,7534,2010,0.609746429
Simplicity2,WINDPOWER,7535,2010,0.584013138
Simplicity2,WINDPOWER,7536,2010,0.621597889
Simplicity2,WINDPOWER,7537,2010,0.58618903
Simplicity2,WINDPOWER,7538,2010,0.529021754
Simplicity2,WINDPOWER,7539,2010,0.519306844
Simplicity2,WINDPOWER,7540,2010,0.555682208
Simplicity2,WINDPOWER,7541,2010,0.575253499
Simplicity2,WINDPOWER,7542,2010,0.638628565
Simplicity2,WINDPOWER,7543,2010,0.616656836
Simplicity2,WINDPOWER,7544,2010,0.660812265
Simplicity2,WINDPOWER,7545,2010,0.614664493
Simplicity2,WINDPOWER,7546,2010,0.571139943
Simplicity2,WINDPOWER,7547,2010,0.581761086
Simplicity2,WINDPOWER,7548,2010,0.580777892
Simplicity2,WINDPOWER,7549,2010,0.678882488
Simplicity2,WINDPOWER,7550,2010,0.674946142
Simplicity2,WINDPOWER,7551,2010,0.611796286
Simplicity2,WINDPOWER,7552,2010,0.58318431
Simplicity2,WINDPOWER,7553,2010,0.586197382
Simplicity2,WINDPOWER,7554,2010,0.635847057
Simplicity2,WINDPOWER,7555,2010,0.644935775
Simplicity2,WINDPOWER,7556,2010,0.582351734
Simplicity2,WINDPOWER,7557,2010,0.567068122
Simplicity2,WINDPOWER,7558,2010,0.629256913
Simplicity2,WINDPOWER,7559,2010,0.670216974
Simplicity2,WINDPOWER,7560,2010,0.652089553
Simplicity2,WINDPOWER,7561,2010,0.623835901
Simplicity2,WINDPOWER,7562,2010,0.608525099
Simplicity2,WINDPOWER,7563,2010,0.630292851
Simplicity2,WINDPOWER,7564,2010,0.514927659
Simplicity2,WINDPOWER,7565,2010,0.488560083
Simplicity2,WINDPOWER,7566,2010,0.512109396
Simplicity2,WINDPOWER,7567,2010,0.560010899
Simplicity2,WINDPOWER,7568,2010,0.607682722
Simplicity2,WINDPOWER,7569,2010,0.570542563
Simplicity2,WINDPOWER,7570,2010,0.555320137
Simplicity2,WINDPOWER,7571,2010,0.555688234
Simplicity2,WINDPOWER,7572,2010,0.588762343
Simplicity2,WINDPOWER,7573,2010,0.622652923
Simplicity2,WINDPOWER,7574,2010,0.577925316
Simplicity2,WINDPOWER,7575,2010,0.560162202
Simplicity2,WINDPOWER,7576,2010,0.586327474
Simplicity2,WINDPOWER,7577,2010,0.567863334
Simplicity2,WINDPOWER,7578,2010,0.557194819
Simplicity2,WINDPOWER,7579,2010,0.598068271
Simplicity2,WINDPOWER,7580,2010,0.514630167
Simplicity2,WINDPOWER,7581,2010,0.604534105
Simplicity2,WINDPOWER,7582,2010,0.623792149
Simplicity2,WINDPOWER,7583,2010,0.610082325
Simplicity2,WINDPOWER,7584,2010,0.53089161
Simplicity2,WINDPOWER,7585,2010,0.560733814
Simplicity2,WINDPOWER,7586,2010,0.607146886
Simplicity2,WINDPOWER,7587,2010,0.603248555
Simplicity2,WINDPOWER,7588,2010,0.664373693
Simplicity2,WINDPOWER,7589,2010,0.589713055
Simplicity2,WINDPOWER,7590,2010,0.620997668
Simplicity2,WINDPOWER,7591,2010,0.540709946
Simplicity2,WINDPOWER,7592,2010,0.510580729
Simplicity2,WINDPOWER,7593,2010,0.520318289
Simplicity2,WINDPOWER,7594,2010,0.476598359
Simplicity2,WINDPOWER,7595,2010,0.466648475
Simplicity2,WINDPOWER,7596,2010,0.428817684
Simplicity2,WINDPOWER,7597,2010,0.431835789
Simplicity2,WINDPOWER,7598,2010,0.460032452
Simplicity2,WINDPOWER,7599,2010,0.418762515
Simplicity2,WINDPOWER,7600,2010,0.586972204
Simplicity2,WINDPOWER,7601,2010,0.634419752
Simplicity2,WINDPOWER,7602,2010,0.60212759
Simplicity2,WINDPOWER,7603,2010,0.567391126
Simplicity2,WINDPOWER,7604,2010,0.459222682
Simplicity2,WINDPOWER,7605,2010,0.368389559
Simplicity2,WINDPOWER,7606,2010,0.303925407
Simplicity2,WINDPOWER,7607,2010,0.320985829
Simplicity2,WINDPOWER,7608,2010,0.266439703
Simplicity2,WINDPOWER,7609,2010,0.349618533
Simplicity2,WINDPOWER,7610,2010,0.414913665
Simplicity2,WINDPOWER,7611,2010,0.453907454
Simplicity2,WINDPOWER,7612,2010,0.488491917
Simplicity2,WINDPOWER,7613,2010,0.477768731
Simplicity2,WINDPOWER,7614,2010,0.515503411
Simplicity2,WINDPOWER,7615,2010,0.537086898
Simplicity2,WINDPOWER,7616,2010,0.45477808
Simplicity2,WINDPOWER,7617,2010,0.586515475
Simplicity2,WINDPOWER,7618,2010,0.469601434
Simplicity2,WINDPOWER,7619,2010,0.540839556
Simplicity2,WINDPOWER,7620,2010,0.501166323
Simplicity2,WINDPOWER,7621,2010,0.498027351
Simplicity2,WINDPOWER,7622,2010,0.417755661
Simplicity2,WINDPOWER,7623,2010,0.446098448
Simplicity2,WINDPOWER,7624,2010,0.425249734
Simplicity2,WINDPOWER,7625,2010,0.462672444
Simplicity2,WINDPOWER,7626,2010,0.526202748
Simplicity2,WINDPOWER,7627,2010,0.423360612
Simplicity2,WINDPOWER,7628,2010,0.42972532
Simplicity2,WINDPOWER,7629,2010,0.458403027
Simplicity2,WINDPOWER,7630,2010,0.443976673
Simplicity2,WINDPOWER,7631,2010,0.337530797
Simplicity2,WINDPOWER,7632,2010,0.329304057
Simplicity2,WINDPOWER,7633,2010,0.379670679
Simplicity2,WINDPOWER,7634,2010,0.328358601
Simplicity2,WINDPOWER,7635,2010,0.419426291
Simplicity2,WINDPOWER,7636,2010,0.434497755
Simplicity2,WINDPOWER,7637,2010,0.450222012
Simplicity2,WINDPOWER,7638,2010,0.409506475
Simplicity2,WINDPOWER,7639,2010,0.574192095
Simplicity2,WINDPOWER,7640,2010,0.514880529
Simplicity2,WINDPOWER,7641,2010,0.484917677
Simplicity2,WINDPOWER,7642,2010,0.401450985
Simplicity2,WINDPOWER,7643,2010,0.417075577
Simplicity2,WINDPOWER,7644,2010,0.444753365
Simplicity2,WINDPOWER,7645,2010,0.470471772
Simplicity2,WINDPOWER,7646,2010,0.474370397
Simplicity2,WINDPOWER,7647,2010,0.445805361
Simplicity2,WINDPOWER,7648,2010,0.452275517
Simplicity2,WINDPOWER,7649,2010,0.469994673
Simplicity2,WINDPOWER,7650,2010,0.457371474
Simplicity2,WINDPOWER,7651,2010,0.420171089
Simplicity2,WINDPOWER,7652,2010,0.452434696
Simplicity2,WINDPOWER,7653,2010,0.326160558
Simplicity2,WINDPOWER,7654,2010,0.321142555
Simplicity2,WINDPOWER,7655,2010,0.357250505
Simplicity2,WINDPOWER,7656,2010,0.369031893
Simplicity2,WINDPOWER,7657,2010,0.272649887
Simplicity2,WINDPOWER,7658,2010,0.328165161
Simplicity2,WINDPOWER,7659,2010,0.364361068
Simplicity2,WINDPOWER,7660,2010,0.346432404
Simplicity2,WINDPOWER,7661,2010,0.461564706
Simplicity2,WINDPOWER,7662,2010,0.482764133
Simplicity2,WINDPOWER,7663,2010,0.480757326
Simplicity2,WINDPOWER,7664,2010,0.446640203
Simplicity2,WINDPOWER,7665,2010,0.356599575
Simplicity2,WINDPOWER,7666,2010,0.450796481
Simplicity2,WINDPOWER,7667,2010,0.414222371
Simplicity2,WINDPOWER,7668,2010,0.407725717
Simplicity2,WINDPOWER,7669,2010,0.455144567
Simplicity2,WINDPOWER,7670,2010,0.425832457
Simplicity2,WINDPOWER,7671,2010,0.35281111
Simplicity2,WINDPOWER,7672,2010,0.437293823
Simplicity2,WINDPOWER,7673,2010,0.406111078
Simplicity2,WINDPOWER,7674,2010,0.352524311
Simplicity2,WINDPOWER,7675,2010,0.363275749
Simplicity2,WINDPOWER,7676,2010,0.326838768
Simplicity2,WINDPOWER,7677,2010,0.301243489
Simplicity2,WINDPOWER,7678,2010,0.377360833
Simplicity2,WINDPOWER,7679,2010,0.498946262
Simplicity2,WINDPOWER,7680,2010,0.462705274
Simplicity2,WINDPOWER,7681,2010,0.391268425
Simplicity2,WINDPOWER,7682,2010,0.504580899
Simplicity2,WINDPOWER,7683,2010,0.499777412
Simplicity2,WINDPOWER,7684,2010,0.383469739
Simplicity2,WINDPOWER,7685,2010,0.376077166
Simplicity2,WINDPOWER,7686,2010,0.399865303
Simplicity2,WINDPOWER,7687,2010,0.424561011
Simplicity2,WINDPOWER,7688,2010,0.392612977
Simplicity2,WINDPOWER,7689,2010,0.391912442
Simplicity2,WINDPOWER,7690,2010,0.43048051
Simplicity2,WINDPOWER,7691,2010,0.426394859
Simplicity2,WINDPOWER,7692,2010,0.355939125
Simplicity2,WINDPOWER,7693,2010,0.401860235
Simplicity2,WINDPOWER,7694,2010,0.407569913
Simplicity2,WINDPOWER,7695,2010,0.48888589
Simplicity2,WINDPOWER,7696,2010,0.494590052
Simplicity2,WINDPOWER,7697,2010,0.464313777
Simplicity2,WINDPOWER,7698,2010,0.44054697
Simplicity2,WINDPOWER,7699,2010,0.446904788
Simplicity2,WINDPOWER,7700,2010,0.413937399
Simplicity2,WINDPOWER,7701,2010,0.319292004
Simplicity2,WINDPOWER,7702,2010,0.303576094
Simplicity2,WINDPOWER,7703,2010,0.371687731
Simplicity2,WINDPOWER,7704,2010,0.369614743
Simplicity2,WINDPOWER,7705,2010,0.323425225
Simplicity2,WINDPOWER,7706,2010,0.431253213
Simplicity2,WINDPOWER,7707,2010,0.498047497
Simplicity2,WINDPOWER,7708,2010,0.400955608
Simplicity2,WINDPOWER,7709,2010,0.461074677
Simplicity2,WINDPOWER,7710,2010,0.344451105
Simplicity2,WINDPOWER,7711,2010,0.283507505
Simplicity2,WINDPOWER,7712,2010,0.2140185
Simplicity2,WINDPOWER,7713,2010,0.243310744
Simplicity2,WINDPOWER,7714,2010,0.306390564
Simplicity2,WINDPOWER,7715,2010,0.264776526
Simplicity2,WINDPOWER,7716,2010,0.387087406
Simplicity2,WINDPOWER,7717,2010,0.524097321
Simplicity2,WINDPOWER,7718,2010,0.416868994
Simplicity2,WINDPOWER,7719,2010,0.327857224
Simplicity2,WINDPOWER,7720,2010,0.368753078
Simplicity2,WINDPOWER,7721,2010,0.367569342
Simplicity2,WINDPOWER,7722,2010,0.499416365
Simplicity2,WINDPOWER,7723,2010,0.49586584
Simplicity2,WINDPOWER,7724,2010,0.515826785
Simplicity2,WINDPOWER,7725,2010,0.52764544
Simplicity2,WINDPOWER,7726,2010,0.471572186
Simplicity2,WINDPOWER,7727,2010,0.506499176
Simplicity2,WINDPOWER,7728,2010,0.437130004
Simplicity2,WINDPOWER,7729,2010,0.409654306
Simplicity2,WINDPOWER,7730,2010,0.448224626
Simplicity2,WINDPOWER,7731,2010,0.391291525
Simplicity2,WINDPOWER,7732,2010,0.408887933
Simplicity2,WINDPOWER,7733,2010,0.478904283
Simplicity2,WINDPOWER,7734,2010,0.412240209
Simplicity2,WINDPOWER,7735,2010,0.37722463
Simplicity2,WINDPOWER,7736,2010,0.334077774
Simplicity2,WINDPOWER,7737,2010,0.368201557
Simplicity2,WINDPOWER,7738,2010,0.300176723
Simplicity2,WINDPOWER,7739,2010,0.254593327
Simplicity2,WINDPOWER,7740,2010,0.258882403
Simplicity2,WINDPOWER,7741,2010,0.375877941
Simplicity2,WINDPOWER,7742,2010,0.319247634
Simplicity2,WINDPOWER,7743,2010,0.328635743
Simplicity2,WINDPOWER,7744,2010,0.341273409
Simplicity2,WINDPOWER,7745,2010,0.349204652
Simplicity2,WINDPOWER,7746,2010,0.375830013
Simplicity2,WINDPOWER,7747,2010,0.476170563
Simplicity2,WINDPOWER,7748,2010,0.358785659
Simplicity2,WINDPOWER,7749,2010,0.396486771
Simplicity2,WINDPOWER,7750,2010,0.32203076
Simplicity2,WINDPOWER,7751,2010,0.303266826
Simplicity2,WINDPOWER,7752,2010,0.350565717
Simplicity2,WINDPOWER,7753,2010,0.331362204
Simplicity2,WINDPOWER,7754,2010,0.364317951
Simplicity2,WINDPOWER,7755,2010,0.294049039
Simplicity2,WINDPOWER,7756,2010,0.279977561
Simplicity2,WINDPOWER,7757,2010,0.305753641
Simplicity2,WINDPOWER,7758,2010,0.387500137
Simplicity2,WINDPOWER,7759,2010,0.44295731
Simplicity2,WINDPOWER,7760,2010,0.477041822
Simplicity2,WINDPOWER,7761,2010,0.4009684
Simplicity2,WINDPOWER,7762,2010,0.427305626
Simplicity2,WINDPOWER,7763,2010,0.411355552
Simplicity2,WINDPOWER,7764,2010,0.423349622
Simplicity2,WINDPOWER,7765,2010,0.376960221
Simplicity2,WINDPOWER,7766,2010,0.389144579
Simplicity2,WINDPOWER,7767,2010,0.390656107
Simplicity2,WINDPOWER,7768,2010,0.300622092
Simplicity2,WINDPOWER,7769,2010,0.329572342
Simplicity2,WINDPOWER,7770,2010,0.302938294
Simplicity2,WINDPOWER,7771,2010,0.32017157
Simplicity2,WINDPOWER,7772,2010,0.317182814
Simplicity2,WINDPOWER,7773,2010,0.303804386
Simplicity2,WINDPOWER,7774,2010,0.223738131
Simplicity2,WINDPOWER,7775,2010,0.22539249
Simplicity2,WINDPOWER,7776,2010,0.375965105
Simplicity2,WINDPOWER,7777,2010,0.399466631
Simplicity2,WINDPOWER,7778,2010,0.39648801
Simplicity2,WINDPOWER,7779,2010,0.463885998
Simplicity2,WINDPOWER,7780,2010,0.44326421
Simplicity2,WINDPOWER,7781,2010,0.525039304
Simplicity2,WINDPOWER,7782,2010,0.296328942
Simplicity2,WINDPOWER,7783,2010,0.367791392
Simplicity2,WINDPOWER,7784,2010,0.425595915
Simplicity2,WINDPOWER,7785,2010,0.505732437
Simplicity2,WINDPOWER,7786,2010,0.387681515
Simplicity2,WINDPOWER,7787,2010,0.357456461
Simplicity2,WINDPOWER,7788,2010,0.460253431
Simplicity2,WINDPOWER,7789,2010,0.394377182
Simplicity2,WINDPOWER,7790,2010,0.445591441
Simplicity2,WINDPOWER,7791,2010,0.480660543
Simplicity2,WINDPOWER,7792,2010,0.439339417
Simplicity2,WINDPOWER,7793,2010,0.496322687
Simplicity2,WINDPOWER,7794,2010,0.482479858
Simplicity2,WINDPOWER,7795,2010,0.453582819
Simplicity2,WINDPOWER,7796,2010,0.299518761
Simplicity2,WINDPOWER,7797,2010,0.293342694
Simplicity2,WINDPOWER,7798,2010,0.374991407
Simplicity2,WINDPOWER,7799,2010,0.487236453
Simplicity2,WINDPOWER,7800,2010,0.423023581
Simplicity2,WINDPOWER,7801,2010,0.430225996
Simplicity2,WINDPOWER,7802,2010,0.397829097
Simplicity2,WINDPOWER,7803,2010,0.328420756
Simplicity2,WINDPOWER,7804,2010,0.317180935
Simplicity2,WINDPOWER,7805,2010,0.420174472
Simplicity2,WINDPOWER,7806,2010,0.522342361
Simplicity2,WINDPOWER,7807,2010,0.526160758
Simplicity2,WINDPOWER,7808,2010,0.508652664
Simplicity2,WINDPOWER,7809,2010,0.451376707
Simplicity2,WINDPOWER,7810,2010,0.536388984
Simplicity2,WINDPOWER,7811,2010,0.549127918
Simplicity2,WINDPOWER,7812,2010,0.464440632
Simplicity2,WINDPOWER,7813,2010,0.449758255
Simplicity2,WINDPOWER,7814,2010,0.443930125
Simplicity2,WINDPOWER,7815,2010,0.478000829
Simplicity2,WINDPOWER,7816,2010,0.444117941
Simplicity2,WINDPOWER,7817,2010,0.424950584
Simplicity2,WINDPOWER,7818,2010,0.524110887
Simplicity2,WINDPOWER,7819,2010,0.530786067
Simplicity2,WINDPOWER,7820,2010,0.555006662
Simplicity2,WINDPOWER,7821,2010,0.504444378
Simplicity2,WINDPOWER,7822,2010,0.424198536
Simplicity2,WINDPOWER,7823,2010,0.436875046
Simplicity2,WINDPOWER,7824,2010,0.455832317
Simplicity2,WINDPOWER,7825,2010,0.560069574
Simplicity2,WINDPOWER,7826,2010,0.501838326
Simplicity2,WINDPOWER,7827,2010,0.439596075
Simplicity2,WINDPOWER,7828,2010,0.448650702
Simplicity2,WINDPOWER,7829,2010,0.545094082
Simplicity2,WINDPOWER,7830,2010,0.518326192
Simplicity2,WINDPOWER,7831,2010,0.400758726
Simplicity2,WINDPOWER,7832,2010,0.456268337
Simplicity2,WINDPOWER,7833,2010,0.453549306
Simplicity2,WINDPOWER,7834,2010,0.486833304
Simplicity2,WINDPOWER,7835,2010,0.54528714
Simplicity2,WINDPOWER,7836,2010,0.496568283
Simplicity2,WINDPOWER,7837,2010,0.516076194
Simplicity2,WINDPOWER,7838,2010,0.553467839
Simplicity2,WINDPOWER,7839,2010,0.548355587
Simplicity2,WINDPOWER,7840,2010,0.579847034
Simplicity2,WINDPOWER,7841,2010,0.476459193
Simplicity2,WINDPOWER,7842,2010,0.446663302
Simplicity2,WINDPOWER,7843,2010,0.552373242
Simplicity2,WINDPOWER,7844,2010,0.54508588
Simplicity2,WINDPOWER,7845,2010,0.443659568
Simplicity2,WINDPOWER,7846,2010,0.454194993
Simplicity2,WINDPOWER,7847,2010,0.54906391
Simplicity2,WINDPOWER,7848,2010,0.544334973
Simplicity2,WINDPOWER,7849,2010,0.567963948
Simplicity2,WINDPOWER,7850,2010,0.580536767
Simplicity2,WINDPOWER,7851,2010,0.608386832
Simplicity2,WINDPOWER,7852,2010,0.563039693
Simplicity2,WINDPOWER,7853,2010,0.509405397
Simplicity2,WINDPOWER,7854,2010,0.580075377
Simplicity2,WINDPOWER,7855,2010,0.557534279
Simplicity2,WINDPOWER,7856,2010,0.587003188
Simplicity2,WINDPOWER,7857,2010,0.595364277
Simplicity2,WINDPOWER,7858,2010,0.631530481
Simplicity2,WINDPOWER,7859,2010,0.559464374
Simplicity2,WINDPOWER,7860,2010,0.558686381
Simplicity2,WINDPOWER,7861,2010,0.546868105
Simplicity2,WINDPOWER,7862,2010,0.547115837
Simplicity2,WINDPOWER,7863,2010,0.590927317
Simplicity2,WINDPOWER,7864,2010,0.554023467
Simplicity2,WINDPOWER,7865,2010,0.632320237
Simplicity2,WINDPOWER,7866,2010,0.643218071
Simplicity2,WINDPOWER,7867,2010,0.560736651
Simplicity2,WINDPOWER,7868,2010,0.645101365
Simplicity2,WINDPOWER,7869,2010,0.604342112
Simplicity2,WINDPOWER,7870,2010,0.622678148
Simplicity2,WINDPOWER,7871,2010,0.600736347
Simplicity2,WINDPOWER,7872,2010,0.620587442
Simplicity2,WINDPOWER,7873,2010,0.550500164
Simplicity2,WINDPOWER,7874,2010,0.527674205
Simplicity2,WINDPOWER,7875,2010,0.442740598
Simplicity2,WINDPOWER,7876,2010,0.58983399
Simplicity2,WINDPOWER,7877,2010,0.656163231
Simplicity2,WINDPOWER,7878,2010,0.602248149
Simplicity2,WINDPOWER,7879,2010,0.534378776
Simplicity2,WINDPOWER,7880,2010,0.512609758
Simplicity2,WINDPOWER,7881,2010,0.599074684
Simplicity2,WINDPOWER,7882,2010,0.621468144
Simplicity2,WINDPOWER,7883,2010,0.704063759
Simplicity2,WINDPOWER,7884,2010,0.65018042
Simplicity2,WINDPOWER,7885,2010,0.597837075
Simplicity2,WINDPOWER,7886,2010,0.590279813
Simplicity2,WINDPOWER,7887,2010,0.55403148
Simplicity2,WINDPOWER,7888,2010,0.541523971
Simplicity2,WINDPOWER,7889,2010,0.670526855
Simplicity2,WINDPOWER,7890,2010,0.647438816
Simplicity2,WINDPOWER,7891,2010,0.643380265
Simplicity2,WINDPOWER,7892,2010,0.646672072
Simplicity2,WINDPOWER,7893,2010,0.621750243
Simplicity2,WINDPOWER,7894,2010,0.639736696
Simplicity2,WINDPOWER,7895,2010,0.662689468
Simplicity2,WINDPOWER,7896,2010,0.553178837
Simplicity2,WINDPOWER,7897,2010,0.633258734
Simplicity2,WINDPOWER,7898,2010,0.65302973
Simplicity2,WINDPOWER,7899,2010,0.623613969
Simplicity2,WINDPOWER,7900,2010,0.602556453
Simplicity2,WINDPOWER,7901,2010,0.645394859
Simplicity2,WINDPOWER,7902,2010,0.603642394
Simplicity2,WINDPOWER,7903,2010,0.5491813
Simplicity2,WINDPOWER,7904,2010,0.544072769
Simplicity2,WINDPOWER,7905,2010,0.568089947
Simplicity2,WINDPOWER,7906,2010,0.58995267
Simplicity2,WINDPOWER,7907,2010,0.654503752
Simplicity2,WINDPOWER,7908,2010,0.632543639
Simplicity2,WINDPOWER,7909,2010,0.68204076
Simplicity2,WINDPOWER,7910,2010,0.637448775
Simplicity2,WINDPOWER,7911,2010,0.5839678
Simplicity2,WINDPOWER,7912,2010,0.621533079
Simplicity2,WINDPOWER,7913,2010,0.592927414
Simplicity2,WINDPOWER,7914,2010,0.694403413
Simplicity2,WINDPOWER,7915,2010,0.67816752
Simplicity2,WINDPOWER,7916,2010,0.640429833
Simplicity2,WINDPOWER,7917,2010,0.593103591
Simplicity2,WINDPOWER,7918,2010,0.584447026
Simplicity2,WINDPOWER,7919,2010,0.635096383
Simplicity2,WINDPOWER,7920,2010,0.652228889
Simplicity2,WINDPOWER,7921,2010,0.576804586
Simplicity2,WINDPOWER,7922,2010,0.572474803
Simplicity2,WINDPOWER,7923,2010,0.627031386
Simplicity2,WINDPOWER,7924,2010,0.660924794
Simplicity2,WINDPOWER,7925,2010,0.665980939
Simplicity2,WINDPOWER,7926,2010,0.623039445
Simplicity2,WINDPOWER,7927,2010,0.621989036
Simplicity2,WINDPOWER,7928,2010,0.643515242
Simplicity2,WINDPOWER,7929,2010,0.516163033
Simplicity2,WINDPOWER,7930,2010,0.493289353
Simplicity2,WINDPOWER,7931,2010,0.516115386
Simplicity2,WINDPOWER,7932,2010,0.556414121
Simplicity2,WINDPOWER,7933,2010,0.620918556
Simplicity2,WINDPOWER,7934,2010,0.579524353
Simplicity2,WINDPOWER,7935,2010,0.565592711
Simplicity2,WINDPOWER,7936,2010,0.57054341
Simplicity2,WINDPOWER,7937,2010,0.602604963
Simplicity2,WINDPOWER,7938,2010,0.639450433
Simplicity2,WINDPOWER,7939,2010,0.594870908
Simplicity2,WINDPOWER,7940,2010,0.581024413
Simplicity2,WINDPOWER,7941,2010,0.59183604
Simplicity2,WINDPOWER,7942,2010,0.577177362
Simplicity2,WINDPOWER,7943,2010,0.5682127
Simplicity2,WINDPOWER,7944,2010,0.621163715
Simplicity2,WINDPOWER,7945,2010,0.519687528
Simplicity2,WINDPOWER,7946,2010,0.616483888
Simplicity2,WINDPOWER,7947,2010,0.631807252
Simplicity2,WINDPOWER,7948,2010,0.625965978
Simplicity2,WINDPOWER,7949,2010,0.543898055
Simplicity2,WINDPOWER,7950,2010,0.583720994
Simplicity2,WINDPOWER,7951,2010,0.623155337
Simplicity2,WINDPOWER,7952,2010,0.621923979
Simplicity2,WINDPOWER,7953,2010,0.682514675
Simplicity2,WINDPOWER,7954,2010,0.597571854
Simplicity2,WINDPOWER,7955,2010,0.635333774
Simplicity2,WINDPOWER,7956,2010,0.565389068
Simplicity2,WINDPOWER,7957,2010,0.534502311
Simplicity2,WINDPOWER,7958,2010,0.529363818
Simplicity2,WINDPOWER,7959,2010,0.479739572
Simplicity2,WINDPOWER,7960,2010,0.482045368
Simplicity2,WINDPOWER,7961,2010,0.43335531
Simplicity2,WINDPOWER,7962,2010,0.434791076
Simplicity2,WINDPOWER,7963,2010,0.449348846
Simplicity2,WINDPOWER,7964,2010,0.430898031
Simplicity2,WINDPOWER,7965,2010,0.611081473
Simplicity2,WINDPOWER,7966,2010,0.653214543
Simplicity2,WINDPOWER,7967,2010,0.620791331
Simplicity2,WINDPOWER,7968,2010,0.571773516
Simplicity2,WINDPOWER,7969,2010,0.453411252
Simplicity2,WINDPOWER,7970,2010,0.364389235
Simplicity2,WINDPOWER,7971,2010,0.292986612
Simplicity2,WINDPOWER,7972,2010,0.302626983
Simplicity2,WINDPOWER,7973,2010,0.258215422
Simplicity2,WINDPOWER,7974,2010,0.345914046
Simplicity2,WINDPOWER,7975,2010,0.414844483
Simplicity2,WINDPOWER,7976,2010,0.461379684
Simplicity2,WINDPOWER,7977,2010,0.487322374
Simplicity2,WINDPOWER,7978,2010,0.487612973
Simplicity2,WINDPOWER,7979,2010,0.526153915
Simplicity2,WINDPOWER,7980,2010,0.533037988
Simplicity2,WINDPOWER,7981,2010,0.456297766
Simplicity2,WINDPOWER,7982,2010,0.574759844
Simplicity2,WINDPOWER,7983,2010,0.451420229
Simplicity2,WINDPOWER,7984,2010,0.537790916
Simplicity2,WINDPOWER,7985,2010,0.503506645
Simplicity2,WINDPOWER,7986,2010,0.498421226
Simplicity2,WINDPOWER,7987,2010,0.413360666
Simplicity2,WINDPOWER,7988,2010,0.447792369
Simplicity2,WINDPOWER,7989,2010,0.428030588
Simplicity2,WINDPOWER,7990,2010,0.480958475
Simplicity2,WINDPOWER,7991,2010,0.531334036
Simplicity2,WINDPOWER,7992,2010,0.408997886
Simplicity2,WINDPOWER,7993,2010,0.432658472
Simplicity2,WINDPOWER,7994,2010,0.471537466
Simplicity2,WINDPOWER,7995,2010,0.438571396
Simplicity2,WINDPOWER,7996,2010,0.335463027
Simplicity2,WINDPOWER,7997,2010,0.321055171
Simplicity2,WINDPOWER,7998,2010,0.373644669
Simplicity2,WINDPOWER,7999,2010,0.327716493
Simplicity2,WINDPOWER,8000,2010,0.416112652
Simplicity2,WINDPOWER,8001,2010,0.435122611
Simplicity2,WINDPOWER,8002,2010,0.444387026
Simplicity2,WINDPOWER,8003,2010,0.425669071
Simplicity2,WINDPOWER,8004,2010,0.586514924
Simplicity2,WINDPOWER,8005,2010,0.516213432
Simplicity2,WINDPOWER,8006,2010,0.489477427
Simplicity2,WINDPOWER,8007,2010,0.407311272
Simplicity2,WINDPOWER,8008,2010,0.416135485
Simplicity2,WINDPOWER,8009,2010,0.462575996
Simplicity2,WINDPOWER,8010,2010,0.4660084
Simplicity2,WINDPOWER,8011,2010,0.477866415
Simplicity2,WINDPOWER,8012,2010,0.440582805
Simplicity2,WINDPOWER,8013,2010,0.454835248
Simplicity2,WINDPOWER,8014,2010,0.480184956
Simplicity2,WINDPOWER,8015,2010,0.464040992
Simplicity2,WINDPOWER,8016,2010,0.429675422
Simplicity2,WINDPOWER,8017,2010,0.440352176
Simplicity2,WINDPOWER,8018,2010,0.321205621
Simplicity2,WINDPOWER,8019,2010,0.31194279
Simplicity2,WINDPOWER,8020,2010,0.347979492
Simplicity2,WINDPOWER,8021,2010,0.384835936
Simplicity2,WINDPOWER,8022,2010,0.265058249
Simplicity2,WINDPOWER,8023,2010,0.3381659
Simplicity2,WINDPOWER,8024,2010,0.359542337
Simplicity2,WINDPOWER,8025,2010,0.367614602
Simplicity2,WINDPOWER,8026,2010,0.47126875
Simplicity2,WINDPOWER,8027,2010,0.477220254
Simplicity2,WINDPOWER,8028,2010,0.477457966
Simplicity2,WINDPOWER,8029,2010,0.437110454
Simplicity2,WINDPOWER,8030,2010,0.342128613
Simplicity2,WINDPOWER,8031,2010,0.44769087
Simplicity2,WINDPOWER,8032,2010,0.408602793
Simplicity2,WINDPOWER,8033,2010,0.397312055
Simplicity2,WINDPOWER,8034,2010,0.456707685
Simplicity2,WINDPOWER,8035,2010,0.420522476
Simplicity2,WINDPOWER,8036,2010,0.366166075
Simplicity2,WINDPOWER,8037,2010,0.430603989
Simplicity2,WINDPOWER,8038,2010,0.402548937
Simplicity2,WINDPOWER,8039,2010,0.343234282
Simplicity2,WINDPOWER,8040,2010,0.368032549
Simplicity2,WINDPOWER,8041,2010,0.315254626
Simplicity2,WINDPOWER,8042,2010,0.284761347
Simplicity2,WINDPOWER,8043,2010,0.399458215
Simplicity2,WINDPOWER,8044,2010,0.520039122
Simplicity2,WINDPOWER,8045,2010,0.471987183
Simplicity2,WINDPOWER,8046,2010,0.414341775
Simplicity2,WINDPOWER,8047,2010,0.509197363
Simplicity2,WINDPOWER,8048,2010,0.5049634
Simplicity2,WINDPOWER,8049,2010,0.394752333
Simplicity2,WINDPOWER,8050,2010,0.375549759
Simplicity2,WINDPOWER,8051,2010,0.411996241
Simplicity2,WINDPOWER,8052,2010,0.427925333
Simplicity2,WINDPOWER,8053,2010,0.388830735
Simplicity2,WINDPOWER,8054,2010,0.395659151
Simplicity2,WINDPOWER,8055,2010,0.431834609
Simplicity2,WINDPOWER,8056,2010,0.410750209
Simplicity2,WINDPOWER,8057,2010,0.368134832
Simplicity2,WINDPOWER,8058,2010,0.422194125
Simplicity2,WINDPOWER,8059,2010,0.409724228
Simplicity2,WINDPOWER,8060,2010,0.479010258
Simplicity2,WINDPOWER,8061,2010,0.511516305
Simplicity2,WINDPOWER,8062,2010,0.46744369
Simplicity2,WINDPOWER,8063,2010,0.445265594
Simplicity2,WINDPOWER,8064,2010,0.458052277
Simplicity2,WINDPOWER,8065,2010,0.413119487
Simplicity2,WINDPOWER,8066,2010,0.306281027
Simplicity2,WINDPOWER,8067,2010,0.290358374
Simplicity2,WINDPOWER,8068,2010,0.359996937
Simplicity2,WINDPOWER,8069,2010,0.366225809
Simplicity2,WINDPOWER,8070,2010,0.345735752
Simplicity2,WINDPOWER,8071,2010,0.440097417
Simplicity2,WINDPOWER,8072,2010,0.488839556
Simplicity2,WINDPOWER,8073,2010,0.389107164
Simplicity2,WINDPOWER,8074,2010,0.477176275
Simplicity2,WINDPOWER,8075,2010,0.348247813
Simplicity2,WINDPOWER,8076,2010,0.283224696
Simplicity2,WINDPOWER,8077,2010,0.208522153
Simplicity2,WINDPOWER,8078,2010,0.246820894
Simplicity2,WINDPOWER,8079,2010,0.304591971
Simplicity2,WINDPOWER,8080,2010,0.279473752
Simplicity2,WINDPOWER,8081,2010,0.400952834
Simplicity2,WINDPOWER,8082,2010,0.516469005
Simplicity2,WINDPOWER,8083,2010,0.425384346
Simplicity2,WINDPOWER,8084,2010,0.327241644
Simplicity2,WINDPOWER,8085,2010,0.385240697
Simplicity2,WINDPOWER,8086,2010,0.372759309
Simplicity2,WINDPOWER,8087,2010,0.514747496
Simplicity2,WINDPOWER,8088,2010,0.503053981
Simplicity2,WINDPOWER,8089,2010,0.52109819
Simplicity2,WINDPOWER,8090,2010,0.52622573
Simplicity2,WINDPOWER,8091,2010,0.499534711
Simplicity2,WINDPOWER,8092,2010,0.508593471
Simplicity2,WINDPOWER,8093,2010,0.442068279
Simplicity2,WINDPOWER,8094,2010,0.43196966
Simplicity2,WINDPOWER,8095,2010,0.451978452
Simplicity2,WINDPOWER,8096,2010,0.391495333
Simplicity2,WINDPOWER,8097,2010,0.437235653
Simplicity2,WINDPOWER,8098,2010,0.489643153
Simplicity2,WINDPOWER,8099,2010,0.418740229
Simplicity2,WINDPOWER,8100,2010,0.384083485
Simplicity2,WINDPOWER,8101,2010,0.35219673
Simplicity2,WINDPOWER,8102,2010,0.373469352
Simplicity2,WINDPOWER,8103,2010,0.32240093
Simplicity2,WINDPOWER,8104,2010,0.252378527
Simplicity2,WINDPOWER,8105,2010,0.264155495
Simplicity2,WINDPOWER,8106,2010,0.394284494
Simplicity2,WINDPOWER,8107,2010,0.327617558
Simplicity2,WINDPOWER,8108,2010,0.34072767
Simplicity2,WINDPOWER,8109,2010,0.359606673
Simplicity2,WINDPOWER,8110,2010,0.350415614
Simplicity2,WINDPOWER,8111,2010,0.39592352
Simplicity2,WINDPOWER,8112,2010,0.474494493
Simplicity2,WINDPOWER,8113,2010,0.362359745
Simplicity2,WINDPOWER,8114,2010,0.396513682
Simplicity2,WINDPOWER,8115,2010,0.361177332
Simplicity2,WINDPOWER,8116,2010,0.324239529
Simplicity2,WINDPOWER,8117,2010,0.37438862
Simplicity2,WINDPOWER,8118,2010,0.345134802
Simplicity2,WINDPOWER,8119,2010,0.363836492
Simplicity2,WINDPOWER,8120,2010,0.302482225
Simplicity2,WINDPOWER,8121,2010,0.283075464
Simplicity2,WINDPOWER,8122,2010,0.332893066
Simplicity2,WINDPOWER,8123,2010,0.395299938
Simplicity2,WINDPOWER,8124,2010,0.459564008
Simplicity2,WINDPOWER,8125,2010,0.487513274
Simplicity2,WINDPOWER,8126,2010,0.429465104
Simplicity2,WINDPOWER,8127,2010,0.444865796
Simplicity2,WINDPOWER,8128,2010,0.442291034
Simplicity2,WINDPOWER,8129,2010,0.426729156
Simplicity2,WINDPOWER,8130,2010,0.395653634
Simplicity2,WINDPOWER,8131,2010,0.405166346
Simplicity2,WINDPOWER,8132,2010,0.405603125
Simplicity2,WINDPOWER,8133,2010,0.300876801
Simplicity2,WINDPOWER,8134,2010,0.344262248
Simplicity2,WINDPOWER,8135,2010,0.291976185
Simplicity2,WINDPOWER,8136,2010,0.332271568
Simplicity2,WINDPOWER,8137,2010,0.319573856
Simplicity2,WINDPOWER,8138,2010,0.313151664
Simplicity2,WINDPOWER,8139,2010,0.226295573
Simplicity2,WINDPOWER,8140,2010,0.224290976
Simplicity2,WINDPOWER,8141,2010,0.379194358
Simplicity2,WINDPOWER,8142,2010,0.392155009
Simplicity2,WINDPOWER,8143,2010,0.385972653
Simplicity2,WINDPOWER,8144,2010,0.463997799
Simplicity2,WINDPOWER,8145,2010,0.451869453
Simplicity2,WINDPOWER,8146,2010,0.523169656
Simplicity2,WINDPOWER,8147,2010,0.302536331
Simplicity2,WINDPOWER,8148,2010,0.375491038
Simplicity2,WINDPOWER,8149,2010,0.426604934
Simplicity2,WINDPOWER,8150,2010,0.534156033
Simplicity2,WINDPOWER,8151,2010,0.391455824
Simplicity2,WINDPOWER,8152,2010,0.378700638
Simplicity2,WINDPOWER,8153,2010,0.462097909
Simplicity2,WINDPOWER,8154,2010,0.393776714
Simplicity2,WINDPOWER,8155,2010,0.459454245
Simplicity2,WINDPOWER,8156,2010,0.487504282
Simplicity2,WINDPOWER,8157,2010,0.446880745
Simplicity2,WINDPOWER,8158,2010,0.509191386
Simplicity2,WINDPOWER,8159,2010,0.491803191
Simplicity2,WINDPOWER,8160,2010,0.447616364
Simplicity2,WINDPOWER,8161,2010,0.297751478
Simplicity2,WINDPOWER,8162,2010,0.289394837
Simplicity2,WINDPOWER,8163,2010,0.385122305
Simplicity2,WINDPOWER,8164,2010,0.489116952
Simplicity2,WINDPOWER,8165,2010,0.432975739
Simplicity2,WINDPOWER,8166,2010,0.449370587
Simplicity2,WINDPOWER,8167,2010,0.397512104
Simplicity2,WINDPOWER,8168,2010,0.334073382
Simplicity2,WINDPOWER,8169,2010,0.31844553
Simplicity2,WINDPOWER,8170,2010,0.43065543
Simplicity2,WINDPOWER,8171,2010,0.531270652
Simplicity2,WINDPOWER,8172,2010,0.541012555
Simplicity2,WINDPOWER,8173,2010,0.504608148
Simplicity2,WINDPOWER,8174,2010,0.46201112
Simplicity2,WINDPOWER,8175,2010,0.554407926
Simplicity2,WINDPOWER,8176,2010,0.557893298
Simplicity2,WINDPOWER,8177,2010,0.470919556
Simplicity2,WINDPOWER,8178,2010,0.470123248
Simplicity2,WINDPOWER,8179,2010,0.465451156
Simplicity2,WINDPOWER,8180,2010,0.486261403
Simplicity2,WINDPOWER,8181,2010,0.445496659
Simplicity2,WINDPOWER,8182,2010,0.440070433
Simplicity2,WINDPOWER,8183,2010,0.534460022
Simplicity2,WINDPOWER,8184,2010,0.529058035
Simplicity2,WINDPOWER,8185,2010,0.564233095
Simplicity2,WINDPOWER,8186,2010,0.504896653
Simplicity2,WINDPOWER,8187,2010,0.440409651
Simplicity2,WINDPOWER,8188,2010,0.441582288
Simplicity2,WINDPOWER,8189,2010,0.465687113
Simplicity2,WINDPOWER,8190,2010,0.570436705
Simplicity2,WINDPOWER,8191,2010,0.516333968
Simplicity2,WINDPOWER,8192,2010,0.440213753
Simplicity2,WINDPOWER,8193,2010,0.460327846
Simplicity2,WINDPOWER,8194,2010,0.556380214
Simplicity2,WINDPOWER,8195,2010,0.530774702
Simplicity2,WINDPOWER,8196,2010,0.407577416
Simplicity2,WINDPOWER,8197,2010,0.465176648
Simplicity2,WINDPOWER,8198,2010,0.461293179
Simplicity2,WINDPOWER,8199,2010,0.503501917
Simplicity2,WINDPOWER,8200,2010,0.547265997
Simplicity2,WINDPOWER,8201,2010,0.502060248
Simplicity2,WINDPOWER,8202,2010,0.535318953
Simplicity2,WINDPOWER,8203,2010,0.56449746
Simplicity2,WINDPOWER,8204,2010,0.550374555
Simplicity2,WINDPOWER,8205,2010,0.58820743
Simplicity2,WINDPOWER,8206,2010,0.500344348
Simplicity2,WINDPOWER,8207,2010,0.476601459
Simplicity2,WINDPOWER,8208,2010,0.563761689
Simplicity2,WINDPOWER,8209,2010,0.571060668
Simplicity2,WINDPOWER,8210,2010,0.455949311
Simplicity2,WINDPOWER,8211,2010,0.458374056
Simplicity2,WINDPOWER,8212,2010,0.543358899
Simplicity2,WINDPOWER,8213,2010,0.5553748
Simplicity2,WINDPOWER,8214,2010,0.588976353
Simplicity2,WINDPOWER,8215,2010,0.591422582
Simplicity2,WINDPOWER,8216,2010,0.608095244
Simplicity2,WINDPOWER,8217,2010,0.560070923
Simplicity2,WINDPOWER,8218,2010,0.513670261
Simplicity2,WINDPOWER,8219,2010,0.58214657
Simplicity2,WINDPOWER,8220,2010,0.578107747
Simplicity2,WINDPOWER,8221,2010,0.593256187
Simplicity2,WINDPOWER,8222,2010,0.601083811
Simplicity2,WINDPOWER,8223,2010,0.633833456
Simplicity2,WINDPOWER,8224,2010,0.567756765
Simplicity2,WINDPOWER,8225,2010,0.563099525
Simplicity2,WINDPOWER,8226,2010,0.560764114
Simplicity2,WINDPOWER,8227,2010,0.562475114
Simplicity2,WINDPOWER,8228,2010,0.597776223
Simplicity2,WINDPOWER,8229,2010,0.547915792
Simplicity2,WINDPOWER,8230,2010,0.642267469
Simplicity2,WINDPOWER,8231,2010,0.642731189
Simplicity2,WINDPOWER,8232,2010,0.578904327
Simplicity2,WINDPOWER,8233,2010,0.658927853
Simplicity2,WINDPOWER,8234,2010,0.606032243
Simplicity2,WINDPOWER,8235,2010,0.632045197
Simplicity2,WINDPOWER,8236,2010,0.607901159
Simplicity2,WINDPOWER,8237,2010,0.615954516
Simplicity2,WINDPOWER,8238,2010,0.565668171
Simplicity2,WINDPOWER,8239,2010,0.535467449
Simplicity2,WINDPOWER,8240,2010,0.465547716
Simplicity2,WINDPOWER,8241,2010,0.618941435
Simplicity2,WINDPOWER,8242,2010,0.662140445
Simplicity2,WINDPOWER,8243,2010,0.605219965
Simplicity2,WINDPOWER,8244,2010,0.551726221
Simplicity2,WINDPOWER,8245,2010,0.534026584
Simplicity2,WINDPOWER,8246,2010,0.605486138
Simplicity2,WINDPOWER,8247,2010,0.633682877
Simplicity2,WINDPOWER,8248,2010,0.697208679
Simplicity2,WINDPOWER,8249,2010,0.6461514
Simplicity2,WINDPOWER,8250,2010,0.600851817
Simplicity2,WINDPOWER,8251,2010,0.594296567
Simplicity2,WINDPOWER,8252,2010,0.563301234
Simplicity2,WINDPOWER,8253,2010,0.552415109
Simplicity2,WINDPOWER,8254,2010,0.676920653
Simplicity2,WINDPOWER,8255,2010,0.669285947
Simplicity2,WINDPOWER,8256,2010,0.655356141
Simplicity2,WINDPOWER,8257,2010,0.640202661
Simplicity2,WINDPOWER,8258,2010,0.631170479
Simplicity2,WINDPOWER,8259,2010,0.63576904
Simplicity2,WINDPOWER,8260,2010,0.661242223
Simplicity2,WINDPOWER,8261,2010,0.561889986
Simplicity2,WINDPOWER,8262,2010,0.637041634
Simplicity2,WINDPOWER,8263,2010,0.647861948
Simplicity2,WINDPOWER,8264,2010,0.61941646
Simplicity2,WINDPOWER,8265,2010,0.611732777
Simplicity2,WINDPOWER,8266,2010,0.651832357
Simplicity2,WINDPOWER,8267,2010,0.627413444
Simplicity2,WINDPOWER,8268,2010,0.557416939
Simplicity2,WINDPOWER,8269,2010,0.56742517
Simplicity2,WINDPOWER,8270,2010,0.570263336
Simplicity2,WINDPOWER,8271,2010,0.602467789
Simplicity2,WINDPOWER,8272,2010,0.676449778
Simplicity2,WINDPOWER,8273,2010,0.664408408
Simplicity2,WINDPOWER,8274,2010,0.693812867
Simplicity2,WINDPOWER,8275,2010,0.642685071
Simplicity2,WINDPOWER,8276,2010,0.596767971
Simplicity2,WINDPOWER,8277,2010,0.629597155
Simplicity2,WINDPOWER,8278,2010,0.601139307
Simplicity2,WINDPOWER,8279,2010,0.689434289
Simplicity2,WINDPOWER,8280,2010,0.67999393
Simplicity2,WINDPOWER,8281,2010,0.648139841
Simplicity2,WINDPOWER,8282,2010,0.599178312
Simplicity2,WINDPOWER,8283,2010,0.586123906
Simplicity2,WINDPOWER,8284,2010,0.635101192
Simplicity2,WINDPOWER,8285,2010,0.656169583
Simplicity2,WINDPOWER,8286,2010,0.576003331
Simplicity2,WINDPOWER,8287,2010,0.573579677
Simplicity2,WINDPOWER,8288,2010,0.617515009
Simplicity2,WINDPOWER,8289,2010,0.663667889
Simplicity2,WINDPOWER,8290,2010,0.673873132
Simplicity2,WINDPOWER,8291,2010,0.629876607
Simplicity2,WINDPOWER,8292,2010,0.632132128
Simplicity2,WINDPOWER,8293,2010,0.654150735
Simplicity2,WINDPOWER,8294,2010,0.523807334
Simplicity2,WINDPOWER,8295,2010,0.497230692
Simplicity2,WINDPOWER,8296,2010,0.522553155
Simplicity2,WINDPOWER,8297,2010,0.562085254
Simplicity2,WINDPOWER,8298,2010,0.623225193
Simplicity2,WINDPOWER,8299,2010,0.591142493
Simplicity2,WINDPOWER,8300,2010,0.576352102
Simplicity2,WINDPOWER,8301,2010,0.577459709
Simplicity2,WINDPOWER,8302,2010,0.626597071
Simplicity2,WINDPOWER,8303,2010,0.627645406
Simplicity2,WINDPOWER,8304,2010,0.598990298
Simplicity2,WINDPOWER,8305,2010,0.586927005
Simplicity2,WINDPOWER,8306,2010,0.592162281
Simplicity2,WINDPOWER,8307,2010,0.57881152
Simplicity2,WINDPOWER,8308,2010,0.58188512
Simplicity2,WINDPOWER,8309,2010,0.627738013
Simplicity2,WINDPOWER,8310,2010,0.527012099
Simplicity2,WINDPOWER,8311,2010,0.628093165
Simplicity2,WINDPOWER,8312,2010,0.628957943
Simplicity2,WINDPOWER,8313,2010,0.639491935
Simplicity2,WINDPOWER,8314,2010,0.547164101
Simplicity2,WINDPOWER,8315,2010,0.594901799
Simplicity2,WINDPOWER,8316,2010,0.623156609
Simplicity2,WINDPOWER,8317,2010,0.630518362
Simplicity2,WINDPOWER,8318,2010,0.690034046
Simplicity2,WINDPOWER,8319,2010,0.615928578
Simplicity2,WINDPOWER,8320,2010,0.647845279
Simplicity2,WINDPOWER,8321,2010,0.578114677
Simplicity2,WINDPOWER,8322,2010,0.539743493
Simplicity2,WINDPOWER,8323,2010,0.534549957
Simplicity2,WINDPOWER,8324,2010,0.477093738
Simplicity2,WINDPOWER,8325,2010,0.497147966
Simplicity2,WINDPOWER,8326,2010,0.450973809
Simplicity2,WINDPOWER,8327,2010,0.446976021
Simplicity2,WINDPOWER,8328,2010,0.425831103
Simplicity2,WINDPOWER,8329,2010,0.433441644
Simplicity2,WINDPOWER,8330,2010,0.610575772
Simplicity2,WINDPOWER,8331,2010,0.654499227
Simplicity2,WINDPOWER,8332,2010,0.627897657
Simplicity2,WINDPOWER,8333,2010,0.561846911
Simplicity2,WINDPOWER,8334,2010,0.445125417
Simplicity2,WINDPOWER,8335,2010,0.359548518
Simplicity2,WINDPOWER,8336,2010,0.287776698
Simplicity2,WINDPOWER,8337,2010,0.271956409
Simplicity2,WINDPOWER,8338,2010,0.231764708
Simplicity2,WINDPOWER,8339,2010,0.332620854
Simplicity2,WINDPOWER,8340,2010,0.411361941
Simplicity2,WINDPOWER,8341,2010,0.449503843
Simplicity2,WINDPOWER,8342,2010,0.475923162
Simplicity2,WINDPOWER,8343,2010,0.50351731
Simplicity2,WINDPOWER,8344,2010,0.542713705
Simplicity2,WINDPOWER,8345,2010,0.530917308
Simplicity2,WINDPOWER,8346,2010,0.454895369
Simplicity2,WINDPOWER,8347,2010,0.568164282
Simplicity2,WINDPOWER,8348,2010,0.433321348
Simplicity2,WINDPOWER,8349,2010,0.5370706
Simplicity2,WINDPOWER,8350,2010,0.503651895
Simplicity2,WINDPOWER,8351,2010,0.485923205
Simplicity2,WINDPOWER,8352,2010,0.413928138
Simplicity2,WINDPOWER,8353,2010,0.439731898
Simplicity2,WINDPOWER,8354,2010,0.431421984
Simplicity2,WINDPOWER,8355,2010,0.493411402
Simplicity2,WINDPOWER,8356,2010,0.543785338
Simplicity2,WINDPOWER,8357,2010,0.396963965
Simplicity2,WINDPOWER,8358,2010,0.435055942
Simplicity2,WINDPOWER,8359,2010,0.47019277
Simplicity2,WINDPOWER,8360,2010,0.423087338
Simplicity2,WINDPOWER,8361,2010,0.320246189
Simplicity2,WINDPOWER,8362,2010,0.317986266
Simplicity2,WINDPOWER,8363,2010,0.361389809
Simplicity2,WINDPOWER,8364,2010,0.321169547
Simplicity2,WINDPOWER,8365,2010,0.410725102
Simplicity2,WINDPOWER,8366,2010,0.413455729
Simplicity2,WINDPOWER,8367,2010,0.442344181
Simplicity2,WINDPOWER,8368,2010,0.439252309
Simplicity2,WINDPOWER,8369,2010,0.589822703
Simplicity2,WINDPOWER,8370,2010,0.527466405
Simplicity2,WINDPOWER,8371,2010,0.474621458
Simplicity2,WINDPOWER,8372,2010,0.402368167
Simplicity2,WINDPOWER,8373,2010,0.413940806
Simplicity2,WINDPOWER,8374,2010,0.470215676
Simplicity2,WINDPOWER,8375,2010,0.458920996
Simplicity2,WINDPOWER,8376,2010,0.489632789
Simplicity2,WINDPOWER,8377,2010,0.426295636
Simplicity2,WINDPOWER,8378,2010,0.458033741
Simplicity2,WINDPOWER,8379,2010,0.485277426
Simplicity2,WINDPOWER,8380,2010,0.456786815
Simplicity2,WINDPOWER,8381,2010,0.441547819
Simplicity2,WINDPOWER,8382,2010,0.424192668
Simplicity2,WINDPOWER,8383,2010,0.308065902
Simplicity2,WINDPOWER,8384,2010,0.295584423
Simplicity2,WINDPOWER,8385,2010,0.335785999
Simplicity2,WINDPOWER,8386,2010,0.398087896
Simplicity2,WINDPOWER,8387,2010,0.2576239
Simplicity2,WINDPOWER,8388,2010,0.34821361
Simplicity2,WINDPOWER,8389,2010,0.351523367
Simplicity2,WINDPOWER,8390,2010,0.377045656
Simplicity2,WINDPOWER,8391,2010,0.472341586
Simplicity2,WINDPOWER,8392,2010,0.478244209
Simplicity2,WINDPOWER,8393,2010,0.47426119
Simplicity2,WINDPOWER,8394,2010,0.433922093
Simplicity2,WINDPOWER,8395,2010,0.326183364
Simplicity2,WINDPOWER,8396,2010,0.461305125
Simplicity2,WINDPOWER,8397,2010,0.412705807
Simplicity2,WINDPOWER,8398,2010,0.403066429
Simplicity2,WINDPOWER,8399,2010,0.456705585
Simplicity2,WINDPOWER,8400,2010,0.410755477
Simplicity2,WINDPOWER,8401,2010,0.370819448
Simplicity2,WINDPOWER,8402,2010,0.421098357
Simplicity2,WINDPOWER,8403,2010,0.399308005
Simplicity2,WINDPOWER,8404,2010,0.3346833
Simplicity2,WINDPOWER,8405,2010,0.342939271
Simplicity2,WINDPOWER,8406,2010,0.30798981
Simplicity2,WINDPOWER,8407,2010,0.281252463
Simplicity2,WINDPOWER,8408,2010,0.402216869
Simplicity2,WINDPOWER,8409,2010,0.510959506
Simplicity2,WINDPOWER,8410,2010,0.456234444
Simplicity2,WINDPOWER,8411,2010,0.418775643
Simplicity2,WINDPOWER,8412,2010,0.509071873
Simplicity2,WINDPOWER,8413,2010,0.501648209
Simplicity2,WINDPOWER,8414,2010,0.385662158
Simplicity2,WINDPOWER,8415,2010,0.387343648
Simplicity2,WINDPOWER,8416,2010,0.41303768
Simplicity2,WINDPOWER,8417,2010,0.405100892
Simplicity2,WINDPOWER,8418,2010,0.370126167
Simplicity2,WINDPOWER,8419,2010,0.392957558
Simplicity2,WINDPOWER,8420,2010,0.428158135
Simplicity2,WINDPOWER,8421,2010,0.403036897
Simplicity2,WINDPOWER,8422,2010,0.383968084
Simplicity2,WINDPOWER,8423,2010,0.428869463
Simplicity2,WINDPOWER,8424,2010,0.404083841
Simplicity2,WINDPOWER,8425,2010,0.470018213
Simplicity2,WINDPOWER,8426,2010,0.506803374
Simplicity2,WINDPOWER,8427,2010,0.463838174
Simplicity2,WINDPOWER,8428,2010,0.435708844
Simplicity2,WINDPOWER,8429,2010,0.460536215
Simplicity2,WINDPOWER,8430,2010,0.422277504
Simplicity2,WINDPOWER,8431,2010,0.308018209
Simplicity2,WINDPOWER,8432,2010,0.297109193
Simplicity2,WINDPOWER,8433,2010,0.356799154
Simplicity2,WINDPOWER,8434,2010,0.366197091
Simplicity2,WINDPOWER,8435,2010,0.352874193
Simplicity2,WINDPOWER,8436,2010,0.444289331
Simplicity2,WINDPOWER,8437,2010,0.472924313
Simplicity2,WINDPOWER,8438,2010,0.391227657
Simplicity2,WINDPOWER,8439,2010,0.472298699
Simplicity2,WINDPOWER,8440,2010,0.358925562
Simplicity2,WINDPOWER,8441,2010,0.288074193
Simplicity2,WINDPOWER,8442,2010,0.208413343
Simplicity2,WINDPOWER,8443,2010,0.251434605
Simplicity2,WINDPOWER,8444,2010,0.304165792
Simplicity2,WINDPOWER,8445,2010,0.28357587
Simplicity2,WINDPOWER,8446,2010,0.407551825
Simplicity2,WINDPOWER,8447,2010,0.529382654
Simplicity2,WINDPOWER,8448,2010,0.424237486
Simplicity2,WINDPOWER,8449,2010,0.327826455
Simplicity2,WINDPOWER,8450,2010,0.395250506
Simplicity2,WINDPOWER,8451,2010,0.380780283
Simplicity2,WINDPOWER,8452,2010,0.526989196
Simplicity2,WINDPOWER,8453,2010,0.50310844
Simplicity2,WINDPOWER,8454,2010,0.516908721
Simplicity2,WINDPOWER,8455,2010,0.551774798
Simplicity2,WINDPOWER,8456,2010,0.504308266
Simplicity2,WINDPOWER,8457,2010,0.4985225
Simplicity2,WINDPOWER,8458,2010,0.448438166
Simplicity2,WINDPOWER,8459,2010,0.438377016
Simplicity2,WINDPOWER,8460,2010,0.446521717
Simplicity2,WINDPOWER,8461,2010,0.399889855
Simplicity2,WINDPOWER,8462,2010,0.43349075
Simplicity2,WINDPOWER,8463,2010,0.479529583
Simplicity2,WINDPOWER,8464,2010,0.421927911
Simplicity2,WINDPOWER,8465,2010,0.379202417
Simplicity2,WINDPOWER,8466,2010,0.364834684
Simplicity2,WINDPOWER,8467,2010,0.383807991
Simplicity2,WINDPOWER,8468,2010,0.342969941
Simplicity2,WINDPOWER,8469,2010,0.26420364
Simplicity2,WINDPOWER,8470,2010,0.292382099
Simplicity2,WINDPOWER,8471,2010,0.3907677
Simplicity2,WINDPOWER,8472,2010,0.318739519
Simplicity2,WINDPOWER,8473,2010,0.342566913
Simplicity2,WINDPOWER,8474,2010,0.370875366
Simplicity2,WINDPOWER,8475,2010,0.34870418
Simplicity2,WINDPOWER,8476,2010,0.398602218
Simplicity2,WINDPOWER,8477,2010,0.458758659
Simplicity2,WINDPOWER,8478,2010,0.369926627
Simplicity2,WINDPOWER,8479,2010,0.377625311
Simplicity2,WINDPOWER,8480,2010,0.368205168
Simplicity2,WINDPOWER,8481,2010,0.329625171
Simplicity2,WINDPOWER,8482,2010,0.374338845
Simplicity2,WINDPOWER,8483,2010,0.360659572
Simplicity2,WINDPOWER,8484,2010,0.362868453
Simplicity2,WINDPOWER,8485,2010,0.3128547
Simplicity2,WINDPOWER,8486,2010,0.276005955
Simplicity2,WINDPOWER,8487,2010,0.345891873
Simplicity2,WINDPOWER,8488,2010,0.397030425
Simplicity2,WINDPOWER,8489,2010,0.475771251
Simplicity2,WINDPOWER,8490,2010,0.490695409
Simplicity2,WINDPOWER,8491,2010,0.441208703
Simplicity2,WINDPOWER,8492,2010,0.448669052
Simplicity2,WINDPOWER,8493,2010,0.446272108
Simplicity2,WINDPOWER,8494,2010,0.436641487
Simplicity2,WINDPOWER,8495,2010,0.416259152
Simplicity2,WINDPOWER,8496,2010,0.403792457
Simplicity2,WINDPOWER,8497,2010,0.405000052
Simplicity2,WINDPOWER,8498,2010,0.286553478
Simplicity2,WINDPOWER,8499,2010,0.350175276
Simplicity2,WINDPOWER,8500,2010,0.286815141
Simplicity2,WINDPOWER,8501,2010,0.329340442
Simplicity2,WINDPOWER,8502,2010,0.308020762
Simplicity2,WINDPOWER,8503,2010,0.318921885
Simplicity2,WINDPOWER,8504,2010,0.222144537
Simplicity2,WINDPOWER,8505,2010,0.225008139
Simplicity2,WINDPOWER,8506,2010,0.395243158
Simplicity2,WINDPOWER,8507,2010,0.378821797
Simplicity2,WINDPOWER,8508,2010,0.37750234
Simplicity2,WINDPOWER,8509,2010,0.476141156
Simplicity2,WINDPOWER,8510,2010,0.464105299
Simplicity2,WINDPOWER,8511,2010,0.521059649
Simplicity2,WINDPOWER,8512,2010,0.319145423
Simplicity2,WINDPOWER,8513,2010,0.372265766
Simplicity2,WINDPOWER,8514,2010,0.423863431
Simplicity2,WINDPOWER,8515,2010,0.540603324
Simplicity2,WINDPOWER,8516,2010,0.390992366
Simplicity2,WINDPOWER,8517,2010,0.4000754
Simplicity2,WINDPOWER,8518,2010,0.462579648
Simplicity2,WINDPOWER,8519,2010,0.384052564
Simplicity2,WINDPOWER,8520,2010,0.470536006
Simplicity2,WINDPOWER,8521,2010,0.500140005
Simplicity2,WINDPOWER,8522,2010,0.460546515
Simplicity2,WINDPOWER,8523,2010,0.513480518
Simplicity2,WINDPOWER,8524,2010,0.496169956
Simplicity2,WINDPOWER,8525,2010,0.437521499
Simplicity2,WINDPOWER,8526,2010,0.309669754
Simplicity2,WINDPOWER,8527,2010,0.29168664
Simplicity2,WINDPOWER,8528,2010,0.383542324
Simplicity2,WINDPOWER,8529,2010,0.497681545
Simplicity2,WINDPOWER,8530,2010,0.447397628
Simplicity2,WINDPOWER,8531,2010,0.461757113
Simplicity2,WINDPOWER,8532,2010,0.400024624
Simplicity2,WINDPOWER,8533,2010,0.330699803
Simplicity2,WINDPOWER,8534,2010,0.312996526
Simplicity2,WINDPOWER,8535,2010,0.434924059
Simplicity2,WINDPOWER,8536,2010,0.529224894
Simplicity2,WINDPOWER,8537,2010,0.553271122
Simplicity2,WINDPOWER,8538,2010,0.506272631
Simplicity2,WINDPOWER,8539,2010,0.468015438
Simplicity2,WINDPOWER,8540,2010,0.580100876
Simplicity2,WINDPOWER,8541,2010,0.555074679
Simplicity2,WINDPOWER,8542,2010,0.476548108
Simplicity2,WINDPOWER,8543,2010,0.477746626
Simplicity2,WINDPOWER,8544,2010,0.482398791
Simplicity2,WINDPOWER,8545,2010,0.487605156
Simplicity2,WINDPOWER,8546,2010,0.44200147
Simplicity2,WINDPOWER,8547,2010,0.44411743
Simplicity2,WINDPOWER,8548,2010,0.540041765
Simplicity2,WINDPOWER,8549,2010,0.527019839
Simplicity2,WINDPOWER,8550,2010,0.56177369
Simplicity2,WINDPOWER,8551,2010,0.497140946
Simplicity2,WINDPOWER,8552,2010,0.441846947
Simplicity2,WINDPOWER,8553,2010,0.438530466
Simplicity2,WINDPOWER,8554,2010,0.478539441
Simplicity2,WINDPOWER,8555,2010,0.573384561
Simplicity2,WINDPOWER,8556,2010,0.515751089
Simplicity2,WINDPOWER,8557,2010,0.454804186
Simplicity2,WINDPOWER,8558,2010,0.462284079
Simplicity2,WINDPOWER,8559,2010,0.568404936
Simplicity2,WINDPOWER,8560,2010,0.526172235
Simplicity2,WINDPOWER,8561,2010,0.420950165
Simplicity2,WINDPOWER,8562,2010,0.475766778
Simplicity2,WINDPOWER,8563,2010,0.468999313
Simplicity2,WINDPOWER,8564,2010,0.509679068
Simplicity2,WINDPOWER,8565,2010,0.54768385
Simplicity2,WINDPOWER,8566,2010,0.51496577
Simplicity2,WINDPOWER,8567,2010,0.545552475
Simplicity2,WINDPOWER,8568,2010,0.545491831
Simplicity2,WINDPOWER,8569,2010,0.559100215
Simplicity2,WINDPOWER,8570,2010,0.594897061
Simplicity2,WINDPOWER,8571,2010,0.517894084
Simplicity2,WINDPOWER,8572,2010,0.496529126
Simplicity2,WINDPOWER,8573,2010,0.558415449
Simplicity2,WINDPOWER,8574,2010,0.57850678
Simplicity2,WINDPOWER,8575,2010,0.479299902
Simplicity2,WINDPOWER,8576,2010,0.480445379
Simplicity2,WINDPOWER,8577,2010,0.533090452
Simplicity2,WINDPOWER,8578,2010,0.550766644
Simplicity2,WINDPOWER,8579,2010,0.597173798
Simplicity2,WINDPOWER,8580,2010,0.600175012
Simplicity2,WINDPOWER,8581,2010,0.594944592
Simplicity2,WINDPOWER,8582,2010,0.582460273
Simplicity2,WINDPOWER,8583,2010,0.502045063
Simplicity2,WINDPOWER,8584,2010,0.584290913
Simplicity2,WINDPOWER,8585,2010,0.579253151
Simplicity2,WINDPOWER,8586,2010,0.591229788
Simplicity2,WINDPOWER,8587,2010,0.60319856
Simplicity2,WINDPOWER,8588,2010,0.62530885
Simplicity2,WINDPOWER,8589,2010,0.575186114
Simplicity2,WINDPOWER,8590,2010,0.574299251
Simplicity2,WINDPOWER,8591,2010,0.560401136
Simplicity2,WINDPOWER,8592,2010,0.572821222
Simplicity2,WINDPOWER,8593,2010,0.590559537
Simplicity2,WINDPOWER,8594,2010,0.54695815
Simplicity2,WINDPOWER,8595,2010,0.638199569
Simplicity2,WINDPOWER,8596,2010,0.639905126
Simplicity2,WINDPOWER,8597,2010,0.590181525
Simplicity2,WINDPOWER,8598,2010,0.663907587
Simplicity2,WINDPOWER,8599,2010,0.60235412
Simplicity2,WINDPOWER,8600,2010,0.638150606
Simplicity2,WINDPOWER,8601,2010,0.613079736
Simplicity2,WINDPOWER,8602,2010,0.603184157
Simplicity2,WINDPOWER,8603,2010,0.568001488
Simplicity2,WINDPOWER,8604,2010,0.533143909
Simplicity2,WINDPOWER,8605,2010,0.47498484
Simplicity2,WINDPOWER,8606,2010,0.63978462
Simplicity2,WINDPOWER,8607,2010,0.655355334
Simplicity2,WINDPOWER,8608,2010,0.598658626
Simplicity2,WINDPOWER,8609,2010,0.545594111
Simplicity2,WINDPOWER,8610,2010,0.551525898
Simplicity2,WINDPOWER,8611,2010,0.607742421
Simplicity2,WINDPOWER,8612,2010,0.650310085
Simplicity2,WINDPOWER,8613,2010,0.685888159
Simplicity2,WINDPOWER,8614,2010,0.630130981
Simplicity2,WINDPOWER,8615,2010,0.604176097
Simplicity2,WINDPOWER,8616,2010,0.601136458
Simplicity2,WINDPOWER,8617,2010,0.560803836
Simplicity2,WINDPOWER,8618,2010,0.551236833
Simplicity2,WINDPOWER,8619,2010,0.673498847
Simplicity2,WINDPOWER,8620,2010,0.657771374
Simplicity2,WINDPOWER,8621,2010,0.655431208
Simplicity2,WINDPOWER,8622,2010,0.635378754
Simplicity2,WINDPOWER,8623,2010,0.62268871
Simplicity2,WINDPOWER,8624,2010,0.643971869
Simplicity2,WINDPOWER,8625,2010,0.65255325
Simplicity2,WINDPOWER,8626,2010,0.579559016
Simplicity2,WINDPOWER,8627,2010,0.625002447
Simplicity2,WINDPOWER,8628,2010,0.641146352
Simplicity2,WINDPOWER,8629,2010,0.615526952
Simplicity2,WINDPOWER,8630,2010,0.608057361
Simplicity2,WINDPOWER,8631,2010,0.646121344
Simplicity2,WINDPOWER,8632,2010,0.631169713
Simplicity2,WINDPOWER,8633,2010,0.549798177
Simplicity2,WINDPOWER,8634,2010,0.572208807
Simplicity2,WINDPOWER,8635,2010,0.572382775
Simplicity2,WINDPOWER,8636,2010,0.597543842
Simplicity2,WINDPOWER,8637,2010,0.673446554
Simplicity2,WINDPOWER,8638,2010,0.671151408
Simplicity2,WINDPOWER,8639,2010,0.691584847
Simplicity2,WINDPOWER,8640,2010,0.654532738
Simplicity2,WINDPOWER,8641,2010,0.593714621
Simplicity2,WINDPOWER,8642,2010,0.633930615
Simplicity2,WINDPOWER,8643,2010,0.606426089
Simplicity2,WINDPOWER,8644,2010,0.676313203
Simplicity2,WINDPOWER,8645,2010,0.666223294
Simplicity2,WINDPOWER,8646,2010,0.632802152
Simplicity2,WINDPOWER,8647,2010,0.59791367
Simplicity2,WINDPOWER,8648,2010,0.584170928
Simplicity2,WINDPOWER,8649,2010,0.634089461
Simplicity2,WINDPOWER,8650,2010,0.650535825
Simplicity2,WINDPOWER,8651,2010,0.57753064
Simplicity2,WINDPOWER,8652,2010,0.563715098
Simplicity2,WINDPOWER,8653,2010,0.598318117
Simplicity2,WINDPOWER,8654,2010,0.66032672
Simplicity2,WINDPOWER,8655,2010,0.659154827
Simplicity2,WINDPOWER,8656,2010,0.634106244
Simplicity2,WINDPOWER,8657,2010,0.631489416
Simplicity2,WINDPOWER,8658,2010,0.652557914
Simplicity2,WINDPOWER,8659,2010,0.512226592
Simplicity2,WINDPOWER,8660,2010,0.488114035
Simplicity2,WINDPOWER,8661,2010,0.516975881
Simplicity2,WINDPOWER,8662,2010,0.565869047
Simplicity2,WINDPOWER,8663,2010,0.61771143
Simplicity2,WINDPOWER,8664,2010,0.588523798
Simplicity2,WINDPOWER,8665,2010,0.579683099
Simplicity2,WINDPOWER,8666,2010,0.588441369
Simplicity2,WINDPOWER,8667,2010,0.629434031
Simplicity2,WINDPOWER,8668,2010,0.615607969
Simplicity2,WINDPOWER,8669,2010,0.59352051
Simplicity2,WINDPOWER,8670,2010,0.580825501
Simplicity2,WINDPOWER,8671,2010,0.594908043
Simplicity2,WINDPOWER,8672,2010,0.574893189
Simplicity2,WINDPOWER,8673,2010,0.583328436
Simplicity2,WINDPOWER,8674,2010,0.619448108
Simplicity2,WINDPOWER,8675,2010,0.519736914
Simplicity2,WINDPOWER,8676,2010,0.630529943
Simplicity2,WINDPOWER,8677,2010,0.626406445
Simplicity2,WINDPOWER,8678,2010,0.632604476
Simplicity2,WINDPOWER,8679,2010,0.557096325
Simplicity2,WINDPOWER,8680,2010,0.593269723
Simplicity2,WINDPOWER,8681,2010,0.63003281
Simplicity2,WINDPOWER,8682,2010,0.637320534
Simplicity2,WINDPOWER,8683,2010,0.686002937
Simplicity2,WINDPOWER,8684,2010,0.622340455
Simplicity2,WINDPOWER,8685,2010,0.643305303
Simplicity2,WINDPOWER,8686,2010,0.580427514
Simplicity2,WINDPOWER,8687,2010,0.529977012
Simplicity2,WINDPOWER,8688,2010,0.542674224
Simplicity2,WINDPOWER,8689,2010,0.471640705
Simplicity2,WINDPOWER,8690,2010,0.495949412
Simplicity2,WINDPOWER,8691,2010,0.455083453
Simplicity2,WINDPOWER,8692,2010,0.455866795
Simplicity2,WINDPOWER,8693,2010,0.400662582
Simplicity2,WINDPOWER,8694,2010,0.442037839
Simplicity2,WINDPOWER,8695,2010,0.607434723
Simplicity2,WINDPOWER,8696,2010,0.649047606
Simplicity2,WINDPOWER,8697,2010,0.625993266
Simplicity2,WINDPOWER,8698,2010,0.554971768
Simplicity2,WINDPOWER,8699,2010,0.435578611
Simplicity2,WINDPOWER,8700,2010,0.355540685
Simplicity2,WINDPOWER,8701,2010,0.279100651
Simplicity2,WINDPOWER,8702,2010,0.248865633
Simplicity2,WINDPOWER,8703,2010,0.20633717
Simplicity2,WINDPOWER,8704,2010,0.319348145
Simplicity2,WINDPOWER,8705,2010,0.400878504
Simplicity2,WINDPOWER,8706,2010,0.439661319
Simplicity2,WINDPOWER,8707,2010,0.465425126
Simplicity2,WINDPOWER,8708,2010,0.508889723
Simplicity2,WINDPOWER,8709,2010,0.545604493
Simplicity2,WINDPOWER,8710,2010,0.522262099
Simplicity2,WINDPOWER,8711,2010,0.450055353
Simplicity2,WINDPOWER,8712,2010,0.561219282
Simplicity2,WINDPOWER,8713,2010,0.423233082
Simplicity2,WINDPOWER,8714,2010,0.533154034
Simplicity2,WINDPOWER,8715,2010,0.503985189
Simplicity2,WINDPOWER,8716,2010,0.472454878
Simplicity2,WINDPOWER,8717,2010,0.409959608
Simplicity2,WINDPOWER,8718,2010,0.420245387
Simplicity2,WINDPOWER,8719,2010,0.432303706
Simplicity2,WINDPOWER,8720,2010,0.495988818
Simplicity2,WINDPOWER,8721,2010,0.548282373
Simplicity2,WINDPOWER,8722,2010,0.370572412
Simplicity2,WINDPOWER,8723,2010,0.43328238
Simplicity2,WINDPOWER,8724,2010,0.461912084
Simplicity2,WINDPOWER,8725,2010,0.410689709
Simplicity2,WINDPOWER,8726,2010,0.321512502
Simplicity2,WINDPOWER,8727,2010,0.322039344
Simplicity2,WINDPOWER,8728,2010,0.347853069
Simplicity2,WINDPOWER,8729,2010,0.325464225
Simplicity2,WINDPOWER,8730,2010,0.407698861
Simplicity2,WINDPOWER,8731,2010,0.399749079
Simplicity2,WINDPOWER,8732,2010,0.43564501
Simplicity2,WINDPOWER,8733,2010,0.447684637
Simplicity2,WINDPOWER,8734,2010,0.577090403
Simplicity2,WINDPOWER,8735,2010,0.540840811
Simplicity2,WINDPOWER,8736,2010,0.475445368
Simplicity2,WINDPOWER,8737,2010,0.398365624
Simplicity2,WINDPOWER,8738,2010,0.417685855
Simplicity2,WINDPOWER,8739,2010,0.466699312
Simplicity2,WINDPOWER,8740,2010,0.46380293
Simplicity2,WINDPOWER,8741,2010,0.485101166
Simplicity2,WINDPOWER,8742,2010,0.427085498
Simplicity2,WINDPOWER,8743,2010,0.465959243
Simplicity2,WINDPOWER,8744,2010,0.499287693
Simplicity2,WINDPOWER,8745,2010,0.446271928
Simplicity2,WINDPOWER,8746,2010,0.44790119
Simplicity2,WINDPOWER,8747,2010,0.405532665
Simplicity2,WINDPOWER,8748,2010,0.308187035
Simplicity2,WINDPOWER,8749,2010,0.273916908
Simplicity2,WINDPOWER,8750,2010,0.316110611
Simplicity2,WINDPOWER,8751,2010,0.380268287
Simplicity2,WINDPOWER,8752,2010,0.259923889
Simplicity2,WINDPOWER,8753,2010,0.340623059
Simplicity2,WINDPOWER,8754,2010,0.351905166
Simplicity2,WINDPOWER,8755,2010,0.369422941
Simplicity2,WINDPOWER,8756,2010,0.470641539
Simplicity2,WINDPOWER,8757,2010,0.488305459
Simplicity2,WINDPOWER,8758,2010,0.447598111
Simplicity2,WINDPOWER,8759,2010,0.425454387
Simplicity2,WINDPOWER,8760,2010,0.31438353
