REGION,FUEL,TIMESLICE,YEAR,VALUE
Simplicity2,ELECTRICITY,1,2010,0.000104968
Simplicity2,ELECTRICITY,2,2010,0.000102283
Simplicity2,ELECTRICITY,3,2010,0.000100004
Simplicity2,ELECTRICITY,4,2010,9.80997E-05
Simplicity2,ELECTRICITY,5,2010,9.80834E-05
Simplicity2,ELECTRICITY,6,2010,9.56907E-05
Simplicity2,ELECTRICITY,7,2010,9.99878E-05
Simplicity2,ELECTRICITY,8,2010,0.000105343
Simplicity2,ELECTRICITY,9,2010,0.000107003
Simplicity2,ELECTRICITY,10,2010,0.000110844
Simplicity2,ELECTRICITY,11,2010,0.000115402
Simplicity2,ELECTRICITY,12,2010,0.00011729
Simplicity2,ELECTRICITY,13,2010,0.000117404
Simplicity2,ELECTRICITY,14,2010,0.000116981
Simplicity2,ELECTRICITY,15,2010,0.000118918
Simplicity2,ELECTRICITY,16,2010,0.00012035
Simplicity2,ELECTRICITY,17,2010,0.000125038
Simplicity2,ELECTRICITY,18,2010,0.00012354
Simplicity2,ELECTRICITY,19,2010,0.000122498
Simplicity2,ELECTRICITY,20,2010,0.000117209
Simplicity2,ELECTRICITY,21,2010,0.000115597
Simplicity2,ELECTRICITY,22,2010,0.000113156
Simplicity2,ELECTRICITY,23,2010,0.000112146
Simplicity2,ELECTRICITY,24,2010,0.000112065
Simplicity2,ELECTRICITY,25,2010,0.000104545
Simplicity2,ELECTRICITY,26,2010,0.000101485
Simplicity2,ELECTRICITY,27,2010,0.000102983
Simplicity2,ELECTRICITY,28,2010,0.000102267
Simplicity2,ELECTRICITY,29,2010,0.000101648
Simplicity2,ELECTRICITY,30,2010,9.92228E-05
Simplicity2,ELECTRICITY,31,2010,0.000100281
Simplicity2,ELECTRICITY,32,2010,0.000104073
Simplicity2,ELECTRICITY,33,2010,0.000106385
Simplicity2,ELECTRICITY,34,2010,0.000109656
Simplicity2,ELECTRICITY,35,2010,0.000113286
Simplicity2,ELECTRICITY,36,2010,0.000112358
Simplicity2,ELECTRICITY,37,2010,0.000116704
Simplicity2,ELECTRICITY,38,2010,0.000115792
Simplicity2,ELECTRICITY,39,2010,0.000113107
Simplicity2,ELECTRICITY,40,2010,0.000111219
Simplicity2,ELECTRICITY,41,2010,0.000120301
Simplicity2,ELECTRICITY,42,2010,0.000123215
Simplicity2,ELECTRICITY,43,2010,0.000121929
Simplicity2,ELECTRICITY,44,2010,0.000116378
Simplicity2,ELECTRICITY,45,2010,0.000112765
Simplicity2,ELECTRICITY,46,2010,0.000109135
Simplicity2,ELECTRICITY,47,2010,0.000108989
Simplicity2,ELECTRICITY,48,2010,9.92879E-05
Simplicity2,ELECTRICITY,49,2010,8.59898E-05
Simplicity2,ELECTRICITY,50,2010,8.78291E-05
Simplicity2,ELECTRICITY,51,2010,9.01729E-05
Simplicity2,ELECTRICITY,52,2010,8.96683E-05
Simplicity2,ELECTRICITY,53,2010,8.70803E-05
Simplicity2,ELECTRICITY,54,2010,8.4118E-05
Simplicity2,ELECTRICITY,55,2010,9.26958E-05
Simplicity2,ELECTRICITY,56,2010,9.84089E-05
Simplicity2,ELECTRICITY,57,2010,0.000102413
Simplicity2,ELECTRICITY,58,2010,0.00010658
Simplicity2,ELECTRICITY,59,2010,0.000108973
Simplicity2,ELECTRICITY,60,2010,0.000109379
Simplicity2,ELECTRICITY,61,2010,0.000110128
Simplicity2,ELECTRICITY,62,2010,0.000108631
Simplicity2,ELECTRICITY,63,2010,0.00011073
Simplicity2,ELECTRICITY,64,2010,0.000112488
Simplicity2,ELECTRICITY,65,2010,0.00012437
Simplicity2,ELECTRICITY,66,2010,0.000125314
Simplicity2,ELECTRICITY,67,2010,0.000117436
Simplicity2,ELECTRICITY,68,2010,0.000111235
Simplicity2,ELECTRICITY,69,2010,0.000112456
Simplicity2,ELECTRICITY,70,2010,0.000108387
Simplicity2,ELECTRICITY,71,2010,0.000101453
Simplicity2,ELECTRICITY,72,2010,9.87019E-05
Simplicity2,ELECTRICITY,73,2010,9.72696E-05
Simplicity2,ELECTRICITY,74,2010,9.76114E-05
Simplicity2,ELECTRICITY,75,2010,9.66022E-05
Simplicity2,ELECTRICITY,76,2010,9.46653E-05
Simplicity2,ELECTRICITY,77,2010,8.99125E-05
Simplicity2,ELECTRICITY,78,2010,8.94893E-05
Simplicity2,ELECTRICITY,79,2010,0.00010238
Simplicity2,ELECTRICITY,80,2010,0.000119373
Simplicity2,ELECTRICITY,81,2010,0.000124224
Simplicity2,ELECTRICITY,82,2010,0.000122547
Simplicity2,ELECTRICITY,83,2010,0.000121229
Simplicity2,ELECTRICITY,84,2010,0.000122743
Simplicity2,ELECTRICITY,85,2010,0.000120285
Simplicity2,ELECTRICITY,86,2010,0.000119601
Simplicity2,ELECTRICITY,87,2010,0.000124142
Simplicity2,ELECTRICITY,88,2010,0.000123003
Simplicity2,ELECTRICITY,89,2010,0.000130962
Simplicity2,ELECTRICITY,90,2010,0.000135536
Simplicity2,ELECTRICITY,91,2010,0.000133697
Simplicity2,ELECTRICITY,92,2010,0.000132671
Simplicity2,ELECTRICITY,93,2010,0.000130523
Simplicity2,ELECTRICITY,94,2010,0.0001259
Simplicity2,ELECTRICITY,95,2010,0.00011104
Simplicity2,ELECTRICITY,96,2010,0.000106287
Simplicity2,ELECTRICITY,97,2010,0.000104252
Simplicity2,ELECTRICITY,98,2010,0.000104464
Simplicity2,ELECTRICITY,99,2010,0.000103797
Simplicity2,ELECTRICITY,100,2010,0.000100818
Simplicity2,ELECTRICITY,101,2010,9.7709E-05
Simplicity2,ELECTRICITY,102,2010,9.44862E-05
Simplicity2,ELECTRICITY,103,2010,0.000104122
Simplicity2,ELECTRICITY,104,2010,0.000121147
Simplicity2,ELECTRICITY,105,2010,0.000125135
Simplicity2,ELECTRICITY,106,2010,0.000124142
Simplicity2,ELECTRICITY,107,2010,0.000123849
Simplicity2,ELECTRICITY,108,2010,0.000123182
Simplicity2,ELECTRICITY,109,2010,0.000122596
Simplicity2,ELECTRICITY,110,2010,0.00012022
Simplicity2,ELECTRICITY,111,2010,0.000117762
Simplicity2,ELECTRICITY,112,2010,0.000120008
Simplicity2,ELECTRICITY,113,2010,0.000129904
Simplicity2,ELECTRICITY,114,2010,0.000133908
Simplicity2,ELECTRICITY,115,2010,0.000131597
Simplicity2,ELECTRICITY,116,2010,0.00013036
Simplicity2,ELECTRICITY,117,2010,0.000132444
Simplicity2,ELECTRICITY,118,2010,0.00013495
Simplicity2,ELECTRICITY,119,2010,0.00012634
Simplicity2,ELECTRICITY,120,2010,0.000123036
Simplicity2,ELECTRICITY,121,2010,0.000115418
Simplicity2,ELECTRICITY,122,2010,0.000116606
Simplicity2,ELECTRICITY,123,2010,0.000117355
Simplicity2,ELECTRICITY,124,2010,0.000113986
Simplicity2,ELECTRICITY,125,2010,0.000109152
Simplicity2,ELECTRICITY,126,2010,0.000107768
Simplicity2,ELECTRICITY,127,2010,0.000117827
Simplicity2,ELECTRICITY,128,2010,0.000131809
Simplicity2,ELECTRICITY,129,2010,0.000140924
Simplicity2,ELECTRICITY,130,2010,0.000136562
Simplicity2,ELECTRICITY,131,2010,0.000137701
Simplicity2,ELECTRICITY,132,2010,0.000133241
Simplicity2,ELECTRICITY,133,2010,0.000133062
Simplicity2,ELECTRICITY,134,2010,0.000133485
Simplicity2,ELECTRICITY,135,2010,0.000130376
Simplicity2,ELECTRICITY,136,2010,0.000133518
Simplicity2,ELECTRICITY,137,2010,0.000140338
Simplicity2,ELECTRICITY,138,2010,0.000142844
Simplicity2,ELECTRICITY,139,2010,0.000141184
Simplicity2,ELECTRICITY,140,2010,0.000138075
Simplicity2,ELECTRICITY,141,2010,0.000138531
Simplicity2,ELECTRICITY,142,2010,0.000138222
Simplicity2,ELECTRICITY,143,2010,0.000120431
Simplicity2,ELECTRICITY,144,2010,0.000116492
Simplicity2,ELECTRICITY,145,2010,0.000107833
Simplicity2,ELECTRICITY,146,2010,0.000106303
Simplicity2,ELECTRICITY,147,2010,0.000106922
Simplicity2,ELECTRICITY,148,2010,0.00010378
Simplicity2,ELECTRICITY,149,2010,9.98087E-05
Simplicity2,ELECTRICITY,150,2010,0.000105733
Simplicity2,ELECTRICITY,151,2010,0.000113725
Simplicity2,ELECTRICITY,152,2010,0.000131418
Simplicity2,ELECTRICITY,153,2010,0.000134608
Simplicity2,ELECTRICITY,154,2010,0.000132818
Simplicity2,ELECTRICITY,155,2010,0.000128781
Simplicity2,ELECTRICITY,156,2010,0.00012774
Simplicity2,ELECTRICITY,157,2010,0.00012551
Simplicity2,ELECTRICITY,158,2010,0.000122824
Simplicity2,ELECTRICITY,159,2010,0.000123735
Simplicity2,ELECTRICITY,160,2010,0.000125086
Simplicity2,ELECTRICITY,161,2010,0.000135487
Simplicity2,ELECTRICITY,162,2010,0.000142405
Simplicity2,ELECTRICITY,163,2010,0.000140028
Simplicity2,ELECTRICITY,164,2010,0.000135357
Simplicity2,ELECTRICITY,165,2010,0.000135894
Simplicity2,ELECTRICITY,166,2010,0.00012743
Simplicity2,ELECTRICITY,167,2010,0.000116997
Simplicity2,ELECTRICITY,168,2010,0.000111463
Simplicity2,ELECTRICITY,169,2010,0.000107166
Simplicity2,ELECTRICITY,170,2010,0.000107638
Simplicity2,ELECTRICITY,171,2010,0.000107198
Simplicity2,ELECTRICITY,172,2010,0.000103129
Simplicity2,ELECTRICITY,173,2010,0.00010199
Simplicity2,ELECTRICITY,174,2010,0.000103699
Simplicity2,ELECTRICITY,175,2010,0.000110242
Simplicity2,ELECTRICITY,176,2010,0.000126991
Simplicity2,ELECTRICITY,177,2010,0.000129839
Simplicity2,ELECTRICITY,178,2010,0.000126291
Simplicity2,ELECTRICITY,179,2010,0.000121603
Simplicity2,ELECTRICITY,180,2010,0.000125851
Simplicity2,ELECTRICITY,181,2010,0.000124826
Simplicity2,ELECTRICITY,182,2010,0.000122677
Simplicity2,ELECTRICITY,183,2010,0.000122612
Simplicity2,ELECTRICITY,184,2010,0.000124598
Simplicity2,ELECTRICITY,185,2010,0.000131125
Simplicity2,ELECTRICITY,186,2010,0.00013425
Simplicity2,ELECTRICITY,187,2010,0.000132167
Simplicity2,ELECTRICITY,188,2010,0.000129693
Simplicity2,ELECTRICITY,189,2010,0.000127235
Simplicity2,ELECTRICITY,190,2010,0.000119813
Simplicity2,ELECTRICITY,191,2010,0.00010728
Simplicity2,ELECTRICITY,192,2010,0.000106759
Simplicity2,ELECTRICITY,193,2010,0.000103194
Simplicity2,ELECTRICITY,194,2010,9.96948E-05
Simplicity2,ELECTRICITY,195,2010,9.83438E-05
Simplicity2,ELECTRICITY,196,2010,9.92716E-05
Simplicity2,ELECTRICITY,197,2010,9.55117E-05
Simplicity2,ELECTRICITY,198,2010,9.68789E-05
Simplicity2,ELECTRICITY,199,2010,0.000102055
Simplicity2,ELECTRICITY,200,2010,0.000105929
Simplicity2,ELECTRICITY,201,2010,0.000109803
Simplicity2,ELECTRICITY,202,2010,0.000113872
Simplicity2,ELECTRICITY,203,2010,0.000115841
Simplicity2,ELECTRICITY,204,2010,0.000114718
Simplicity2,ELECTRICITY,205,2010,0.000113904
Simplicity2,ELECTRICITY,206,2010,0.000112326
Simplicity2,ELECTRICITY,207,2010,0.000114441
Simplicity2,ELECTRICITY,208,2010,0.000120203
Simplicity2,ELECTRICITY,209,2010,0.000120806
Simplicity2,ELECTRICITY,210,2010,0.000113986
Simplicity2,ELECTRICITY,211,2010,0.000112423
Simplicity2,ELECTRICITY,212,2010,0.000109412
Simplicity2,ELECTRICITY,213,2010,0.000106922
Simplicity2,ELECTRICITY,214,2010,0.000105554
Simplicity2,ELECTRICITY,215,2010,0.000101908
Simplicity2,ELECTRICITY,216,2010,0.000100737
Simplicity2,ELECTRICITY,217,2010,0.000101013
Simplicity2,ELECTRICITY,218,2010,0.000100818
Simplicity2,ELECTRICITY,219,2010,0.000101827
Simplicity2,ELECTRICITY,220,2010,9.9825E-05
Simplicity2,ELECTRICITY,221,2010,0.000100151
Simplicity2,ELECTRICITY,222,2010,9.90112E-05
Simplicity2,ELECTRICITY,223,2010,9.74161E-05
Simplicity2,ELECTRICITY,224,2010,0.000101762
Simplicity2,ELECTRICITY,225,2010,0.00010671
Simplicity2,ELECTRICITY,226,2010,0.000110275
Simplicity2,ELECTRICITY,227,2010,0.00010798
Simplicity2,ELECTRICITY,228,2010,0.000108728
Simplicity2,ELECTRICITY,229,2010,0.000114751
Simplicity2,ELECTRICITY,230,2010,0.000114718
Simplicity2,ELECTRICITY,231,2010,0.000113172
Simplicity2,ELECTRICITY,232,2010,0.000113693
Simplicity2,ELECTRICITY,233,2010,0.000122336
Simplicity2,ELECTRICITY,234,2010,0.000117502
Simplicity2,ELECTRICITY,235,2010,0.000109558
Simplicity2,ELECTRICITY,236,2010,0.000105603
Simplicity2,ELECTRICITY,237,2010,0.000105001
Simplicity2,ELECTRICITY,238,2010,0.000103259
Simplicity2,ELECTRICITY,239,2010,0.000102706
Simplicity2,ELECTRICITY,240,2010,0.000102755
Simplicity2,ELECTRICITY,241,2010,9.91251E-05
Simplicity2,ELECTRICITY,242,2010,9.51536E-05
Simplicity2,ELECTRICITY,243,2010,9.4356E-05
Simplicity2,ELECTRICITY,244,2010,9.32818E-05
Simplicity2,ELECTRICITY,245,2010,8.96195E-05
Simplicity2,ELECTRICITY,246,2010,8.58108E-05
Simplicity2,ELECTRICITY,247,2010,9.14425E-05
Simplicity2,ELECTRICITY,248,2010,0.000105766
Simplicity2,ELECTRICITY,249,2010,0.000114344
Simplicity2,ELECTRICITY,250,2010,0.00010728
Simplicity2,ELECTRICITY,251,2010,0.000108468
Simplicity2,ELECTRICITY,252,2010,0.00010811
Simplicity2,ELECTRICITY,253,2010,0.000106694
Simplicity2,ELECTRICITY,254,2010,0.000107622
Simplicity2,ELECTRICITY,255,2010,0.000107735
Simplicity2,ELECTRICITY,256,2010,0.000107508
Simplicity2,ELECTRICITY,257,2010,0.000117843
Simplicity2,ELECTRICITY,258,2010,0.000120871
Simplicity2,ELECTRICITY,259,2010,0.000115402
Simplicity2,ELECTRICITY,260,2010,0.000110128
Simplicity2,ELECTRICITY,261,2010,0.000105278
Simplicity2,ELECTRICITY,262,2010,0.000106743
Simplicity2,ELECTRICITY,263,2010,0.000104871
Simplicity2,ELECTRICITY,264,2010,0.000103617
Simplicity2,ELECTRICITY,265,2010,9.98087E-05
Simplicity2,ELECTRICITY,266,2010,0.000104236
Simplicity2,ELECTRICITY,267,2010,0.000103878
Simplicity2,ELECTRICITY,268,2010,9.93693E-05
Simplicity2,ELECTRICITY,269,2010,9.45514E-05
Simplicity2,ELECTRICITY,270,2010,8.49481E-05
Simplicity2,ELECTRICITY,271,2010,9.48606E-05
Simplicity2,ELECTRICITY,272,2010,0.000115027
Simplicity2,ELECTRICITY,273,2010,0.000114393
Simplicity2,ELECTRICITY,274,2010,0.000113986
Simplicity2,ELECTRICITY,275,2010,0.000109754
Simplicity2,ELECTRICITY,276,2010,0.000107345
Simplicity2,ELECTRICITY,277,2010,0.000107475
Simplicity2,ELECTRICITY,278,2010,0.000106759
Simplicity2,ELECTRICITY,279,2010,0.000110047
Simplicity2,ELECTRICITY,280,2010,0.00011423
Simplicity2,ELECTRICITY,281,2010,0.000114848
Simplicity2,ELECTRICITY,282,2010,0.000113514
Simplicity2,ELECTRICITY,283,2010,0.000110551
Simplicity2,ELECTRICITY,284,2010,0.0001085
Simplicity2,ELECTRICITY,285,2010,0.000114734
Simplicity2,ELECTRICITY,286,2010,0.000113888
Simplicity2,ELECTRICITY,287,2010,0.000109851
Simplicity2,ELECTRICITY,288,2010,0.000109542
Simplicity2,ELECTRICITY,289,2010,0.000103422
Simplicity2,ELECTRICITY,290,2010,0.000101827
Simplicity2,ELECTRICITY,291,2010,9.94995E-05
Simplicity2,ELECTRICITY,292,2010,9.73509E-05
Simplicity2,ELECTRICITY,293,2010,9.51048E-05
Simplicity2,ELECTRICITY,294,2010,9.65208E-05
Simplicity2,ELECTRICITY,295,2010,0.000101485
Simplicity2,ELECTRICITY,296,2010,0.000115109
Simplicity2,ELECTRICITY,297,2010,0.000125152
Simplicity2,ELECTRICITY,298,2010,0.000121375
Simplicity2,ELECTRICITY,299,2010,0.000115727
Simplicity2,ELECTRICITY,300,2010,0.000115141
Simplicity2,ELECTRICITY,301,2010,0.000123475
Simplicity2,ELECTRICITY,302,2010,0.000125949
Simplicity2,ELECTRICITY,303,2010,0.0001259
Simplicity2,ELECTRICITY,304,2010,0.00012774
Simplicity2,ELECTRICITY,305,2010,0.000132606
Simplicity2,ELECTRICITY,306,2010,0.000119634
Simplicity2,ELECTRICITY,307,2010,0.000117794
Simplicity2,ELECTRICITY,308,2010,0.000129595
Simplicity2,ELECTRICITY,309,2010,0.000129986
Simplicity2,ELECTRICITY,310,2010,0.000127007
Simplicity2,ELECTRICITY,311,2010,0.0001141
Simplicity2,ELECTRICITY,312,2010,0.000108989
Simplicity2,ELECTRICITY,313,2010,0.000105343
Simplicity2,ELECTRICITY,314,2010,0.000102364
Simplicity2,ELECTRICITY,315,2010,0.000106433
Simplicity2,ELECTRICITY,316,2010,0.000104529
Simplicity2,ELECTRICITY,317,2010,9.64557E-05
Simplicity2,ELECTRICITY,318,2010,9.7237E-05
Simplicity2,ELECTRICITY,319,2010,0.000101241
Simplicity2,ELECTRICITY,320,2010,0.000116525
Simplicity2,ELECTRICITY,321,2010,0.000121571
Simplicity2,ELECTRICITY,322,2010,0.000118592
Simplicity2,ELECTRICITY,323,2010,0.000113416
Simplicity2,ELECTRICITY,324,2010,0.000115125
Simplicity2,ELECTRICITY,325,2010,0.000118413
Simplicity2,ELECTRICITY,326,2010,0.000120968
Simplicity2,ELECTRICITY,327,2010,0.000121115
Simplicity2,ELECTRICITY,328,2010,0.000123019
Simplicity2,ELECTRICITY,329,2010,0.000125428
Simplicity2,ELECTRICITY,330,2010,0.000121912
Simplicity2,ELECTRICITY,331,2010,0.000118511
Simplicity2,ELECTRICITY,332,2010,0.000118625
Simplicity2,ELECTRICITY,333,2010,0.000123036
Simplicity2,ELECTRICITY,334,2010,0.000124663
Simplicity2,ELECTRICITY,335,2010,0.000112114
Simplicity2,ELECTRICITY,336,2010,0.000105864
Simplicity2,ELECTRICITY,337,2010,9.88647E-05
Simplicity2,ELECTRICITY,338,2010,9.88159E-05
Simplicity2,ELECTRICITY,339,2010,9.73672E-05
Simplicity2,ELECTRICITY,340,2010,9.41607E-05
Simplicity2,ELECTRICITY,341,2010,9.2061E-05
Simplicity2,ELECTRICITY,342,2010,8.76338E-05
Simplicity2,ELECTRICITY,343,2010,9.23214E-05
Simplicity2,ELECTRICITY,344,2010,0.000106271
Simplicity2,ELECTRICITY,345,2010,0.000112977
Simplicity2,ELECTRICITY,346,2010,0.000115711
Simplicity2,ELECTRICITY,347,2010,0.000114214
Simplicity2,ELECTRICITY,348,2010,0.000113335
Simplicity2,ELECTRICITY,349,2010,0.000113611
Simplicity2,ELECTRICITY,350,2010,0.000111316
Simplicity2,ELECTRICITY,351,2010,0.000110112
Simplicity2,ELECTRICITY,352,2010,0.000107003
Simplicity2,ELECTRICITY,353,2010,0.000111642
Simplicity2,ELECTRICITY,354,2010,0.000111088
Simplicity2,ELECTRICITY,355,2010,0.000113432
Simplicity2,ELECTRICITY,356,2010,0.000113383
Simplicity2,ELECTRICITY,357,2010,0.000111626
Simplicity2,ELECTRICITY,358,2010,0.000109965
Simplicity2,ELECTRICITY,359,2010,0.000103976
Simplicity2,ELECTRICITY,360,2010,0.000109021
Simplicity2,ELECTRICITY,361,2010,0.00010391
Simplicity2,ELECTRICITY,362,2010,0.000104968
Simplicity2,ELECTRICITY,363,2010,0.000102755
Simplicity2,ELECTRICITY,364,2010,0.00010142
Simplicity2,ELECTRICITY,365,2010,9.99389E-05
Simplicity2,ELECTRICITY,366,2010,0.000100541
Simplicity2,ELECTRICITY,367,2010,9.30376E-05
Simplicity2,ELECTRICITY,368,2010,9.48118E-05
Simplicity2,ELECTRICITY,369,2010,0.000100037
Simplicity2,ELECTRICITY,370,2010,0.000104594
Simplicity2,ELECTRICITY,371,2010,0.000104529
Simplicity2,ELECTRICITY,372,2010,0.000106026
Simplicity2,ELECTRICITY,373,2010,0.000103048
Simplicity2,ELECTRICITY,374,2010,0.000100785
Simplicity2,ELECTRICITY,375,2010,9.89786E-05
Simplicity2,ELECTRICITY,376,2010,9.93855E-05
Simplicity2,ELECTRICITY,377,2010,0.000108273
Simplicity2,ELECTRICITY,378,2010,0.000115076
Simplicity2,ELECTRICITY,379,2010,0.000111756
Simplicity2,ELECTRICITY,380,2010,0.000106222
Simplicity2,ELECTRICITY,381,2010,0.000104529
Simplicity2,ELECTRICITY,382,2010,0.000101876
Simplicity2,ELECTRICITY,383,2010,0.000101664
Simplicity2,ELECTRICITY,384,2010,9.90763E-05
Simplicity2,ELECTRICITY,385,2010,0.000101095
Simplicity2,ELECTRICITY,386,2010,0.000104789
Simplicity2,ELECTRICITY,387,2010,0.000104041
Simplicity2,ELECTRICITY,388,2010,0.000102136
Simplicity2,ELECTRICITY,389,2010,0.000101583
Simplicity2,ELECTRICITY,390,2010,9.87182E-05
Simplicity2,ELECTRICITY,391,2010,0.000101095
Simplicity2,ELECTRICITY,392,2010,0.000104806
Simplicity2,ELECTRICITY,393,2010,0.000108321
Simplicity2,ELECTRICITY,394,2010,0.000112358
Simplicity2,ELECTRICITY,395,2010,0.000108875
Simplicity2,ELECTRICITY,396,2010,0.000109965
Simplicity2,ELECTRICITY,397,2010,0.000105034
Simplicity2,ELECTRICITY,398,2010,0.000109168
Simplicity2,ELECTRICITY,399,2010,0.000107573
Simplicity2,ELECTRICITY,400,2010,0.000103683
Simplicity2,ELECTRICITY,401,2010,0.000109021
Simplicity2,ELECTRICITY,402,2010,0.000115076
Simplicity2,ELECTRICITY,403,2010,0.000110535
Simplicity2,ELECTRICITY,404,2010,0.000108989
Simplicity2,ELECTRICITY,405,2010,0.00010824
Simplicity2,ELECTRICITY,406,2010,0.000101322
Simplicity2,ELECTRICITY,407,2010,0.000101697
Simplicity2,ELECTRICITY,408,2010,0.00010575
Simplicity2,ELECTRICITY,409,2010,0.000104024
Simplicity2,ELECTRICITY,410,2010,0.000107719
Simplicity2,ELECTRICITY,411,2010,0.000108842
Simplicity2,ELECTRICITY,412,2010,0.000113009
Simplicity2,ELECTRICITY,413,2010,0.000104187
Simplicity2,ELECTRICITY,414,2010,0.000103471
Simplicity2,ELECTRICITY,415,2010,0.000104806
Simplicity2,ELECTRICITY,416,2010,0.000120871
Simplicity2,ELECTRICITY,417,2010,0.000118755
Simplicity2,ELECTRICITY,418,2010,0.0001148
Simplicity2,ELECTRICITY,419,2010,0.000111658
Simplicity2,ELECTRICITY,420,2010,0.000105213
Simplicity2,ELECTRICITY,421,2010,0.000100916
Simplicity2,ELECTRICITY,422,2010,9.75463E-05
Simplicity2,ELECTRICITY,423,2010,9.48606E-05
Simplicity2,ELECTRICITY,424,2010,9.23866E-05
Simplicity2,ELECTRICITY,425,2010,0.000103211
Simplicity2,ELECTRICITY,426,2010,0.000114979
Simplicity2,ELECTRICITY,427,2010,0.00011283
Simplicity2,ELECTRICITY,428,2010,0.000111414
Simplicity2,ELECTRICITY,429,2010,0.000115076
Simplicity2,ELECTRICITY,430,2010,0.000110551
Simplicity2,ELECTRICITY,431,2010,0.000102966
Simplicity2,ELECTRICITY,432,2010,0.000109265
Simplicity2,ELECTRICITY,433,2010,0.000106368
Simplicity2,ELECTRICITY,434,2010,0.000104757
Simplicity2,ELECTRICITY,435,2010,0.000108777
Simplicity2,ELECTRICITY,436,2010,0.000107003
Simplicity2,ELECTRICITY,437,2010,9.96134E-05
Simplicity2,ELECTRICITY,438,2010,9.63092E-05
Simplicity2,ELECTRICITY,439,2010,9.81485E-05
Simplicity2,ELECTRICITY,440,2010,0.000113204
Simplicity2,ELECTRICITY,441,2010,0.000112505
Simplicity2,ELECTRICITY,442,2010,0.000106775
Simplicity2,ELECTRICITY,443,2010,0.000105554
Simplicity2,ELECTRICITY,444,2010,0.000104529
Simplicity2,ELECTRICITY,445,2010,0.000106352
Simplicity2,ELECTRICITY,446,2010,0.000100053
Simplicity2,ELECTRICITY,447,2010,0.000100297
Simplicity2,ELECTRICITY,448,2010,0.000103764
Simplicity2,ELECTRICITY,449,2010,0.00010964
Simplicity2,ELECTRICITY,450,2010,0.000117632
Simplicity2,ELECTRICITY,451,2010,0.000111186
Simplicity2,ELECTRICITY,452,2010,0.000111186
Simplicity2,ELECTRICITY,453,2010,0.000112456
Simplicity2,ELECTRICITY,454,2010,0.000112553
Simplicity2,ELECTRICITY,455,2010,0.000101111
Simplicity2,ELECTRICITY,456,2010,0.000104431
Simplicity2,ELECTRICITY,457,2010,0.00010614
Simplicity2,ELECTRICITY,458,2010,0.000104643
Simplicity2,ELECTRICITY,459,2010,0.000103194
Simplicity2,ELECTRICITY,460,2010,0.000101762
Simplicity2,ELECTRICITY,461,2010,9.45514E-05
Simplicity2,ELECTRICITY,462,2010,9.2533E-05
Simplicity2,ELECTRICITY,463,2010,9.79369E-05
Simplicity2,ELECTRICITY,464,2010,0.000110389
Simplicity2,ELECTRICITY,465,2010,0.00011366
Simplicity2,ELECTRICITY,466,2010,0.000113579
Simplicity2,ELECTRICITY,467,2010,0.000113123
Simplicity2,ELECTRICITY,468,2010,0.000108468
Simplicity2,ELECTRICITY,469,2010,0.000105327
Simplicity2,ELECTRICITY,470,2010,0.000101713
Simplicity2,ELECTRICITY,471,2010,0.000104952
Simplicity2,ELECTRICITY,472,2010,0.00010448
Simplicity2,ELECTRICITY,473,2010,0.000108435
Simplicity2,ELECTRICITY,474,2010,0.000113823
Simplicity2,ELECTRICITY,475,2010,0.000116232
Simplicity2,ELECTRICITY,476,2010,0.000110535
Simplicity2,ELECTRICITY,477,2010,0.000114914
Simplicity2,ELECTRICITY,478,2010,0.000112993
Simplicity2,ELECTRICITY,479,2010,0.000104968
Simplicity2,ELECTRICITY,480,2010,0.000104675
Simplicity2,ELECTRICITY,481,2010,9.91088E-05
Simplicity2,ELECTRICITY,482,2010,9.78718E-05
Simplicity2,ELECTRICITY,483,2010,9.48769E-05
Simplicity2,ELECTRICITY,484,2010,9.45188E-05
Simplicity2,ELECTRICITY,485,2010,9.40631E-05
Simplicity2,ELECTRICITY,486,2010,9.33306E-05
Simplicity2,ELECTRICITY,487,2010,9.71556E-05
Simplicity2,ELECTRICITY,488,2010,0.000109754
Simplicity2,ELECTRICITY,489,2010,0.000106466
Simplicity2,ELECTRICITY,490,2010,0.000105473
Simplicity2,ELECTRICITY,491,2010,0.000104155
Simplicity2,ELECTRICITY,492,2010,0.000103878
Simplicity2,ELECTRICITY,493,2010,0.000104187
Simplicity2,ELECTRICITY,494,2010,0.000100151
Simplicity2,ELECTRICITY,495,2010,9.86043E-05
Simplicity2,ELECTRICITY,496,2010,9.87507E-05
Simplicity2,ELECTRICITY,497,2010,0.000106905
Simplicity2,ELECTRICITY,498,2010,0.000112374
Simplicity2,ELECTRICITY,499,2010,0.000113025
Simplicity2,ELECTRICITY,500,2010,0.000110079
Simplicity2,ELECTRICITY,501,2010,0.000109477
Simplicity2,ELECTRICITY,502,2010,0.000103764
Simplicity2,ELECTRICITY,503,2010,9.81322E-05
Simplicity2,ELECTRICITY,504,2010,0.000104122
Simplicity2,ELECTRICITY,505,2010,0.000106661
Simplicity2,ELECTRICITY,506,2010,0.000107377
Simplicity2,ELECTRICITY,507,2010,0.000106547
Simplicity2,ELECTRICITY,508,2010,0.000104773
Simplicity2,ELECTRICITY,509,2010,0.000100932
Simplicity2,ELECTRICITY,510,2010,9.78555E-05
Simplicity2,ELECTRICITY,511,2010,0.000100248
Simplicity2,ELECTRICITY,512,2010,0.000111447
Simplicity2,ELECTRICITY,513,2010,0.00011143
Simplicity2,ELECTRICITY,514,2010,0.000110616
Simplicity2,ELECTRICITY,515,2010,0.000106954
Simplicity2,ELECTRICITY,516,2010,0.000105164
Simplicity2,ELECTRICITY,517,2010,0.000100606
Simplicity2,ELECTRICITY,518,2010,9.94018E-05
Simplicity2,ELECTRICITY,519,2010,9.8474E-05
Simplicity2,ELECTRICITY,520,2010,0.000103357
Simplicity2,ELECTRICITY,521,2010,0.000103813
Simplicity2,ELECTRICITY,522,2010,0.000110763
Simplicity2,ELECTRICITY,523,2010,0.000109282
Simplicity2,ELECTRICITY,524,2010,0.000106482
Simplicity2,ELECTRICITY,525,2010,0.000110942
Simplicity2,ELECTRICITY,526,2010,0.000106889
Simplicity2,ELECTRICITY,527,2010,0.000110633
Simplicity2,ELECTRICITY,528,2010,0.000117941
Simplicity2,ELECTRICITY,529,2010,0.0001106
Simplicity2,ELECTRICITY,530,2010,0.000112602
Simplicity2,ELECTRICITY,531,2010,0.000112618
Simplicity2,ELECTRICITY,532,2010,0.000112651
Simplicity2,ELECTRICITY,533,2010,0.000110682
Simplicity2,ELECTRICITY,534,2010,0.0001113
Simplicity2,ELECTRICITY,535,2010,0.000108012
Simplicity2,ELECTRICITY,536,2010,0.000108045
Simplicity2,ELECTRICITY,537,2010,0.000109542
Simplicity2,ELECTRICITY,538,2010,0.000117062
Simplicity2,ELECTRICITY,539,2010,0.000116297
Simplicity2,ELECTRICITY,540,2010,0.000119504
Simplicity2,ELECTRICITY,541,2010,0.000117127
Simplicity2,ELECTRICITY,542,2010,0.000116199
Simplicity2,ELECTRICITY,543,2010,0.000118267
Simplicity2,ELECTRICITY,544,2010,0.000116541
Simplicity2,ELECTRICITY,545,2010,0.00012328
Simplicity2,ELECTRICITY,546,2010,0.000123247
Simplicity2,ELECTRICITY,547,2010,0.00011646
Simplicity2,ELECTRICITY,548,2010,0.000114588
Simplicity2,ELECTRICITY,549,2010,0.000112863
Simplicity2,ELECTRICITY,550,2010,0.000109477
Simplicity2,ELECTRICITY,551,2010,0.000118104
Simplicity2,ELECTRICITY,552,2010,0.000121066
Simplicity2,ELECTRICITY,553,2010,0.000107931
Simplicity2,ELECTRICITY,554,2010,0.000105164
Simplicity2,ELECTRICITY,555,2010,0.000103341
Simplicity2,ELECTRICITY,556,2010,0.000102836
Simplicity2,ELECTRICITY,557,2010,0.000103324
Simplicity2,ELECTRICITY,558,2010,0.000104968
Simplicity2,ELECTRICITY,559,2010,0.000104529
Simplicity2,ELECTRICITY,560,2010,0.00010588
Simplicity2,ELECTRICITY,561,2010,0.000105831
Simplicity2,ELECTRICITY,562,2010,0.000111105
Simplicity2,ELECTRICITY,563,2010,0.000112146
Simplicity2,ELECTRICITY,564,2010,0.000114425
Simplicity2,ELECTRICITY,565,2010,0.000113986
Simplicity2,ELECTRICITY,566,2010,0.000115483
Simplicity2,ELECTRICITY,567,2010,0.000115662
Simplicity2,ELECTRICITY,568,2010,0.000115369
Simplicity2,ELECTRICITY,569,2010,0.000122726
Simplicity2,ELECTRICITY,570,2010,0.000122498
Simplicity2,ELECTRICITY,571,2010,0.000121115
Simplicity2,ELECTRICITY,572,2010,0.000115451
Simplicity2,ELECTRICITY,573,2010,0.000113009
Simplicity2,ELECTRICITY,574,2010,0.000112944
Simplicity2,ELECTRICITY,575,2010,0.000110958
Simplicity2,ELECTRICITY,576,2010,0.000110291
Simplicity2,ELECTRICITY,577,2010,0.000106319
Simplicity2,ELECTRICITY,578,2010,0.000105082
Simplicity2,ELECTRICITY,579,2010,0.000104285
Simplicity2,ELECTRICITY,580,2010,0.000103845
Simplicity2,ELECTRICITY,581,2010,0.000101485
Simplicity2,ELECTRICITY,582,2010,0.000101062
Simplicity2,ELECTRICITY,583,2010,0.000105815
Simplicity2,ELECTRICITY,584,2010,0.000115206
Simplicity2,ELECTRICITY,585,2010,0.00011812
Simplicity2,ELECTRICITY,586,2010,0.000119585
Simplicity2,ELECTRICITY,587,2010,0.00011869
Simplicity2,ELECTRICITY,588,2010,0.000116134
Simplicity2,ELECTRICITY,589,2010,0.000115792
Simplicity2,ELECTRICITY,590,2010,0.000116671
Simplicity2,ELECTRICITY,591,2010,0.000110454
Simplicity2,ELECTRICITY,592,2010,0.000112081
Simplicity2,ELECTRICITY,593,2010,0.000117518
Simplicity2,ELECTRICITY,594,2010,0.000122043
Simplicity2,ELECTRICITY,595,2010,0.000123915
Simplicity2,ELECTRICITY,596,2010,0.000118852
Simplicity2,ELECTRICITY,597,2010,0.000119455
Simplicity2,ELECTRICITY,598,2010,0.000111495
Simplicity2,ELECTRICITY,599,2010,0.000106352
Simplicity2,ELECTRICITY,600,2010,0.000109965
Simplicity2,ELECTRICITY,601,2010,0.00010461
Simplicity2,ELECTRICITY,602,2010,0.000106743
Simplicity2,ELECTRICITY,603,2010,0.000105294
Simplicity2,ELECTRICITY,604,2010,0.000102771
Simplicity2,ELECTRICITY,605,2010,0.000100948
Simplicity2,ELECTRICITY,606,2010,9.89298E-05
Simplicity2,ELECTRICITY,607,2010,0.000113921
Simplicity2,ELECTRICITY,608,2010,0.000128732
Simplicity2,ELECTRICITY,609,2010,0.000127398
Simplicity2,ELECTRICITY,610,2010,0.000126079
Simplicity2,ELECTRICITY,611,2010,0.000119959
Simplicity2,ELECTRICITY,612,2010,0.000118804
Simplicity2,ELECTRICITY,613,2010,0.000119959
Simplicity2,ELECTRICITY,614,2010,0.000114881
Simplicity2,ELECTRICITY,615,2010,0.000113823
Simplicity2,ELECTRICITY,616,2010,0.000116655
Simplicity2,ELECTRICITY,617,2010,0.00012826
Simplicity2,ELECTRICITY,618,2010,0.000132264
Simplicity2,ELECTRICITY,619,2010,0.000128684
Simplicity2,ELECTRICITY,620,2010,0.000125949
Simplicity2,ELECTRICITY,621,2010,0.000130165
Simplicity2,ELECTRICITY,622,2010,0.000120675
Simplicity2,ELECTRICITY,623,2010,0.000110242
Simplicity2,ELECTRICITY,624,2010,0.000111137
Simplicity2,ELECTRICITY,625,2010,0.0001085
Simplicity2,ELECTRICITY,626,2010,0.000111772
Simplicity2,ELECTRICITY,627,2010,0.000106336
Simplicity2,ELECTRICITY,628,2010,0.000105571
Simplicity2,ELECTRICITY,629,2010,0.000102136
Simplicity2,ELECTRICITY,630,2010,9.87019E-05
Simplicity2,ELECTRICITY,631,2010,0.000102494
Simplicity2,ELECTRICITY,632,2010,0.000116118
Simplicity2,ELECTRICITY,633,2010,0.000121782
Simplicity2,ELECTRICITY,634,2010,0.000120578
Simplicity2,ELECTRICITY,635,2010,0.000118494
Simplicity2,ELECTRICITY,636,2010,0.000118722
Simplicity2,ELECTRICITY,637,2010,0.000118055
Simplicity2,ELECTRICITY,638,2010,0.00011672
Simplicity2,ELECTRICITY,639,2010,0.000117355
Simplicity2,ELECTRICITY,640,2010,0.000121782
Simplicity2,ELECTRICITY,641,2010,0.000126844
Simplicity2,ELECTRICITY,642,2010,0.000126063
Simplicity2,ELECTRICITY,643,2010,0.000124387
Simplicity2,ELECTRICITY,644,2010,0.00012258
Simplicity2,ELECTRICITY,645,2010,0.000126096
Simplicity2,ELECTRICITY,646,2010,0.00012118
Simplicity2,ELECTRICITY,647,2010,0.000115206
Simplicity2,ELECTRICITY,648,2010,0.000116997
Simplicity2,ELECTRICITY,649,2010,0.000110128
Simplicity2,ELECTRICITY,650,2010,0.000108989
Simplicity2,ELECTRICITY,651,2010,0.000108989
Simplicity2,ELECTRICITY,652,2010,0.000105978
Simplicity2,ELECTRICITY,653,2010,0.000104513
Simplicity2,ELECTRICITY,654,2010,0.000106026
Simplicity2,ELECTRICITY,655,2010,0.000106189
Simplicity2,ELECTRICITY,656,2010,0.000119585
Simplicity2,ELECTRICITY,657,2010,0.00012048
Simplicity2,ELECTRICITY,658,2010,0.000122043
Simplicity2,ELECTRICITY,659,2010,0.000124289
Simplicity2,ELECTRICITY,660,2010,0.000121847
Simplicity2,ELECTRICITY,661,2010,0.000119438
Simplicity2,ELECTRICITY,662,2010,0.000119259
Simplicity2,ELECTRICITY,663,2010,0.000122043
Simplicity2,ELECTRICITY,664,2010,0.000124452
Simplicity2,ELECTRICITY,665,2010,0.000127495
Simplicity2,ELECTRICITY,666,2010,0.000125672
Simplicity2,ELECTRICITY,667,2010,0.000123459
Simplicity2,ELECTRICITY,668,2010,0.00011939
Simplicity2,ELECTRICITY,669,2010,0.000117241
Simplicity2,ELECTRICITY,670,2010,0.000119357
Simplicity2,ELECTRICITY,671,2010,0.000115125
Simplicity2,ELECTRICITY,672,2010,0.000113774
Simplicity2,ELECTRICITY,673,2010,0.000114116
Simplicity2,ELECTRICITY,674,2010,0.000112407
Simplicity2,ELECTRICITY,675,2010,0.000111512
Simplicity2,ELECTRICITY,676,2010,0.000111691
Simplicity2,ELECTRICITY,677,2010,0.000109917
Simplicity2,ELECTRICITY,678,2010,0.000105229
Simplicity2,ELECTRICITY,679,2010,0.000100395
Simplicity2,ELECTRICITY,680,2010,0.000107947
Simplicity2,ELECTRICITY,681,2010,0.000113839
Simplicity2,ELECTRICITY,682,2010,0.00011353
Simplicity2,ELECTRICITY,683,2010,0.000112586
Simplicity2,ELECTRICITY,684,2010,0.000109428
Simplicity2,ELECTRICITY,685,2010,0.000110161
Simplicity2,ELECTRICITY,686,2010,0.000113937
Simplicity2,ELECTRICITY,687,2010,0.000115434
Simplicity2,ELECTRICITY,688,2010,0.000113497
Simplicity2,ELECTRICITY,689,2010,0.000116688
Simplicity2,ELECTRICITY,690,2010,0.00011187
Simplicity2,ELECTRICITY,691,2010,0.000112114
Simplicity2,ELECTRICITY,692,2010,0.000112635
Simplicity2,ELECTRICITY,693,2010,0.000111381
Simplicity2,ELECTRICITY,694,2010,0.000109461
Simplicity2,ELECTRICITY,695,2010,0.000111707
Simplicity2,ELECTRICITY,696,2010,0.000110047
Simplicity2,ELECTRICITY,697,2010,0.000107101
Simplicity2,ELECTRICITY,698,2010,0.000104545
Simplicity2,ELECTRICITY,699,2010,0.00010435
Simplicity2,ELECTRICITY,700,2010,0.000102201
Simplicity2,ELECTRICITY,701,2010,0.000100264
Simplicity2,ELECTRICITY,702,2010,9.90763E-05
Simplicity2,ELECTRICITY,703,2010,8.4118E-05
Simplicity2,ELECTRICITY,704,2010,9.58535E-05
Simplicity2,ELECTRICITY,705,2010,0.000101469
Simplicity2,ELECTRICITY,706,2010,0.000107377
Simplicity2,ELECTRICITY,707,2010,0.000106775
Simplicity2,ELECTRICITY,708,2010,0.000108289
Simplicity2,ELECTRICITY,709,2010,0.000108435
Simplicity2,ELECTRICITY,710,2010,0.000108191
Simplicity2,ELECTRICITY,711,2010,0.000105994
Simplicity2,ELECTRICITY,712,2010,0.000106482
Simplicity2,ELECTRICITY,713,2010,0.000113709
Simplicity2,ELECTRICITY,714,2010,0.000118136
Simplicity2,ELECTRICITY,715,2010,0.000113595
Simplicity2,ELECTRICITY,716,2010,0.000108891
Simplicity2,ELECTRICITY,717,2010,0.000106026
Simplicity2,ELECTRICITY,718,2010,0.000105359
Simplicity2,ELECTRICITY,719,2010,0.000115939
Simplicity2,ELECTRICITY,720,2010,0.000114197
Simplicity2,ELECTRICITY,721,2010,0.000102787
Simplicity2,ELECTRICITY,722,2010,9.89949E-05
Simplicity2,ELECTRICITY,723,2010,0.000101436
Simplicity2,ELECTRICITY,724,2010,0.000101941
Simplicity2,ELECTRICITY,725,2010,0.000102397
Simplicity2,ELECTRICITY,726,2010,9.86856E-05
Simplicity2,ELECTRICITY,727,2010,0.000100655
Simplicity2,ELECTRICITY,728,2010,0.00010562
Simplicity2,ELECTRICITY,729,2010,0.000105815
Simplicity2,ELECTRICITY,730,2010,0.000110877
Simplicity2,ELECTRICITY,731,2010,0.000116753
Simplicity2,ELECTRICITY,732,2010,0.000113204
Simplicity2,ELECTRICITY,733,2010,0.00010964
Simplicity2,ELECTRICITY,734,2010,0.000112016
Simplicity2,ELECTRICITY,735,2010,0.000116151
Simplicity2,ELECTRICITY,736,2010,0.000109558
Simplicity2,ELECTRICITY,737,2010,0.000112277
Simplicity2,ELECTRICITY,738,2010,0.000116948
Simplicity2,ELECTRICITY,739,2010,0.000116444
Simplicity2,ELECTRICITY,740,2010,0.000111593
Simplicity2,ELECTRICITY,741,2010,0.000109184
Simplicity2,ELECTRICITY,742,2010,0.000109672
Simplicity2,ELECTRICITY,743,2010,0.00010894
Simplicity2,ELECTRICITY,744,2010,0.000108061
Simplicity2,ELECTRICITY,745,2010,0.000104415
Simplicity2,ELECTRICITY,746,2010,0.00010697
Simplicity2,ELECTRICITY,747,2010,0.000105099
Simplicity2,ELECTRICITY,748,2010,9.97599E-05
Simplicity2,ELECTRICITY,749,2010,9.39979E-05
Simplicity2,ELECTRICITY,750,2010,9.22401E-05
Simplicity2,ELECTRICITY,751,2010,0.000107459
Simplicity2,ELECTRICITY,752,2010,0.000115939
Simplicity2,ELECTRICITY,753,2010,0.000117078
Simplicity2,ELECTRICITY,754,2010,0.000119536
Simplicity2,ELECTRICITY,755,2010,0.000117241
Simplicity2,ELECTRICITY,756,2010,0.000115988
Simplicity2,ELECTRICITY,757,2010,0.00011659
Simplicity2,ELECTRICITY,758,2010,0.000117681
Simplicity2,ELECTRICITY,759,2010,0.000116769
Simplicity2,ELECTRICITY,760,2010,0.000119129
Simplicity2,ELECTRICITY,761,2010,0.000125428
Simplicity2,ELECTRICITY,762,2010,0.000125233
Simplicity2,ELECTRICITY,763,2010,0.000121066
Simplicity2,ELECTRICITY,764,2010,0.000119471
Simplicity2,ELECTRICITY,765,2010,0.000120203
Simplicity2,ELECTRICITY,766,2010,0.000122173
Simplicity2,ELECTRICITY,767,2010,0.000114344
Simplicity2,ELECTRICITY,768,2010,0.000109233
Simplicity2,ELECTRICITY,769,2010,0.000107036
Simplicity2,ELECTRICITY,770,2010,0.000104269
Simplicity2,ELECTRICITY,771,2010,0.00010199
Simplicity2,ELECTRICITY,772,2010,0.000101095
Simplicity2,ELECTRICITY,773,2010,0.000100737
Simplicity2,ELECTRICITY,774,2010,9.94181E-05
Simplicity2,ELECTRICITY,775,2010,0.000105847
Simplicity2,ELECTRICITY,776,2010,0.000123377
Simplicity2,ELECTRICITY,777,2010,0.000122092
Simplicity2,ELECTRICITY,778,2010,0.000123801
Simplicity2,ELECTRICITY,779,2010,0.000126649
Simplicity2,ELECTRICITY,780,2010,0.000123182
Simplicity2,ELECTRICITY,781,2010,0.000119585
Simplicity2,ELECTRICITY,782,2010,0.000118494
Simplicity2,ELECTRICITY,783,2010,0.000116899
Simplicity2,ELECTRICITY,784,2010,0.000114653
Simplicity2,ELECTRICITY,785,2010,0.000114328
Simplicity2,ELECTRICITY,786,2010,0.000113904
Simplicity2,ELECTRICITY,787,2010,0.000113123
Simplicity2,ELECTRICITY,788,2010,0.000111919
Simplicity2,ELECTRICITY,789,2010,0.000118022
Simplicity2,ELECTRICITY,790,2010,0.000117729
Simplicity2,ELECTRICITY,791,2010,0.000118185
Simplicity2,ELECTRICITY,792,2010,0.000114718
Simplicity2,ELECTRICITY,793,2010,0.000107622
Simplicity2,ELECTRICITY,794,2010,0.000104317
Simplicity2,ELECTRICITY,795,2010,0.00010238
Simplicity2,ELECTRICITY,796,2010,9.9353E-05
Simplicity2,ELECTRICITY,797,2010,0.000100655
Simplicity2,ELECTRICITY,798,2010,9.9532E-05
Simplicity2,ELECTRICITY,799,2010,0.000106271
Simplicity2,ELECTRICITY,800,2010,0.000114897
Simplicity2,ELECTRICITY,801,2010,0.000118283
Simplicity2,ELECTRICITY,802,2010,0.000120252
Simplicity2,ELECTRICITY,803,2010,0.000124484
Simplicity2,ELECTRICITY,804,2010,0.000126177
Simplicity2,ELECTRICITY,805,2010,0.000123036
Simplicity2,ELECTRICITY,806,2010,0.000121717
Simplicity2,ELECTRICITY,807,2010,0.000123263
Simplicity2,ELECTRICITY,808,2010,0.000121782
Simplicity2,ELECTRICITY,809,2010,0.000122075
Simplicity2,ELECTRICITY,810,2010,0.000120855
Simplicity2,ELECTRICITY,811,2010,0.000121571
Simplicity2,ELECTRICITY,812,2010,0.000123101
Simplicity2,ELECTRICITY,813,2010,0.000126926
Simplicity2,ELECTRICITY,814,2010,0.000122629
Simplicity2,ELECTRICITY,815,2010,0.000105766
Simplicity2,ELECTRICITY,816,2010,0.000102039
Simplicity2,ELECTRICITY,817,2010,9.42095E-05
Simplicity2,ELECTRICITY,818,2010,9.23703E-05
Simplicity2,ELECTRICITY,819,2010,9.06287E-05
Simplicity2,ELECTRICITY,820,2010,9.01729E-05
Simplicity2,ELECTRICITY,821,2010,8.93916E-05
Simplicity2,ELECTRICITY,822,2010,9.56419E-05
Simplicity2,ELECTRICITY,823,2010,0.000102429
Simplicity2,ELECTRICITY,824,2010,0.000114311
Simplicity2,ELECTRICITY,825,2010,0.000125152
Simplicity2,ELECTRICITY,826,2010,0.000121392
Simplicity2,ELECTRICITY,827,2010,0.000123345
Simplicity2,ELECTRICITY,828,2010,0.000120496
Simplicity2,ELECTRICITY,829,2010,0.000115093
Simplicity2,ELECTRICITY,830,2010,0.000116102
Simplicity2,ELECTRICITY,831,2010,0.000120382
Simplicity2,ELECTRICITY,832,2010,0.000120448
Simplicity2,ELECTRICITY,833,2010,0.000121343
Simplicity2,ELECTRICITY,834,2010,0.000124907
Simplicity2,ELECTRICITY,835,2010,0.000129172
Simplicity2,ELECTRICITY,836,2010,0.000125184
Simplicity2,ELECTRICITY,837,2010,0.000129449
Simplicity2,ELECTRICITY,838,2010,0.000123703
Simplicity2,ELECTRICITY,839,2010,0.000112993
Simplicity2,ELECTRICITY,840,2010,0.000109152
Simplicity2,ELECTRICITY,841,2010,0.000105392
Simplicity2,ELECTRICITY,842,2010,0.000102918
Simplicity2,ELECTRICITY,843,2010,0.000100834
Simplicity2,ELECTRICITY,844,2010,9.91577E-05
Simplicity2,ELECTRICITY,845,2010,9.87996E-05
Simplicity2,ELECTRICITY,846,2010,9.82624E-05
Simplicity2,ELECTRICITY,847,2010,0.000105864
Simplicity2,ELECTRICITY,848,2010,0.000114523
Simplicity2,ELECTRICITY,849,2010,0.000115809
Simplicity2,ELECTRICITY,850,2010,0.000114035
Simplicity2,ELECTRICITY,851,2010,0.000115288
Simplicity2,ELECTRICITY,852,2010,0.000116671
Simplicity2,ELECTRICITY,853,2010,0.000112732
Simplicity2,ELECTRICITY,854,2010,0.000114751
Simplicity2,ELECTRICITY,855,2010,0.000115727
Simplicity2,ELECTRICITY,856,2010,0.000113449
Simplicity2,ELECTRICITY,857,2010,0.000118283
Simplicity2,ELECTRICITY,858,2010,0.000121945
Simplicity2,ELECTRICITY,859,2010,0.00011869
Simplicity2,ELECTRICITY,860,2010,0.00011672
Simplicity2,ELECTRICITY,861,2010,0.000117908
Simplicity2,ELECTRICITY,862,2010,0.000115809
Simplicity2,ELECTRICITY,863,2010,0.000114214
Simplicity2,ELECTRICITY,864,2010,0.000109152
Simplicity2,ELECTRICITY,865,2010,0.000104155
Simplicity2,ELECTRICITY,866,2010,0.000102006
Simplicity2,ELECTRICITY,867,2010,0.000101827
Simplicity2,ELECTRICITY,868,2010,0.000100639
Simplicity2,ELECTRICITY,869,2010,0.000102543
Simplicity2,ELECTRICITY,870,2010,0.000101485
Simplicity2,ELECTRICITY,871,2010,9.69929E-05
Simplicity2,ELECTRICITY,872,2010,0.000104513
Simplicity2,ELECTRICITY,873,2010,0.000108973
Simplicity2,ELECTRICITY,874,2010,0.000114914
Simplicity2,ELECTRICITY,875,2010,0.000109526
Simplicity2,ELECTRICITY,876,2010,0.000106775
Simplicity2,ELECTRICITY,877,2010,0.00010658
Simplicity2,ELECTRICITY,878,2010,0.00010645
Simplicity2,ELECTRICITY,879,2010,0.000103813
Simplicity2,ELECTRICITY,880,2010,0.00010225
Simplicity2,ELECTRICITY,881,2010,0.000105424
Simplicity2,ELECTRICITY,882,2010,0.000106124
Simplicity2,ELECTRICITY,883,2010,0.000111528
Simplicity2,ELECTRICITY,884,2010,0.000102283
Simplicity2,ELECTRICITY,885,2010,0.000106059
Simplicity2,ELECTRICITY,886,2010,9.72858E-05
Simplicity2,ELECTRICITY,887,2010,0.000101436
Simplicity2,ELECTRICITY,888,2010,0.00010378
Simplicity2,ELECTRICITY,889,2010,0.00010085
Simplicity2,ELECTRICITY,890,2010,9.92228E-05
Simplicity2,ELECTRICITY,891,2010,9.81811E-05
Simplicity2,ELECTRICITY,892,2010,9.72045E-05
Simplicity2,ELECTRICITY,893,2010,9.74323E-05
Simplicity2,ELECTRICITY,894,2010,9.72045E-05
Simplicity2,ELECTRICITY,895,2010,9.58698E-05
Simplicity2,ELECTRICITY,896,2010,0.000100281
Simplicity2,ELECTRICITY,897,2010,0.000106043
Simplicity2,ELECTRICITY,898,2010,0.000109379
Simplicity2,ELECTRICITY,899,2010,0.000109819
Simplicity2,ELECTRICITY,900,2010,0.000109542
Simplicity2,ELECTRICITY,901,2010,0.0001085
Simplicity2,ELECTRICITY,902,2010,0.000106482
Simplicity2,ELECTRICITY,903,2010,0.000106954
Simplicity2,ELECTRICITY,904,2010,0.000107019
Simplicity2,ELECTRICITY,905,2010,0.000106987
Simplicity2,ELECTRICITY,906,2010,0.000113693
Simplicity2,ELECTRICITY,907,2010,0.000109672
Simplicity2,ELECTRICITY,908,2010,0.000104627
Simplicity2,ELECTRICITY,909,2010,0.00010671
Simplicity2,ELECTRICITY,910,2010,0.000108777
Simplicity2,ELECTRICITY,911,2010,0.000110307
Simplicity2,ELECTRICITY,912,2010,0.000106336
Simplicity2,ELECTRICITY,913,2010,0.000103976
Simplicity2,ELECTRICITY,914,2010,0.000104431
Simplicity2,ELECTRICITY,915,2010,0.000101648
Simplicity2,ELECTRICITY,916,2010,9.98738E-05
Simplicity2,ELECTRICITY,917,2010,9.64232E-05
Simplicity2,ELECTRICITY,918,2010,9.74323E-05
Simplicity2,ELECTRICITY,919,2010,9.67487E-05
Simplicity2,ELECTRICITY,920,2010,0.000116492
Simplicity2,ELECTRICITY,921,2010,0.000121229
Simplicity2,ELECTRICITY,922,2010,0.000111967
Simplicity2,ELECTRICITY,923,2010,0.000111251
Simplicity2,ELECTRICITY,924,2010,0.000110275
Simplicity2,ELECTRICITY,925,2010,0.000109054
Simplicity2,ELECTRICITY,926,2010,0.000108224
Simplicity2,ELECTRICITY,927,2010,0.00011174
Simplicity2,ELECTRICITY,928,2010,0.000107263
Simplicity2,ELECTRICITY,929,2010,0.000104236
Simplicity2,ELECTRICITY,930,2010,0.000110535
Simplicity2,ELECTRICITY,931,2010,0.000113514
Simplicity2,ELECTRICITY,932,2010,0.000113693
Simplicity2,ELECTRICITY,933,2010,0.00011034
Simplicity2,ELECTRICITY,934,2010,0.000109803
Simplicity2,ELECTRICITY,935,2010,0.000106889
Simplicity2,ELECTRICITY,936,2010,0.00010391
Simplicity2,ELECTRICITY,937,2010,9.90763E-05
Simplicity2,ELECTRICITY,938,2010,9.92065E-05
Simplicity2,ELECTRICITY,939,2010,9.92716E-05
Simplicity2,ELECTRICITY,940,2010,9.81973E-05
Simplicity2,ELECTRICITY,941,2010,9.46978E-05
Simplicity2,ELECTRICITY,942,2010,9.36724E-05
Simplicity2,ELECTRICITY,943,2010,9.84252E-05
Simplicity2,ELECTRICITY,944,2010,0.000114409
Simplicity2,ELECTRICITY,945,2010,0.000120496
Simplicity2,ELECTRICITY,946,2010,0.000119813
Simplicity2,ELECTRICITY,947,2010,0.000118771
Simplicity2,ELECTRICITY,948,2010,0.000116476
Simplicity2,ELECTRICITY,949,2010,0.000114995
Simplicity2,ELECTRICITY,950,2010,0.000112846
Simplicity2,ELECTRICITY,951,2010,0.000107068
Simplicity2,ELECTRICITY,952,2010,0.000102934
Simplicity2,ELECTRICITY,953,2010,0.000108191
Simplicity2,ELECTRICITY,954,2010,0.000119634
Simplicity2,ELECTRICITY,955,2010,0.000121082
Simplicity2,ELECTRICITY,956,2010,0.000121831
Simplicity2,ELECTRICITY,957,2010,0.000119276
Simplicity2,ELECTRICITY,958,2010,0.00011366
Simplicity2,ELECTRICITY,959,2010,0.00010754
Simplicity2,ELECTRICITY,960,2010,0.000107052
Simplicity2,ELECTRICITY,961,2010,0.000101843
Simplicity2,ELECTRICITY,962,2010,9.97273E-05
Simplicity2,ELECTRICITY,963,2010,9.42747E-05
Simplicity2,ELECTRICITY,964,2010,9.07263E-05
Simplicity2,ELECTRICITY,965,2010,8.86755E-05
Simplicity2,ELECTRICITY,966,2010,8.68525E-05
Simplicity2,ELECTRICITY,967,2010,9.91739E-05
Simplicity2,ELECTRICITY,968,2010,0.000112212
Simplicity2,ELECTRICITY,969,2010,0.000119504
Simplicity2,ELECTRICITY,970,2010,0.000116948
Simplicity2,ELECTRICITY,971,2010,0.000120741
Simplicity2,ELECTRICITY,972,2010,0.000117892
Simplicity2,ELECTRICITY,973,2010,0.000115988
Simplicity2,ELECTRICITY,974,2010,0.00011353
Simplicity2,ELECTRICITY,975,2010,0.00011283
Simplicity2,ELECTRICITY,976,2010,0.000113497
Simplicity2,ELECTRICITY,977,2010,0.000118657
Simplicity2,ELECTRICITY,978,2010,0.00012551
Simplicity2,ELECTRICITY,979,2010,0.000121864
Simplicity2,ELECTRICITY,980,2010,0.000120415
Simplicity2,ELECTRICITY,981,2010,0.000122987
Simplicity2,ELECTRICITY,982,2010,0.000117013
Simplicity2,ELECTRICITY,983,2010,0.00011226
Simplicity2,ELECTRICITY,984,2010,0.000108012
Simplicity2,ELECTRICITY,985,2010,0.000102397
Simplicity2,ELECTRICITY,986,2010,9.95157E-05
Simplicity2,ELECTRICITY,987,2010,9.69766E-05
Simplicity2,ELECTRICITY,988,2010,9.50885E-05
Simplicity2,ELECTRICITY,989,2010,9.66022E-05
Simplicity2,ELECTRICITY,990,2010,9.55117E-05
Simplicity2,ELECTRICITY,991,2010,0.000107296
Simplicity2,ELECTRICITY,992,2010,0.000117925
Simplicity2,ELECTRICITY,993,2010,0.000119764
Simplicity2,ELECTRICITY,994,2010,0.000119276
Simplicity2,ELECTRICITY,995,2010,0.000120285
Simplicity2,ELECTRICITY,996,2010,0.000120057
Simplicity2,ELECTRICITY,997,2010,0.000118299
Simplicity2,ELECTRICITY,998,2010,0.000116004
Simplicity2,ELECTRICITY,999,2010,0.000117436
Simplicity2,ELECTRICITY,1000,2010,0.000119748
Simplicity2,ELECTRICITY,1001,2010,0.000121701
Simplicity2,ELECTRICITY,1002,2010,0.000124891
Simplicity2,ELECTRICITY,1003,2010,0.000119748
Simplicity2,ELECTRICITY,1004,2010,0.000119829
Simplicity2,ELECTRICITY,1005,2010,0.000120382
Simplicity2,ELECTRICITY,1006,2010,0.000113546
Simplicity2,ELECTRICITY,1007,2010,0.000111805
Simplicity2,ELECTRICITY,1008,2010,0.000107752
Simplicity2,ELECTRICITY,1009,2010,0.000104285
Simplicity2,ELECTRICITY,1010,2010,0.00010199
Simplicity2,ELECTRICITY,1011,2010,0.000104675
Simplicity2,ELECTRICITY,1012,2010,0.000103015
Simplicity2,ELECTRICITY,1013,2010,9.87833E-05
Simplicity2,ELECTRICITY,1014,2010,9.90437E-05
Simplicity2,ELECTRICITY,1015,2010,0.000106759
Simplicity2,ELECTRICITY,1016,2010,0.000118739
Simplicity2,ELECTRICITY,1017,2010,0.000121245
Simplicity2,ELECTRICITY,1018,2010,0.00011991
Simplicity2,ELECTRICITY,1019,2010,0.000119292
Simplicity2,ELECTRICITY,1020,2010,0.00011991
Simplicity2,ELECTRICITY,1021,2010,0.000117746
Simplicity2,ELECTRICITY,1022,2010,0.000117697
Simplicity2,ELECTRICITY,1023,2010,0.000119666
Simplicity2,ELECTRICITY,1024,2010,0.000122775
Simplicity2,ELECTRICITY,1025,2010,0.000126307
Simplicity2,ELECTRICITY,1026,2010,0.00013202
Simplicity2,ELECTRICITY,1027,2010,0.000126616
Simplicity2,ELECTRICITY,1028,2010,0.00012284
Simplicity2,ELECTRICITY,1029,2010,0.000120317
Simplicity2,ELECTRICITY,1030,2010,0.000118055
Simplicity2,ELECTRICITY,1031,2010,0.000110877
Simplicity2,ELECTRICITY,1032,2010,0.000106629
Simplicity2,ELECTRICITY,1033,2010,0.00010518
Simplicity2,ELECTRICITY,1034,2010,0.000104317
Simplicity2,ELECTRICITY,1035,2010,0.000101469
Simplicity2,ELECTRICITY,1036,2010,0.000100802
Simplicity2,ELECTRICITY,1037,2010,0.000100769
Simplicity2,ELECTRICITY,1038,2010,9.61302E-05
Simplicity2,ELECTRICITY,1039,2010,9.04171E-05
Simplicity2,ELECTRICITY,1040,2010,9.64069E-05
Simplicity2,ELECTRICITY,1041,2010,0.000105147
Simplicity2,ELECTRICITY,1042,2010,0.000111154
Simplicity2,ELECTRICITY,1043,2010,0.000112928
Simplicity2,ELECTRICITY,1044,2010,0.000114132
Simplicity2,ELECTRICITY,1045,2010,0.000109054
Simplicity2,ELECTRICITY,1046,2010,0.000107231
Simplicity2,ELECTRICITY,1047,2010,0.000108077
Simplicity2,ELECTRICITY,1048,2010,0.000108549
Simplicity2,ELECTRICITY,1049,2010,0.000109493
Simplicity2,ELECTRICITY,1050,2010,0.000118852
Simplicity2,ELECTRICITY,1051,2010,0.000116834
Simplicity2,ELECTRICITY,1052,2010,0.0001106
Simplicity2,ELECTRICITY,1053,2010,0.000107166
Simplicity2,ELECTRICITY,1054,2010,9.86043E-05
Simplicity2,ELECTRICITY,1055,2010,0.000106319
Simplicity2,ELECTRICITY,1056,2010,0.000104757
Simplicity2,ELECTRICITY,1057,2010,0.000102836
Simplicity2,ELECTRICITY,1058,2010,9.92065E-05
Simplicity2,ELECTRICITY,1059,2010,9.59837E-05
Simplicity2,ELECTRICITY,1060,2010,9.56744E-05
Simplicity2,ELECTRICITY,1061,2010,9.58372E-05
Simplicity2,ELECTRICITY,1062,2010,9.42909E-05
Simplicity2,ELECTRICITY,1063,2010,9.37538E-05
Simplicity2,ELECTRICITY,1064,2010,9.89135E-05
Simplicity2,ELECTRICITY,1065,2010,0.00010505
Simplicity2,ELECTRICITY,1066,2010,0.000108989
Simplicity2,ELECTRICITY,1067,2010,0.000113058
Simplicity2,ELECTRICITY,1068,2010,0.000111951
Simplicity2,ELECTRICITY,1069,2010,0.000113074
Simplicity2,ELECTRICITY,1070,2010,0.000111072
Simplicity2,ELECTRICITY,1071,2010,0.000108696
Simplicity2,ELECTRICITY,1072,2010,0.000109835
Simplicity2,ELECTRICITY,1073,2010,0.000107215
Simplicity2,ELECTRICITY,1074,2010,0.000107166
Simplicity2,ELECTRICITY,1075,2010,0.00010142
Simplicity2,ELECTRICITY,1076,2010,0.000106922
Simplicity2,ELECTRICITY,1077,2010,0.000107963
Simplicity2,ELECTRICITY,1078,2010,0.000111821
Simplicity2,ELECTRICITY,1079,2010,0.000109347
Simplicity2,ELECTRICITY,1080,2010,0.000110763
Simplicity2,ELECTRICITY,1081,2010,0.000107556
Simplicity2,ELECTRICITY,1082,2010,0.000105359
Simplicity2,ELECTRICITY,1083,2010,0.000105408
Simplicity2,ELECTRICITY,1084,2010,0.000103113
Simplicity2,ELECTRICITY,1085,2010,9.74649E-05
Simplicity2,ELECTRICITY,1086,2010,9.87833E-05
Simplicity2,ELECTRICITY,1087,2010,0.000106466
Simplicity2,ELECTRICITY,1088,2010,0.000122515
Simplicity2,ELECTRICITY,1089,2010,0.000126437
Simplicity2,ELECTRICITY,1090,2010,0.000125461
Simplicity2,ELECTRICITY,1091,2010,0.000118657
Simplicity2,ELECTRICITY,1092,2010,0.00011576
Simplicity2,ELECTRICITY,1093,2010,0.000115223
Simplicity2,ELECTRICITY,1094,2010,0.00011379
Simplicity2,ELECTRICITY,1095,2010,0.000112798
Simplicity2,ELECTRICITY,1096,2010,0.000113856
Simplicity2,ELECTRICITY,1097,2010,0.00011423
Simplicity2,ELECTRICITY,1098,2010,0.000119292
Simplicity2,ELECTRICITY,1099,2010,0.000117664
Simplicity2,ELECTRICITY,1100,2010,0.000115923
Simplicity2,ELECTRICITY,1101,2010,0.000114816
Simplicity2,ELECTRICITY,1102,2010,0.000111381
Simplicity2,ELECTRICITY,1103,2010,0.000110079
Simplicity2,ELECTRICITY,1104,2010,0.000107947
Simplicity2,ELECTRICITY,1105,2010,0.000111219
Simplicity2,ELECTRICITY,1106,2010,0.00010881
Simplicity2,ELECTRICITY,1107,2010,0.000109721
Simplicity2,ELECTRICITY,1108,2010,0.000108712
Simplicity2,ELECTRICITY,1109,2010,0.000107117
Simplicity2,ELECTRICITY,1110,2010,0.000107573
Simplicity2,ELECTRICITY,1111,2010,0.000110128
Simplicity2,ELECTRICITY,1112,2010,0.000127333
Simplicity2,ELECTRICITY,1113,2010,0.000131044
Simplicity2,ELECTRICITY,1114,2010,0.000123101
Simplicity2,ELECTRICITY,1115,2010,0.000121115
Simplicity2,ELECTRICITY,1116,2010,0.000122026
Simplicity2,ELECTRICITY,1117,2010,0.000118136
Simplicity2,ELECTRICITY,1118,2010,0.000115646
Simplicity2,ELECTRICITY,1119,2010,0.000118201
Simplicity2,ELECTRICITY,1120,2010,0.000121278
Simplicity2,ELECTRICITY,1121,2010,0.000117209
Simplicity2,ELECTRICITY,1122,2010,0.000131027
Simplicity2,ELECTRICITY,1123,2010,0.000127658
Simplicity2,ELECTRICITY,1124,2010,0.000127886
Simplicity2,ELECTRICITY,1125,2010,0.000125591
Simplicity2,ELECTRICITY,1126,2010,0.000123508
Simplicity2,ELECTRICITY,1127,2010,0.000122564
Simplicity2,ELECTRICITY,1128,2010,0.000124012
Simplicity2,ELECTRICITY,1129,2010,0.000113904
Simplicity2,ELECTRICITY,1130,2010,0.000110161
Simplicity2,ELECTRICITY,1131,2010,0.000108793
Simplicity2,ELECTRICITY,1132,2010,0.000107394
Simplicity2,ELECTRICITY,1133,2010,0.000106661
Simplicity2,ELECTRICITY,1134,2010,0.000107654
Simplicity2,ELECTRICITY,1135,2010,0.000122824
Simplicity2,ELECTRICITY,1136,2010,0.000141184
Simplicity2,ELECTRICITY,1137,2010,0.000146165
Simplicity2,ELECTRICITY,1138,2010,0.000138026
Simplicity2,ELECTRICITY,1139,2010,0.000130881
Simplicity2,ELECTRICITY,1140,2010,0.000126193
Simplicity2,ELECTRICITY,1141,2010,0.000125721
Simplicity2,ELECTRICITY,1142,2010,0.000123491
Simplicity2,ELECTRICITY,1143,2010,0.000121001
Simplicity2,ELECTRICITY,1144,2010,0.000119552
Simplicity2,ELECTRICITY,1145,2010,0.000125672
Simplicity2,ELECTRICITY,1146,2010,0.000132981
Simplicity2,ELECTRICITY,1147,2010,0.000128374
Simplicity2,ELECTRICITY,1148,2010,0.00013469
Simplicity2,ELECTRICITY,1149,2010,0.000135292
Simplicity2,ELECTRICITY,1150,2010,0.000133697
Simplicity2,ELECTRICITY,1151,2010,0.000122417
Simplicity2,ELECTRICITY,1152,2010,0.000117908
Simplicity2,ELECTRICITY,1153,2010,0.000115499
Simplicity2,ELECTRICITY,1154,2010,0.000114067
Simplicity2,ELECTRICITY,1155,2010,0.000114523
Simplicity2,ELECTRICITY,1156,2010,0.000112781
Simplicity2,ELECTRICITY,1157,2010,0.000109086
Simplicity2,ELECTRICITY,1158,2010,0.000110486
Simplicity2,ELECTRICITY,1159,2010,0.00012131
Simplicity2,ELECTRICITY,1160,2010,0.00013941
Simplicity2,ELECTRICITY,1161,2010,0.000142665
Simplicity2,ELECTRICITY,1162,2010,0.000138564
Simplicity2,ELECTRICITY,1163,2010,0.000132102
Simplicity2,ELECTRICITY,1164,2010,0.000130621
Simplicity2,ELECTRICITY,1165,2010,0.000129042
Simplicity2,ELECTRICITY,1166,2010,0.000128065
Simplicity2,ELECTRICITY,1167,2010,0.000127853
Simplicity2,ELECTRICITY,1168,2010,0.000125575
Simplicity2,ELECTRICITY,1169,2010,0.000131792
Simplicity2,ELECTRICITY,1170,2010,0.00013259
Simplicity2,ELECTRICITY,1171,2010,0.000136008
Simplicity2,ELECTRICITY,1172,2010,0.000139003
Simplicity2,ELECTRICITY,1173,2010,0.000140956
Simplicity2,ELECTRICITY,1174,2010,0.000135959
Simplicity2,ELECTRICITY,1175,2010,0.000123101
Simplicity2,ELECTRICITY,1176,2010,0.000115597
Simplicity2,ELECTRICITY,1177,2010,0.000110975
Simplicity2,ELECTRICITY,1178,2010,0.000110535
Simplicity2,ELECTRICITY,1179,2010,0.000109184
Simplicity2,ELECTRICITY,1180,2010,0.000110193
Simplicity2,ELECTRICITY,1181,2010,0.0001092
Simplicity2,ELECTRICITY,1182,2010,0.000110258
Simplicity2,ELECTRICITY,1183,2010,0.000117664
Simplicity2,ELECTRICITY,1184,2010,0.000142616
Simplicity2,ELECTRICITY,1185,2010,0.000147011
Simplicity2,ELECTRICITY,1186,2010,0.000136382
Simplicity2,ELECTRICITY,1187,2010,0.000136724
Simplicity2,ELECTRICITY,1188,2010,0.000127674
Simplicity2,ELECTRICITY,1189,2010,0.000126747
Simplicity2,ELECTRICITY,1190,2010,0.000123768
Simplicity2,ELECTRICITY,1191,2010,0.000122677
Simplicity2,ELECTRICITY,1192,2010,0.000119569
Simplicity2,ELECTRICITY,1193,2010,0.000123524
Simplicity2,ELECTRICITY,1194,2010,0.000129416
Simplicity2,ELECTRICITY,1195,2010,0.000122401
Simplicity2,ELECTRICITY,1196,2010,0.000125575
Simplicity2,ELECTRICITY,1197,2010,0.000130914
Simplicity2,ELECTRICITY,1198,2010,0.000125624
Simplicity2,ELECTRICITY,1199,2010,0.000120985
Simplicity2,ELECTRICITY,1200,2010,0.000119748
Simplicity2,ELECTRICITY,1201,2010,0.000110893
Simplicity2,ELECTRICITY,1202,2010,0.000106759
Simplicity2,ELECTRICITY,1203,2010,0.000105912
Simplicity2,ELECTRICITY,1204,2010,0.000107654
Simplicity2,ELECTRICITY,1205,2010,0.000109428
Simplicity2,ELECTRICITY,1206,2010,0.000110226
Simplicity2,ELECTRICITY,1207,2010,0.000108907
Simplicity2,ELECTRICITY,1208,2010,0.000115548
Simplicity2,ELECTRICITY,1209,2010,0.00012214
Simplicity2,ELECTRICITY,1210,2010,0.000120285
Simplicity2,ELECTRICITY,1211,2010,0.000121782
Simplicity2,ELECTRICITY,1212,2010,0.000119699
Simplicity2,ELECTRICITY,1213,2010,0.000117957
Simplicity2,ELECTRICITY,1214,2010,0.000116297
Simplicity2,ELECTRICITY,1215,2010,0.000114425
Simplicity2,ELECTRICITY,1216,2010,0.000113888
Simplicity2,ELECTRICITY,1217,2010,0.000114067
Simplicity2,ELECTRICITY,1218,2010,0.000119113
Simplicity2,ELECTRICITY,1219,2010,0.00011506
Simplicity2,ELECTRICITY,1220,2010,0.000113904
Simplicity2,ELECTRICITY,1221,2010,0.000113546
Simplicity2,ELECTRICITY,1222,2010,0.000113107
Simplicity2,ELECTRICITY,1223,2010,0.00011379
Simplicity2,ELECTRICITY,1224,2010,0.000109233
Simplicity2,ELECTRICITY,1225,2010,0.000103878
Simplicity2,ELECTRICITY,1226,2010,0.000100118
Simplicity2,ELECTRICITY,1227,2010,9.88159E-05
Simplicity2,ELECTRICITY,1228,2010,9.94344E-05
Simplicity2,ELECTRICITY,1229,2010,0.000101713
Simplicity2,ELECTRICITY,1230,2010,0.000103943
Simplicity2,ELECTRICITY,1231,2010,0.000108956
Simplicity2,ELECTRICITY,1232,2010,0.000114311
Simplicity2,ELECTRICITY,1233,2010,0.000118576
Simplicity2,ELECTRICITY,1234,2010,0.000119699
Simplicity2,ELECTRICITY,1235,2010,0.000116834
Simplicity2,ELECTRICITY,1236,2010,0.000114734
Simplicity2,ELECTRICITY,1237,2010,0.000111202
Simplicity2,ELECTRICITY,1238,2010,0.000110486
Simplicity2,ELECTRICITY,1239,2010,0.000109542
Simplicity2,ELECTRICITY,1240,2010,0.000109152
Simplicity2,ELECTRICITY,1241,2010,0.000108273
Simplicity2,ELECTRICITY,1242,2010,0.000105668
Simplicity2,ELECTRICITY,1243,2010,0.000108468
Simplicity2,ELECTRICITY,1244,2010,0.0001099
Simplicity2,ELECTRICITY,1245,2010,0.000107166
Simplicity2,ELECTRICITY,1246,2010,0.000106564
Simplicity2,ELECTRICITY,1247,2010,0.000106515
Simplicity2,ELECTRICITY,1248,2010,0.000105196
Simplicity2,ELECTRICITY,1249,2010,0.000105261
Simplicity2,ELECTRICITY,1250,2010,0.00010544
Simplicity2,ELECTRICITY,1251,2010,0.000105034
Simplicity2,ELECTRICITY,1252,2010,0.000103324
Simplicity2,ELECTRICITY,1253,2010,0.000102836
Simplicity2,ELECTRICITY,1254,2010,0.000106319
Simplicity2,ELECTRICITY,1255,2010,0.000116753
Simplicity2,ELECTRICITY,1256,2010,0.000130393
Simplicity2,ELECTRICITY,1257,2010,0.000129742
Simplicity2,ELECTRICITY,1258,2010,0.000125412
Simplicity2,ELECTRICITY,1259,2010,0.000123687
Simplicity2,ELECTRICITY,1260,2010,0.000116232
Simplicity2,ELECTRICITY,1261,2010,0.000113367
Simplicity2,ELECTRICITY,1262,2010,0.000114783
Simplicity2,ELECTRICITY,1263,2010,0.000118527
Simplicity2,ELECTRICITY,1264,2010,0.000119097
Simplicity2,ELECTRICITY,1265,2010,0.000123833
Simplicity2,ELECTRICITY,1266,2010,0.00011449
Simplicity2,ELECTRICITY,1267,2010,0.000120985
Simplicity2,ELECTRICITY,1268,2010,0.000121668
Simplicity2,ELECTRICITY,1269,2010,0.000123084
Simplicity2,ELECTRICITY,1270,2010,0.000117746
Simplicity2,ELECTRICITY,1271,2010,0.000110844
Simplicity2,ELECTRICITY,1272,2010,0.000111463
Simplicity2,ELECTRICITY,1273,2010,0.000112505
Simplicity2,ELECTRICITY,1274,2010,0.000109152
Simplicity2,ELECTRICITY,1275,2010,0.000108094
Simplicity2,ELECTRICITY,1276,2010,0.000107849
Simplicity2,ELECTRICITY,1277,2010,0.000106254
Simplicity2,ELECTRICITY,1278,2010,0.000103536
Simplicity2,ELECTRICITY,1279,2010,0.000111268
Simplicity2,ELECTRICITY,1280,2010,0.000124598
Simplicity2,ELECTRICITY,1281,2010,0.000132411
Simplicity2,ELECTRICITY,1282,2010,0.000127772
Simplicity2,ELECTRICITY,1283,2010,0.000123068
Simplicity2,ELECTRICITY,1284,2010,0.000122417
Simplicity2,ELECTRICITY,1285,2010,0.000123605
Simplicity2,ELECTRICITY,1286,2010,0.000126144
Simplicity2,ELECTRICITY,1287,2010,0.000123068
Simplicity2,ELECTRICITY,1288,2010,0.00012201
Simplicity2,ELECTRICITY,1289,2010,0.000121929
Simplicity2,ELECTRICITY,1290,2010,0.000121701
Simplicity2,ELECTRICITY,1291,2010,0.000121001
Simplicity2,ELECTRICITY,1292,2010,0.000118983
Simplicity2,ELECTRICITY,1293,2010,0.000120448
Simplicity2,ELECTRICITY,1294,2010,0.000122922
Simplicity2,ELECTRICITY,1295,2010,0.00010601
Simplicity2,ELECTRICITY,1296,2010,0.00010798
Simplicity2,ELECTRICITY,1297,2010,0.00011104
Simplicity2,ELECTRICITY,1298,2010,0.000111642
Simplicity2,ELECTRICITY,1299,2010,0.000111691
Simplicity2,ELECTRICITY,1300,2010,0.000111479
Simplicity2,ELECTRICITY,1301,2010,0.000111023
Simplicity2,ELECTRICITY,1302,2010,0.00011226
Simplicity2,ELECTRICITY,1303,2010,0.000113497
Simplicity2,ELECTRICITY,1304,2010,0.000133599
Simplicity2,ELECTRICITY,1305,2010,0.000137522
Simplicity2,ELECTRICITY,1306,2010,0.000138222
Simplicity2,ELECTRICITY,1307,2010,0.000129986
Simplicity2,ELECTRICITY,1308,2010,0.000130637
Simplicity2,ELECTRICITY,1309,2010,0.000127072
Simplicity2,ELECTRICITY,1310,2010,0.000130946
Simplicity2,ELECTRICITY,1311,2010,0.000132151
Simplicity2,ELECTRICITY,1312,2010,0.000131971
Simplicity2,ELECTRICITY,1313,2010,0.000131451
Simplicity2,ELECTRICITY,1314,2010,0.000129986
Simplicity2,ELECTRICITY,1315,2010,0.000122238
Simplicity2,ELECTRICITY,1316,2010,0.000128505
Simplicity2,ELECTRICITY,1317,2010,0.000141363
Simplicity2,ELECTRICITY,1318,2010,0.000133648
Simplicity2,ELECTRICITY,1319,2010,0.000127707
Simplicity2,ELECTRICITY,1320,2010,0.000125347
Simplicity2,ELECTRICITY,1321,2010,0.000122645
Simplicity2,ELECTRICITY,1322,2010,0.000119683
Simplicity2,ELECTRICITY,1323,2010,0.000117648
Simplicity2,ELECTRICITY,1324,2010,0.00011633
Simplicity2,ELECTRICITY,1325,2010,0.000114344
Simplicity2,ELECTRICITY,1326,2010,0.000114051
Simplicity2,ELECTRICITY,1327,2010,0.000121392
Simplicity2,ELECTRICITY,1328,2010,0.000131646
Simplicity2,ELECTRICITY,1329,2010,0.000135862
Simplicity2,ELECTRICITY,1330,2010,0.000134153
Simplicity2,ELECTRICITY,1331,2010,0.000128846
Simplicity2,ELECTRICITY,1332,2010,0.000128423
Simplicity2,ELECTRICITY,1333,2010,0.000127186
Simplicity2,ELECTRICITY,1334,2010,0.00012424
Simplicity2,ELECTRICITY,1335,2010,0.000122401
Simplicity2,ELECTRICITY,1336,2010,0.00012188
Simplicity2,ELECTRICITY,1337,2010,0.000123931
Simplicity2,ELECTRICITY,1338,2010,0.000120562
Simplicity2,ELECTRICITY,1339,2010,0.000123296
Simplicity2,ELECTRICITY,1340,2010,0.00012201
Simplicity2,ELECTRICITY,1341,2010,0.000130604
Simplicity2,ELECTRICITY,1342,2010,0.000129172
Simplicity2,ELECTRICITY,1343,2010,0.000128553
Simplicity2,ELECTRICITY,1344,2010,0.000127235
Simplicity2,ELECTRICITY,1345,2010,0.000120822
Simplicity2,ELECTRICITY,1346,2010,0.000117502
Simplicity2,ELECTRICITY,1347,2010,0.000115939
Simplicity2,ELECTRICITY,1348,2010,0.000115304
Simplicity2,ELECTRICITY,1349,2010,0.000110747
Simplicity2,ELECTRICITY,1350,2010,0.000110486
Simplicity2,ELECTRICITY,1351,2010,0.000117453
Simplicity2,ELECTRICITY,1352,2010,0.000128114
Simplicity2,ELECTRICITY,1353,2010,0.000134006
Simplicity2,ELECTRICITY,1354,2010,0.000136024
Simplicity2,ELECTRICITY,1355,2010,0.000127219
Simplicity2,ELECTRICITY,1356,2010,0.000127235
Simplicity2,ELECTRICITY,1357,2010,0.000125412
Simplicity2,ELECTRICITY,1358,2010,0.000127268
Simplicity2,ELECTRICITY,1359,2010,0.000122254
Simplicity2,ELECTRICITY,1360,2010,0.000124305
Simplicity2,ELECTRICITY,1361,2010,0.000122694
Simplicity2,ELECTRICITY,1362,2010,0.000126616
Simplicity2,ELECTRICITY,1363,2010,0.000124712
Simplicity2,ELECTRICITY,1364,2010,0.000124208
Simplicity2,ELECTRICITY,1365,2010,0.000128618
Simplicity2,ELECTRICITY,1366,2010,0.000125152
Simplicity2,ELECTRICITY,1367,2010,0.000119308
Simplicity2,ELECTRICITY,1368,2010,0.00011659
Simplicity2,ELECTRICITY,1369,2010,0.00011213
Simplicity2,ELECTRICITY,1370,2010,0.00010951
Simplicity2,ELECTRICITY,1371,2010,0.000106466
Simplicity2,ELECTRICITY,1372,2010,0.000104936
Simplicity2,ELECTRICITY,1373,2010,0.000104024
Simplicity2,ELECTRICITY,1374,2010,0.000104578
Simplicity2,ELECTRICITY,1375,2010,9.50234E-05
Simplicity2,ELECTRICITY,1376,2010,0.000102413
Simplicity2,ELECTRICITY,1377,2010,0.000108728
Simplicity2,ELECTRICITY,1378,2010,0.000112798
Simplicity2,ELECTRICITY,1379,2010,0.000114002
Simplicity2,ELECTRICITY,1380,2010,0.000115792
Simplicity2,ELECTRICITY,1381,2010,0.00011117
Simplicity2,ELECTRICITY,1382,2010,0.000108403
Simplicity2,ELECTRICITY,1383,2010,0.000107605
Simplicity2,ELECTRICITY,1384,2010,0.000106401
Simplicity2,ELECTRICITY,1385,2010,0.000110128
Simplicity2,ELECTRICITY,1386,2010,0.00012603
Simplicity2,ELECTRICITY,1387,2010,0.000121359
Simplicity2,ELECTRICITY,1388,2010,0.000121147
Simplicity2,ELECTRICITY,1389,2010,0.000116004
Simplicity2,ELECTRICITY,1390,2010,0.000105424
Simplicity2,ELECTRICITY,1391,2010,0.000113514
Simplicity2,ELECTRICITY,1392,2010,0.000110096
Simplicity2,ELECTRICITY,1393,2010,0.000105766
Simplicity2,ELECTRICITY,1394,2010,0.000104285
Simplicity2,ELECTRICITY,1395,2010,0.000102039
Simplicity2,ELECTRICITY,1396,2010,0.000101957
Simplicity2,ELECTRICITY,1397,2010,0.000101192
Simplicity2,ELECTRICITY,1398,2010,0.000101681
Simplicity2,ELECTRICITY,1399,2010,9.97273E-05
Simplicity2,ELECTRICITY,1400,2010,0.000103927
Simplicity2,ELECTRICITY,1401,2010,0.000111219
Simplicity2,ELECTRICITY,1402,2010,0.000115988
Simplicity2,ELECTRICITY,1403,2010,0.000116118
Simplicity2,ELECTRICITY,1404,2010,0.000115858
Simplicity2,ELECTRICITY,1405,2010,0.000112651
Simplicity2,ELECTRICITY,1406,2010,0.000109249
Simplicity2,ELECTRICITY,1407,2010,0.000105799
Simplicity2,ELECTRICITY,1408,2010,0.000106385
Simplicity2,ELECTRICITY,1409,2010,0.000110258
Simplicity2,ELECTRICITY,1410,2010,0.000123003
Simplicity2,ELECTRICITY,1411,2010,0.000115369
Simplicity2,ELECTRICITY,1412,2010,0.000114035
Simplicity2,ELECTRICITY,1413,2010,0.000113221
Simplicity2,ELECTRICITY,1414,2010,0.000111691
Simplicity2,ELECTRICITY,1415,2010,0.000112423
Simplicity2,ELECTRICITY,1416,2010,0.000110942
Simplicity2,ELECTRICITY,1417,2010,0.000109851
Simplicity2,ELECTRICITY,1418,2010,0.000108273
Simplicity2,ELECTRICITY,1419,2010,0.000108468
Simplicity2,ELECTRICITY,1420,2010,0.000107556
Simplicity2,ELECTRICITY,1421,2010,0.000103032
Simplicity2,ELECTRICITY,1422,2010,0.000104855
Simplicity2,ELECTRICITY,1423,2010,0.000104187
Simplicity2,ELECTRICITY,1424,2010,0.00011226
Simplicity2,ELECTRICITY,1425,2010,0.000120773
Simplicity2,ELECTRICITY,1426,2010,0.000119455
Simplicity2,ELECTRICITY,1427,2010,0.00011742
Simplicity2,ELECTRICITY,1428,2010,0.000113481
Simplicity2,ELECTRICITY,1429,2010,0.00011366
Simplicity2,ELECTRICITY,1430,2010,0.000114425
Simplicity2,ELECTRICITY,1431,2010,0.000114083
Simplicity2,ELECTRICITY,1432,2010,0.000114035
Simplicity2,ELECTRICITY,1433,2010,0.000116281
Simplicity2,ELECTRICITY,1434,2010,0.000112635
Simplicity2,ELECTRICITY,1435,2010,0.000110796
Simplicity2,ELECTRICITY,1436,2010,0.000115532
Simplicity2,ELECTRICITY,1437,2010,0.000118478
Simplicity2,ELECTRICITY,1438,2010,0.000113579
Simplicity2,ELECTRICITY,1439,2010,0.000115337
Simplicity2,ELECTRICITY,1440,2010,0.000111316
Simplicity2,ELECTRICITY,1441,2010,0.000112049
Simplicity2,ELECTRICITY,1442,2010,0.000112114
Simplicity2,ELECTRICITY,1443,2010,0.000113986
Simplicity2,ELECTRICITY,1444,2010,0.000113693
Simplicity2,ELECTRICITY,1445,2010,0.000108826
Simplicity2,ELECTRICITY,1446,2010,0.000109672
Simplicity2,ELECTRICITY,1447,2010,0.000106401
Simplicity2,ELECTRICITY,1448,2010,0.00011602
Simplicity2,ELECTRICITY,1449,2010,0.000120448
Simplicity2,ELECTRICITY,1450,2010,0.000115662
Simplicity2,ELECTRICITY,1451,2010,0.000113742
Simplicity2,ELECTRICITY,1452,2010,0.000116655
Simplicity2,ELECTRICITY,1453,2010,0.000116297
Simplicity2,ELECTRICITY,1454,2010,0.000112928
Simplicity2,ELECTRICITY,1455,2010,0.000110258
Simplicity2,ELECTRICITY,1456,2010,0.000110258
Simplicity2,ELECTRICITY,1457,2010,0.000112635
Simplicity2,ELECTRICITY,1458,2010,0.000123426
Simplicity2,ELECTRICITY,1459,2010,0.000117925
Simplicity2,ELECTRICITY,1460,2010,0.000120952
Simplicity2,ELECTRICITY,1461,2010,0.000128114
Simplicity2,ELECTRICITY,1462,2010,0.000121099
Simplicity2,ELECTRICITY,1463,2010,0.000123263
Simplicity2,ELECTRICITY,1464,2010,0.000116395
Simplicity2,ELECTRICITY,1465,2010,0.000110437
Simplicity2,ELECTRICITY,1466,2010,0.000110551
Simplicity2,ELECTRICITY,1467,2010,0.000112179
Simplicity2,ELECTRICITY,1468,2010,0.000110128
Simplicity2,ELECTRICITY,1469,2010,0.000105766
Simplicity2,ELECTRICITY,1470,2010,0.000105538
Simplicity2,ELECTRICITY,1471,2010,0.000107866
Simplicity2,ELECTRICITY,1472,2010,0.000127642
Simplicity2,ELECTRICITY,1473,2010,0.000125477
Simplicity2,ELECTRICITY,1474,2010,0.000124907
Simplicity2,ELECTRICITY,1475,2010,0.00012284
Simplicity2,ELECTRICITY,1476,2010,0.000120382
Simplicity2,ELECTRICITY,1477,2010,0.000116492
Simplicity2,ELECTRICITY,1478,2010,0.000114865
Simplicity2,ELECTRICITY,1479,2010,0.000110844
Simplicity2,ELECTRICITY,1480,2010,0.000109949
Simplicity2,ELECTRICITY,1481,2010,0.000110258
Simplicity2,ELECTRICITY,1482,2010,0.000121522
Simplicity2,ELECTRICITY,1483,2010,0.000106547
Simplicity2,ELECTRICITY,1484,2010,0.000111219
Simplicity2,ELECTRICITY,1485,2010,0.000122043
Simplicity2,ELECTRICITY,1486,2010,0.000119227
Simplicity2,ELECTRICITY,1487,2010,0.000118006
Simplicity2,ELECTRICITY,1488,2010,0.000116085
Simplicity2,ELECTRICITY,1489,2010,0.000110128
Simplicity2,ELECTRICITY,1490,2010,0.000109265
Simplicity2,ELECTRICITY,1491,2010,0.000109949
Simplicity2,ELECTRICITY,1492,2010,0.000109884
Simplicity2,ELECTRICITY,1493,2010,0.000108094
Simplicity2,ELECTRICITY,1494,2010,0.000107491
Simplicity2,ELECTRICITY,1495,2010,0.000111984
Simplicity2,ELECTRICITY,1496,2010,0.00013272
Simplicity2,ELECTRICITY,1497,2010,0.000127788
Simplicity2,ELECTRICITY,1498,2010,0.000127512
Simplicity2,ELECTRICITY,1499,2010,0.000127951
Simplicity2,ELECTRICITY,1500,2010,0.000120203
Simplicity2,ELECTRICITY,1501,2010,0.000118087
Simplicity2,ELECTRICITY,1502,2010,0.000114669
Simplicity2,ELECTRICITY,1503,2010,0.000110437
Simplicity2,ELECTRICITY,1504,2010,0.000109558
Simplicity2,ELECTRICITY,1505,2010,0.000116769
Simplicity2,ELECTRICITY,1506,2010,0.000128228
Simplicity2,ELECTRICITY,1507,2010,0.000123947
Simplicity2,ELECTRICITY,1508,2010,0.000124142
Simplicity2,ELECTRICITY,1509,2010,0.000132216
Simplicity2,ELECTRICITY,1510,2010,0.000122124
Simplicity2,ELECTRICITY,1511,2010,0.000119878
Simplicity2,ELECTRICITY,1512,2010,0.00011327
Simplicity2,ELECTRICITY,1513,2010,0.000103341
Simplicity2,ELECTRICITY,1514,2010,0.000102511
Simplicity2,ELECTRICITY,1515,2010,9.99064E-05
Simplicity2,ELECTRICITY,1516,2010,9.89786E-05
Simplicity2,ELECTRICITY,1517,2010,9.72533E-05
Simplicity2,ELECTRICITY,1518,2010,9.02869E-05
Simplicity2,ELECTRICITY,1519,2010,0.000103634
Simplicity2,ELECTRICITY,1520,2010,0.000116102
Simplicity2,ELECTRICITY,1521,2010,0.000118315
Simplicity2,ELECTRICITY,1522,2010,0.000123638
Simplicity2,ELECTRICITY,1523,2010,0.000121245
Simplicity2,ELECTRICITY,1524,2010,0.000121066
Simplicity2,ELECTRICITY,1525,2010,0.000120724
Simplicity2,ELECTRICITY,1526,2010,0.000120334
Simplicity2,ELECTRICITY,1527,2010,0.000121636
Simplicity2,ELECTRICITY,1528,2010,0.000120659
Simplicity2,ELECTRICITY,1529,2010,0.000122352
Simplicity2,ELECTRICITY,1530,2010,0.000129074
Simplicity2,ELECTRICITY,1531,2010,0.000113042
Simplicity2,ELECTRICITY,1532,2010,0.00011882
Simplicity2,ELECTRICITY,1533,2010,0.000126079
Simplicity2,ELECTRICITY,1534,2010,0.000121343
Simplicity2,ELECTRICITY,1535,2010,0.000111837
Simplicity2,ELECTRICITY,1536,2010,0.000107735
Simplicity2,ELECTRICITY,1537,2010,0.000104138
Simplicity2,ELECTRICITY,1538,2010,0.000104187
Simplicity2,ELECTRICITY,1539,2010,0.000103178
Simplicity2,ELECTRICITY,1540,2010,0.000102397
Simplicity2,ELECTRICITY,1541,2010,0.000101567
Simplicity2,ELECTRICITY,1542,2010,0.000103731
Simplicity2,ELECTRICITY,1543,2010,0.000112146
Simplicity2,ELECTRICITY,1544,2010,0.00011786
Simplicity2,ELECTRICITY,1545,2010,0.000120887
Simplicity2,ELECTRICITY,1546,2010,0.000121408
Simplicity2,ELECTRICITY,1547,2010,0.000117062
Simplicity2,ELECTRICITY,1548,2010,0.000113367
Simplicity2,ELECTRICITY,1549,2010,0.000114751
Simplicity2,ELECTRICITY,1550,2010,0.000114653
Simplicity2,ELECTRICITY,1551,2010,0.000114393
Simplicity2,ELECTRICITY,1552,2010,0.000114783
Simplicity2,ELECTRICITY,1553,2010,0.000116704
Simplicity2,ELECTRICITY,1554,2010,0.000116053
Simplicity2,ELECTRICITY,1555,2010,0.000114734
Simplicity2,ELECTRICITY,1556,2010,0.00011436
Simplicity2,ELECTRICITY,1557,2010,0.000116118
Simplicity2,ELECTRICITY,1558,2010,0.000113058
Simplicity2,ELECTRICITY,1559,2010,0.000110682
Simplicity2,ELECTRICITY,1560,2010,0.000109558
Simplicity2,ELECTRICITY,1561,2010,0.000107638
Simplicity2,ELECTRICITY,1562,2010,0.00010767
Simplicity2,ELECTRICITY,1563,2010,0.000107784
Simplicity2,ELECTRICITY,1564,2010,0.000108859
Simplicity2,ELECTRICITY,1565,2010,0.000110649
Simplicity2,ELECTRICITY,1566,2010,0.000109721
Simplicity2,ELECTRICITY,1567,2010,0.000110437
Simplicity2,ELECTRICITY,1568,2010,0.000112
Simplicity2,ELECTRICITY,1569,2010,0.000118462
Simplicity2,ELECTRICITY,1570,2010,0.000121082
Simplicity2,ELECTRICITY,1571,2010,0.000120496
Simplicity2,ELECTRICITY,1572,2010,0.000121245
Simplicity2,ELECTRICITY,1573,2010,0.000119748
Simplicity2,ELECTRICITY,1574,2010,0.000119438
Simplicity2,ELECTRICITY,1575,2010,0.000120089
Simplicity2,ELECTRICITY,1576,2010,0.000127333
Simplicity2,ELECTRICITY,1577,2010,0.00012927
Simplicity2,ELECTRICITY,1578,2010,0.000129139
Simplicity2,ELECTRICITY,1579,2010,0.00011729
Simplicity2,ELECTRICITY,1580,2010,0.00011755
Simplicity2,ELECTRICITY,1581,2010,0.000120399
Simplicity2,ELECTRICITY,1582,2010,0.000130328
Simplicity2,ELECTRICITY,1583,2010,0.000131158
Simplicity2,ELECTRICITY,1584,2010,0.000135145
Simplicity2,ELECTRICITY,1585,2010,0.000134218
Simplicity2,ELECTRICITY,1586,2010,0.000129904
Simplicity2,ELECTRICITY,1587,2010,0.000131386
Simplicity2,ELECTRICITY,1588,2010,0.000132313
Simplicity2,ELECTRICITY,1589,2010,0.000126682
Simplicity2,ELECTRICITY,1590,2010,0.000119715
Simplicity2,ELECTRICITY,1591,2010,0.000118706
Simplicity2,ELECTRICITY,1592,2010,0.000131613
Simplicity2,ELECTRICITY,1593,2010,0.000129514
Simplicity2,ELECTRICITY,1594,2010,0.000134039
Simplicity2,ELECTRICITY,1595,2010,0.000127544
Simplicity2,ELECTRICITY,1596,2010,0.00012953
Simplicity2,ELECTRICITY,1597,2010,0.000129497
Simplicity2,ELECTRICITY,1598,2010,0.000132525
Simplicity2,ELECTRICITY,1599,2010,0.000128277
Simplicity2,ELECTRICITY,1600,2010,0.000131402
Simplicity2,ELECTRICITY,1601,2010,0.000127577
Simplicity2,ELECTRICITY,1602,2010,0.000126795
Simplicity2,ELECTRICITY,1603,2010,0.000125233
Simplicity2,ELECTRICITY,1604,2010,0.000125054
Simplicity2,ELECTRICITY,1605,2010,0.000131662
Simplicity2,ELECTRICITY,1606,2010,0.000129774
Simplicity2,ELECTRICITY,1607,2010,0.000131451
Simplicity2,ELECTRICITY,1608,2010,0.000124924
Simplicity2,ELECTRICITY,1609,2010,0.000123426
Simplicity2,ELECTRICITY,1610,2010,0.000124566
Simplicity2,ELECTRICITY,1611,2010,0.000122385
Simplicity2,ELECTRICITY,1612,2010,0.000119373
Simplicity2,ELECTRICITY,1613,2010,0.000112586
Simplicity2,ELECTRICITY,1614,2010,0.000117469
Simplicity2,ELECTRICITY,1615,2010,0.000135373
Simplicity2,ELECTRICITY,1616,2010,0.000140094
Simplicity2,ELECTRICITY,1617,2010,0.000146279
Simplicity2,ELECTRICITY,1618,2010,0.000147223
Simplicity2,ELECTRICITY,1619,2010,0.000145888
Simplicity2,ELECTRICITY,1620,2010,0.000144374
Simplicity2,ELECTRICITY,1621,2010,0.000146914
Simplicity2,ELECTRICITY,1622,2010,0.000140142
Simplicity2,ELECTRICITY,1623,2010,0.000139475
Simplicity2,ELECTRICITY,1624,2010,0.000138238
Simplicity2,ELECTRICITY,1625,2010,0.000138759
Simplicity2,ELECTRICITY,1626,2010,0.000140663
Simplicity2,ELECTRICITY,1627,2010,0.000135748
Simplicity2,ELECTRICITY,1628,2010,0.000138222
Simplicity2,ELECTRICITY,1629,2010,0.000142063
Simplicity2,ELECTRICITY,1630,2010,0.00013718
Simplicity2,ELECTRICITY,1631,2010,0.0001252
Simplicity2,ELECTRICITY,1632,2010,0.000119097
Simplicity2,ELECTRICITY,1633,2010,0.000120252
Simplicity2,ELECTRICITY,1634,2010,0.000114734
Simplicity2,ELECTRICITY,1635,2010,0.000114458
Simplicity2,ELECTRICITY,1636,2010,0.000110714
Simplicity2,ELECTRICITY,1637,2010,0.000110405
Simplicity2,ELECTRICITY,1638,2010,0.000111186
Simplicity2,ELECTRICITY,1639,2010,0.000131369
Simplicity2,ELECTRICITY,1640,2010,0.000141558
Simplicity2,ELECTRICITY,1641,2010,0.000144016
Simplicity2,ELECTRICITY,1642,2010,0.00014802
Simplicity2,ELECTRICITY,1643,2010,0.000147532
Simplicity2,ELECTRICITY,1644,2010,0.000145563
Simplicity2,ELECTRICITY,1645,2010,0.000141738
Simplicity2,ELECTRICITY,1646,2010,0.000137815
Simplicity2,ELECTRICITY,1647,2010,0.000139361
Simplicity2,ELECTRICITY,1648,2010,0.000141965
Simplicity2,ELECTRICITY,1649,2010,0.00014706
Simplicity2,ELECTRICITY,1650,2010,0.000157754
Simplicity2,ELECTRICITY,1651,2010,0.000146946
Simplicity2,ELECTRICITY,1652,2010,0.000147565
Simplicity2,ELECTRICITY,1653,2010,0.000151064
Simplicity2,ELECTRICITY,1654,2010,0.000146344
Simplicity2,ELECTRICITY,1655,2010,0.000129595
Simplicity2,ELECTRICITY,1656,2010,0.000127316
Simplicity2,ELECTRICITY,1657,2010,0.000127788
Simplicity2,ELECTRICITY,1658,2010,0.00012494
Simplicity2,ELECTRICITY,1659,2010,0.000123556
Simplicity2,ELECTRICITY,1660,2010,0.00012245
Simplicity2,ELECTRICITY,1661,2010,0.000120692
Simplicity2,ELECTRICITY,1662,2010,0.000123036
Simplicity2,ELECTRICITY,1663,2010,0.000136855
Simplicity2,ELECTRICITY,1664,2010,0.000142763
Simplicity2,ELECTRICITY,1665,2010,0.000147304
Simplicity2,ELECTRICITY,1666,2010,0.000150901
Simplicity2,ELECTRICITY,1667,2010,0.000154938
Simplicity2,ELECTRICITY,1668,2010,0.000152317
Simplicity2,ELECTRICITY,1669,2010,0.000148932
Simplicity2,ELECTRICITY,1670,2010,0.000148297
Simplicity2,ELECTRICITY,1671,2010,0.000150625
Simplicity2,ELECTRICITY,1672,2010,0.000151324
Simplicity2,ELECTRICITY,1673,2010,0.00015401
Simplicity2,ELECTRICITY,1674,2010,0.000156777
Simplicity2,ELECTRICITY,1675,2010,0.000154059
Simplicity2,ELECTRICITY,1676,2010,0.000156273
Simplicity2,ELECTRICITY,1677,2010,0.000157379
Simplicity2,ELECTRICITY,1678,2010,0.000150901
Simplicity2,ELECTRICITY,1679,2010,0.000136366
Simplicity2,ELECTRICITY,1680,2010,0.000132232
Simplicity2,ELECTRICITY,1681,2010,0.000132736
Simplicity2,ELECTRICITY,1682,2010,0.000132264
Simplicity2,ELECTRICITY,1683,2010,0.000132167
Simplicity2,ELECTRICITY,1684,2010,0.000132232
Simplicity2,ELECTRICITY,1685,2010,0.000128065
Simplicity2,ELECTRICITY,1686,2010,0.000125054
Simplicity2,ELECTRICITY,1687,2010,0.00013858
Simplicity2,ELECTRICITY,1688,2010,0.000150478
Simplicity2,ELECTRICITY,1689,2010,0.000155833
Simplicity2,ELECTRICITY,1690,2010,0.000162767
Simplicity2,ELECTRICITY,1691,2010,0.000161091
Simplicity2,ELECTRICITY,1692,2010,0.000162002
Simplicity2,ELECTRICITY,1693,2010,0.00015668
Simplicity2,ELECTRICITY,1694,2010,0.000156777
Simplicity2,ELECTRICITY,1695,2010,0.000153994
Simplicity2,ELECTRICITY,1696,2010,0.000149876
Simplicity2,ELECTRICITY,1697,2010,0.000144277
Simplicity2,ELECTRICITY,1698,2010,0.000150478
Simplicity2,ELECTRICITY,1699,2010,0.000154938
Simplicity2,ELECTRICITY,1700,2010,0.000157982
Simplicity2,ELECTRICITY,1701,2010,0.000156191
Simplicity2,ELECTRICITY,1702,2010,0.000148688
Simplicity2,ELECTRICITY,1703,2010,0.000134918
Simplicity2,ELECTRICITY,1704,2010,0.000127544
Simplicity2,ELECTRICITY,1705,2010,0.000124793
Simplicity2,ELECTRICITY,1706,2010,0.000126356
Simplicity2,ELECTRICITY,1707,2010,0.00012188
Simplicity2,ELECTRICITY,1708,2010,0.000118169
Simplicity2,ELECTRICITY,1709,2010,0.000116736
Simplicity2,ELECTRICITY,1710,2010,0.000117974
Simplicity2,ELECTRICITY,1711,2010,0.000127658
Simplicity2,ELECTRICITY,1712,2010,0.000134006
Simplicity2,ELECTRICITY,1713,2010,0.000138987
Simplicity2,ELECTRICITY,1714,2010,0.000140973
Simplicity2,ELECTRICITY,1715,2010,0.00014304
Simplicity2,ELECTRICITY,1716,2010,0.000144602
Simplicity2,ELECTRICITY,1717,2010,0.00014566
Simplicity2,ELECTRICITY,1718,2010,0.000145774
Simplicity2,ELECTRICITY,1719,2010,0.000144879
Simplicity2,ELECTRICITY,1720,2010,0.000143333
Simplicity2,ELECTRICITY,1721,2010,0.000146214
Simplicity2,ELECTRICITY,1722,2010,0.000149192
Simplicity2,ELECTRICITY,1723,2010,0.000154694
Simplicity2,ELECTRICITY,1724,2010,0.000151162
Simplicity2,ELECTRICITY,1725,2010,0.000148281
Simplicity2,ELECTRICITY,1726,2010,0.000142844
Simplicity2,ELECTRICITY,1727,2010,0.000127837
Simplicity2,ELECTRICITY,1728,2010,0.000124598
Simplicity2,ELECTRICITY,1729,2010,0.000119373
Simplicity2,ELECTRICITY,1730,2010,0.000118511
Simplicity2,ELECTRICITY,1731,2010,0.000117257
Simplicity2,ELECTRICITY,1732,2010,0.00011633
Simplicity2,ELECTRICITY,1733,2010,0.00011838
Simplicity2,ELECTRICITY,1734,2010,0.000119406
Simplicity2,ELECTRICITY,1735,2010,0.000121538
Simplicity2,ELECTRICITY,1736,2010,0.0001273
Simplicity2,ELECTRICITY,1737,2010,0.000132981
Simplicity2,ELECTRICITY,1738,2010,0.000132444
Simplicity2,ELECTRICITY,1739,2010,0.000134348
Simplicity2,ELECTRICITY,1740,2010,0.000135813
Simplicity2,ELECTRICITY,1741,2010,0.00013635
Simplicity2,ELECTRICITY,1742,2010,0.000138922
Simplicity2,ELECTRICITY,1743,2010,0.000139019
Simplicity2,ELECTRICITY,1744,2010,0.000140273
Simplicity2,ELECTRICITY,1745,2010,0.000143186
Simplicity2,ELECTRICITY,1746,2010,0.000141786
Simplicity2,ELECTRICITY,1747,2010,0.000134836
Simplicity2,ELECTRICITY,1748,2010,0.000130767
Simplicity2,ELECTRICITY,1749,2010,0.000127626
Simplicity2,ELECTRICITY,1750,2010,0.000132574
Simplicity2,ELECTRICITY,1751,2010,0.000126096
Simplicity2,ELECTRICITY,1752,2010,0.000121522
Simplicity2,ELECTRICITY,1753,2010,0.000119634
Simplicity2,ELECTRICITY,1754,2010,0.000123801
Simplicity2,ELECTRICITY,1755,2010,0.000121066
Simplicity2,ELECTRICITY,1756,2010,0.00011519
Simplicity2,ELECTRICITY,1757,2010,0.000117322
Simplicity2,ELECTRICITY,1758,2010,0.000134494
Simplicity2,ELECTRICITY,1759,2010,0.000142861
Simplicity2,ELECTRICITY,1760,2010,0.000149469
Simplicity2,ELECTRICITY,1761,2010,0.000149615
Simplicity2,ELECTRICITY,1762,2010,0.00014872
Simplicity2,ELECTRICITY,1763,2010,0.000138612
Simplicity2,ELECTRICITY,1764,2010,0.000137864
Simplicity2,ELECTRICITY,1765,2010,0.000135683
Simplicity2,ELECTRICITY,1766,2010,0.000131581
Simplicity2,ELECTRICITY,1767,2010,0.000131451
Simplicity2,ELECTRICITY,1768,2010,0.000131434
Simplicity2,ELECTRICITY,1769,2010,0.000140956
Simplicity2,ELECTRICITY,1770,2010,0.000144618
Simplicity2,ELECTRICITY,1771,2010,0.000144065
Simplicity2,ELECTRICITY,1772,2010,0.000143479
Simplicity2,ELECTRICITY,1773,2010,0.000141656
Simplicity2,ELECTRICITY,1774,2010,0.000128684
Simplicity2,ELECTRICITY,1775,2010,0.000124191
Simplicity2,ELECTRICITY,1776,2010,0.000119341
Simplicity2,ELECTRICITY,1777,2010,0.000120057
Simplicity2,ELECTRICITY,1778,2010,0.000122417
Simplicity2,ELECTRICITY,1779,2010,0.000119341
Simplicity2,ELECTRICITY,1780,2010,0.000114653
Simplicity2,ELECTRICITY,1781,2010,0.000113497
Simplicity2,ELECTRICITY,1782,2010,0.000129611
Simplicity2,ELECTRICITY,1783,2010,0.000143609
Simplicity2,ELECTRICITY,1784,2010,0.000148085
Simplicity2,ELECTRICITY,1785,2010,0.000144423
Simplicity2,ELECTRICITY,1786,2010,0.000139133
Simplicity2,ELECTRICITY,1787,2010,0.000138108
Simplicity2,ELECTRICITY,1788,2010,0.00013871
Simplicity2,ELECTRICITY,1789,2010,0.00013967
Simplicity2,ELECTRICITY,1790,2010,0.000135601
Simplicity2,ELECTRICITY,1791,2010,0.000136887
Simplicity2,ELECTRICITY,1792,2010,0.000135959
Simplicity2,ELECTRICITY,1793,2010,0.000144195
Simplicity2,ELECTRICITY,1794,2010,0.000151032
Simplicity2,ELECTRICITY,1795,2010,0.000149322
Simplicity2,ELECTRICITY,1796,2010,0.000147434
Simplicity2,ELECTRICITY,1797,2010,0.000143609
Simplicity2,ELECTRICITY,1798,2010,0.000132102
Simplicity2,ELECTRICITY,1799,2010,0.000134478
Simplicity2,ELECTRICITY,1800,2010,0.000126812
Simplicity2,ELECTRICITY,1801,2010,0.000122515
Simplicity2,ELECTRICITY,1802,2010,0.000119992
Simplicity2,ELECTRICITY,1803,2010,0.000119113
Simplicity2,ELECTRICITY,1804,2010,0.000114458
Simplicity2,ELECTRICITY,1805,2010,0.000117062
Simplicity2,ELECTRICITY,1806,2010,0.000115874
Simplicity2,ELECTRICITY,1807,2010,0.00012717
Simplicity2,ELECTRICITY,1808,2010,0.000133908
Simplicity2,ELECTRICITY,1809,2010,0.000127398
Simplicity2,ELECTRICITY,1810,2010,0.00012214
Simplicity2,ELECTRICITY,1811,2010,0.000117192
Simplicity2,ELECTRICITY,1812,2010,0.000115141
Simplicity2,ELECTRICITY,1813,2010,0.000113107
Simplicity2,ELECTRICITY,1814,2010,0.000112765
Simplicity2,ELECTRICITY,1815,2010,0.000113042
Simplicity2,ELECTRICITY,1816,2010,0.000118836
Simplicity2,ELECTRICITY,1817,2010,0.000121815
Simplicity2,ELECTRICITY,1818,2010,0.000123638
Simplicity2,ELECTRICITY,1819,2010,0.000120057
Simplicity2,ELECTRICITY,1820,2010,0.000133941
Simplicity2,ELECTRICITY,1821,2010,0.000124012
Simplicity2,ELECTRICITY,1822,2010,0.000131499
Simplicity2,ELECTRICITY,1823,2010,0.000129693
Simplicity2,ELECTRICITY,1824,2010,0.000117974
Simplicity2,ELECTRICITY,1825,2010,0.000118641
Simplicity2,ELECTRICITY,1826,2010,0.000120643
Simplicity2,ELECTRICITY,1827,2010,0.000121196
Simplicity2,ELECTRICITY,1828,2010,0.000115597
Simplicity2,ELECTRICITY,1829,2010,0.000116574
Simplicity2,ELECTRICITY,1830,2010,0.000121929
Simplicity2,ELECTRICITY,1831,2010,0.000140208
Simplicity2,ELECTRICITY,1832,2010,0.000142942
Simplicity2,ELECTRICITY,1833,2010,0.000136887
Simplicity2,ELECTRICITY,1834,2010,0.000136252
Simplicity2,ELECTRICITY,1835,2010,0.00013552
Simplicity2,ELECTRICITY,1836,2010,0.000134836
Simplicity2,ELECTRICITY,1837,2010,0.000131548
Simplicity2,ELECTRICITY,1838,2010,0.000126144
Simplicity2,ELECTRICITY,1839,2010,0.000125005
Simplicity2,ELECTRICITY,1840,2010,0.000127088
Simplicity2,ELECTRICITY,1841,2010,0.000135601
Simplicity2,ELECTRICITY,1842,2010,0.000140793
Simplicity2,ELECTRICITY,1843,2010,0.00014011
Simplicity2,ELECTRICITY,1844,2010,0.000141721
Simplicity2,ELECTRICITY,1845,2010,0.000134576
Simplicity2,ELECTRICITY,1846,2010,0.000125558
Simplicity2,ELECTRICITY,1847,2010,0.00012022
Simplicity2,ELECTRICITY,1848,2010,0.000109103
Simplicity2,ELECTRICITY,1849,2010,0.000106401
Simplicity2,ELECTRICITY,1850,2010,0.000105978
Simplicity2,ELECTRICITY,1851,2010,0.000105082
Simplicity2,ELECTRICITY,1852,2010,0.000104968
Simplicity2,ELECTRICITY,1853,2010,0.000107263
Simplicity2,ELECTRICITY,1854,2010,0.000117469
Simplicity2,ELECTRICITY,1855,2010,0.000131076
Simplicity2,ELECTRICITY,1856,2010,0.000134787
Simplicity2,ELECTRICITY,1857,2010,0.0001308
Simplicity2,ELECTRICITY,1858,2010,0.000128439
Simplicity2,ELECTRICITY,1859,2010,0.000124924
Simplicity2,ELECTRICITY,1860,2010,0.000122059
Simplicity2,ELECTRICITY,1861,2010,0.000120985
Simplicity2,ELECTRICITY,1862,2010,0.000123556
Simplicity2,ELECTRICITY,1863,2010,0.000125526
Simplicity2,ELECTRICITY,1864,2010,0.000127756
Simplicity2,ELECTRICITY,1865,2010,0.000129595
Simplicity2,ELECTRICITY,1866,2010,0.000126535
Simplicity2,ELECTRICITY,1867,2010,0.000126779
Simplicity2,ELECTRICITY,1868,2010,0.00013049
Simplicity2,ELECTRICITY,1869,2010,0.000127544
Simplicity2,ELECTRICITY,1870,2010,0.000110714
Simplicity2,ELECTRICITY,1871,2010,0.000106726
Simplicity2,ELECTRICITY,1872,2010,0.000103032
Simplicity2,ELECTRICITY,1873,2010,0.000104252
Simplicity2,ELECTRICITY,1874,2010,0.000103259
Simplicity2,ELECTRICITY,1875,2010,0.000106889
Simplicity2,ELECTRICITY,1876,2010,0.000108452
Simplicity2,ELECTRICITY,1877,2010,0.0001085
Simplicity2,ELECTRICITY,1878,2010,0.000113546
Simplicity2,ELECTRICITY,1879,2010,0.000119764
Simplicity2,ELECTRICITY,1880,2010,0.000126356
Simplicity2,ELECTRICITY,1881,2010,0.000127023
Simplicity2,ELECTRICITY,1882,2010,0.000123687
Simplicity2,ELECTRICITY,1883,2010,0.000125168
Simplicity2,ELECTRICITY,1884,2010,0.000122466
Simplicity2,ELECTRICITY,1885,2010,0.000119666
Simplicity2,ELECTRICITY,1886,2010,0.000121213
Simplicity2,ELECTRICITY,1887,2010,0.000122759
Simplicity2,ELECTRICITY,1888,2010,0.000122222
Simplicity2,ELECTRICITY,1889,2010,0.000122596
Simplicity2,ELECTRICITY,1890,2010,0.000123508
Simplicity2,ELECTRICITY,1891,2010,0.000125054
Simplicity2,ELECTRICITY,1892,2010,0.000122808
Simplicity2,ELECTRICITY,1893,2010,0.000121864
Simplicity2,ELECTRICITY,1894,2010,0.000112798
Simplicity2,ELECTRICITY,1895,2010,0.000117371
Simplicity2,ELECTRICITY,1896,2010,0.000117225
Simplicity2,ELECTRICITY,1897,2010,0.000116606
Simplicity2,ELECTRICITY,1898,2010,0.000117746
Simplicity2,ELECTRICITY,1899,2010,0.000116199
Simplicity2,ELECTRICITY,1900,2010,0.00011563
Simplicity2,ELECTRICITY,1901,2010,0.000118804
Simplicity2,ELECTRICITY,1902,2010,0.000120789
Simplicity2,ELECTRICITY,1903,2010,0.000121701
Simplicity2,ELECTRICITY,1904,2010,0.000129856
Simplicity2,ELECTRICITY,1905,2010,0.000132232
Simplicity2,ELECTRICITY,1906,2010,0.00013233
Simplicity2,ELECTRICITY,1907,2010,0.000131206
Simplicity2,ELECTRICITY,1908,2010,0.000129449
Simplicity2,ELECTRICITY,1909,2010,0.000129628
Simplicity2,ELECTRICITY,1910,2010,0.000129856
Simplicity2,ELECTRICITY,1911,2010,0.000129351
Simplicity2,ELECTRICITY,1912,2010,0.000133534
Simplicity2,ELECTRICITY,1913,2010,0.000140012
Simplicity2,ELECTRICITY,1914,2010,0.00014387
Simplicity2,ELECTRICITY,1915,2010,0.000141217
Simplicity2,ELECTRICITY,1916,2010,0.000131093
Simplicity2,ELECTRICITY,1917,2010,0.000136317
Simplicity2,ELECTRICITY,1918,2010,0.000132769
Simplicity2,ELECTRICITY,1919,2010,0.000125314
Simplicity2,ELECTRICITY,1920,2010,0.000119259
Simplicity2,ELECTRICITY,1921,2010,0.000115483
Simplicity2,ELECTRICITY,1922,2010,0.000113676
Simplicity2,ELECTRICITY,1923,2010,0.000115467
Simplicity2,ELECTRICITY,1924,2010,0.000109868
Simplicity2,ELECTRICITY,1925,2010,0.000111284
Simplicity2,ELECTRICITY,1926,2010,0.000125917
Simplicity2,ELECTRICITY,1927,2010,0.000144081
Simplicity2,ELECTRICITY,1928,2010,0.000148509
Simplicity2,ELECTRICITY,1929,2010,0.000146441
Simplicity2,ELECTRICITY,1930,2010,0.000140989
Simplicity2,ELECTRICITY,1931,2010,0.000139231
Simplicity2,ELECTRICITY,1932,2010,0.000133583
Simplicity2,ELECTRICITY,1933,2010,0.000131809
Simplicity2,ELECTRICITY,1934,2010,0.000134608
Simplicity2,ELECTRICITY,1935,2010,0.000136513
Simplicity2,ELECTRICITY,1936,2010,0.00013329
Simplicity2,ELECTRICITY,1937,2010,0.000134136
Simplicity2,ELECTRICITY,1938,2010,0.000134234
Simplicity2,ELECTRICITY,1939,2010,0.00013731
Simplicity2,ELECTRICITY,1940,2010,0.000142421
Simplicity2,ELECTRICITY,1941,2010,0.000140126
Simplicity2,ELECTRICITY,1942,2010,0.000130881
Simplicity2,ELECTRICITY,1943,2010,0.000125591
Simplicity2,ELECTRICITY,1944,2010,0.000109982
Simplicity2,ELECTRICITY,1945,2010,0.000106857
Simplicity2,ELECTRICITY,1946,2010,0.000103617
Simplicity2,ELECTRICITY,1947,2010,0.000102039
Simplicity2,ELECTRICITY,1948,2010,0.000102494
Simplicity2,ELECTRICITY,1949,2010,0.000101518
Simplicity2,ELECTRICITY,1950,2010,0.000121717
Simplicity2,ELECTRICITY,1951,2010,0.000139638
Simplicity2,ELECTRICITY,1952,2010,0.000143284
Simplicity2,ELECTRICITY,1953,2010,0.000136789
Simplicity2,ELECTRICITY,1954,2010,0.000133746
Simplicity2,ELECTRICITY,1955,2010,0.000130523
Simplicity2,ELECTRICITY,1956,2010,0.000128049
Simplicity2,ELECTRICITY,1957,2010,0.000126063
Simplicity2,ELECTRICITY,1958,2010,0.000126649
Simplicity2,ELECTRICITY,1959,2010,0.000126584
Simplicity2,ELECTRICITY,1960,2010,0.000126616
Simplicity2,ELECTRICITY,1961,2010,0.000131532
Simplicity2,ELECTRICITY,1962,2010,0.000128179
Simplicity2,ELECTRICITY,1963,2010,0.000130604
Simplicity2,ELECTRICITY,1964,2010,0.000128732
Simplicity2,ELECTRICITY,1965,2010,0.000129351
Simplicity2,ELECTRICITY,1966,2010,0.000111805
Simplicity2,ELECTRICITY,1967,2010,0.00011021
Simplicity2,ELECTRICITY,1968,2010,0.000106694
Simplicity2,ELECTRICITY,1969,2010,9.8881E-05
Simplicity2,ELECTRICITY,1970,2010,0.000100395
Simplicity2,ELECTRICITY,1971,2010,9.87019E-05
Simplicity2,ELECTRICITY,1972,2010,9.8116E-05
Simplicity2,ELECTRICITY,1973,2010,9.83113E-05
Simplicity2,ELECTRICITY,1974,2010,0.000116541
Simplicity2,ELECTRICITY,1975,2010,0.000135406
Simplicity2,ELECTRICITY,1976,2010,0.000139426
Simplicity2,ELECTRICITY,1977,2010,0.000137196
Simplicity2,ELECTRICITY,1978,2010,0.000137099
Simplicity2,ELECTRICITY,1979,2010,0.000131613
Simplicity2,ELECTRICITY,1980,2010,0.000130995
Simplicity2,ELECTRICITY,1981,2010,0.000127935
Simplicity2,ELECTRICITY,1982,2010,0.000128667
Simplicity2,ELECTRICITY,1983,2010,0.000127853
Simplicity2,ELECTRICITY,1984,2010,0.000127414
Simplicity2,ELECTRICITY,1985,2010,0.000128228
Simplicity2,ELECTRICITY,1986,2010,0.000127235
Simplicity2,ELECTRICITY,1987,2010,0.000130621
Simplicity2,ELECTRICITY,1988,2010,0.000137392
Simplicity2,ELECTRICITY,1989,2010,0.000133583
Simplicity2,ELECTRICITY,1990,2010,0.000110323
Simplicity2,ELECTRICITY,1991,2010,0.000103324
Simplicity2,ELECTRICITY,1992,2010,9.79044E-05
Simplicity2,ELECTRICITY,1993,2010,9.99227E-05
Simplicity2,ELECTRICITY,1994,2010,9.84252E-05
Simplicity2,ELECTRICITY,1995,2010,9.93693E-05
Simplicity2,ELECTRICITY,1996,2010,0.000102153
Simplicity2,ELECTRICITY,1997,2010,0.000101599
Simplicity2,ELECTRICITY,1998,2010,0.000122775
Simplicity2,ELECTRICITY,1999,2010,0.000140989
Simplicity2,ELECTRICITY,2000,2010,0.00014776
Simplicity2,ELECTRICITY,2001,2010,0.000147353
Simplicity2,ELECTRICITY,2002,2010,0.000148362
Simplicity2,ELECTRICITY,2003,2010,0.000147467
Simplicity2,ELECTRICITY,2004,2010,0.000144505
Simplicity2,ELECTRICITY,2005,2010,0.000143381
Simplicity2,ELECTRICITY,2006,2010,0.000140761
Simplicity2,ELECTRICITY,2007,2010,0.000141038
Simplicity2,ELECTRICITY,2008,2010,0.000139215
Simplicity2,ELECTRICITY,2009,2010,0.000142291
Simplicity2,ELECTRICITY,2010,2010,0.000146197
Simplicity2,ELECTRICITY,2011,2010,0.000146181
Simplicity2,ELECTRICITY,2012,2010,0.000149013
Simplicity2,ELECTRICITY,2013,2010,0.000145725
Simplicity2,ELECTRICITY,2014,2010,0.000122889
Simplicity2,ELECTRICITY,2015,2010,0.00011716
Simplicity2,ELECTRICITY,2016,2010,0.000112309
Simplicity2,ELECTRICITY,2017,2010,0.000113644
Simplicity2,ELECTRICITY,2018,2010,0.000115532
Simplicity2,ELECTRICITY,2019,2010,0.000114181
Simplicity2,ELECTRICITY,2020,2010,0.000108045
Simplicity2,ELECTRICITY,2021,2010,0.000107866
Simplicity2,ELECTRICITY,2022,2010,0.000126047
Simplicity2,ELECTRICITY,2023,2010,0.00014151
Simplicity2,ELECTRICITY,2024,2010,0.00014496
Simplicity2,ELECTRICITY,2025,2010,0.000142258
Simplicity2,ELECTRICITY,2026,2010,0.000142584
Simplicity2,ELECTRICITY,2027,2010,0.000143951
Simplicity2,ELECTRICITY,2028,2010,0.000143007
Simplicity2,ELECTRICITY,2029,2010,0.000144212
Simplicity2,ELECTRICITY,2030,2010,0.000142747
Simplicity2,ELECTRICITY,2031,2010,0.000141363
Simplicity2,ELECTRICITY,2032,2010,0.000143577
Simplicity2,ELECTRICITY,2033,2010,0.000141689
Simplicity2,ELECTRICITY,2034,2010,0.000141428
Simplicity2,ELECTRICITY,2035,2010,0.000145986
Simplicity2,ELECTRICITY,2036,2010,0.000146197
Simplicity2,ELECTRICITY,2037,2010,0.000140077
Simplicity2,ELECTRICITY,2038,2010,0.000119959
Simplicity2,ELECTRICITY,2039,2010,0.000111398
Simplicity2,ELECTRICITY,2040,2010,0.000105359
Simplicity2,ELECTRICITY,2041,2010,0.000105945
Simplicity2,ELECTRICITY,2042,2010,0.000106905
Simplicity2,ELECTRICITY,2043,2010,0.000108045
Simplicity2,ELECTRICITY,2044,2010,0.000107491
Simplicity2,ELECTRICITY,2045,2010,0.000105196
Simplicity2,ELECTRICITY,2046,2010,0.0001099
Simplicity2,ELECTRICITY,2047,2010,0.000116395
Simplicity2,ELECTRICITY,2048,2010,0.000124338
Simplicity2,ELECTRICITY,2049,2010,0.00012743
Simplicity2,ELECTRICITY,2050,2010,0.000127072
Simplicity2,ELECTRICITY,2051,2010,0.000124045
Simplicity2,ELECTRICITY,2052,2010,0.000123817
Simplicity2,ELECTRICITY,2053,2010,0.000122092
Simplicity2,ELECTRICITY,2054,2010,0.000121392
Simplicity2,ELECTRICITY,2055,2010,0.000118559
Simplicity2,ELECTRICITY,2056,2010,0.000120122
Simplicity2,ELECTRICITY,2057,2010,0.000125738
Simplicity2,ELECTRICITY,2058,2010,0.000123231
Simplicity2,ELECTRICITY,2059,2010,0.000122889
Simplicity2,ELECTRICITY,2060,2010,0.000120155
Simplicity2,ELECTRICITY,2061,2010,0.000120155
Simplicity2,ELECTRICITY,2062,2010,0.000110372
Simplicity2,ELECTRICITY,2063,2010,0.000107654
Simplicity2,ELECTRICITY,2064,2010,0.000104464
Simplicity2,ELECTRICITY,2065,2010,0.000101778
Simplicity2,ELECTRICITY,2066,2010,0.000106205
Simplicity2,ELECTRICITY,2067,2010,0.000106677
Simplicity2,ELECTRICITY,2068,2010,0.000105196
Simplicity2,ELECTRICITY,2069,2010,0.000107508
Simplicity2,ELECTRICITY,2070,2010,0.000109396
Simplicity2,ELECTRICITY,2071,2010,0.000114149
Simplicity2,ELECTRICITY,2072,2010,0.000118397
Simplicity2,ELECTRICITY,2073,2010,0.000123589
Simplicity2,ELECTRICITY,2074,2010,0.000120822
Simplicity2,ELECTRICITY,2075,2010,0.000116671
Simplicity2,ELECTRICITY,2076,2010,0.00011187
Simplicity2,ELECTRICITY,2077,2010,0.000113904
Simplicity2,ELECTRICITY,2078,2010,0.000116541
Simplicity2,ELECTRICITY,2079,2010,0.000113823
Simplicity2,ELECTRICITY,2080,2010,0.000118153
Simplicity2,ELECTRICITY,2081,2010,0.000119894
Simplicity2,ELECTRICITY,2082,2010,0.000116216
Simplicity2,ELECTRICITY,2083,2010,0.000108793
Simplicity2,ELECTRICITY,2084,2010,0.000111593
Simplicity2,ELECTRICITY,2085,2010,0.000115776
Simplicity2,ELECTRICITY,2086,2010,0.000109282
Simplicity2,ELECTRICITY,2087,2010,0.000108582
Simplicity2,ELECTRICITY,2088,2010,0.000108159
Simplicity2,ELECTRICITY,2089,2010,0.000105424
Simplicity2,ELECTRICITY,2090,2010,0.000107784
Simplicity2,ELECTRICITY,2091,2010,0.000102397
Simplicity2,ELECTRICITY,2092,2010,0.000101095
Simplicity2,ELECTRICITY,2093,2010,0.000102446
Simplicity2,ELECTRICITY,2094,2010,0.000125738
Simplicity2,ELECTRICITY,2095,2010,0.000141982
Simplicity2,ELECTRICITY,2096,2010,0.000147467
Simplicity2,ELECTRICITY,2097,2010,0.000144814
Simplicity2,ELECTRICITY,2098,2010,0.000143105
Simplicity2,ELECTRICITY,2099,2010,0.000141282
Simplicity2,ELECTRICITY,2100,2010,0.000143919
Simplicity2,ELECTRICITY,2101,2010,0.000138189
Simplicity2,ELECTRICITY,2102,2010,0.000137294
Simplicity2,ELECTRICITY,2103,2010,0.00014151
Simplicity2,ELECTRICITY,2104,2010,0.000139687
Simplicity2,ELECTRICITY,2105,2010,0.000141119
Simplicity2,ELECTRICITY,2106,2010,0.000143886
Simplicity2,ELECTRICITY,2107,2010,0.000134657
Simplicity2,ELECTRICITY,2108,2010,0.000134559
Simplicity2,ELECTRICITY,2109,2010,0.000140842
Simplicity2,ELECTRICITY,2110,2010,0.000119162
Simplicity2,ELECTRICITY,2111,2010,0.000119731
Simplicity2,ELECTRICITY,2112,2010,0.000113383
Simplicity2,ELECTRICITY,2113,2010,0.000113204
Simplicity2,ELECTRICITY,2114,2010,0.000111805
Simplicity2,ELECTRICITY,2115,2010,0.000103243
Simplicity2,ELECTRICITY,2116,2010,0.000102185
Simplicity2,ELECTRICITY,2117,2010,0.00010461
Simplicity2,ELECTRICITY,2118,2010,0.000114832
Simplicity2,ELECTRICITY,2119,2010,0.000128846
Simplicity2,ELECTRICITY,2120,2010,0.000133127
Simplicity2,ELECTRICITY,2121,2010,0.000132818
Simplicity2,ELECTRICITY,2122,2010,0.000133892
Simplicity2,ELECTRICITY,2123,2010,0.000131451
Simplicity2,ELECTRICITY,2124,2010,0.000130637
Simplicity2,ELECTRICITY,2125,2010,0.000128798
Simplicity2,ELECTRICITY,2126,2010,0.000127788
Simplicity2,ELECTRICITY,2127,2010,0.00012564
Simplicity2,ELECTRICITY,2128,2010,0.000129139
Simplicity2,ELECTRICITY,2129,2010,0.000132785
Simplicity2,ELECTRICITY,2130,2010,0.000132297
Simplicity2,ELECTRICITY,2131,2010,0.000131532
Simplicity2,ELECTRICITY,2132,2010,0.000137294
Simplicity2,ELECTRICITY,2133,2010,0.000132916
Simplicity2,ELECTRICITY,2134,2010,0.000125786
Simplicity2,ELECTRICITY,2135,2010,0.000119032
Simplicity2,ELECTRICITY,2136,2010,0.000113156
Simplicity2,ELECTRICITY,2137,2010,0.000112033
Simplicity2,ELECTRICITY,2138,2010,0.000111479
Simplicity2,ELECTRICITY,2139,2010,0.000111821
Simplicity2,ELECTRICITY,2140,2010,0.000108273
Simplicity2,ELECTRICITY,2141,2010,0.000108468
Simplicity2,ELECTRICITY,2142,2010,0.000114002
Simplicity2,ELECTRICITY,2143,2010,0.000128732
Simplicity2,ELECTRICITY,2144,2010,0.000131565
Simplicity2,ELECTRICITY,2145,2010,0.000128114
Simplicity2,ELECTRICITY,2146,2010,0.000127333
Simplicity2,ELECTRICITY,2147,2010,0.000124989
Simplicity2,ELECTRICITY,2148,2010,0.000123996
Simplicity2,ELECTRICITY,2149,2010,0.000122157
Simplicity2,ELECTRICITY,2150,2010,0.000122922
Simplicity2,ELECTRICITY,2151,2010,0.00012214
Simplicity2,ELECTRICITY,2152,2010,0.000120236
Simplicity2,ELECTRICITY,2153,2010,0.000126454
Simplicity2,ELECTRICITY,2154,2010,0.000125493
Simplicity2,ELECTRICITY,2155,2010,0.000116834
Simplicity2,ELECTRICITY,2156,2010,0.000123833
Simplicity2,ELECTRICITY,2157,2010,0.000125982
Simplicity2,ELECTRICITY,2158,2010,0.000123215
Simplicity2,ELECTRICITY,2159,2010,0.00012061
Simplicity2,ELECTRICITY,2160,2010,0.000118543
Simplicity2,ELECTRICITY,2161,2010,0.00011895
Simplicity2,ELECTRICITY,2162,2010,0.000121066
Simplicity2,ELECTRICITY,2163,2010,0.000120562
Simplicity2,ELECTRICITY,2164,2010,0.000114328
Simplicity2,ELECTRICITY,2165,2010,0.000113172
Simplicity2,ELECTRICITY,2166,2010,0.000115499
Simplicity2,ELECTRICITY,2167,2010,0.000126698
Simplicity2,ELECTRICITY,2168,2010,0.000130035
Simplicity2,ELECTRICITY,2169,2010,0.00013871
Simplicity2,ELECTRICITY,2170,2010,0.000133583
Simplicity2,ELECTRICITY,2171,2010,0.000131402
Simplicity2,ELECTRICITY,2172,2010,0.00013399
Simplicity2,ELECTRICITY,2173,2010,0.000130018
Simplicity2,ELECTRICITY,2174,2010,0.000128228
Simplicity2,ELECTRICITY,2175,2010,0.000127658
Simplicity2,ELECTRICITY,2176,2010,0.000131027
Simplicity2,ELECTRICITY,2177,2010,0.000133583
Simplicity2,ELECTRICITY,2178,2010,0.000132053
Simplicity2,ELECTRICITY,2179,2010,0.00013233
Simplicity2,ELECTRICITY,2180,2010,0.000135406
Simplicity2,ELECTRICITY,2181,2010,0.000135308
Simplicity2,ELECTRICITY,2182,2010,0.000134364
Simplicity2,ELECTRICITY,2183,2010,0.000128244
Simplicity2,ELECTRICITY,2184,2010,0.000121408
Simplicity2,ELECTRICITY,2185,2010,0.000121424
Simplicity2,ELECTRICITY,2186,2010,0.00011939
Simplicity2,ELECTRICITY,2187,2010,0.000118869
Simplicity2,ELECTRICITY,2188,2010,0.000115646
Simplicity2,ELECTRICITY,2189,2010,0.000113286
Simplicity2,ELECTRICITY,2190,2010,0.00010575
Simplicity2,ELECTRICITY,2191,2010,0.000110698
Simplicity2,ELECTRICITY,2192,2010,0.000110877
Simplicity2,ELECTRICITY,2193,2010,0.000115027
Simplicity2,ELECTRICITY,2194,2010,0.00011812
Simplicity2,ELECTRICITY,2195,2010,0.000126486
Simplicity2,ELECTRICITY,2196,2010,0.000125786
Simplicity2,ELECTRICITY,2197,2010,0.000120773
Simplicity2,ELECTRICITY,2198,2010,0.000118511
Simplicity2,ELECTRICITY,2199,2010,0.000118576
Simplicity2,ELECTRICITY,2200,2010,0.00012577
Simplicity2,ELECTRICITY,2201,2010,0.00012704
Simplicity2,ELECTRICITY,2202,2010,0.000123361
Simplicity2,ELECTRICITY,2203,2010,0.000120675
Simplicity2,ELECTRICITY,2204,2010,0.000120855
Simplicity2,ELECTRICITY,2205,2010,0.000117127
Simplicity2,ELECTRICITY,2206,2010,0.00012284
Simplicity2,ELECTRICITY,2207,2010,0.00011576
Simplicity2,ELECTRICITY,2208,2010,0.000111495
Simplicity2,ELECTRICITY,2209,2010,0.000111284
Simplicity2,ELECTRICITY,2210,2010,0.000109461
Simplicity2,ELECTRICITY,2211,2010,0.000107312
Simplicity2,ELECTRICITY,2212,2010,0.000107084
Simplicity2,ELECTRICITY,2213,2010,0.000108533
Simplicity2,ELECTRICITY,2214,2010,0.000102576
Simplicity2,ELECTRICITY,2215,2010,0.000106319
Simplicity2,ELECTRICITY,2216,2010,0.00011174
Simplicity2,ELECTRICITY,2217,2010,0.000114734
Simplicity2,ELECTRICITY,2218,2010,0.000113969
Simplicity2,ELECTRICITY,2219,2010,0.00011379
Simplicity2,ELECTRICITY,2220,2010,0.000114702
Simplicity2,ELECTRICITY,2221,2010,0.000114995
Simplicity2,ELECTRICITY,2222,2010,0.000113758
Simplicity2,ELECTRICITY,2223,2010,0.000112618
Simplicity2,ELECTRICITY,2224,2010,0.000113156
Simplicity2,ELECTRICITY,2225,2010,0.000114702
Simplicity2,ELECTRICITY,2226,2010,0.000114116
Simplicity2,ELECTRICITY,2227,2010,0.000108582
Simplicity2,ELECTRICITY,2228,2010,0.000110079
Simplicity2,ELECTRICITY,2229,2010,0.000108468
Simplicity2,ELECTRICITY,2230,2010,0.000107687
Simplicity2,ELECTRICITY,2231,2010,0.00011493
Simplicity2,ELECTRICITY,2232,2010,0.000109021
Simplicity2,ELECTRICITY,2233,2010,0.000106677
Simplicity2,ELECTRICITY,2234,2010,0.000103862
Simplicity2,ELECTRICITY,2235,2010,0.000102543
Simplicity2,ELECTRICITY,2236,2010,0.000101111
Simplicity2,ELECTRICITY,2237,2010,0.000103471
Simplicity2,ELECTRICITY,2238,2010,0.000107117
Simplicity2,ELECTRICITY,2239,2010,0.000111088
Simplicity2,ELECTRICITY,2240,2010,0.000116069
Simplicity2,ELECTRICITY,2241,2010,0.000122124
Simplicity2,ELECTRICITY,2242,2010,0.000120317
Simplicity2,ELECTRICITY,2243,2010,0.000118869
Simplicity2,ELECTRICITY,2244,2010,0.000118885
Simplicity2,ELECTRICITY,2245,2010,0.000118836
Simplicity2,ELECTRICITY,2246,2010,0.000119715
Simplicity2,ELECTRICITY,2247,2010,0.000119406
Simplicity2,ELECTRICITY,2248,2010,0.000118641
Simplicity2,ELECTRICITY,2249,2010,0.000116183
Simplicity2,ELECTRICITY,2250,2010,0.000112439
Simplicity2,ELECTRICITY,2251,2010,0.000117013
Simplicity2,ELECTRICITY,2252,2010,0.000122173
Simplicity2,ELECTRICITY,2253,2010,0.000126112
Simplicity2,ELECTRICITY,2254,2010,0.000115516
Simplicity2,ELECTRICITY,2255,2010,0.000113204
Simplicity2,ELECTRICITY,2256,2010,0.00010907
Simplicity2,ELECTRICITY,2257,2010,0.000109558
Simplicity2,ELECTRICITY,2258,2010,0.000106531
Simplicity2,ELECTRICITY,2259,2010,0.00010461
Simplicity2,ELECTRICITY,2260,2010,0.000105261
Simplicity2,ELECTRICITY,2261,2010,0.000101957
Simplicity2,ELECTRICITY,2262,2010,0.000104334
Simplicity2,ELECTRICITY,2263,2010,0.000114767
Simplicity2,ELECTRICITY,2264,2010,0.000120448
Simplicity2,ELECTRICITY,2265,2010,0.000123442
Simplicity2,ELECTRICITY,2266,2010,0.00012258
Simplicity2,ELECTRICITY,2267,2010,0.000124647
Simplicity2,ELECTRICITY,2268,2010,0.000122759
Simplicity2,ELECTRICITY,2269,2010,0.00012105
Simplicity2,ELECTRICITY,2270,2010,0.000116037
Simplicity2,ELECTRICITY,2271,2010,0.000115467
Simplicity2,ELECTRICITY,2272,2010,0.000116476
Simplicity2,ELECTRICITY,2273,2010,0.000117681
Simplicity2,ELECTRICITY,2274,2010,0.000115223
Simplicity2,ELECTRICITY,2275,2010,0.000119048
Simplicity2,ELECTRICITY,2276,2010,0.000124403
Simplicity2,ELECTRICITY,2277,2010,0.000126779
Simplicity2,ELECTRICITY,2278,2010,0.000119259
Simplicity2,ELECTRICITY,2279,2010,0.000115923
Simplicity2,ELECTRICITY,2280,2010,0.000108321
Simplicity2,ELECTRICITY,2281,2010,0.000107426
Simplicity2,ELECTRICITY,2282,2010,0.000108012
Simplicity2,ELECTRICITY,2283,2010,0.000108712
Simplicity2,ELECTRICITY,2284,2010,0.000108094
Simplicity2,ELECTRICITY,2285,2010,0.000108224
Simplicity2,ELECTRICITY,2286,2010,0.000110779
Simplicity2,ELECTRICITY,2287,2010,0.000121847
Simplicity2,ELECTRICITY,2288,2010,0.000122368
Simplicity2,ELECTRICITY,2289,2010,0.000122987
Simplicity2,ELECTRICITY,2290,2010,0.000119797
Simplicity2,ELECTRICITY,2291,2010,0.000117925
Simplicity2,ELECTRICITY,2292,2010,0.000118397
Simplicity2,ELECTRICITY,2293,2010,0.000116639
Simplicity2,ELECTRICITY,2294,2010,0.000116444
Simplicity2,ELECTRICITY,2295,2010,0.000115027
Simplicity2,ELECTRICITY,2296,2010,0.000119699
Simplicity2,ELECTRICITY,2297,2010,0.000123296
Simplicity2,ELECTRICITY,2298,2010,0.000123524
Simplicity2,ELECTRICITY,2299,2010,0.000117241
Simplicity2,ELECTRICITY,2300,2010,0.000120513
Simplicity2,ELECTRICITY,2301,2010,0.000126421
Simplicity2,ELECTRICITY,2302,2010,0.00011716
Simplicity2,ELECTRICITY,2303,2010,0.000116834
Simplicity2,ELECTRICITY,2304,2010,0.000114816
Simplicity2,ELECTRICITY,2305,2010,0.000112618
Simplicity2,ELECTRICITY,2306,2010,0.000112732
Simplicity2,ELECTRICITY,2307,2010,0.000109526
Simplicity2,ELECTRICITY,2308,2010,0.00010728
Simplicity2,ELECTRICITY,2309,2010,0.00010409
Simplicity2,ELECTRICITY,2310,2010,0.000117827
Simplicity2,ELECTRICITY,2311,2010,0.000126486
Simplicity2,ELECTRICITY,2312,2010,0.000132525
Simplicity2,ELECTRICITY,2313,2010,0.000130783
Simplicity2,ELECTRICITY,2314,2010,0.000128814
Simplicity2,ELECTRICITY,2315,2010,0.000128146
Simplicity2,ELECTRICITY,2316,2010,0.000126128
Simplicity2,ELECTRICITY,2317,2010,0.000125412
Simplicity2,ELECTRICITY,2318,2010,0.000125689
Simplicity2,ELECTRICITY,2319,2010,0.000124712
Simplicity2,ELECTRICITY,2320,2010,0.000127886
Simplicity2,ELECTRICITY,2321,2010,0.000133192
Simplicity2,ELECTRICITY,2322,2010,0.000130832
Simplicity2,ELECTRICITY,2323,2010,0.000126763
Simplicity2,ELECTRICITY,2324,2010,0.000130441
Simplicity2,ELECTRICITY,2325,2010,0.000128277
Simplicity2,ELECTRICITY,2326,2010,0.000119731
Simplicity2,ELECTRICITY,2327,2010,0.000115499
Simplicity2,ELECTRICITY,2328,2010,0.000111853
Simplicity2,ELECTRICITY,2329,2010,0.000120594
Simplicity2,ELECTRICITY,2330,2010,0.000120692
Simplicity2,ELECTRICITY,2331,2010,0.000118169
Simplicity2,ELECTRICITY,2332,2010,0.000114588
Simplicity2,ELECTRICITY,2333,2010,0.000113921
Simplicity2,ELECTRICITY,2334,2010,0.000126389
Simplicity2,ELECTRICITY,2335,2010,0.00013967
Simplicity2,ELECTRICITY,2336,2010,0.000141656
Simplicity2,ELECTRICITY,2337,2010,0.000138254
Simplicity2,ELECTRICITY,2338,2010,0.000135748
Simplicity2,ELECTRICITY,2339,2010,0.000132948
Simplicity2,ELECTRICITY,2340,2010,0.000127691
Simplicity2,ELECTRICITY,2341,2010,0.000128195
Simplicity2,ELECTRICITY,2342,2010,0.000126291
Simplicity2,ELECTRICITY,2343,2010,0.000126405
Simplicity2,ELECTRICITY,2344,2010,0.000126763
Simplicity2,ELECTRICITY,2345,2010,0.000128114
Simplicity2,ELECTRICITY,2346,2010,0.000132069
Simplicity2,ELECTRICITY,2347,2010,0.000137668
Simplicity2,ELECTRICITY,2348,2010,0.0001433
Simplicity2,ELECTRICITY,2349,2010,0.000132525
Simplicity2,ELECTRICITY,2350,2010,0.000126307
Simplicity2,ELECTRICITY,2351,2010,0.000125477
Simplicity2,ELECTRICITY,2352,2010,0.000120513
Simplicity2,ELECTRICITY,2353,2010,0.000117029
Simplicity2,ELECTRICITY,2354,2010,0.000119276
Simplicity2,ELECTRICITY,2355,2010,0.000123101
Simplicity2,ELECTRICITY,2356,2010,0.000113481
Simplicity2,ELECTRICITY,2357,2010,0.000117827
Simplicity2,ELECTRICITY,2358,2010,0.000127772
Simplicity2,ELECTRICITY,2359,2010,0.000137343
Simplicity2,ELECTRICITY,2360,2010,0.000141331
Simplicity2,ELECTRICITY,2361,2010,0.000143121
Simplicity2,ELECTRICITY,2362,2010,0.000138645
Simplicity2,ELECTRICITY,2363,2010,0.000132525
Simplicity2,ELECTRICITY,2364,2010,0.000130588
Simplicity2,ELECTRICITY,2365,2010,0.000131044
Simplicity2,ELECTRICITY,2366,2010,0.000128195
Simplicity2,ELECTRICITY,2367,2010,0.000128684
Simplicity2,ELECTRICITY,2368,2010,0.000130555
Simplicity2,ELECTRICITY,2369,2010,0.000130295
Simplicity2,ELECTRICITY,2370,2010,0.000132183
Simplicity2,ELECTRICITY,2371,2010,0.000130279
Simplicity2,ELECTRICITY,2372,2010,0.000137278
Simplicity2,ELECTRICITY,2373,2010,0.000133453
Simplicity2,ELECTRICITY,2374,2010,0.000124468
Simplicity2,ELECTRICITY,2375,2010,0.000118348
Simplicity2,ELECTRICITY,2376,2010,0.000114279
Simplicity2,ELECTRICITY,2377,2010,0.000111398
Simplicity2,ELECTRICITY,2378,2010,0.00011296
Simplicity2,ELECTRICITY,2379,2010,0.00011436
Simplicity2,ELECTRICITY,2380,2010,0.00011423
Simplicity2,ELECTRICITY,2381,2010,0.000114946
Simplicity2,ELECTRICITY,2382,2010,0.00011117
Simplicity2,ELECTRICITY,2383,2010,0.000117632
Simplicity2,ELECTRICITY,2384,2010,0.000126275
Simplicity2,ELECTRICITY,2385,2010,0.000128749
Simplicity2,ELECTRICITY,2386,2010,0.000126861
Simplicity2,ELECTRICITY,2387,2010,0.000123101
Simplicity2,ELECTRICITY,2388,2010,0.00012551
Simplicity2,ELECTRICITY,2389,2010,0.000120171
Simplicity2,ELECTRICITY,2390,2010,0.000118934
Simplicity2,ELECTRICITY,2391,2010,0.000120073
Simplicity2,ELECTRICITY,2392,2010,0.000122922
Simplicity2,ELECTRICITY,2393,2010,0.000121717
Simplicity2,ELECTRICITY,2394,2010,0.000123654
Simplicity2,ELECTRICITY,2395,2010,0.000118771
Simplicity2,ELECTRICITY,2396,2010,0.000120415
Simplicity2,ELECTRICITY,2397,2010,0.000123247
Simplicity2,ELECTRICITY,2398,2010,0.000119373
Simplicity2,ELECTRICITY,2399,2010,0.00011563
Simplicity2,ELECTRICITY,2400,2010,0.000117176
Simplicity2,ELECTRICITY,2401,2010,0.000117746
Simplicity2,ELECTRICITY,2402,2010,0.000119666
Simplicity2,ELECTRICITY,2403,2010,0.000118983
Simplicity2,ELECTRICITY,2404,2010,0.000119797
Simplicity2,ELECTRICITY,2405,2010,0.000121066
Simplicity2,ELECTRICITY,2406,2010,0.000119227
Simplicity2,ELECTRICITY,2407,2010,0.000122743
Simplicity2,ELECTRICITY,2408,2010,0.000121082
Simplicity2,ELECTRICITY,2409,2010,0.000119927
Simplicity2,ELECTRICITY,2410,2010,0.000117485
Simplicity2,ELECTRICITY,2411,2010,0.000115874
Simplicity2,ELECTRICITY,2412,2010,0.000111756
Simplicity2,ELECTRICITY,2413,2010,0.000110307
Simplicity2,ELECTRICITY,2414,2010,0.000114067
Simplicity2,ELECTRICITY,2415,2010,0.000112146
Simplicity2,ELECTRICITY,2416,2010,0.000113986
Simplicity2,ELECTRICITY,2417,2010,0.000115141
Simplicity2,ELECTRICITY,2418,2010,0.000111691
Simplicity2,ELECTRICITY,2419,2010,0.00011353
Simplicity2,ELECTRICITY,2420,2010,0.000118153
Simplicity2,ELECTRICITY,2421,2010,0.000111333
Simplicity2,ELECTRICITY,2422,2010,0.000120724
Simplicity2,ELECTRICITY,2423,2010,0.000124256
Simplicity2,ELECTRICITY,2424,2010,0.000121571
Simplicity2,ELECTRICITY,2425,2010,0.000120138
Simplicity2,ELECTRICITY,2426,2010,0.000118315
Simplicity2,ELECTRICITY,2427,2010,0.000117176
Simplicity2,ELECTRICITY,2428,2010,0.00011353
Simplicity2,ELECTRICITY,2429,2010,0.000111186
Simplicity2,ELECTRICITY,2430,2010,0.000111626
Simplicity2,ELECTRICITY,2431,2010,0.000124842
Simplicity2,ELECTRICITY,2432,2010,0.000130458
Simplicity2,ELECTRICITY,2433,2010,0.000126177
Simplicity2,ELECTRICITY,2434,2010,0.000123752
Simplicity2,ELECTRICITY,2435,2010,0.000122173
Simplicity2,ELECTRICITY,2436,2010,0.000116297
Simplicity2,ELECTRICITY,2437,2010,0.00011729
Simplicity2,ELECTRICITY,2438,2010,0.000117892
Simplicity2,ELECTRICITY,2439,2010,0.000122498
Simplicity2,ELECTRICITY,2440,2010,0.000119162
Simplicity2,ELECTRICITY,2441,2010,0.000122287
Simplicity2,ELECTRICITY,2442,2010,0.000119211
Simplicity2,ELECTRICITY,2443,2010,0.000121066
Simplicity2,ELECTRICITY,2444,2010,0.000123589
Simplicity2,ELECTRICITY,2445,2010,0.000122368
Simplicity2,ELECTRICITY,2446,2010,0.00011908
Simplicity2,ELECTRICITY,2447,2010,0.00011187
Simplicity2,ELECTRICITY,2448,2010,0.000106677
Simplicity2,ELECTRICITY,2449,2010,0.000105473
Simplicity2,ELECTRICITY,2450,2010,0.000105668
Simplicity2,ELECTRICITY,2451,2010,0.000102918
Simplicity2,ELECTRICITY,2452,2010,0.000102625
Simplicity2,ELECTRICITY,2453,2010,0.000105115
Simplicity2,ELECTRICITY,2454,2010,0.000103227
Simplicity2,ELECTRICITY,2455,2010,0.00011589
Simplicity2,ELECTRICITY,2456,2010,0.000121571
Simplicity2,ELECTRICITY,2457,2010,0.000118218
Simplicity2,ELECTRICITY,2458,2010,0.00011786
Simplicity2,ELECTRICITY,2459,2010,0.000119373
Simplicity2,ELECTRICITY,2460,2010,0.000119324
Simplicity2,ELECTRICITY,2461,2010,0.000116753
Simplicity2,ELECTRICITY,2462,2010,0.000115386
Simplicity2,ELECTRICITY,2463,2010,0.000114018
Simplicity2,ELECTRICITY,2464,2010,0.000114295
Simplicity2,ELECTRICITY,2465,2010,0.000120399
Simplicity2,ELECTRICITY,2466,2010,0.000122401
Simplicity2,ELECTRICITY,2467,2010,0.000116557
Simplicity2,ELECTRICITY,2468,2010,0.000123117
Simplicity2,ELECTRICITY,2469,2010,0.000122922
Simplicity2,ELECTRICITY,2470,2010,0.000121489
Simplicity2,ELECTRICITY,2471,2010,0.000119145
Simplicity2,ELECTRICITY,2472,2010,0.000113921
Simplicity2,ELECTRICITY,2473,2010,0.000114718
Simplicity2,ELECTRICITY,2474,2010,0.000110779
Simplicity2,ELECTRICITY,2475,2010,0.000110258
Simplicity2,ELECTRICITY,2476,2010,0.000103243
Simplicity2,ELECTRICITY,2477,2010,0.00010894
Simplicity2,ELECTRICITY,2478,2010,0.000102315
Simplicity2,ELECTRICITY,2479,2010,0.000114083
Simplicity2,ELECTRICITY,2480,2010,0.000120822
Simplicity2,ELECTRICITY,2481,2010,0.000117957
Simplicity2,ELECTRICITY,2482,2010,0.000120155
Simplicity2,ELECTRICITY,2483,2010,0.000118543
Simplicity2,ELECTRICITY,2484,2010,0.000114653
Simplicity2,ELECTRICITY,2485,2010,0.000103878
Simplicity2,ELECTRICITY,2486,2010,0.000102283
Simplicity2,ELECTRICITY,2487,2010,0.000103845
Simplicity2,ELECTRICITY,2488,2010,0.000105375
Simplicity2,ELECTRICITY,2489,2010,0.000112993
Simplicity2,ELECTRICITY,2490,2010,0.000113123
Simplicity2,ELECTRICITY,2491,2010,0.000110519
Simplicity2,ELECTRICITY,2492,2010,0.000115906
Simplicity2,ELECTRICITY,2493,2010,0.000112895
Simplicity2,ELECTRICITY,2494,2010,0.000121782
Simplicity2,ELECTRICITY,2495,2010,0.000116606
Simplicity2,ELECTRICITY,2496,2010,0.000112798
Simplicity2,ELECTRICITY,2497,2010,0.00010868
Simplicity2,ELECTRICITY,2498,2010,0.000108354
Simplicity2,ELECTRICITY,2499,2010,0.000107719
Simplicity2,ELECTRICITY,2500,2010,0.000107475
Simplicity2,ELECTRICITY,2501,2010,0.00010977
Simplicity2,ELECTRICITY,2502,2010,0.000101176
Simplicity2,ELECTRICITY,2503,2010,0.000115304
Simplicity2,ELECTRICITY,2504,2010,0.00011659
Simplicity2,ELECTRICITY,2505,2010,0.000114035
Simplicity2,ELECTRICITY,2506,2010,0.000111691
Simplicity2,ELECTRICITY,2507,2010,0.000115825
Simplicity2,ELECTRICITY,2508,2010,0.000111528
Simplicity2,ELECTRICITY,2509,2010,0.000109331
Simplicity2,ELECTRICITY,2510,2010,0.000108012
Simplicity2,ELECTRICITY,2511,2010,0.000108875
Simplicity2,ELECTRICITY,2512,2010,0.000112684
Simplicity2,ELECTRICITY,2513,2010,0.000112765
Simplicity2,ELECTRICITY,2514,2010,0.000112651
Simplicity2,ELECTRICITY,2515,2010,0.000107426
Simplicity2,ELECTRICITY,2516,2010,0.0001113
Simplicity2,ELECTRICITY,2517,2010,0.000109331
Simplicity2,ELECTRICITY,2518,2010,0.000117209
Simplicity2,ELECTRICITY,2519,2010,0.000118104
Simplicity2,ELECTRICITY,2520,2010,0.000109542
Simplicity2,ELECTRICITY,2521,2010,0.000111056
Simplicity2,ELECTRICITY,2522,2010,0.000108761
Simplicity2,ELECTRICITY,2523,2010,0.000108989
Simplicity2,ELECTRICITY,2524,2010,0.000108126
Simplicity2,ELECTRICITY,2525,2010,0.000108321
Simplicity2,ELECTRICITY,2526,2010,0.000101355
Simplicity2,ELECTRICITY,2527,2010,0.000114067
Simplicity2,ELECTRICITY,2528,2010,0.000117957
Simplicity2,ELECTRICITY,2529,2010,0.000115971
Simplicity2,ELECTRICITY,2530,2010,0.000113676
Simplicity2,ELECTRICITY,2531,2010,0.000111902
Simplicity2,ELECTRICITY,2532,2010,0.000111561
Simplicity2,ELECTRICITY,2533,2010,0.000107133
Simplicity2,ELECTRICITY,2534,2010,0.000106287
Simplicity2,ELECTRICITY,2535,2010,0.000101664
Simplicity2,ELECTRICITY,2536,2010,0.000102153
Simplicity2,ELECTRICITY,2537,2010,0.00010907
Simplicity2,ELECTRICITY,2538,2010,0.000115841
Simplicity2,ELECTRICITY,2539,2010,0.00010767
Simplicity2,ELECTRICITY,2540,2010,0.000110828
Simplicity2,ELECTRICITY,2541,2010,0.000113628
Simplicity2,ELECTRICITY,2542,2010,0.000122531
Simplicity2,ELECTRICITY,2543,2010,0.000119113
Simplicity2,ELECTRICITY,2544,2010,0.000113644
Simplicity2,ELECTRICITY,2545,2010,0.000109738
Simplicity2,ELECTRICITY,2546,2010,0.000107622
Simplicity2,ELECTRICITY,2547,2010,0.000106905
Simplicity2,ELECTRICITY,2548,2010,0.000104529
Simplicity2,ELECTRICITY,2549,2010,0.000102852
Simplicity2,ELECTRICITY,2550,2010,9.56744E-05
Simplicity2,ELECTRICITY,2551,2010,9.2533E-05
Simplicity2,ELECTRICITY,2552,2010,9.38026E-05
Simplicity2,ELECTRICITY,2553,2010,0.000101029
Simplicity2,ELECTRICITY,2554,2010,9.80997E-05
Simplicity2,ELECTRICITY,2555,2010,9.94832E-05
Simplicity2,ELECTRICITY,2556,2010,9.70742E-05
Simplicity2,ELECTRICITY,2557,2010,9.52024E-05
Simplicity2,ELECTRICITY,2558,2010,9.67975E-05
Simplicity2,ELECTRICITY,2559,2010,9.59186E-05
Simplicity2,ELECTRICITY,2560,2010,0.000100769
Simplicity2,ELECTRICITY,2561,2010,0.000104122
Simplicity2,ELECTRICITY,2562,2010,0.00010518
Simplicity2,ELECTRICITY,2563,2010,9.65859E-05
Simplicity2,ELECTRICITY,2564,2010,9.54629E-05
Simplicity2,ELECTRICITY,2565,2010,9.89949E-05
Simplicity2,ELECTRICITY,2566,2010,0.00011716
Simplicity2,ELECTRICITY,2567,2010,0.000115695
Simplicity2,ELECTRICITY,2568,2010,0.000109119
Simplicity2,ELECTRICITY,2569,2010,0.000107443
Simplicity2,ELECTRICITY,2570,2010,0.000105147
Simplicity2,ELECTRICITY,2571,2010,0.000103569
Simplicity2,ELECTRICITY,2572,2010,0.000105685
Simplicity2,ELECTRICITY,2573,2010,0.000106531
Simplicity2,ELECTRICITY,2574,2010,0.000111121
Simplicity2,ELECTRICITY,2575,2010,0.00011353
Simplicity2,ELECTRICITY,2576,2010,0.000114409
Simplicity2,ELECTRICITY,2577,2010,0.00011449
Simplicity2,ELECTRICITY,2578,2010,0.000113579
Simplicity2,ELECTRICITY,2579,2010,0.00010964
Simplicity2,ELECTRICITY,2580,2010,0.00010697
Simplicity2,ELECTRICITY,2581,2010,0.000109965
Simplicity2,ELECTRICITY,2582,2010,0.00010741
Simplicity2,ELECTRICITY,2583,2010,0.000107752
Simplicity2,ELECTRICITY,2584,2010,0.000108468
Simplicity2,ELECTRICITY,2585,2010,0.000110486
Simplicity2,ELECTRICITY,2586,2010,0.000111088
Simplicity2,ELECTRICITY,2587,2010,0.00010186
Simplicity2,ELECTRICITY,2588,2010,9.67487E-05
Simplicity2,ELECTRICITY,2589,2010,0.000107638
Simplicity2,ELECTRICITY,2590,2010,0.000112846
Simplicity2,ELECTRICITY,2591,2010,0.000113351
Simplicity2,ELECTRICITY,2592,2010,0.000110568
Simplicity2,ELECTRICITY,2593,2010,0.000106368
Simplicity2,ELECTRICITY,2594,2010,0.00010492
Simplicity2,ELECTRICITY,2595,2010,0.000103341
Simplicity2,ELECTRICITY,2596,2010,0.00010448
Simplicity2,ELECTRICITY,2597,2010,0.000103878
Simplicity2,ELECTRICITY,2598,2010,0.000106531
Simplicity2,ELECTRICITY,2599,2010,0.000111919
Simplicity2,ELECTRICITY,2600,2010,0.000117681
Simplicity2,ELECTRICITY,2601,2010,0.000117241
Simplicity2,ELECTRICITY,2602,2010,0.000117485
Simplicity2,ELECTRICITY,2603,2010,0.000112944
Simplicity2,ELECTRICITY,2604,2010,0.000112846
Simplicity2,ELECTRICITY,2605,2010,0.000110389
Simplicity2,ELECTRICITY,2606,2010,0.000119634
Simplicity2,ELECTRICITY,2607,2010,0.000106547
Simplicity2,ELECTRICITY,2608,2010,0.000111561
Simplicity2,ELECTRICITY,2609,2010,0.000111919
Simplicity2,ELECTRICITY,2610,2010,0.000114653
Simplicity2,ELECTRICITY,2611,2010,0.000119894
Simplicity2,ELECTRICITY,2612,2010,0.000122043
Simplicity2,ELECTRICITY,2613,2010,0.000114572
Simplicity2,ELECTRICITY,2614,2010,0.000112114
Simplicity2,ELECTRICITY,2615,2010,0.000108126
Simplicity2,ELECTRICITY,2616,2010,9.99715E-05
Simplicity2,ELECTRICITY,2617,2010,0.000103308
Simplicity2,ELECTRICITY,2618,2010,0.000100346
Simplicity2,ELECTRICITY,2619,2010,9.98738E-05
Simplicity2,ELECTRICITY,2620,2010,9.29725E-05
Simplicity2,ELECTRICITY,2621,2010,9.19145E-05
Simplicity2,ELECTRICITY,2622,2010,9.7058E-05
Simplicity2,ELECTRICITY,2623,2010,0.000108256
Simplicity2,ELECTRICITY,2624,2010,0.000108647
Simplicity2,ELECTRICITY,2625,2010,0.000107605
Simplicity2,ELECTRICITY,2626,2010,0.000104675
Simplicity2,ELECTRICITY,2627,2010,0.000104936
Simplicity2,ELECTRICITY,2628,2010,0.000103357
Simplicity2,ELECTRICITY,2629,2010,0.000104773
Simplicity2,ELECTRICITY,2630,2010,0.000104041
Simplicity2,ELECTRICITY,2631,2010,0.000109575
Simplicity2,ELECTRICITY,2632,2010,0.000115125
Simplicity2,ELECTRICITY,2633,2010,0.000118234
Simplicity2,ELECTRICITY,2634,2010,0.00011825
Simplicity2,ELECTRICITY,2635,2010,0.000113514
Simplicity2,ELECTRICITY,2636,2010,0.000117827
Simplicity2,ELECTRICITY,2637,2010,0.000124045
Simplicity2,ELECTRICITY,2638,2010,0.000116297
Simplicity2,ELECTRICITY,2639,2010,0.000114295
Simplicity2,ELECTRICITY,2640,2010,9.9532E-05
Simplicity2,ELECTRICITY,2641,2010,9.56907E-05
Simplicity2,ELECTRICITY,2642,2010,9.47467E-05
Simplicity2,ELECTRICITY,2643,2010,9.7709E-05
Simplicity2,ELECTRICITY,2644,2010,9.23377E-05
Simplicity2,ELECTRICITY,2645,2010,8.63316E-05
Simplicity2,ELECTRICITY,2646,2010,0.000105799
Simplicity2,ELECTRICITY,2647,2010,0.00012284
Simplicity2,ELECTRICITY,2648,2010,0.000127202
Simplicity2,ELECTRICITY,2649,2010,0.000137847
Simplicity2,ELECTRICITY,2650,2010,0.000131858
Simplicity2,ELECTRICITY,2651,2010,0.000133095
Simplicity2,ELECTRICITY,2652,2010,0.000131858
Simplicity2,ELECTRICITY,2653,2010,0.00012979
Simplicity2,ELECTRICITY,2654,2010,0.000129253
Simplicity2,ELECTRICITY,2655,2010,0.000121034
Simplicity2,ELECTRICITY,2656,2010,0.000126926
Simplicity2,ELECTRICITY,2657,2010,0.000128798
Simplicity2,ELECTRICITY,2658,2010,0.000125965
Simplicity2,ELECTRICITY,2659,2010,0.000129563
Simplicity2,ELECTRICITY,2660,2010,0.000127837
Simplicity2,ELECTRICITY,2661,2010,0.000130832
Simplicity2,ELECTRICITY,2662,2010,0.000120659
Simplicity2,ELECTRICITY,2663,2010,0.000118755
Simplicity2,ELECTRICITY,2664,2010,0.000103357
Simplicity2,ELECTRICITY,2665,2010,0.000101322
Simplicity2,ELECTRICITY,2666,2010,0.000105733
Simplicity2,ELECTRICITY,2667,2010,0.000101729
Simplicity2,ELECTRICITY,2668,2010,9.98901E-05
Simplicity2,ELECTRICITY,2669,2010,9.32004E-05
Simplicity2,ELECTRICITY,2670,2010,0.000118429
Simplicity2,ELECTRICITY,2671,2010,0.000126535
Simplicity2,ELECTRICITY,2672,2010,0.000129986
Simplicity2,ELECTRICITY,2673,2010,0.000129156
Simplicity2,ELECTRICITY,2674,2010,0.000128081
Simplicity2,ELECTRICITY,2675,2010,0.00012201
Simplicity2,ELECTRICITY,2676,2010,0.000127756
Simplicity2,ELECTRICITY,2677,2010,0.000126405
Simplicity2,ELECTRICITY,2678,2010,0.000125884
Simplicity2,ELECTRICITY,2679,2010,0.000128423
Simplicity2,ELECTRICITY,2680,2010,0.000126503
Simplicity2,ELECTRICITY,2681,2010,0.000126909
Simplicity2,ELECTRICITY,2682,2010,0.00012551
Simplicity2,ELECTRICITY,2683,2010,0.000128749
Simplicity2,ELECTRICITY,2684,2010,0.00012927
Simplicity2,ELECTRICITY,2685,2010,0.000131955
Simplicity2,ELECTRICITY,2686,2010,0.00011327
Simplicity2,ELECTRICITY,2687,2010,0.000107719
Simplicity2,ELECTRICITY,2688,2010,0.000103341
Simplicity2,ELECTRICITY,2689,2010,0.000101664
Simplicity2,ELECTRICITY,2690,2010,9.98901E-05
Simplicity2,ELECTRICITY,2691,2010,0.000101029
Simplicity2,ELECTRICITY,2692,2010,9.73184E-05
Simplicity2,ELECTRICITY,2693,2010,9.45514E-05
Simplicity2,ELECTRICITY,2694,2010,0.000103113
Simplicity2,ELECTRICITY,2695,2010,0.000109803
Simplicity2,ELECTRICITY,2696,2010,0.000133697
Simplicity2,ELECTRICITY,2697,2010,0.000136187
Simplicity2,ELECTRICITY,2698,2010,0.000134169
Simplicity2,ELECTRICITY,2699,2010,0.000134055
Simplicity2,ELECTRICITY,2700,2010,0.000134446
Simplicity2,ELECTRICITY,2701,2010,0.000134397
Simplicity2,ELECTRICITY,2702,2010,0.000133534
Simplicity2,ELECTRICITY,2703,2010,0.000134918
Simplicity2,ELECTRICITY,2704,2010,0.000136708
Simplicity2,ELECTRICITY,2705,2010,0.000132769
Simplicity2,ELECTRICITY,2706,2010,0.000135992
Simplicity2,ELECTRICITY,2707,2010,0.00013635
Simplicity2,ELECTRICITY,2708,2010,0.000138922
Simplicity2,ELECTRICITY,2709,2010,0.000123442
Simplicity2,ELECTRICITY,2710,2010,0.000115646
Simplicity2,ELECTRICITY,2711,2010,0.00010824
Simplicity2,ELECTRICITY,2712,2010,0.000102267
Simplicity2,ELECTRICITY,2713,2010,0.000100378
Simplicity2,ELECTRICITY,2714,2010,0.000106515
Simplicity2,ELECTRICITY,2715,2010,0.000104415
Simplicity2,ELECTRICITY,2716,2010,0.000106726
Simplicity2,ELECTRICITY,2717,2010,0.000107377
Simplicity2,ELECTRICITY,2718,2010,0.000118494
Simplicity2,ELECTRICITY,2719,2010,0.000121864
Simplicity2,ELECTRICITY,2720,2010,0.000119927
Simplicity2,ELECTRICITY,2721,2010,0.000122482
Simplicity2,ELECTRICITY,2722,2010,0.000126975
Simplicity2,ELECTRICITY,2723,2010,0.00012634
Simplicity2,ELECTRICITY,2724,2010,0.000125119
Simplicity2,ELECTRICITY,2725,2010,0.000123361
Simplicity2,ELECTRICITY,2726,2010,0.000121961
Simplicity2,ELECTRICITY,2727,2010,0.000120724
Simplicity2,ELECTRICITY,2728,2010,0.000118527
Simplicity2,ELECTRICITY,2729,2010,0.000123052
Simplicity2,ELECTRICITY,2730,2010,0.000122531
Simplicity2,ELECTRICITY,2731,2010,0.000120627
Simplicity2,ELECTRICITY,2732,2010,0.00011755
Simplicity2,ELECTRICITY,2733,2010,0.000118153
Simplicity2,ELECTRICITY,2734,2010,0.000112146
Simplicity2,ELECTRICITY,2735,2010,0.000106922
Simplicity2,ELECTRICITY,2736,2010,0.000100395
Simplicity2,ELECTRICITY,2737,2010,0.000102462
Simplicity2,ELECTRICITY,2738,2010,0.000103471
Simplicity2,ELECTRICITY,2739,2010,0.000104122
Simplicity2,ELECTRICITY,2740,2010,0.00010295
Simplicity2,ELECTRICITY,2741,2010,0.000102234
Simplicity2,ELECTRICITY,2742,2010,0.000110796
Simplicity2,ELECTRICITY,2743,2010,0.0001127
Simplicity2,ELECTRICITY,2744,2010,0.000112472
Simplicity2,ELECTRICITY,2745,2010,0.0001127
Simplicity2,ELECTRICITY,2746,2010,0.000112212
Simplicity2,ELECTRICITY,2747,2010,0.000111577
Simplicity2,ELECTRICITY,2748,2010,0.000108142
Simplicity2,ELECTRICITY,2749,2010,0.000105799
Simplicity2,ELECTRICITY,2750,2010,0.000105343
Simplicity2,ELECTRICITY,2751,2010,0.000103536
Simplicity2,ELECTRICITY,2752,2010,0.000106743
Simplicity2,ELECTRICITY,2753,2010,0.000108989
Simplicity2,ELECTRICITY,2754,2010,0.000106531
Simplicity2,ELECTRICITY,2755,2010,9.29237E-05
Simplicity2,ELECTRICITY,2756,2010,9.33957E-05
Simplicity2,ELECTRICITY,2757,2010,0.000102087
Simplicity2,ELECTRICITY,2758,2010,0.000102429
Simplicity2,ELECTRICITY,2759,2010,9.9532E-05
Simplicity2,ELECTRICITY,2760,2010,9.64883E-05
Simplicity2,ELECTRICITY,2761,2010,9.56256E-05
Simplicity2,ELECTRICITY,2762,2010,9.61627E-05
Simplicity2,ELECTRICITY,2763,2010,9.294E-05
Simplicity2,ELECTRICITY,2764,2010,9.69603E-05
Simplicity2,ELECTRICITY,2765,2010,9.73835E-05
Simplicity2,ELECTRICITY,2766,2010,0.000102283
Simplicity2,ELECTRICITY,2767,2010,0.000113807
Simplicity2,ELECTRICITY,2768,2010,0.000131711
Simplicity2,ELECTRICITY,2769,2010,0.000131695
Simplicity2,ELECTRICITY,2770,2010,0.000130507
Simplicity2,ELECTRICITY,2771,2010,0.000129725
Simplicity2,ELECTRICITY,2772,2010,0.000129676
Simplicity2,ELECTRICITY,2773,2010,0.000127479
Simplicity2,ELECTRICITY,2774,2010,0.000125672
Simplicity2,ELECTRICITY,2775,2010,0.000123882
Simplicity2,ELECTRICITY,2776,2010,0.00012717
Simplicity2,ELECTRICITY,2777,2010,0.000114393
Simplicity2,ELECTRICITY,2778,2010,0.000115353
Simplicity2,ELECTRICITY,2779,2010,0.000124403
Simplicity2,ELECTRICITY,2780,2010,0.000125347
Simplicity2,ELECTRICITY,2781,2010,0.000114897
Simplicity2,ELECTRICITY,2782,2010,0.000110942
Simplicity2,ELECTRICITY,2783,2010,0.000106352
Simplicity2,ELECTRICITY,2784,2010,9.906E-05
Simplicity2,ELECTRICITY,2785,2010,9.90437E-05
Simplicity2,ELECTRICITY,2786,2010,9.49908E-05
Simplicity2,ELECTRICITY,2787,2010,9.98738E-05
Simplicity2,ELECTRICITY,2788,2010,9.62441E-05
Simplicity2,ELECTRICITY,2789,2010,9.52838E-05
Simplicity2,ELECTRICITY,2790,2010,0.000102413
Simplicity2,ELECTRICITY,2791,2010,0.00010601
Simplicity2,ELECTRICITY,2792,2010,0.000127088
Simplicity2,ELECTRICITY,2793,2010,0.000128781
Simplicity2,ELECTRICITY,2794,2010,0.000129383
Simplicity2,ELECTRICITY,2795,2010,0.000127886
Simplicity2,ELECTRICITY,2796,2010,0.000126389
Simplicity2,ELECTRICITY,2797,2010,0.00012621
Simplicity2,ELECTRICITY,2798,2010,0.000124712
Simplicity2,ELECTRICITY,2799,2010,0.000125217
Simplicity2,ELECTRICITY,2800,2010,0.0001259
Simplicity2,ELECTRICITY,2801,2010,0.000111479
Simplicity2,ELECTRICITY,2802,2010,0.000115809
Simplicity2,ELECTRICITY,2803,2010,0.000124208
Simplicity2,ELECTRICITY,2804,2010,0.000128212
Simplicity2,ELECTRICITY,2805,2010,0.000121912
Simplicity2,ELECTRICITY,2806,2010,0.000116378
Simplicity2,ELECTRICITY,2807,2010,0.000112993
Simplicity2,ELECTRICITY,2808,2010,0.000105945
Simplicity2,ELECTRICITY,2809,2010,0.00010562
Simplicity2,ELECTRICITY,2810,2010,0.000105017
Simplicity2,ELECTRICITY,2811,2010,0.000104724
Simplicity2,ELECTRICITY,2812,2010,0.000101469
Simplicity2,ELECTRICITY,2813,2010,0.000102722
Simplicity2,ELECTRICITY,2814,2010,0.000101029
Simplicity2,ELECTRICITY,2815,2010,0.000108728
Simplicity2,ELECTRICITY,2816,2010,0.000109363
Simplicity2,ELECTRICITY,2817,2010,0.000125998
Simplicity2,ELECTRICITY,2818,2010,0.000126307
Simplicity2,ELECTRICITY,2819,2010,0.00012826
Simplicity2,ELECTRICITY,2820,2010,0.000123947
Simplicity2,ELECTRICITY,2821,2010,0.000125347
Simplicity2,ELECTRICITY,2822,2010,0.000123735
Simplicity2,ELECTRICITY,2823,2010,0.000122157
Simplicity2,ELECTRICITY,2824,2010,0.000123768
Simplicity2,ELECTRICITY,2825,2010,0.000123198
Simplicity2,ELECTRICITY,2826,2010,0.000123231
Simplicity2,ELECTRICITY,2827,2010,0.000124826
Simplicity2,ELECTRICITY,2828,2010,0.000127479
Simplicity2,ELECTRICITY,2829,2010,0.000119259
Simplicity2,ELECTRICITY,2830,2010,0.000118136
Simplicity2,ELECTRICITY,2831,2010,0.000113611
Simplicity2,ELECTRICITY,2832,2010,0.000106905
Simplicity2,ELECTRICITY,2833,2010,0.000106905
Simplicity2,ELECTRICITY,2834,2010,0.000105278
Simplicity2,ELECTRICITY,2835,2010,0.000105587
Simplicity2,ELECTRICITY,2836,2010,0.000102999
Simplicity2,ELECTRICITY,2837,2010,0.000103862
Simplicity2,ELECTRICITY,2838,2010,0.000109477
Simplicity2,ELECTRICITY,2839,2010,0.000118022
Simplicity2,ELECTRICITY,2840,2010,0.000127951
Simplicity2,ELECTRICITY,2841,2010,0.00013036
Simplicity2,ELECTRICITY,2842,2010,0.000129758
Simplicity2,ELECTRICITY,2843,2010,0.000128781
Simplicity2,ELECTRICITY,2844,2010,0.000127691
Simplicity2,ELECTRICITY,2845,2010,0.000125005
Simplicity2,ELECTRICITY,2846,2010,0.000123817
Simplicity2,ELECTRICITY,2847,2010,0.000121652
Simplicity2,ELECTRICITY,2848,2010,0.000122352
Simplicity2,ELECTRICITY,2849,2010,0.00011755
Simplicity2,ELECTRICITY,2850,2010,0.000121864
Simplicity2,ELECTRICITY,2851,2010,0.000123442
Simplicity2,ELECTRICITY,2852,2010,0.000120057
Simplicity2,ELECTRICITY,2853,2010,0.000118739
Simplicity2,ELECTRICITY,2854,2010,0.000119048
Simplicity2,ELECTRICITY,2855,2010,0.000115272
Simplicity2,ELECTRICITY,2856,2010,0.000107524
Simplicity2,ELECTRICITY,2857,2010,0.00010238
Simplicity2,ELECTRICITY,2858,2010,0.000101697
Simplicity2,ELECTRICITY,2859,2010,0.000102852
Simplicity2,ELECTRICITY,2860,2010,9.8767E-05
Simplicity2,ELECTRICITY,2861,2010,9.75137E-05
Simplicity2,ELECTRICITY,2862,2010,9.92553E-05
Simplicity2,ELECTRICITY,2863,2010,0.000111121
Simplicity2,ELECTRICITY,2864,2010,0.00011589
Simplicity2,ELECTRICITY,2865,2010,0.000128863
Simplicity2,ELECTRICITY,2866,2010,0.000128846
Simplicity2,ELECTRICITY,2867,2010,0.000128374
Simplicity2,ELECTRICITY,2868,2010,0.000125949
Simplicity2,ELECTRICITY,2869,2010,0.000125982
Simplicity2,ELECTRICITY,2870,2010,0.000125184
Simplicity2,ELECTRICITY,2871,2010,0.000124761
Simplicity2,ELECTRICITY,2872,2010,0.000124956
Simplicity2,ELECTRICITY,2873,2010,0.000111235
Simplicity2,ELECTRICITY,2874,2010,0.000111121
Simplicity2,ELECTRICITY,2875,2010,0.000127284
Simplicity2,ELECTRICITY,2876,2010,0.000128081
Simplicity2,ELECTRICITY,2877,2010,0.000114653
Simplicity2,ELECTRICITY,2878,2010,0.000114523
Simplicity2,ELECTRICITY,2879,2010,0.000104545
Simplicity2,ELECTRICITY,2880,2010,9.88484E-05
Simplicity2,ELECTRICITY,2881,2010,9.89623E-05
Simplicity2,ELECTRICITY,2882,2010,9.73835E-05
Simplicity2,ELECTRICITY,2883,2010,9.73021E-05
Simplicity2,ELECTRICITY,2884,2010,9.69929E-05
Simplicity2,ELECTRICITY,2885,2010,9.46816E-05
Simplicity2,ELECTRICITY,2886,2010,9.86856E-05
Simplicity2,ELECTRICITY,2887,2010,0.00010155
Simplicity2,ELECTRICITY,2888,2010,0.000118966
Simplicity2,ELECTRICITY,2889,2010,0.000123573
Simplicity2,ELECTRICITY,2890,2010,0.000123198
Simplicity2,ELECTRICITY,2891,2010,0.000125656
Simplicity2,ELECTRICITY,2892,2010,0.000123263
Simplicity2,ELECTRICITY,2893,2010,0.000120513
Simplicity2,ELECTRICITY,2894,2010,0.000117843
Simplicity2,ELECTRICITY,2895,2010,0.000116834
Simplicity2,ELECTRICITY,2896,2010,0.000118641
Simplicity2,ELECTRICITY,2897,2010,0.000125217
Simplicity2,ELECTRICITY,2898,2010,0.000124549
Simplicity2,ELECTRICITY,2899,2010,0.000122043
Simplicity2,ELECTRICITY,2900,2010,0.000124403
Simplicity2,ELECTRICITY,2901,2010,0.000124745
Simplicity2,ELECTRICITY,2902,2010,0.000100997
Simplicity2,ELECTRICITY,2903,2010,0.000104871
Simplicity2,ELECTRICITY,2904,2010,9.73998E-05
Simplicity2,ELECTRICITY,2905,2010,9.40793E-05
Simplicity2,ELECTRICITY,2906,2010,9.40956E-05
Simplicity2,ELECTRICITY,2907,2010,9.65859E-05
Simplicity2,ELECTRICITY,2908,2010,9.47141E-05
Simplicity2,ELECTRICITY,2909,2010,0.000102136
Simplicity2,ELECTRICITY,2910,2010,0.000106905
Simplicity2,ELECTRICITY,2911,2010,0.000111447
Simplicity2,ELECTRICITY,2912,2010,0.000116916
Simplicity2,ELECTRICITY,2913,2010,0.000110682
Simplicity2,ELECTRICITY,2914,2010,0.00011423
Simplicity2,ELECTRICITY,2915,2010,0.000118494
Simplicity2,ELECTRICITY,2916,2010,0.000121685
Simplicity2,ELECTRICITY,2917,2010,0.000115076
Simplicity2,ELECTRICITY,2918,2010,0.000111821
Simplicity2,ELECTRICITY,2919,2010,0.000116916
Simplicity2,ELECTRICITY,2920,2010,0.000119243
Simplicity2,ELECTRICITY,2921,2010,0.000120692
Simplicity2,ELECTRICITY,2922,2010,0.000125445
Simplicity2,ELECTRICITY,2923,2010,0.00012048
Simplicity2,ELECTRICITY,2924,2010,0.000112505
Simplicity2,ELECTRICITY,2925,2010,0.00012035
Simplicity2,ELECTRICITY,2926,2010,0.000112309
Simplicity2,ELECTRICITY,2927,2010,0.000107426
Simplicity2,ELECTRICITY,2928,2010,0.000101469
Simplicity2,ELECTRICITY,2929,2010,0.000102576
Simplicity2,ELECTRICITY,2930,2010,0.000100264
Simplicity2,ELECTRICITY,2931,2010,0.000101355
Simplicity2,ELECTRICITY,2932,2010,0.000100183
Simplicity2,ELECTRICITY,2933,2010,9.98413E-05
Simplicity2,ELECTRICITY,2934,2010,0.000107703
Simplicity2,ELECTRICITY,2935,2010,0.000119064
Simplicity2,ELECTRICITY,2936,2010,0.000142177
Simplicity2,ELECTRICITY,2937,2010,0.000142877
Simplicity2,ELECTRICITY,2938,2010,0.000141168
Simplicity2,ELECTRICITY,2939,2010,0.000140224
Simplicity2,ELECTRICITY,2940,2010,0.000139703
Simplicity2,ELECTRICITY,2941,2010,0.000133957
Simplicity2,ELECTRICITY,2942,2010,0.000133241
Simplicity2,ELECTRICITY,2943,2010,0.000131695
Simplicity2,ELECTRICITY,2944,2010,0.000134055
Simplicity2,ELECTRICITY,2945,2010,0.000136448
Simplicity2,ELECTRICITY,2946,2010,0.000134885
Simplicity2,ELECTRICITY,2947,2010,0.000132606
Simplicity2,ELECTRICITY,2948,2010,0.00014068
Simplicity2,ELECTRICITY,2949,2010,0.000140891
Simplicity2,ELECTRICITY,2950,2010,0.00011646
Simplicity2,ELECTRICITY,2951,2010,0.000111251
Simplicity2,ELECTRICITY,2952,2010,0.000108728
Simplicity2,ELECTRICITY,2953,2010,0.000105994
Simplicity2,ELECTRICITY,2954,2010,0.000104952
Simplicity2,ELECTRICITY,2955,2010,0.000102071
Simplicity2,ELECTRICITY,2956,2010,0.000101225
Simplicity2,ELECTRICITY,2957,2010,0.000103194
Simplicity2,ELECTRICITY,2958,2010,0.000108533
Simplicity2,ELECTRICITY,2959,2010,0.000119748
Simplicity2,ELECTRICITY,2960,2010,0.000139215
Simplicity2,ELECTRICITY,2961,2010,0.000137147
Simplicity2,ELECTRICITY,2962,2010,0.000138319
Simplicity2,ELECTRICITY,2963,2010,0.000138889
Simplicity2,ELECTRICITY,2964,2010,0.000136741
Simplicity2,ELECTRICITY,2965,2010,0.000134755
Simplicity2,ELECTRICITY,2966,2010,0.000133925
Simplicity2,ELECTRICITY,2967,2010,0.000134039
Simplicity2,ELECTRICITY,2968,2010,0.000135194
Simplicity2,ELECTRICITY,2969,2010,0.00013801
Simplicity2,ELECTRICITY,2970,2010,0.000135862
Simplicity2,ELECTRICITY,2971,2010,0.000136008
Simplicity2,ELECTRICITY,2972,2010,0.000131369
Simplicity2,ELECTRICITY,2973,2010,0.000138629
Simplicity2,ELECTRICITY,2974,2010,0.000111609
Simplicity2,ELECTRICITY,2975,2010,0.000109396
Simplicity2,ELECTRICITY,2976,2010,0.000105278
Simplicity2,ELECTRICITY,2977,2010,0.000108012
Simplicity2,ELECTRICITY,2978,2010,0.000102267
Simplicity2,ELECTRICITY,2979,2010,0.000103634
Simplicity2,ELECTRICITY,2980,2010,0.000101713
Simplicity2,ELECTRICITY,2981,2010,0.000100004
Simplicity2,ELECTRICITY,2982,2010,0.00010881
Simplicity2,ELECTRICITY,2983,2010,0.000117811
Simplicity2,ELECTRICITY,2984,2010,0.00013915
Simplicity2,ELECTRICITY,2985,2010,0.000139068
Simplicity2,ELECTRICITY,2986,2010,0.000135455
Simplicity2,ELECTRICITY,2987,2010,0.000134136
Simplicity2,ELECTRICITY,2988,2010,0.000132802
Simplicity2,ELECTRICITY,2989,2010,0.000132427
Simplicity2,ELECTRICITY,2990,2010,0.000129839
Simplicity2,ELECTRICITY,2991,2010,0.000127528
Simplicity2,ELECTRICITY,2992,2010,0.000127593
Simplicity2,ELECTRICITY,2993,2010,0.000130669
Simplicity2,ELECTRICITY,2994,2010,0.000129546
Simplicity2,ELECTRICITY,2995,2010,0.000124924
Simplicity2,ELECTRICITY,2996,2010,0.00012188
Simplicity2,ELECTRICITY,2997,2010,0.000127691
Simplicity2,ELECTRICITY,2998,2010,0.000120675
Simplicity2,ELECTRICITY,2999,2010,0.000116085
Simplicity2,ELECTRICITY,3000,2010,0.000117143
Simplicity2,ELECTRICITY,3001,2010,0.000114197
Simplicity2,ELECTRICITY,3002,2010,0.000112342
Simplicity2,ELECTRICITY,3003,2010,0.000112749
Simplicity2,ELECTRICITY,3004,2010,0.000114018
Simplicity2,ELECTRICITY,3005,2010,0.000113839
Simplicity2,ELECTRICITY,3006,2010,0.00012673
Simplicity2,ELECTRICITY,3007,2010,0.000138677
Simplicity2,ELECTRICITY,3008,2010,0.000138743
Simplicity2,ELECTRICITY,3009,2010,0.000138596
Simplicity2,ELECTRICITY,3010,2010,0.000138189
Simplicity2,ELECTRICITY,3011,2010,0.000136334
Simplicity2,ELECTRICITY,3012,2010,0.000135455
Simplicity2,ELECTRICITY,3013,2010,0.000135178
Simplicity2,ELECTRICITY,3014,2010,0.000133974
Simplicity2,ELECTRICITY,3015,2010,0.000131174
Simplicity2,ELECTRICITY,3016,2010,0.00013355
Simplicity2,ELECTRICITY,3017,2010,0.000133485
Simplicity2,ELECTRICITY,3018,2010,0.000132183
Simplicity2,ELECTRICITY,3019,2010,0.0001308
Simplicity2,ELECTRICITY,3020,2010,0.000129807
Simplicity2,ELECTRICITY,3021,2010,0.000132948
Simplicity2,ELECTRICITY,3022,2010,0.000121375
Simplicity2,ELECTRICITY,3023,2010,0.000116313
Simplicity2,ELECTRICITY,3024,2010,0.00010544
Simplicity2,ELECTRICITY,3025,2010,0.000106905
Simplicity2,ELECTRICITY,3026,2010,0.00010544
Simplicity2,ELECTRICITY,3027,2010,0.000107231
Simplicity2,ELECTRICITY,3028,2010,0.000106905
Simplicity2,ELECTRICITY,3029,2010,0.000100281
Simplicity2,ELECTRICITY,3030,2010,0.000121912
Simplicity2,ELECTRICITY,3031,2010,0.000131679
Simplicity2,ELECTRICITY,3032,2010,0.000136106
Simplicity2,ELECTRICITY,3033,2010,0.000136301
Simplicity2,ELECTRICITY,3034,2010,0.000133713
Simplicity2,ELECTRICITY,3035,2010,0.000133388
Simplicity2,ELECTRICITY,3036,2010,0.000132753
Simplicity2,ELECTRICITY,3037,2010,0.000131988
Simplicity2,ELECTRICITY,3038,2010,0.000130181
Simplicity2,ELECTRICITY,3039,2010,0.000128553
Simplicity2,ELECTRICITY,3040,2010,0.000128879
Simplicity2,ELECTRICITY,3041,2010,0.000129058
Simplicity2,ELECTRICITY,3042,2010,0.000128374
Simplicity2,ELECTRICITY,3043,2010,0.000127333
Simplicity2,ELECTRICITY,3044,2010,0.000126551
Simplicity2,ELECTRICITY,3045,2010,0.000127902
Simplicity2,ELECTRICITY,3046,2010,0.000103552
Simplicity2,ELECTRICITY,3047,2010,0.000103373
Simplicity2,ELECTRICITY,3048,2010,9.63743E-05
Simplicity2,ELECTRICITY,3049,2010,9.09054E-05
Simplicity2,ELECTRICITY,3050,2010,9.34608E-05
Simplicity2,ELECTRICITY,3051,2010,0.000100346
Simplicity2,ELECTRICITY,3052,2010,0.000100737
Simplicity2,ELECTRICITY,3053,2010,0.000100216
Simplicity2,ELECTRICITY,3054,2010,0.00010116
Simplicity2,ELECTRICITY,3055,2010,0.000119227
Simplicity2,ELECTRICITY,3056,2010,0.000125477
Simplicity2,ELECTRICITY,3057,2010,0.000129367
Simplicity2,ELECTRICITY,3058,2010,0.00012953
Simplicity2,ELECTRICITY,3059,2010,0.000126389
Simplicity2,ELECTRICITY,3060,2010,0.000123247
Simplicity2,ELECTRICITY,3061,2010,0.000124077
Simplicity2,ELECTRICITY,3062,2010,0.000122157
Simplicity2,ELECTRICITY,3063,2010,0.000121896
Simplicity2,ELECTRICITY,3064,2010,0.000123377
Simplicity2,ELECTRICITY,3065,2010,0.000123817
Simplicity2,ELECTRICITY,3066,2010,0.000121912
Simplicity2,ELECTRICITY,3067,2010,0.000120627
Simplicity2,ELECTRICITY,3068,2010,0.000118039
Simplicity2,ELECTRICITY,3069,2010,0.000124712
Simplicity2,ELECTRICITY,3070,2010,0.000100948
Simplicity2,ELECTRICITY,3071,2010,9.81811E-05
Simplicity2,ELECTRICITY,3072,2010,0.000103162
Simplicity2,ELECTRICITY,3073,2010,9.89786E-05
Simplicity2,ELECTRICITY,3074,2010,9.86205E-05
Simplicity2,ELECTRICITY,3075,2010,0.000101648
Simplicity2,ELECTRICITY,3076,2010,0.000106205
Simplicity2,ELECTRICITY,3077,2010,0.000107263
Simplicity2,ELECTRICITY,3078,2010,0.000109493
Simplicity2,ELECTRICITY,3079,2010,0.000108175
Simplicity2,ELECTRICITY,3080,2010,0.000101778
Simplicity2,ELECTRICITY,3081,2010,0.000108728
Simplicity2,ELECTRICITY,3082,2010,0.000109412
Simplicity2,ELECTRICITY,3083,2010,0.000123426
Simplicity2,ELECTRICITY,3084,2010,0.000121864
Simplicity2,ELECTRICITY,3085,2010,0.000120269
Simplicity2,ELECTRICITY,3086,2010,0.000118299
Simplicity2,ELECTRICITY,3087,2010,0.000119048
Simplicity2,ELECTRICITY,3088,2010,0.000120724
Simplicity2,ELECTRICITY,3089,2010,0.000122075
Simplicity2,ELECTRICITY,3090,2010,0.000122059
Simplicity2,ELECTRICITY,3091,2010,0.000122531
Simplicity2,ELECTRICITY,3092,2010,0.000124012
Simplicity2,ELECTRICITY,3093,2010,0.000126714
Simplicity2,ELECTRICITY,3094,2010,0.000112033
Simplicity2,ELECTRICITY,3095,2010,0.000109607
Simplicity2,ELECTRICITY,3096,2010,0.000108289
Simplicity2,ELECTRICITY,3097,2010,0.000105652
Simplicity2,ELECTRICITY,3098,2010,0.000107133
Simplicity2,ELECTRICITY,3099,2010,0.000102918
Simplicity2,ELECTRICITY,3100,2010,0.000100085
Simplicity2,ELECTRICITY,3101,2010,0.000103959
Simplicity2,ELECTRICITY,3102,2010,0.000114474
Simplicity2,ELECTRICITY,3103,2010,0.000127853
Simplicity2,ELECTRICITY,3104,2010,0.000130718
Simplicity2,ELECTRICITY,3105,2010,0.000134136
Simplicity2,ELECTRICITY,3106,2010,0.000136675
Simplicity2,ELECTRICITY,3107,2010,0.000132427
Simplicity2,ELECTRICITY,3108,2010,0.000133453
Simplicity2,ELECTRICITY,3109,2010,0.000132525
Simplicity2,ELECTRICITY,3110,2010,0.000132834
Simplicity2,ELECTRICITY,3111,2010,0.000130246
Simplicity2,ELECTRICITY,3112,2010,0.000129969
Simplicity2,ELECTRICITY,3113,2010,0.000130002
Simplicity2,ELECTRICITY,3114,2010,0.000128846
Simplicity2,ELECTRICITY,3115,2010,0.000126844
Simplicity2,ELECTRICITY,3116,2010,0.000125591
Simplicity2,ELECTRICITY,3117,2010,0.0001301
Simplicity2,ELECTRICITY,3118,2010,0.000112065
Simplicity2,ELECTRICITY,3119,2010,0.000112163
Simplicity2,ELECTRICITY,3120,2010,0.000105375
Simplicity2,ELECTRICITY,3121,2010,9.95971E-05
Simplicity2,ELECTRICITY,3122,2010,9.85554E-05
Simplicity2,ELECTRICITY,3123,2010,9.97436E-05
Simplicity2,ELECTRICITY,3124,2010,9.32329E-05
Simplicity2,ELECTRICITY,3125,2010,9.71882E-05
Simplicity2,ELECTRICITY,3126,2010,0.000116932
Simplicity2,ELECTRICITY,3127,2010,0.000128293
Simplicity2,ELECTRICITY,3128,2010,0.000131776
Simplicity2,ELECTRICITY,3129,2010,0.000133957
Simplicity2,ELECTRICITY,3130,2010,0.000134592
Simplicity2,ELECTRICITY,3131,2010,0.000132427
Simplicity2,ELECTRICITY,3132,2010,0.000134185
Simplicity2,ELECTRICITY,3133,2010,0.000134543
Simplicity2,ELECTRICITY,3134,2010,0.000132736
Simplicity2,ELECTRICITY,3135,2010,0.000131206
Simplicity2,ELECTRICITY,3136,2010,0.000131923
Simplicity2,ELECTRICITY,3137,2010,0.000131988
Simplicity2,ELECTRICITY,3138,2010,0.0001294
Simplicity2,ELECTRICITY,3139,2010,0.000125819
Simplicity2,ELECTRICITY,3140,2010,0.000127479
Simplicity2,ELECTRICITY,3141,2010,0.000129872
Simplicity2,ELECTRICITY,3142,2010,0.000117697
Simplicity2,ELECTRICITY,3143,2010,0.000110372
Simplicity2,ELECTRICITY,3144,2010,9.82299E-05
Simplicity2,ELECTRICITY,3145,2010,9.73998E-05
Simplicity2,ELECTRICITY,3146,2010,9.91902E-05
Simplicity2,ELECTRICITY,3147,2010,9.58698E-05
Simplicity2,ELECTRICITY,3148,2010,9.2354E-05
Simplicity2,ELECTRICITY,3149,2010,9.37212E-05
Simplicity2,ELECTRICITY,3150,2010,0.000113318
Simplicity2,ELECTRICITY,3151,2010,0.000123996
Simplicity2,ELECTRICITY,3152,2010,0.000127886
Simplicity2,ELECTRICITY,3153,2010,0.000129025
Simplicity2,ELECTRICITY,3154,2010,0.000128651
Simplicity2,ELECTRICITY,3155,2010,0.000127626
Simplicity2,ELECTRICITY,3156,2010,0.000127935
Simplicity2,ELECTRICITY,3157,2010,0.000128293
Simplicity2,ELECTRICITY,3158,2010,0.000126795
Simplicity2,ELECTRICITY,3159,2010,0.000126682
Simplicity2,ELECTRICITY,3160,2010,0.000127154
Simplicity2,ELECTRICITY,3161,2010,0.000128749
Simplicity2,ELECTRICITY,3162,2010,0.000126177
Simplicity2,ELECTRICITY,3163,2010,0.000127072
Simplicity2,ELECTRICITY,3164,2010,0.000128374
Simplicity2,ELECTRICITY,3165,2010,0.000130018
Simplicity2,ELECTRICITY,3166,2010,0.000113091
Simplicity2,ELECTRICITY,3167,2010,0.000106385
Simplicity2,ELECTRICITY,3168,2010,9.99552E-05
Simplicity2,ELECTRICITY,3169,2010,9.63092E-05
Simplicity2,ELECTRICITY,3170,2010,9.66836E-05
Simplicity2,ELECTRICITY,3171,2010,9.93204E-05
Simplicity2,ELECTRICITY,3172,2010,9.39328E-05
Simplicity2,ELECTRICITY,3173,2010,9.70254E-05
Simplicity2,ELECTRICITY,3174,2010,0.000115109
Simplicity2,ELECTRICITY,3175,2010,0.000125086
Simplicity2,ELECTRICITY,3176,2010,0.000126763
Simplicity2,ELECTRICITY,3177,2010,0.000127984
Simplicity2,ELECTRICITY,3178,2010,0.000128309
Simplicity2,ELECTRICITY,3179,2010,0.000127512
Simplicity2,ELECTRICITY,3180,2010,0.000126014
Simplicity2,ELECTRICITY,3181,2010,0.000123833
Simplicity2,ELECTRICITY,3182,2010,0.00012367
Simplicity2,ELECTRICITY,3183,2010,0.00012188
Simplicity2,ELECTRICITY,3184,2010,0.000125103
Simplicity2,ELECTRICITY,3185,2010,0.000125705
Simplicity2,ELECTRICITY,3186,2010,0.000125428
Simplicity2,ELECTRICITY,3187,2010,0.000124126
Simplicity2,ELECTRICITY,3188,2010,0.00012411
Simplicity2,ELECTRICITY,3189,2010,0.000125119
Simplicity2,ELECTRICITY,3190,2010,0.000100102
Simplicity2,ELECTRICITY,3191,2010,9.99878E-05
Simplicity2,ELECTRICITY,3192,2010,9.22401E-05
Simplicity2,ELECTRICITY,3193,2010,8.94242E-05
Simplicity2,ELECTRICITY,3194,2010,9.21261E-05
Simplicity2,ELECTRICITY,3195,2010,9.15727E-05
Simplicity2,ELECTRICITY,3196,2010,9.16867E-05
Simplicity2,ELECTRICITY,3197,2010,9.28586E-05
Simplicity2,ELECTRICITY,3198,2010,0.000112212
Simplicity2,ELECTRICITY,3199,2010,0.000121978
Simplicity2,ELECTRICITY,3200,2010,0.000124842
Simplicity2,ELECTRICITY,3201,2010,0.000127691
Simplicity2,ELECTRICITY,3202,2010,0.000128195
Simplicity2,ELECTRICITY,3203,2010,0.000127577
Simplicity2,ELECTRICITY,3204,2010,0.000128163
Simplicity2,ELECTRICITY,3205,2010,0.000127512
Simplicity2,ELECTRICITY,3206,2010,0.000126356
Simplicity2,ELECTRICITY,3207,2010,0.000125835
Simplicity2,ELECTRICITY,3208,2010,0.00012507
Simplicity2,ELECTRICITY,3209,2010,0.000126779
Simplicity2,ELECTRICITY,3210,2010,0.000124159
Simplicity2,ELECTRICITY,3211,2010,0.000121717
Simplicity2,ELECTRICITY,3212,2010,0.00011895
Simplicity2,ELECTRICITY,3213,2010,0.000124224
Simplicity2,ELECTRICITY,3214,2010,0.000106401
Simplicity2,ELECTRICITY,3215,2010,9.45676E-05
Simplicity2,ELECTRICITY,3216,2010,9.68138E-05
Simplicity2,ELECTRICITY,3217,2010,9.5414E-05
Simplicity2,ELECTRICITY,3218,2010,9.52838E-05
Simplicity2,ELECTRICITY,3219,2010,8.9294E-05
Simplicity2,ELECTRICITY,3220,2010,9.01241E-05
Simplicity2,ELECTRICITY,3221,2010,9.5235E-05
Simplicity2,ELECTRICITY,3222,2010,9.15402E-05
Simplicity2,ELECTRICITY,3223,2010,9.87833E-05
Simplicity2,ELECTRICITY,3224,2010,0.000100492
Simplicity2,ELECTRICITY,3225,2010,0.000107915
Simplicity2,ELECTRICITY,3226,2010,0.000116362
Simplicity2,ELECTRICITY,3227,2010,0.000116313
Simplicity2,ELECTRICITY,3228,2010,0.000113432
Simplicity2,ELECTRICITY,3229,2010,9.79695E-05
Simplicity2,ELECTRICITY,3230,2010,9.68301E-05
Simplicity2,ELECTRICITY,3231,2010,0.000110568
Simplicity2,ELECTRICITY,3232,2010,0.000111837
Simplicity2,ELECTRICITY,3233,2010,9.91414E-05
Simplicity2,ELECTRICITY,3234,2010,9.86531E-05
Simplicity2,ELECTRICITY,3235,2010,0.00011187
Simplicity2,ELECTRICITY,3236,2010,0.000110568
Simplicity2,ELECTRICITY,3237,2010,9.84089E-05
Simplicity2,ELECTRICITY,3238,2010,0.000104122
Simplicity2,ELECTRICITY,3239,2010,0.000100932
Simplicity2,ELECTRICITY,3240,2010,9.66185E-05
Simplicity2,ELECTRICITY,3241,2010,9.59837E-05
Simplicity2,ELECTRICITY,3242,2010,9.56419E-05
Simplicity2,ELECTRICITY,3243,2010,9.37375E-05
Simplicity2,ELECTRICITY,3244,2010,8.93265E-05
Simplicity2,ELECTRICITY,3245,2010,8.96683E-05
Simplicity2,ELECTRICITY,3246,2010,9.26795E-05
Simplicity2,ELECTRICITY,3247,2010,9.18494E-05
Simplicity2,ELECTRICITY,3248,2010,9.39328E-05
Simplicity2,ELECTRICITY,3249,2010,0.000100997
Simplicity2,ELECTRICITY,3250,2010,0.000112195
Simplicity2,ELECTRICITY,3251,2010,0.000113432
Simplicity2,ELECTRICITY,3252,2010,0.000101436
Simplicity2,ELECTRICITY,3253,2010,0.000105001
Simplicity2,ELECTRICITY,3254,2010,0.000103617
Simplicity2,ELECTRICITY,3255,2010,0.00011449
Simplicity2,ELECTRICITY,3256,2010,0.000116997
Simplicity2,ELECTRICITY,3257,2010,0.00010741
Simplicity2,ELECTRICITY,3258,2010,0.000109672
Simplicity2,ELECTRICITY,3259,2010,0.000106564
Simplicity2,ELECTRICITY,3260,2010,0.000110128
Simplicity2,ELECTRICITY,3261,2010,0.000103845
Simplicity2,ELECTRICITY,3262,2010,0.000104903
Simplicity2,ELECTRICITY,3263,2010,0.00010116
Simplicity2,ELECTRICITY,3264,2010,9.67813E-05
Simplicity2,ELECTRICITY,3265,2010,9.34771E-05
Simplicity2,ELECTRICITY,3266,2010,8.63967E-05
Simplicity2,ELECTRICITY,3267,2010,8.37762E-05
Simplicity2,ELECTRICITY,3268,2010,8.57294E-05
Simplicity2,ELECTRICITY,3269,2010,8.75035E-05
Simplicity2,ELECTRICITY,3270,2010,8.81058E-05
Simplicity2,ELECTRICITY,3271,2010,9.92553E-05
Simplicity2,ELECTRICITY,3272,2010,0.000115858
Simplicity2,ELECTRICITY,3273,2010,0.000122401
Simplicity2,ELECTRICITY,3274,2010,0.000122938
Simplicity2,ELECTRICITY,3275,2010,0.000116997
Simplicity2,ELECTRICITY,3276,2010,0.000120806
Simplicity2,ELECTRICITY,3277,2010,0.000121261
Simplicity2,ELECTRICITY,3278,2010,0.000121636
Simplicity2,ELECTRICITY,3279,2010,0.000118478
Simplicity2,ELECTRICITY,3280,2010,0.000120594
Simplicity2,ELECTRICITY,3281,2010,0.000122368
Simplicity2,ELECTRICITY,3282,2010,0.000120187
Simplicity2,ELECTRICITY,3283,2010,0.000117241
Simplicity2,ELECTRICITY,3284,2010,0.000116199
Simplicity2,ELECTRICITY,3285,2010,0.000117469
Simplicity2,ELECTRICITY,3286,2010,0.000108891
Simplicity2,ELECTRICITY,3287,2010,9.84415E-05
Simplicity2,ELECTRICITY,3288,2010,8.153E-05
Simplicity2,ELECTRICITY,3289,2010,8.44924E-05
Simplicity2,ELECTRICITY,3290,2010,8.4411E-05
Simplicity2,ELECTRICITY,3291,2010,8.16928E-05
Simplicity2,ELECTRICITY,3292,2010,7.88118E-05
Simplicity2,ELECTRICITY,3293,2010,7.89583E-05
Simplicity2,ELECTRICITY,3294,2010,8.48179E-05
Simplicity2,ELECTRICITY,3295,2010,0.000109135
Simplicity2,ELECTRICITY,3296,2010,0.000114783
Simplicity2,ELECTRICITY,3297,2010,0.000116948
Simplicity2,ELECTRICITY,3298,2010,0.000116818
Simplicity2,ELECTRICITY,3299,2010,0.000118315
Simplicity2,ELECTRICITY,3300,2010,0.000118087
Simplicity2,ELECTRICITY,3301,2010,0.000117843
Simplicity2,ELECTRICITY,3302,2010,0.000117274
Simplicity2,ELECTRICITY,3303,2010,0.000117225
Simplicity2,ELECTRICITY,3304,2010,0.00011965
Simplicity2,ELECTRICITY,3305,2010,0.000109086
Simplicity2,ELECTRICITY,3306,2010,0.000118934
Simplicity2,ELECTRICITY,3307,2010,0.000117176
Simplicity2,ELECTRICITY,3308,2010,0.000117111
Simplicity2,ELECTRICITY,3309,2010,0.000116997
Simplicity2,ELECTRICITY,3310,2010,9.78067E-05
Simplicity2,ELECTRICITY,3311,2010,0.000102299
Simplicity2,ELECTRICITY,3312,2010,8.92289E-05
Simplicity2,ELECTRICITY,3313,2010,8.37111E-05
Simplicity2,ELECTRICITY,3314,2010,8.60061E-05
Simplicity2,ELECTRICITY,3315,2010,8.66897E-05
Simplicity2,ELECTRICITY,3316,2010,8.49807E-05
Simplicity2,ELECTRICITY,3317,2010,8.70966E-05
Simplicity2,ELECTRICITY,3318,2010,9.09868E-05
Simplicity2,ELECTRICITY,3319,2010,0.000113286
Simplicity2,ELECTRICITY,3320,2010,0.000116232
Simplicity2,ELECTRICITY,3321,2010,0.00011493
Simplicity2,ELECTRICITY,3322,2010,0.000115906
Simplicity2,ELECTRICITY,3323,2010,0.000116736
Simplicity2,ELECTRICITY,3324,2010,0.000116948
Simplicity2,ELECTRICITY,3325,2010,0.000115955
Simplicity2,ELECTRICITY,3326,2010,0.000114279
Simplicity2,ELECTRICITY,3327,2010,0.000114018
Simplicity2,ELECTRICITY,3328,2010,0.000113449
Simplicity2,ELECTRICITY,3329,2010,0.000100053
Simplicity2,ELECTRICITY,3330,2010,9.80997E-05
Simplicity2,ELECTRICITY,3331,2010,0.000110291
Simplicity2,ELECTRICITY,3332,2010,0.000114458
Simplicity2,ELECTRICITY,3333,2010,0.000115825
Simplicity2,ELECTRICITY,3334,2010,0.000105066
Simplicity2,ELECTRICITY,3335,2010,9.73184E-05
Simplicity2,ELECTRICITY,3336,2010,9.3298E-05
Simplicity2,ELECTRICITY,3337,2010,8.92452E-05
Simplicity2,ELECTRICITY,3338,2010,8.76338E-05
Simplicity2,ELECTRICITY,3339,2010,8.39389E-05
Simplicity2,ELECTRICITY,3340,2010,8.20183E-05
Simplicity2,ELECTRICITY,3341,2010,8.08789E-05
Simplicity2,ELECTRICITY,3342,2010,8.87568E-05
Simplicity2,ELECTRICITY,3343,2010,9.78555E-05
Simplicity2,ELECTRICITY,3344,2010,0.000107426
Simplicity2,ELECTRICITY,3345,2010,0.00010269
Simplicity2,ELECTRICITY,3346,2010,0.000104513
Simplicity2,ELECTRICITY,3347,2010,0.000102739
Simplicity2,ELECTRICITY,3348,2010,9.82462E-05
Simplicity2,ELECTRICITY,3349,2010,9.73509E-05
Simplicity2,ELECTRICITY,3350,2010,0.000101209
Simplicity2,ELECTRICITY,3351,2010,0.000101322
Simplicity2,ELECTRICITY,3352,2010,0.00010186
Simplicity2,ELECTRICITY,3353,2010,0.000105131
Simplicity2,ELECTRICITY,3354,2010,0.000106238
Simplicity2,ELECTRICITY,3355,2010,0.000106059
Simplicity2,ELECTRICITY,3356,2010,0.00010365
Simplicity2,ELECTRICITY,3357,2010,0.000112944
Simplicity2,ELECTRICITY,3358,2010,0.000109021
Simplicity2,ELECTRICITY,3359,2010,0.000101046
Simplicity2,ELECTRICITY,3360,2010,8.64618E-05
Simplicity2,ELECTRICITY,3361,2010,8.13021E-05
Simplicity2,ELECTRICITY,3362,2010,8.4118E-05
Simplicity2,ELECTRICITY,3363,2010,8.5827E-05
Simplicity2,ELECTRICITY,3364,2010,8.42645E-05
Simplicity2,ELECTRICITY,3365,2010,7.9235E-05
Simplicity2,ELECTRICITY,3366,2010,7.42218E-05
Simplicity2,ELECTRICITY,3367,2010,9.03357E-05
Simplicity2,ELECTRICITY,3368,2010,9.91088E-05
Simplicity2,ELECTRICITY,3369,2010,9.42421E-05
Simplicity2,ELECTRICITY,3370,2010,9.40142E-05
Simplicity2,ELECTRICITY,3371,2010,9.71394E-05
Simplicity2,ELECTRICITY,3372,2010,8.87894E-05
Simplicity2,ELECTRICITY,3373,2010,9.0531E-05
Simplicity2,ELECTRICITY,3374,2010,8.86917E-05
Simplicity2,ELECTRICITY,3375,2010,9.02706E-05
Simplicity2,ELECTRICITY,3376,2010,9.25005E-05
Simplicity2,ELECTRICITY,3377,2010,9.59837E-05
Simplicity2,ELECTRICITY,3378,2010,9.14751E-05
Simplicity2,ELECTRICITY,3379,2010,8.27019E-05
Simplicity2,ELECTRICITY,3380,2010,7.72004E-05
Simplicity2,ELECTRICITY,3381,2010,8.36297E-05
Simplicity2,ELECTRICITY,3382,2010,8.7764E-05
Simplicity2,ELECTRICITY,3383,2010,8.85778E-05
Simplicity2,ELECTRICITY,3384,2010,8.91312E-05
Simplicity2,ELECTRICITY,3385,2010,9.14425E-05
Simplicity2,ELECTRICITY,3386,2010,8.76989E-05
Simplicity2,ELECTRICITY,3387,2010,9.03845E-05
Simplicity2,ELECTRICITY,3388,2010,8.80081E-05
Simplicity2,ELECTRICITY,3389,2010,8.23113E-05
Simplicity2,ELECTRICITY,3390,2010,8.93591E-05
Simplicity2,ELECTRICITY,3391,2010,9.0352E-05
Simplicity2,ELECTRICITY,3392,2010,8.66572E-05
Simplicity2,ELECTRICITY,3393,2010,8.84313E-05
Simplicity2,ELECTRICITY,3394,2010,8.91638E-05
Simplicity2,ELECTRICITY,3395,2010,9.12472E-05
Simplicity2,ELECTRICITY,3396,2010,8.80732E-05
Simplicity2,ELECTRICITY,3397,2010,9.57233E-05
Simplicity2,ELECTRICITY,3398,2010,9.91577E-05
Simplicity2,ELECTRICITY,3399,2010,0.000101436
Simplicity2,ELECTRICITY,3400,2010,0.000103943
Simplicity2,ELECTRICITY,3401,2010,0.000106157
Simplicity2,ELECTRICITY,3402,2010,0.000104708
Simplicity2,ELECTRICITY,3403,2010,9.58372E-05
Simplicity2,ELECTRICITY,3404,2010,8.39552E-05
Simplicity2,ELECTRICITY,3405,2010,8.87406E-05
Simplicity2,ELECTRICITY,3406,2010,9.25982E-05
Simplicity2,ELECTRICITY,3407,2010,9.82136E-05
Simplicity2,ELECTRICITY,3408,2010,9.67975E-05
Simplicity2,ELECTRICITY,3409,2010,9.23052E-05
Simplicity2,ELECTRICITY,3410,2010,9.16541E-05
Simplicity2,ELECTRICITY,3411,2010,9.24354E-05
Simplicity2,ELECTRICITY,3412,2010,8.765E-05
Simplicity2,ELECTRICITY,3413,2010,9.24517E-05
Simplicity2,ELECTRICITY,3414,2010,8.81221E-05
Simplicity2,ELECTRICITY,3415,2010,8.89522E-05
Simplicity2,ELECTRICITY,3416,2010,9.41933E-05
Simplicity2,ELECTRICITY,3417,2010,0.000105082
Simplicity2,ELECTRICITY,3418,2010,0.000106889
Simplicity2,ELECTRICITY,3419,2010,0.00010461
Simplicity2,ELECTRICITY,3420,2010,0.000110519
Simplicity2,ELECTRICITY,3421,2010,0.000108012
Simplicity2,ELECTRICITY,3422,2010,0.000109152
Simplicity2,ELECTRICITY,3423,2010,0.000108696
Simplicity2,ELECTRICITY,3424,2010,0.000106205
Simplicity2,ELECTRICITY,3425,2010,0.000107443
Simplicity2,ELECTRICITY,3426,2010,0.000105538
Simplicity2,ELECTRICITY,3427,2010,0.000100671
Simplicity2,ELECTRICITY,3428,2010,8.44761E-05
Simplicity2,ELECTRICITY,3429,2010,8.89522E-05
Simplicity2,ELECTRICITY,3430,2010,0.000102852
Simplicity2,ELECTRICITY,3431,2010,0.000101713
Simplicity2,ELECTRICITY,3432,2010,9.45514E-05
Simplicity2,ELECTRICITY,3433,2010,8.81221E-05
Simplicity2,ELECTRICITY,3434,2010,8.86429E-05
Simplicity2,ELECTRICITY,3435,2010,8.64944E-05
Simplicity2,ELECTRICITY,3436,2010,8.49807E-05
Simplicity2,ELECTRICITY,3437,2010,8.29135E-05
Simplicity2,ELECTRICITY,3438,2010,9.53326E-05
Simplicity2,ELECTRICITY,3439,2010,9.42095E-05
Simplicity2,ELECTRICITY,3440,2010,9.25982E-05
Simplicity2,ELECTRICITY,3441,2010,9.45025E-05
Simplicity2,ELECTRICITY,3442,2010,8.72919E-05
Simplicity2,ELECTRICITY,3443,2010,8.52411E-05
Simplicity2,ELECTRICITY,3444,2010,8.81872E-05
Simplicity2,ELECTRICITY,3445,2010,9.33957E-05
Simplicity2,ELECTRICITY,3446,2010,9.01078E-05
Simplicity2,ELECTRICITY,3447,2010,9.33957E-05
Simplicity2,ELECTRICITY,3448,2010,0.00010033
Simplicity2,ELECTRICITY,3449,2010,0.000100037
Simplicity2,ELECTRICITY,3450,2010,0.000101485
Simplicity2,ELECTRICITY,3451,2010,0.000110161
Simplicity2,ELECTRICITY,3452,2010,9.99227E-05
Simplicity2,ELECTRICITY,3453,2010,0.000109542
Simplicity2,ELECTRICITY,3454,2010,8.73733E-05
Simplicity2,ELECTRICITY,3455,2010,8.7764E-05
Simplicity2,ELECTRICITY,3456,2010,8.17741E-05
Simplicity2,ELECTRICITY,3457,2010,7.85514E-05
Simplicity2,ELECTRICITY,3458,2010,7.8649E-05
Simplicity2,ELECTRICITY,3459,2010,7.52797E-05
Simplicity2,ELECTRICITY,3460,2010,7.15198E-05
Simplicity2,ELECTRICITY,3461,2010,7.02828E-05
Simplicity2,ELECTRICITY,3462,2010,8.74384E-05
Simplicity2,ELECTRICITY,3463,2010,0.000104382
Simplicity2,ELECTRICITY,3464,2010,0.00011602
Simplicity2,ELECTRICITY,3465,2010,0.000113091
Simplicity2,ELECTRICITY,3466,2010,0.000108712
Simplicity2,ELECTRICITY,3467,2010,0.000109119
Simplicity2,ELECTRICITY,3468,2010,0.000112358
Simplicity2,ELECTRICITY,3469,2010,0.000111723
Simplicity2,ELECTRICITY,3470,2010,0.000106222
Simplicity2,ELECTRICITY,3471,2010,0.000105847
Simplicity2,ELECTRICITY,3472,2010,0.000109819
Simplicity2,ELECTRICITY,3473,2010,0.000109428
Simplicity2,ELECTRICITY,3474,2010,0.000110144
Simplicity2,ELECTRICITY,3475,2010,0.000105636
Simplicity2,ELECTRICITY,3476,2010,0.000100492
Simplicity2,ELECTRICITY,3477,2010,0.000109754
Simplicity2,ELECTRICITY,3478,2010,9.29074E-05
Simplicity2,ELECTRICITY,3479,2010,8.65758E-05
Simplicity2,ELECTRICITY,3480,2010,9.06124E-05
Simplicity2,ELECTRICITY,3481,2010,8.73408E-05
Simplicity2,ELECTRICITY,3482,2010,8.41831E-05
Simplicity2,ELECTRICITY,3483,2010,8.22787E-05
Simplicity2,ELECTRICITY,3484,2010,8.19206E-05
Simplicity2,ELECTRICITY,3485,2010,8.4883E-05
Simplicity2,ELECTRICITY,3486,2010,9.73184E-05
Simplicity2,ELECTRICITY,3487,2010,0.000112439
Simplicity2,ELECTRICITY,3488,2010,0.00011519
Simplicity2,ELECTRICITY,3489,2010,0.000116118
Simplicity2,ELECTRICITY,3490,2010,0.000115971
Simplicity2,ELECTRICITY,3491,2010,0.000118673
Simplicity2,ELECTRICITY,3492,2010,0.000117306
Simplicity2,ELECTRICITY,3493,2010,0.000113823
Simplicity2,ELECTRICITY,3494,2010,0.000112993
Simplicity2,ELECTRICITY,3495,2010,0.000113644
Simplicity2,ELECTRICITY,3496,2010,0.000114832
Simplicity2,ELECTRICITY,3497,2010,0.00012035
Simplicity2,ELECTRICITY,3498,2010,0.000117469
Simplicity2,ELECTRICITY,3499,2010,0.000114751
Simplicity2,ELECTRICITY,3500,2010,0.000112586
Simplicity2,ELECTRICITY,3501,2010,0.000114897
Simplicity2,ELECTRICITY,3502,2010,0.000104171
Simplicity2,ELECTRICITY,3503,2010,9.80834E-05
Simplicity2,ELECTRICITY,3504,2010,9.18006E-05
Simplicity2,ELECTRICITY,3505,2010,8.73408E-05
Simplicity2,ELECTRICITY,3506,2010,8.38576E-05
Simplicity2,ELECTRICITY,3507,2010,8.17741E-05
Simplicity2,ELECTRICITY,3508,2010,7.9886E-05
Simplicity2,ELECTRICITY,3509,2010,8.48667E-05
Simplicity2,ELECTRICITY,3510,2010,9.07426E-05
Simplicity2,ELECTRICITY,3511,2010,0.000107133
Simplicity2,ELECTRICITY,3512,2010,0.000110975
Simplicity2,ELECTRICITY,3513,2010,0.000109265
Simplicity2,ELECTRICITY,3514,2010,0.00010741
Simplicity2,ELECTRICITY,3515,2010,0.000110568
Simplicity2,ELECTRICITY,3516,2010,0.000107963
Simplicity2,ELECTRICITY,3517,2010,0.000110698
Simplicity2,ELECTRICITY,3518,2010,0.00010697
Simplicity2,ELECTRICITY,3519,2010,0.00010837
Simplicity2,ELECTRICITY,3520,2010,0.000110779
Simplicity2,ELECTRICITY,3521,2010,0.000112033
Simplicity2,ELECTRICITY,3522,2010,0.000110682
Simplicity2,ELECTRICITY,3523,2010,0.000113221
Simplicity2,ELECTRICITY,3524,2010,0.000107133
Simplicity2,ELECTRICITY,3525,2010,0.000111316
Simplicity2,ELECTRICITY,3526,2010,0.000102641
Simplicity2,ELECTRICITY,3527,2010,9.906E-05
Simplicity2,ELECTRICITY,3528,2010,9.1117E-05
Simplicity2,ELECTRICITY,3529,2010,8.48993E-05
Simplicity2,ELECTRICITY,3530,2010,8.3353E-05
Simplicity2,ELECTRICITY,3531,2010,8.11719E-05
Simplicity2,ELECTRICITY,3532,2010,8.12696E-05
Simplicity2,ELECTRICITY,3533,2010,8.58922E-05
Simplicity2,ELECTRICITY,3534,2010,9.74323E-05
Simplicity2,ELECTRICITY,3535,2010,0.000111137
Simplicity2,ELECTRICITY,3536,2010,0.000121294
Simplicity2,ELECTRICITY,3537,2010,0.000118885
Simplicity2,ELECTRICITY,3538,2010,0.000118136
Simplicity2,ELECTRICITY,3539,2010,0.000121945
Simplicity2,ELECTRICITY,3540,2010,0.000120936
Simplicity2,ELECTRICITY,3541,2010,0.000125379
Simplicity2,ELECTRICITY,3542,2010,0.000125363
Simplicity2,ELECTRICITY,3543,2010,0.000119601
Simplicity2,ELECTRICITY,3544,2010,0.000122092
Simplicity2,ELECTRICITY,3545,2010,0.000122759
Simplicity2,ELECTRICITY,3546,2010,0.000120317
Simplicity2,ELECTRICITY,3547,2010,0.000117143
Simplicity2,ELECTRICITY,3548,2010,0.000114604
Simplicity2,ELECTRICITY,3549,2010,0.000112472
Simplicity2,ELECTRICITY,3550,2010,0.000106824
Simplicity2,ELECTRICITY,3551,2010,9.97599E-05
Simplicity2,ELECTRICITY,3552,2010,9.31027E-05
Simplicity2,ELECTRICITY,3553,2010,8.74547E-05
Simplicity2,ELECTRICITY,3554,2010,8.26694E-05
Simplicity2,ELECTRICITY,3555,2010,8.1709E-05
Simplicity2,ELECTRICITY,3556,2010,7.88118E-05
Simplicity2,ELECTRICITY,3557,2010,8.05697E-05
Simplicity2,ELECTRICITY,3558,2010,8.80244E-05
Simplicity2,ELECTRICITY,3559,2010,9.44049E-05
Simplicity2,ELECTRICITY,3560,2010,0.000103357
Simplicity2,ELECTRICITY,3561,2010,0.000110844
Simplicity2,ELECTRICITY,3562,2010,0.000116557
Simplicity2,ELECTRICITY,3563,2010,0.000118136
Simplicity2,ELECTRICITY,3564,2010,0.000118608
Simplicity2,ELECTRICITY,3565,2010,0.000113611
Simplicity2,ELECTRICITY,3566,2010,0.000114214
Simplicity2,ELECTRICITY,3567,2010,0.000114197
Simplicity2,ELECTRICITY,3568,2010,0.000114376
Simplicity2,ELECTRICITY,3569,2010,0.000118543
Simplicity2,ELECTRICITY,3570,2010,0.000119536
Simplicity2,ELECTRICITY,3571,2010,0.000115304
Simplicity2,ELECTRICITY,3572,2010,0.00011117
Simplicity2,ELECTRICITY,3573,2010,0.000104496
Simplicity2,ELECTRICITY,3574,2010,9.75137E-05
Simplicity2,ELECTRICITY,3575,2010,0.00010199
Simplicity2,ELECTRICITY,3576,2010,9.24354E-05
Simplicity2,ELECTRICITY,3577,2010,8.65269E-05
Simplicity2,ELECTRICITY,3578,2010,8.55341E-05
Simplicity2,ELECTRICITY,3579,2010,8.612E-05
Simplicity2,ELECTRICITY,3580,2010,8.33042E-05
Simplicity2,ELECTRICITY,3581,2010,8.30763E-05
Simplicity2,ELECTRICITY,3582,2010,8.73896E-05
Simplicity2,ELECTRICITY,3583,2010,9.25656E-05
Simplicity2,ELECTRICITY,3584,2010,9.59674E-05
Simplicity2,ELECTRICITY,3585,2010,0.000105164
Simplicity2,ELECTRICITY,3586,2010,0.000108045
Simplicity2,ELECTRICITY,3587,2010,0.000111951
Simplicity2,ELECTRICITY,3588,2010,0.000110796
Simplicity2,ELECTRICITY,3589,2010,0.00011021
Simplicity2,ELECTRICITY,3590,2010,0.000105782
Simplicity2,ELECTRICITY,3591,2010,0.000107556
Simplicity2,ELECTRICITY,3592,2010,0.000105522
Simplicity2,ELECTRICITY,3593,2010,0.000109624
Simplicity2,ELECTRICITY,3594,2010,0.000112651
Simplicity2,ELECTRICITY,3595,2010,0.000116037
Simplicity2,ELECTRICITY,3596,2010,9.87833E-05
Simplicity2,ELECTRICITY,3597,2010,0.000101908
Simplicity2,ELECTRICITY,3598,2010,0.000103178
Simplicity2,ELECTRICITY,3599,2010,9.61953E-05
Simplicity2,ELECTRICITY,3600,2010,9.09217E-05
Simplicity2,ELECTRICITY,3601,2010,8.54038E-05
Simplicity2,ELECTRICITY,3602,2010,8.2767E-05
Simplicity2,ELECTRICITY,3603,2010,8.12207E-05
Simplicity2,ELECTRICITY,3604,2010,8.11556E-05
Simplicity2,ELECTRICITY,3605,2010,8.77477E-05
Simplicity2,ELECTRICITY,3606,2010,9.8588E-05
Simplicity2,ELECTRICITY,3607,2010,0.00011978
Simplicity2,ELECTRICITY,3608,2010,0.000125607
Simplicity2,ELECTRICITY,3609,2010,0.000124484
Simplicity2,ELECTRICITY,3610,2010,0.000128716
Simplicity2,ELECTRICITY,3611,2010,0.000126307
Simplicity2,ELECTRICITY,3612,2010,0.000117209
Simplicity2,ELECTRICITY,3613,2010,0.000117648
Simplicity2,ELECTRICITY,3614,2010,0.000116444
Simplicity2,ELECTRICITY,3615,2010,0.00011825
Simplicity2,ELECTRICITY,3616,2010,0.000124598
Simplicity2,ELECTRICITY,3617,2010,0.000124956
Simplicity2,ELECTRICITY,3618,2010,0.000124712
Simplicity2,ELECTRICITY,3619,2010,0.000122385
Simplicity2,ELECTRICITY,3620,2010,0.000112488
Simplicity2,ELECTRICITY,3621,2010,0.00011506
Simplicity2,ELECTRICITY,3622,2010,0.000115272
Simplicity2,ELECTRICITY,3623,2010,0.000102918
Simplicity2,ELECTRICITY,3624,2010,9.06287E-05
Simplicity2,ELECTRICITY,3625,2010,8.35483E-05
Simplicity2,ELECTRICITY,3626,2010,8.43133E-05
Simplicity2,ELECTRICITY,3627,2010,8.40692E-05
Simplicity2,ELECTRICITY,3628,2010,8.22462E-05
Simplicity2,ELECTRICITY,3629,2010,8.31739E-05
Simplicity2,ELECTRICITY,3630,2010,9.13611E-05
Simplicity2,ELECTRICITY,3631,2010,0.000101469
Simplicity2,ELECTRICITY,3632,2010,0.000112098
Simplicity2,ELECTRICITY,3633,2010,0.000113986
Simplicity2,ELECTRICITY,3634,2010,0.000118918
Simplicity2,ELECTRICITY,3635,2010,0.000122612
Simplicity2,ELECTRICITY,3636,2010,0.000121099
Simplicity2,ELECTRICITY,3637,2010,0.000120806
Simplicity2,ELECTRICITY,3638,2010,0.000115239
Simplicity2,ELECTRICITY,3639,2010,0.000114751
Simplicity2,ELECTRICITY,3640,2010,0.000122515
Simplicity2,ELECTRICITY,3641,2010,0.000127674
Simplicity2,ELECTRICITY,3642,2010,0.00012214
Simplicity2,ELECTRICITY,3643,2010,0.000121554
Simplicity2,ELECTRICITY,3644,2010,0.000118852
Simplicity2,ELECTRICITY,3645,2010,0.000112602
Simplicity2,ELECTRICITY,3646,2010,9.88972E-05
Simplicity2,ELECTRICITY,3647,2010,8.99939E-05
Simplicity2,ELECTRICITY,3648,2010,9.10519E-05
Simplicity2,ELECTRICITY,3649,2010,8.65595E-05
Simplicity2,ELECTRICITY,3650,2010,8.06511E-05
Simplicity2,ELECTRICITY,3651,2010,8.26043E-05
Simplicity2,ELECTRICITY,3652,2010,8.10091E-05
Simplicity2,ELECTRICITY,3653,2010,8.16602E-05
Simplicity2,ELECTRICITY,3654,2010,9.48769E-05
Simplicity2,ELECTRICITY,3655,2010,0.000100069
Simplicity2,ELECTRICITY,3656,2010,0.000113188
Simplicity2,ELECTRICITY,3657,2010,0.000112863
Simplicity2,ELECTRICITY,3658,2010,0.000124614
Simplicity2,ELECTRICITY,3659,2010,0.000124924
Simplicity2,ELECTRICITY,3660,2010,0.000123247
Simplicity2,ELECTRICITY,3661,2010,0.000111593
Simplicity2,ELECTRICITY,3662,2010,0.00010824
Simplicity2,ELECTRICITY,3663,2010,0.000106124
Simplicity2,ELECTRICITY,3664,2010,0.000111951
Simplicity2,ELECTRICITY,3665,2010,0.000112553
Simplicity2,ELECTRICITY,3666,2010,0.000121375
Simplicity2,ELECTRICITY,3667,2010,0.000121164
Simplicity2,ELECTRICITY,3668,2010,0.000120448
Simplicity2,ELECTRICITY,3669,2010,0.00011532
Simplicity2,ELECTRICITY,3670,2010,0.00010282
Simplicity2,ELECTRICITY,3671,2010,0.000101518
Simplicity2,ELECTRICITY,3672,2010,8.94405E-05
Simplicity2,ELECTRICITY,3673,2010,8.33855E-05
Simplicity2,ELECTRICITY,3674,2010,8.23113E-05
Simplicity2,ELECTRICITY,3675,2010,8.24089E-05
Simplicity2,ELECTRICITY,3676,2010,8.11556E-05
Simplicity2,ELECTRICITY,3677,2010,7.78677E-05
Simplicity2,ELECTRICITY,3678,2010,9.27935E-05
Simplicity2,ELECTRICITY,3679,2010,9.906E-05
Simplicity2,ELECTRICITY,3680,2010,0.000117209
Simplicity2,ELECTRICITY,3681,2010,0.000118543
Simplicity2,ELECTRICITY,3682,2010,0.000115125
Simplicity2,ELECTRICITY,3683,2010,0.000106401
Simplicity2,ELECTRICITY,3684,2010,0.000106075
Simplicity2,ELECTRICITY,3685,2010,0.000104985
Simplicity2,ELECTRICITY,3686,2010,0.000103487
Simplicity2,ELECTRICITY,3687,2010,0.000110112
Simplicity2,ELECTRICITY,3688,2010,0.000108435
Simplicity2,ELECTRICITY,3689,2010,0.00011379
Simplicity2,ELECTRICITY,3690,2010,0.000100427
Simplicity2,ELECTRICITY,3691,2010,9.91739E-05
Simplicity2,ELECTRICITY,3692,2010,9.9646E-05
Simplicity2,ELECTRICITY,3693,2010,9.86043E-05
Simplicity2,ELECTRICITY,3694,2010,9.12635E-05
Simplicity2,ELECTRICITY,3695,2010,8.23601E-05
Simplicity2,ELECTRICITY,3696,2010,6.61973E-05
Simplicity2,ELECTRICITY,3697,2010,6.8118E-05
Simplicity2,ELECTRICITY,3698,2010,6.85737E-05
Simplicity2,ELECTRICITY,3699,2010,6.83784E-05
Simplicity2,ELECTRICITY,3700,2010,6.95178E-05
Simplicity2,ELECTRICITY,3701,2010,7.4824E-05
Simplicity2,ELECTRICITY,3702,2010,8.71617E-05
Simplicity2,ELECTRICITY,3703,2010,9.71394E-05
Simplicity2,ELECTRICITY,3704,2010,9.93204E-05
Simplicity2,ELECTRICITY,3705,2010,0.000103357
Simplicity2,ELECTRICITY,3706,2010,0.000108273
Simplicity2,ELECTRICITY,3707,2010,0.000109184
Simplicity2,ELECTRICITY,3708,2010,0.000108842
Simplicity2,ELECTRICITY,3709,2010,0.000106271
Simplicity2,ELECTRICITY,3710,2010,0.000110405
Simplicity2,ELECTRICITY,3711,2010,0.000107915
Simplicity2,ELECTRICITY,3712,2010,0.000111105
Simplicity2,ELECTRICITY,3713,2010,0.000114051
Simplicity2,ELECTRICITY,3714,2010,0.000112049
Simplicity2,ELECTRICITY,3715,2010,0.000107052
Simplicity2,ELECTRICITY,3716,2010,0.000103308
Simplicity2,ELECTRICITY,3717,2010,9.9825E-05
Simplicity2,ELECTRICITY,3718,2010,0.000100395
Simplicity2,ELECTRICITY,3719,2010,8.76338E-05
Simplicity2,ELECTRICITY,3720,2010,8.18881E-05
Simplicity2,ELECTRICITY,3721,2010,8.07975E-05
Simplicity2,ELECTRICITY,3722,2010,7.85188E-05
Simplicity2,ELECTRICITY,3723,2010,7.91536E-05
Simplicity2,ELECTRICITY,3724,2010,7.55239E-05
Simplicity2,ELECTRICITY,3725,2010,7.76399E-05
Simplicity2,ELECTRICITY,3726,2010,9.04659E-05
Simplicity2,ELECTRICITY,3727,2010,9.74974E-05
Simplicity2,ELECTRICITY,3728,2010,0.000103145
Simplicity2,ELECTRICITY,3729,2010,0.00010365
Simplicity2,ELECTRICITY,3730,2010,0.000105554
Simplicity2,ELECTRICITY,3731,2010,0.000103504
Simplicity2,ELECTRICITY,3732,2010,0.00010575
Simplicity2,ELECTRICITY,3733,2010,0.000104562
Simplicity2,ELECTRICITY,3734,2010,0.00010378
Simplicity2,ELECTRICITY,3735,2010,0.000102169
Simplicity2,ELECTRICITY,3736,2010,0.000101648
Simplicity2,ELECTRICITY,3737,2010,0.000102006
Simplicity2,ELECTRICITY,3738,2010,9.8767E-05
Simplicity2,ELECTRICITY,3739,2010,9.80834E-05
Simplicity2,ELECTRICITY,3740,2010,9.15402E-05
Simplicity2,ELECTRICITY,3741,2010,8.60549E-05
Simplicity2,ELECTRICITY,3742,2010,8.95056E-05
Simplicity2,ELECTRICITY,3743,2010,8.63479E-05
Simplicity2,ELECTRICITY,3744,2010,8.34506E-05
Simplicity2,ELECTRICITY,3745,2010,7.68586E-05
Simplicity2,ELECTRICITY,3746,2010,7.24476E-05
Simplicity2,ELECTRICITY,3747,2010,7.30824E-05
Simplicity2,ELECTRICITY,3748,2010,7.31963E-05
Simplicity2,ELECTRICITY,3749,2010,7.30173E-05
Simplicity2,ELECTRICITY,3750,2010,8.45575E-05
Simplicity2,ELECTRICITY,3751,2010,8.6706E-05
Simplicity2,ELECTRICITY,3752,2010,8.99939E-05
Simplicity2,ELECTRICITY,3753,2010,9.35585E-05
Simplicity2,ELECTRICITY,3754,2010,9.53489E-05
Simplicity2,ELECTRICITY,3755,2010,9.47304E-05
Simplicity2,ELECTRICITY,3756,2010,9.69929E-05
Simplicity2,ELECTRICITY,3757,2010,9.66673E-05
Simplicity2,ELECTRICITY,3758,2010,9.73998E-05
Simplicity2,ELECTRICITY,3759,2010,9.70417E-05
Simplicity2,ELECTRICITY,3760,2010,9.94506E-05
Simplicity2,ELECTRICITY,3761,2010,0.000102625
Simplicity2,ELECTRICITY,3762,2010,0.000102087
Simplicity2,ELECTRICITY,3763,2010,9.91739E-05
Simplicity2,ELECTRICITY,3764,2010,0.000100476
Simplicity2,ELECTRICITY,3765,2010,9.3705E-05
Simplicity2,ELECTRICITY,3766,2010,9.34445E-05
Simplicity2,ELECTRICITY,3767,2010,9.96134E-05
Simplicity2,ELECTRICITY,3768,2010,8.87243E-05
Simplicity2,ELECTRICITY,3769,2010,8.39552E-05
Simplicity2,ELECTRICITY,3770,2010,8.49318E-05
Simplicity2,ELECTRICITY,3771,2010,9.02218E-05
Simplicity2,ELECTRICITY,3772,2010,8.81546E-05
Simplicity2,ELECTRICITY,3773,2010,8.34506E-05
Simplicity2,ELECTRICITY,3774,2010,8.91475E-05
Simplicity2,ELECTRICITY,3775,2010,0.000102722
Simplicity2,ELECTRICITY,3776,2010,0.000109054
Simplicity2,ELECTRICITY,3777,2010,0.000107247
Simplicity2,ELECTRICITY,3778,2010,0.000118413
Simplicity2,ELECTRICITY,3779,2010,0.000118576
Simplicity2,ELECTRICITY,3780,2010,0.000115613
Simplicity2,ELECTRICITY,3781,2010,0.000114848
Simplicity2,ELECTRICITY,3782,2010,0.000112798
Simplicity2,ELECTRICITY,3783,2010,0.000110649
Simplicity2,ELECTRICITY,3784,2010,0.000108452
Simplicity2,ELECTRICITY,3785,2010,0.000106857
Simplicity2,ELECTRICITY,3786,2010,0.000109542
Simplicity2,ELECTRICITY,3787,2010,0.000110519
Simplicity2,ELECTRICITY,3788,2010,0.000104757
Simplicity2,ELECTRICITY,3789,2010,0.000114035
Simplicity2,ELECTRICITY,3790,2010,0.000108061
Simplicity2,ELECTRICITY,3791,2010,9.73835E-05
Simplicity2,ELECTRICITY,3792,2010,8.71943E-05
Simplicity2,ELECTRICITY,3793,2010,7.60936E-05
Simplicity2,ELECTRICITY,3794,2010,7.27731E-05
Simplicity2,ELECTRICITY,3795,2010,7.10804E-05
Simplicity2,ELECTRICITY,3796,2010,6.95666E-05
Simplicity2,ELECTRICITY,3797,2010,7.47426E-05
Simplicity2,ELECTRICITY,3798,2010,8.64293E-05
Simplicity2,ELECTRICITY,3799,2010,8.41668E-05
Simplicity2,ELECTRICITY,3800,2010,8.94405E-05
Simplicity2,ELECTRICITY,3801,2010,8.74873E-05
Simplicity2,ELECTRICITY,3802,2010,8.89684E-05
Simplicity2,ELECTRICITY,3803,2010,8.96032E-05
Simplicity2,ELECTRICITY,3804,2010,9.22075E-05
Simplicity2,ELECTRICITY,3805,2010,0.000113302
Simplicity2,ELECTRICITY,3806,2010,0.000111919
Simplicity2,ELECTRICITY,3807,2010,0.000109819
Simplicity2,ELECTRICITY,3808,2010,0.000110535
Simplicity2,ELECTRICITY,3809,2010,0.000111674
Simplicity2,ELECTRICITY,3810,2010,0.000108028
Simplicity2,ELECTRICITY,3811,2010,9.73347E-05
Simplicity2,ELECTRICITY,3812,2010,0.000101143
Simplicity2,ELECTRICITY,3813,2010,0.00010225
Simplicity2,ELECTRICITY,3814,2010,0.000101876
Simplicity2,ELECTRICITY,3815,2010,9.51699E-05
Simplicity2,ELECTRICITY,3816,2010,8.64293E-05
Simplicity2,ELECTRICITY,3817,2010,8.2474E-05
Simplicity2,ELECTRICITY,3818,2010,8.12858E-05
Simplicity2,ELECTRICITY,3819,2010,7.96256E-05
Simplicity2,ELECTRICITY,3820,2010,7.77864E-05
Simplicity2,ELECTRICITY,3821,2010,7.92513E-05
Simplicity2,ELECTRICITY,3822,2010,9.76602E-05
Simplicity2,ELECTRICITY,3823,2010,0.000109721
Simplicity2,ELECTRICITY,3824,2010,0.000104806
Simplicity2,ELECTRICITY,3825,2010,0.000104285
Simplicity2,ELECTRICITY,3826,2010,0.000106433
Simplicity2,ELECTRICITY,3827,2010,0.000109786
Simplicity2,ELECTRICITY,3828,2010,0.000108191
Simplicity2,ELECTRICITY,3829,2010,0.000107817
Simplicity2,ELECTRICITY,3830,2010,0.000105733
Simplicity2,ELECTRICITY,3831,2010,0.000106173
Simplicity2,ELECTRICITY,3832,2010,0.000107703
Simplicity2,ELECTRICITY,3833,2010,0.000107182
Simplicity2,ELECTRICITY,3834,2010,0.000106482
Simplicity2,ELECTRICITY,3835,2010,0.000105278
Simplicity2,ELECTRICITY,3836,2010,0.000102315
Simplicity2,ELECTRICITY,3837,2010,0.000103487
Simplicity2,ELECTRICITY,3838,2010,0.000102527
Simplicity2,ELECTRICITY,3839,2010,0.000102657
Simplicity2,ELECTRICITY,3840,2010,9.34283E-05
Simplicity2,ELECTRICITY,3841,2010,9.14751E-05
Simplicity2,ELECTRICITY,3842,2010,9.24191E-05
Simplicity2,ELECTRICITY,3843,2010,8.73896E-05
Simplicity2,ELECTRICITY,3844,2010,8.19857E-05
Simplicity2,ELECTRICITY,3845,2010,7.91536E-05
Simplicity2,ELECTRICITY,3846,2010,9.42909E-05
Simplicity2,ELECTRICITY,3847,2010,0.000109558
Simplicity2,ELECTRICITY,3848,2010,0.000110014
Simplicity2,ELECTRICITY,3849,2010,0.000112374
Simplicity2,ELECTRICITY,3850,2010,0.00011073
Simplicity2,ELECTRICITY,3851,2010,0.000109672
Simplicity2,ELECTRICITY,3852,2010,0.000111886
Simplicity2,ELECTRICITY,3853,2010,0.000111967
Simplicity2,ELECTRICITY,3854,2010,0.000112765
Simplicity2,ELECTRICITY,3855,2010,0.000106222
Simplicity2,ELECTRICITY,3856,2010,0.000109119
Simplicity2,ELECTRICITY,3857,2010,0.000108696
Simplicity2,ELECTRICITY,3858,2010,0.000107752
Simplicity2,ELECTRICITY,3859,2010,0.000105082
Simplicity2,ELECTRICITY,3860,2010,0.000101534
Simplicity2,ELECTRICITY,3861,2010,0.000102999
Simplicity2,ELECTRICITY,3862,2010,9.55117E-05
Simplicity2,ELECTRICITY,3863,2010,8.82197E-05
Simplicity2,ELECTRICITY,3864,2010,8.85941E-05
Simplicity2,ELECTRICITY,3865,2010,8.55666E-05
Simplicity2,ELECTRICITY,3866,2010,8.62177E-05
Simplicity2,ELECTRICITY,3867,2010,8.44598E-05
Simplicity2,ELECTRICITY,3868,2010,8.13347E-05
Simplicity2,ELECTRICITY,3869,2010,8.35809E-05
Simplicity2,ELECTRICITY,3870,2010,9.23214E-05
Simplicity2,ELECTRICITY,3871,2010,9.71882E-05
Simplicity2,ELECTRICITY,3872,2010,9.18331E-05
Simplicity2,ELECTRICITY,3873,2010,9.86694E-05
Simplicity2,ELECTRICITY,3874,2010,0.000105099
Simplicity2,ELECTRICITY,3875,2010,9.753E-05
Simplicity2,ELECTRICITY,3876,2010,0.000100134
Simplicity2,ELECTRICITY,3877,2010,0.000112342
Simplicity2,ELECTRICITY,3878,2010,0.000101843
Simplicity2,ELECTRICITY,3879,2010,0.000100834
Simplicity2,ELECTRICITY,3880,2010,0.000100671
Simplicity2,ELECTRICITY,3881,2010,0.000102657
Simplicity2,ELECTRICITY,3882,2010,9.61302E-05
Simplicity2,ELECTRICITY,3883,2010,0.000100688
Simplicity2,ELECTRICITY,3884,2010,9.80671E-05
Simplicity2,ELECTRICITY,3885,2010,9.21912E-05
Simplicity2,ELECTRICITY,3886,2010,9.51699E-05
Simplicity2,ELECTRICITY,3887,2010,9.46327E-05
Simplicity2,ELECTRICITY,3888,2010,7.81282E-05
Simplicity2,ELECTRICITY,3889,2010,7.24964E-05
Simplicity2,ELECTRICITY,3890,2010,7.62889E-05
Simplicity2,ELECTRICITY,3891,2010,7.08199E-05
Simplicity2,ELECTRICITY,3892,2010,6.7353E-05
Simplicity2,ELECTRICITY,3893,2010,7.3473E-05
Simplicity2,ELECTRICITY,3894,2010,8.86917E-05
Simplicity2,ELECTRICITY,3895,2010,9.06449E-05
Simplicity2,ELECTRICITY,3896,2010,9.98901E-05
Simplicity2,ELECTRICITY,3897,2010,9.6179E-05
Simplicity2,ELECTRICITY,3898,2010,9.37701E-05
Simplicity2,ELECTRICITY,3899,2010,9.36561E-05
Simplicity2,ELECTRICITY,3900,2010,9.40305E-05
Simplicity2,ELECTRICITY,3901,2010,9.5414E-05
Simplicity2,ELECTRICITY,3902,2010,9.46165E-05
Simplicity2,ELECTRICITY,3903,2010,9.36073E-05
Simplicity2,ELECTRICITY,3904,2010,9.4649E-05
Simplicity2,ELECTRICITY,3905,2010,9.46327E-05
Simplicity2,ELECTRICITY,3906,2010,9.26795E-05
Simplicity2,ELECTRICITY,3907,2010,8.84313E-05
Simplicity2,ELECTRICITY,3908,2010,7.96256E-05
Simplicity2,ELECTRICITY,3909,2010,7.37823E-05
Simplicity2,ELECTRICITY,3910,2010,6.52045E-05
Simplicity2,ELECTRICITY,3911,2010,6.30071E-05
Simplicity2,ELECTRICITY,3912,2010,5.71475E-05
Simplicity2,ELECTRICITY,3913,2010,6.55788E-05
Simplicity2,ELECTRICITY,3914,2010,6.63438E-05
Simplicity2,ELECTRICITY,3915,2010,6.41953E-05
Simplicity2,ELECTRICITY,3916,2010,6.26816E-05
Simplicity2,ELECTRICITY,3917,2010,6.6002E-05
Simplicity2,ELECTRICITY,3918,2010,7.34242E-05
Simplicity2,ELECTRICITY,3919,2010,6.67996E-05
Simplicity2,ELECTRICITY,3920,2010,6.77599E-05
Simplicity2,ELECTRICITY,3921,2010,6.63276E-05
Simplicity2,ELECTRICITY,3922,2010,7.3587E-05
Simplicity2,ELECTRICITY,3923,2010,7.64028E-05
Simplicity2,ELECTRICITY,3924,2010,7.81119E-05
Simplicity2,ELECTRICITY,3925,2010,7.04618E-05
Simplicity2,ELECTRICITY,3926,2010,7.66307E-05
Simplicity2,ELECTRICITY,3927,2010,7.3587E-05
Simplicity2,ELECTRICITY,3928,2010,8.1351E-05
Simplicity2,ELECTRICITY,3929,2010,8.60549E-05
Simplicity2,ELECTRICITY,3930,2010,8.80732E-05
Simplicity2,ELECTRICITY,3931,2010,8.11394E-05
Simplicity2,ELECTRICITY,3932,2010,8.06836E-05
Simplicity2,ELECTRICITY,3933,2010,8.02441E-05
Simplicity2,ELECTRICITY,3934,2010,7.30824E-05
Simplicity2,ELECTRICITY,3935,2010,7.10966E-05
Simplicity2,ELECTRICITY,3936,2010,6.98759E-05
Simplicity2,ELECTRICITY,3937,2010,6.80692E-05
Simplicity2,ELECTRICITY,3938,2010,6.92736E-05
Simplicity2,ELECTRICITY,3939,2010,6.74018E-05
Simplicity2,ELECTRICITY,3940,2010,6.46999E-05
Simplicity2,ELECTRICITY,3941,2010,6.89318E-05
Simplicity2,ELECTRICITY,3942,2010,8.04557E-05
Simplicity2,ELECTRICITY,3943,2010,8.28972E-05
Simplicity2,ELECTRICITY,3944,2010,9.52024E-05
Simplicity2,ELECTRICITY,3945,2010,9.50722E-05
Simplicity2,ELECTRICITY,3946,2010,9.25982E-05
Simplicity2,ELECTRICITY,3947,2010,9.54629E-05
Simplicity2,ELECTRICITY,3948,2010,9.43723E-05
Simplicity2,ELECTRICITY,3949,2010,9.09054E-05
Simplicity2,ELECTRICITY,3950,2010,8.98148E-05
Simplicity2,ELECTRICITY,3951,2010,9.52513E-05
Simplicity2,ELECTRICITY,3952,2010,0.000103764
Simplicity2,ELECTRICITY,3953,2010,0.000108273
Simplicity2,ELECTRICITY,3954,2010,0.000101892
Simplicity2,ELECTRICITY,3955,2010,0.00010085
Simplicity2,ELECTRICITY,3956,2010,0.000103878
Simplicity2,ELECTRICITY,3957,2010,0.000102999
Simplicity2,ELECTRICITY,3958,2010,8.92452E-05
Simplicity2,ELECTRICITY,3959,2010,8.53062E-05
Simplicity2,ELECTRICITY,3960,2010,7.98535E-05
Simplicity2,ELECTRICITY,3961,2010,7.89257E-05
Simplicity2,ELECTRICITY,3962,2010,7.50681E-05
Simplicity2,ELECTRICITY,3963,2010,7.93164E-05
Simplicity2,ELECTRICITY,3964,2010,7.7591E-05
Simplicity2,ELECTRICITY,3965,2010,7.49379E-05
Simplicity2,ELECTRICITY,3966,2010,7.47263E-05
Simplicity2,ELECTRICITY,3967,2010,9.54466E-05
Simplicity2,ELECTRICITY,3968,2010,0.000103113
Simplicity2,ELECTRICITY,3969,2010,0.000102739
Simplicity2,ELECTRICITY,3970,2010,0.000101241
Simplicity2,ELECTRICITY,3971,2010,0.000100671
Simplicity2,ELECTRICITY,3972,2010,0.000101127
Simplicity2,ELECTRICITY,3973,2010,0.000103064
Simplicity2,ELECTRICITY,3974,2010,0.000103145
Simplicity2,ELECTRICITY,3975,2010,0.000103552
Simplicity2,ELECTRICITY,3976,2010,0.000108338
Simplicity2,ELECTRICITY,3977,2010,0.000109249
Simplicity2,ELECTRICITY,3978,2010,0.000104903
Simplicity2,ELECTRICITY,3979,2010,0.000101453
Simplicity2,ELECTRICITY,3980,2010,0.000100737
Simplicity2,ELECTRICITY,3981,2010,0.000105571
Simplicity2,ELECTRICITY,3982,2010,9.64232E-05
Simplicity2,ELECTRICITY,3983,2010,9.8767E-05
Simplicity2,ELECTRICITY,3984,2010,8.81546E-05
Simplicity2,ELECTRICITY,3985,2010,7.72167E-05
Simplicity2,ELECTRICITY,3986,2010,8.16439E-05
Simplicity2,ELECTRICITY,3987,2010,8.13998E-05
Simplicity2,ELECTRICITY,3988,2010,8.05534E-05
Simplicity2,ELECTRICITY,3989,2010,8.40366E-05
Simplicity2,ELECTRICITY,3990,2010,8.49807E-05
Simplicity2,ELECTRICITY,3991,2010,9.89623E-05
Simplicity2,ELECTRICITY,3992,2010,9.77416E-05
Simplicity2,ELECTRICITY,3993,2010,0.000101518
Simplicity2,ELECTRICITY,3994,2010,0.000103113
Simplicity2,ELECTRICITY,3995,2010,0.000105733
Simplicity2,ELECTRICITY,3996,2010,0.000102429
Simplicity2,ELECTRICITY,3997,2010,0.000105457
Simplicity2,ELECTRICITY,3998,2010,0.000107312
Simplicity2,ELECTRICITY,3999,2010,0.000107719
Simplicity2,ELECTRICITY,4000,2010,0.000107573
Simplicity2,ELECTRICITY,4001,2010,0.00010614
Simplicity2,ELECTRICITY,4002,2010,0.000106026
Simplicity2,ELECTRICITY,4003,2010,0.000104464
Simplicity2,ELECTRICITY,4004,2010,0.000102234
Simplicity2,ELECTRICITY,4005,2010,0.000102934
Simplicity2,ELECTRICITY,4006,2010,9.74649E-05
Simplicity2,ELECTRICITY,4007,2010,8.98799E-05
Simplicity2,ELECTRICITY,4008,2010,8.90824E-05
Simplicity2,ELECTRICITY,4009,2010,8.45086E-05
Simplicity2,ELECTRICITY,4010,2010,8.04395E-05
Simplicity2,ELECTRICITY,4011,2010,8.07162E-05
Simplicity2,ELECTRICITY,4012,2010,7.77538E-05
Simplicity2,ELECTRICITY,4013,2010,8.12696E-05
Simplicity2,ELECTRICITY,4014,2010,8.75687E-05
Simplicity2,ELECTRICITY,4015,2010,9.84252E-05
Simplicity2,ELECTRICITY,4016,2010,0.000102087
Simplicity2,ELECTRICITY,4017,2010,0.000102641
Simplicity2,ELECTRICITY,4018,2010,0.000106189
Simplicity2,ELECTRICITY,4019,2010,0.000107361
Simplicity2,ELECTRICITY,4020,2010,0.000110063
Simplicity2,ELECTRICITY,4021,2010,0.000111593
Simplicity2,ELECTRICITY,4022,2010,0.0001113
Simplicity2,ELECTRICITY,4023,2010,0.000110112
Simplicity2,ELECTRICITY,4024,2010,0.000112342
Simplicity2,ELECTRICITY,4025,2010,0.000114149
Simplicity2,ELECTRICITY,4026,2010,0.00011047
Simplicity2,ELECTRICITY,4027,2010,0.000106287
Simplicity2,ELECTRICITY,4028,2010,0.00010601
Simplicity2,ELECTRICITY,4029,2010,0.000104741
Simplicity2,ELECTRICITY,4030,2010,0.000101518
Simplicity2,ELECTRICITY,4031,2010,9.61627E-05
Simplicity2,ELECTRICITY,4032,2010,8.63479E-05
Simplicity2,ELECTRICITY,4033,2010,8.0765E-05
Simplicity2,ELECTRICITY,4034,2010,7.58169E-05
Simplicity2,ELECTRICITY,4035,2010,7.46449E-05
Simplicity2,ELECTRICITY,4036,2010,7.36683E-05
Simplicity2,ELECTRICITY,4037,2010,7.012E-05
Simplicity2,ELECTRICITY,4038,2010,7.6647E-05
Simplicity2,ELECTRICITY,4039,2010,8.46551E-05
Simplicity2,ELECTRICITY,4040,2010,9.23866E-05
Simplicity2,ELECTRICITY,4041,2010,9.34445E-05
Simplicity2,ELECTRICITY,4042,2010,9.79695E-05
Simplicity2,ELECTRICITY,4043,2010,9.73998E-05
Simplicity2,ELECTRICITY,4044,2010,9.80508E-05
Simplicity2,ELECTRICITY,4045,2010,0.000100411
Simplicity2,ELECTRICITY,4046,2010,9.67975E-05
Simplicity2,ELECTRICITY,4047,2010,9.70905E-05
Simplicity2,ELECTRICITY,4048,2010,9.76277E-05
Simplicity2,ELECTRICITY,4049,2010,9.80671E-05
Simplicity2,ELECTRICITY,4050,2010,9.59023E-05
Simplicity2,ELECTRICITY,4051,2010,9.60163E-05
Simplicity2,ELECTRICITY,4052,2010,9.71068E-05
Simplicity2,ELECTRICITY,4053,2010,9.38189E-05
Simplicity2,ELECTRICITY,4054,2010,9.76602E-05
Simplicity2,ELECTRICITY,4055,2010,8.86429E-05
Simplicity2,ELECTRICITY,4056,2010,8.30275E-05
Simplicity2,ELECTRICITY,4057,2010,7.66958E-05
Simplicity2,ELECTRICITY,4058,2010,7.35381E-05
Simplicity2,ELECTRICITY,4059,2010,7.11943E-05
Simplicity2,ELECTRICITY,4060,2010,7.00386E-05
Simplicity2,ELECTRICITY,4061,2010,7.33754E-05
Simplicity2,ELECTRICITY,4062,2010,7.94466E-05
Simplicity2,ELECTRICITY,4063,2010,7.84863E-05
Simplicity2,ELECTRICITY,4064,2010,8.20671E-05
Simplicity2,ELECTRICITY,4065,2010,8.97986E-05
Simplicity2,ELECTRICITY,4066,2010,8.80081E-05
Simplicity2,ELECTRICITY,4067,2010,9.30051E-05
Simplicity2,ELECTRICITY,4068,2010,9.20285E-05
Simplicity2,ELECTRICITY,4069,2010,9.17192E-05
Simplicity2,ELECTRICITY,4070,2010,9.29074E-05
Simplicity2,ELECTRICITY,4071,2010,9.39979E-05
Simplicity2,ELECTRICITY,4072,2010,9.56744E-05
Simplicity2,ELECTRICITY,4073,2010,9.31027E-05
Simplicity2,ELECTRICITY,4074,2010,9.16867E-05
Simplicity2,ELECTRICITY,4075,2010,9.36887E-05
Simplicity2,ELECTRICITY,4076,2010,9.49583E-05
Simplicity2,ELECTRICITY,4077,2010,9.73998E-05
Simplicity2,ELECTRICITY,4078,2010,9.55442E-05
Simplicity2,ELECTRICITY,4079,2010,8.63316E-05
Simplicity2,ELECTRICITY,4080,2010,8.05371E-05
Simplicity2,ELECTRICITY,4081,2010,7.24964E-05
Simplicity2,ELECTRICITY,4082,2010,7.23337E-05
Simplicity2,ELECTRICITY,4083,2010,7.26104E-05
Simplicity2,ELECTRICITY,4084,2010,7.51658E-05
Simplicity2,ELECTRICITY,4085,2010,7.69237E-05
Simplicity2,ELECTRICITY,4086,2010,7.9528E-05
Simplicity2,ELECTRICITY,4087,2010,8.35646E-05
Simplicity2,ELECTRICITY,4088,2010,8.44435E-05
Simplicity2,ELECTRICITY,4089,2010,8.80407E-05
Simplicity2,ELECTRICITY,4090,2010,9.03845E-05
Simplicity2,ELECTRICITY,4091,2010,9.24517E-05
Simplicity2,ELECTRICITY,4092,2010,9.59837E-05
Simplicity2,ELECTRICITY,4093,2010,9.52675E-05
Simplicity2,ELECTRICITY,4094,2010,9.33143E-05
Simplicity2,ELECTRICITY,4095,2010,9.3298E-05
Simplicity2,ELECTRICITY,4096,2010,9.52024E-05
Simplicity2,ELECTRICITY,4097,2010,9.86694E-05
Simplicity2,ELECTRICITY,4098,2010,9.78067E-05
Simplicity2,ELECTRICITY,4099,2010,9.8881E-05
Simplicity2,ELECTRICITY,4100,2010,9.49908E-05
Simplicity2,ELECTRICITY,4101,2010,9.33469E-05
Simplicity2,ELECTRICITY,4102,2010,9.28911E-05
Simplicity2,ELECTRICITY,4103,2010,8.58922E-05
Simplicity2,ELECTRICITY,4104,2010,7.74934E-05
Simplicity2,ELECTRICITY,4105,2010,7.52146E-05
Simplicity2,ELECTRICITY,4106,2010,7.60122E-05
Simplicity2,ELECTRICITY,4107,2010,7.50519E-05
Simplicity2,ELECTRICITY,4108,2010,6.9941E-05
Simplicity2,ELECTRICITY,4109,2010,7.48728E-05
Simplicity2,ELECTRICITY,4110,2010,8.38087E-05
Simplicity2,ELECTRICITY,4111,2010,9.2647E-05
Simplicity2,ELECTRICITY,4112,2010,0.000106596
Simplicity2,ELECTRICITY,4113,2010,0.000106336
Simplicity2,ELECTRICITY,4114,2010,0.00010518
Simplicity2,ELECTRICITY,4115,2010,0.000106629
Simplicity2,ELECTRICITY,4116,2010,9.98576E-05
Simplicity2,ELECTRICITY,4117,2010,0.000100932
Simplicity2,ELECTRICITY,4118,2010,9.52024E-05
Simplicity2,ELECTRICITY,4119,2010,9.06612E-05
Simplicity2,ELECTRICITY,4120,2010,9.84252E-05
Simplicity2,ELECTRICITY,4121,2010,9.88972E-05
Simplicity2,ELECTRICITY,4122,2010,0.000104366
Simplicity2,ELECTRICITY,4123,2010,0.000104301
Simplicity2,ELECTRICITY,4124,2010,9.44049E-05
Simplicity2,ELECTRICITY,4125,2010,9.64557E-05
Simplicity2,ELECTRICITY,4126,2010,9.09705E-05
Simplicity2,ELECTRICITY,4127,2010,8.21973E-05
Simplicity2,ELECTRICITY,4128,2010,8.31088E-05
Simplicity2,ELECTRICITY,4129,2010,7.52635E-05
Simplicity2,ELECTRICITY,4130,2010,7.39288E-05
Simplicity2,ELECTRICITY,4131,2010,7.24801E-05
Simplicity2,ELECTRICITY,4132,2010,7.26755E-05
Simplicity2,ELECTRICITY,4133,2010,7.58169E-05
Simplicity2,ELECTRICITY,4134,2010,8.49155E-05
Simplicity2,ELECTRICITY,4135,2010,9.21587E-05
Simplicity2,ELECTRICITY,4136,2010,9.97762E-05
Simplicity2,ELECTRICITY,4137,2010,0.000101648
Simplicity2,ELECTRICITY,4138,2010,0.000102153
Simplicity2,ELECTRICITY,4139,2010,0.000102901
Simplicity2,ELECTRICITY,4140,2010,9.95809E-05
Simplicity2,ELECTRICITY,4141,2010,9.30539E-05
Simplicity2,ELECTRICITY,4142,2010,9.57396E-05
Simplicity2,ELECTRICITY,4143,2010,9.88484E-05
Simplicity2,ELECTRICITY,4144,2010,9.53977E-05
Simplicity2,ELECTRICITY,4145,2010,9.22563E-05
Simplicity2,ELECTRICITY,4146,2010,8.37925E-05
Simplicity2,ELECTRICITY,4147,2010,9.11007E-05
Simplicity2,ELECTRICITY,4148,2010,9.04496E-05
Simplicity2,ELECTRICITY,4149,2010,9.25656E-05
Simplicity2,ELECTRICITY,4150,2010,8.95056E-05
Simplicity2,ELECTRICITY,4151,2010,7.74608E-05
Simplicity2,ELECTRICITY,4152,2010,8.00163E-05
Simplicity2,ELECTRICITY,4153,2010,7.61587E-05
Simplicity2,ELECTRICITY,4154,2010,7.1943E-05
Simplicity2,ELECTRICITY,4155,2010,7.13245E-05
Simplicity2,ELECTRICITY,4156,2010,6.97619E-05
Simplicity2,ELECTRICITY,4157,2010,6.83459E-05
Simplicity2,ELECTRICITY,4158,2010,7.26429E-05
Simplicity2,ELECTRICITY,4159,2010,9.39328E-05
Simplicity2,ELECTRICITY,4160,2010,0.000106157
Simplicity2,ELECTRICITY,4161,2010,0.000108859
Simplicity2,ELECTRICITY,4162,2010,0.000108419
Simplicity2,ELECTRICITY,4163,2010,0.00010588
Simplicity2,ELECTRICITY,4164,2010,0.000114832
Simplicity2,ELECTRICITY,4165,2010,0.000104252
Simplicity2,ELECTRICITY,4166,2010,0.000108549
Simplicity2,ELECTRICITY,4167,2010,9.79206E-05
Simplicity2,ELECTRICITY,4168,2010,0.000102055
Simplicity2,ELECTRICITY,4169,2010,0.000105017
Simplicity2,ELECTRICITY,4170,2010,0.000105099
Simplicity2,ELECTRICITY,4171,2010,0.000103259
Simplicity2,ELECTRICITY,4172,2010,9.89298E-05
Simplicity2,ELECTRICITY,4173,2010,9.71882E-05
Simplicity2,ELECTRICITY,4174,2010,8.72106E-05
Simplicity2,ELECTRICITY,4175,2010,8.40854E-05
Simplicity2,ELECTRICITY,4176,2010,8.49969E-05
Simplicity2,ELECTRICITY,4177,2010,7.75585E-05
Simplicity2,ELECTRICITY,4178,2010,7.73957E-05
Simplicity2,ELECTRICITY,4179,2010,7.88443E-05
Simplicity2,ELECTRICITY,4180,2010,7.82095E-05
Simplicity2,ELECTRICITY,4181,2010,7.6354E-05
Simplicity2,ELECTRICITY,4182,2010,8.34181E-05
Simplicity2,ELECTRICITY,4183,2010,9.41933E-05
Simplicity2,ELECTRICITY,4184,2010,0.00010492
Simplicity2,ELECTRICITY,4185,2010,0.000107215
Simplicity2,ELECTRICITY,4186,2010,0.000105213
Simplicity2,ELECTRICITY,4187,2010,0.00010767
Simplicity2,ELECTRICITY,4188,2010,0.000106661
Simplicity2,ELECTRICITY,4189,2010,0.000105164
Simplicity2,ELECTRICITY,4190,2010,0.000106547
Simplicity2,ELECTRICITY,4191,2010,0.000104659
Simplicity2,ELECTRICITY,4192,2010,0.000105571
Simplicity2,ELECTRICITY,4193,2010,0.000111365
Simplicity2,ELECTRICITY,4194,2010,0.000111137
Simplicity2,ELECTRICITY,4195,2010,0.000107605
Simplicity2,ELECTRICITY,4196,2010,0.000108614
Simplicity2,ELECTRICITY,4197,2010,0.000107654
Simplicity2,ELECTRICITY,4198,2010,0.000101892
Simplicity2,ELECTRICITY,4199,2010,8.60875E-05
Simplicity2,ELECTRICITY,4200,2010,8.18393E-05
Simplicity2,ELECTRICITY,4201,2010,7.68098E-05
Simplicity2,ELECTRICITY,4202,2010,7.51821E-05
Simplicity2,ELECTRICITY,4203,2010,7.27731E-05
Simplicity2,ELECTRICITY,4204,2010,7.07548E-05
Simplicity2,ELECTRICITY,4205,2010,7.40264E-05
Simplicity2,ELECTRICITY,4206,2010,7.00386E-05
Simplicity2,ELECTRICITY,4207,2010,8.51271E-05
Simplicity2,ELECTRICITY,4208,2010,9.33794E-05
Simplicity2,ELECTRICITY,4209,2010,9.46653E-05
Simplicity2,ELECTRICITY,4210,2010,0.000100785
Simplicity2,ELECTRICITY,4211,2010,9.99552E-05
Simplicity2,ELECTRICITY,4212,2010,0.000104041
Simplicity2,ELECTRICITY,4213,2010,0.000101681
Simplicity2,ELECTRICITY,4214,2010,9.87345E-05
Simplicity2,ELECTRICITY,4215,2010,0.000101534
Simplicity2,ELECTRICITY,4216,2010,0.000106661
Simplicity2,ELECTRICITY,4217,2010,0.000105929
Simplicity2,ELECTRICITY,4218,2010,0.000105375
Simplicity2,ELECTRICITY,4219,2010,0.000102104
Simplicity2,ELECTRICITY,4220,2010,9.88321E-05
Simplicity2,ELECTRICITY,4221,2010,0.000101843
Simplicity2,ELECTRICITY,4222,2010,0.000106612
Simplicity2,ELECTRICITY,4223,2010,9.02543E-05
Simplicity2,ELECTRICITY,4224,2010,8.07975E-05
Simplicity2,ELECTRICITY,4225,2010,7.79003E-05
Simplicity2,ELECTRICITY,4226,2010,7.55564E-05
Simplicity2,ELECTRICITY,4227,2010,7.80305E-05
Simplicity2,ELECTRICITY,4228,2010,7.56053E-05
Simplicity2,ELECTRICITY,4229,2010,7.62889E-05
Simplicity2,ELECTRICITY,4230,2010,7.74283E-05
Simplicity2,ELECTRICITY,4231,2010,7.78515E-05
Simplicity2,ELECTRICITY,4232,2010,8.24252E-05
Simplicity2,ELECTRICITY,4233,2010,9.13448E-05
Simplicity2,ELECTRICITY,4234,2010,9.0352E-05
Simplicity2,ELECTRICITY,4235,2010,9.41607E-05
Simplicity2,ELECTRICITY,4236,2010,9.10193E-05
Simplicity2,ELECTRICITY,4237,2010,8.83337E-05
Simplicity2,ELECTRICITY,4238,2010,8.69339E-05
Simplicity2,ELECTRICITY,4239,2010,8.79918E-05
Simplicity2,ELECTRICITY,4240,2010,8.84964E-05
Simplicity2,ELECTRICITY,4241,2010,8.68362E-05
Simplicity2,ELECTRICITY,4242,2010,8.59735E-05
Simplicity2,ELECTRICITY,4243,2010,8.46714E-05
Simplicity2,ELECTRICITY,4244,2010,8.13184E-05
Simplicity2,ELECTRICITY,4245,2010,8.10417E-05
Simplicity2,ELECTRICITY,4246,2010,9.5235E-05
Simplicity2,ELECTRICITY,4247,2010,8.14812E-05
Simplicity2,ELECTRICITY,4248,2010,6.91109E-05
Simplicity2,ELECTRICITY,4249,2010,7.77375E-05
Simplicity2,ELECTRICITY,4250,2010,7.65493E-05
Simplicity2,ELECTRICITY,4251,2010,7.32614E-05
Simplicity2,ELECTRICITY,4252,2010,6.97782E-05
Simplicity2,ELECTRICITY,4253,2010,7.0706E-05
Simplicity2,ELECTRICITY,4254,2010,7.56541E-05
Simplicity2,ELECTRICITY,4255,2010,7.95605E-05
Simplicity2,ELECTRICITY,4256,2010,7.18291E-05
Simplicity2,ELECTRICITY,4257,2010,8.90498E-05
Simplicity2,ELECTRICITY,4258,2010,9.03194E-05
Simplicity2,ELECTRICITY,4259,2010,8.53062E-05
Simplicity2,ELECTRICITY,4260,2010,8.54527E-05
Simplicity2,ELECTRICITY,4261,2010,8.74059E-05
Simplicity2,ELECTRICITY,4262,2010,8.45412E-05
Simplicity2,ELECTRICITY,4263,2010,8.27996E-05
Simplicity2,ELECTRICITY,4264,2010,8.39064E-05
Simplicity2,ELECTRICITY,4265,2010,8.47365E-05
Simplicity2,ELECTRICITY,4266,2010,8.44598E-05
Simplicity2,ELECTRICITY,4267,2010,8.87568E-05
Simplicity2,ELECTRICITY,4268,2010,8.19044E-05
Simplicity2,ELECTRICITY,4269,2010,7.01526E-05
Simplicity2,ELECTRICITY,4270,2010,7.49705E-05
Simplicity2,ELECTRICITY,4271,2010,7.26104E-05
Simplicity2,ELECTRICITY,4272,2010,7.33916E-05
Simplicity2,ELECTRICITY,4273,2010,6.75158E-05
Simplicity2,ELECTRICITY,4274,2010,7.07385E-05
Simplicity2,ELECTRICITY,4275,2010,7.18454E-05
Simplicity2,ELECTRICITY,4276,2010,6.8411E-05
Simplicity2,ELECTRICITY,4277,2010,6.44395E-05
Simplicity2,ELECTRICITY,4278,2010,7.49868E-05
Simplicity2,ELECTRICITY,4279,2010,8.80244E-05
Simplicity2,ELECTRICITY,4280,2010,9.89461E-05
Simplicity2,ELECTRICITY,4281,2010,9.80997E-05
Simplicity2,ELECTRICITY,4282,2010,9.73347E-05
Simplicity2,ELECTRICITY,4283,2010,9.1117E-05
Simplicity2,ELECTRICITY,4284,2010,9.81811E-05
Simplicity2,ELECTRICITY,4285,2010,8.93754E-05
Simplicity2,ELECTRICITY,4286,2010,8.97497E-05
Simplicity2,ELECTRICITY,4287,2010,8.77477E-05
Simplicity2,ELECTRICITY,4288,2010,8.74873E-05
Simplicity2,ELECTRICITY,4289,2010,9.40468E-05
Simplicity2,ELECTRICITY,4290,2010,8.89033E-05
Simplicity2,ELECTRICITY,4291,2010,9.45351E-05
Simplicity2,ELECTRICITY,4292,2010,9.40956E-05
Simplicity2,ELECTRICITY,4293,2010,0.000102413
Simplicity2,ELECTRICITY,4294,2010,9.70254E-05
Simplicity2,ELECTRICITY,4295,2010,8.86592E-05
Simplicity2,ELECTRICITY,4296,2010,7.67284E-05
Simplicity2,ELECTRICITY,4297,2010,7.61424E-05
Simplicity2,ELECTRICITY,4298,2010,7.44985E-05
Simplicity2,ELECTRICITY,4299,2010,7.03153E-05
Simplicity2,ELECTRICITY,4300,2010,7.23988E-05
Simplicity2,ELECTRICITY,4301,2010,7.96745E-05
Simplicity2,ELECTRICITY,4302,2010,9.00915E-05
Simplicity2,ELECTRICITY,4303,2010,0.00010339
Simplicity2,ELECTRICITY,4304,2010,0.000109412
Simplicity2,ELECTRICITY,4305,2010,0.000102446
Simplicity2,ELECTRICITY,4306,2010,0.000109965
Simplicity2,ELECTRICITY,4307,2010,0.000108452
Simplicity2,ELECTRICITY,4308,2010,0.000108907
Simplicity2,ELECTRICITY,4309,2010,0.000111186
Simplicity2,ELECTRICITY,4310,2010,0.000110893
Simplicity2,ELECTRICITY,4311,2010,0.000103943
Simplicity2,ELECTRICITY,4312,2010,9.96134E-05
Simplicity2,ELECTRICITY,4313,2010,0.000105685
Simplicity2,ELECTRICITY,4314,2010,0.000100623
Simplicity2,ELECTRICITY,4315,2010,9.63092E-05
Simplicity2,ELECTRICITY,4316,2010,0.000102397
Simplicity2,ELECTRICITY,4317,2010,9.9825E-05
Simplicity2,ELECTRICITY,4318,2010,9.82136E-05
Simplicity2,ELECTRICITY,4319,2010,8.79105E-05
Simplicity2,ELECTRICITY,4320,2010,7.847E-05
Simplicity2,ELECTRICITY,4321,2010,7.63052E-05
Simplicity2,ELECTRICITY,4322,2010,7.36195E-05
Simplicity2,ELECTRICITY,4323,2010,7.55727E-05
Simplicity2,ELECTRICITY,4324,2010,7.47589E-05
Simplicity2,ELECTRICITY,4325,2010,7.85676E-05
Simplicity2,ELECTRICITY,4326,2010,8.92777E-05
Simplicity2,ELECTRICITY,4327,2010,0.000103015
Simplicity2,ELECTRICITY,4328,2010,0.000103487
Simplicity2,ELECTRICITY,4329,2010,0.000107036
Simplicity2,ELECTRICITY,4330,2010,0.000102673
Simplicity2,ELECTRICITY,4331,2010,0.000102348
Simplicity2,ELECTRICITY,4332,2010,9.79369E-05
Simplicity2,ELECTRICITY,4333,2010,9.10193E-05
Simplicity2,ELECTRICITY,4334,2010,9.59023E-05
Simplicity2,ELECTRICITY,4335,2010,9.34934E-05
Simplicity2,ELECTRICITY,4336,2010,9.4942E-05
Simplicity2,ELECTRICITY,4337,2010,9.66022E-05
Simplicity2,ELECTRICITY,4338,2010,9.49257E-05
Simplicity2,ELECTRICITY,4339,2010,9.55605E-05
Simplicity2,ELECTRICITY,4340,2010,9.43072E-05
Simplicity2,ELECTRICITY,4341,2010,9.74649E-05
Simplicity2,ELECTRICITY,4342,2010,9.53815E-05
Simplicity2,ELECTRICITY,4343,2010,8.86266E-05
Simplicity2,ELECTRICITY,4344,2010,9.04333E-05
Simplicity2,ELECTRICITY,4345,2010,8.27019E-05
Simplicity2,ELECTRICITY,4346,2010,7.86816E-05
Simplicity2,ELECTRICITY,4347,2010,7.77701E-05
Simplicity2,ELECTRICITY,4348,2010,7.80468E-05
Simplicity2,ELECTRICITY,4349,2010,7.98047E-05
Simplicity2,ELECTRICITY,4350,2010,8.27345E-05
Simplicity2,ELECTRICITY,4351,2010,8.70315E-05
Simplicity2,ELECTRICITY,4352,2010,9.2354E-05
Simplicity2,ELECTRICITY,4353,2010,9.09868E-05
Simplicity2,ELECTRICITY,4354,2010,9.60163E-05
Simplicity2,ELECTRICITY,4355,2010,9.68138E-05
Simplicity2,ELECTRICITY,4356,2010,9.77741E-05
Simplicity2,ELECTRICITY,4357,2010,9.91088E-05
Simplicity2,ELECTRICITY,4358,2010,9.16378E-05
Simplicity2,ELECTRICITY,4359,2010,9.48769E-05
Simplicity2,ELECTRICITY,4360,2010,9.58209E-05
Simplicity2,ELECTRICITY,4361,2010,9.93204E-05
Simplicity2,ELECTRICITY,4362,2010,0.000101322
Simplicity2,ELECTRICITY,4363,2010,0.000105066
Simplicity2,ELECTRICITY,4364,2010,0.000101371
Simplicity2,ELECTRICITY,4365,2010,0.000101257
Simplicity2,ELECTRICITY,4366,2010,8.8236E-05
Simplicity2,ELECTRICITY,4367,2010,8.80732E-05
Simplicity2,ELECTRICITY,4368,2010,6.90295E-05
Simplicity2,ELECTRICITY,4369,2010,7.41404E-05
Simplicity2,ELECTRICITY,4370,2010,7.34893E-05
Simplicity2,ELECTRICITY,4371,2010,6.87365E-05
Simplicity2,ELECTRICITY,4372,2010,6.92248E-05
Simplicity2,ELECTRICITY,4373,2010,7.21058E-05
Simplicity2,ELECTRICITY,4374,2010,8.66409E-05
Simplicity2,ELECTRICITY,4375,2010,9.41444E-05
Simplicity2,ELECTRICITY,4376,2010,0.000100476
Simplicity2,ELECTRICITY,4377,2010,9.51373E-05
Simplicity2,ELECTRICITY,4378,2010,9.36724E-05
Simplicity2,ELECTRICITY,4379,2010,0.000103813
Simplicity2,ELECTRICITY,4380,2010,0.000102413
Simplicity2,ELECTRICITY,4381,2010,0.000103797
Simplicity2,ELECTRICITY,4382,2010,9.95646E-05
Simplicity2,ELECTRICITY,4383,2010,9.9825E-05
Simplicity2,ELECTRICITY,4384,2010,0.000100704
Simplicity2,ELECTRICITY,4385,2010,0.000106661
Simplicity2,ELECTRICITY,4386,2010,0.000107833
Simplicity2,ELECTRICITY,4387,2010,0.000104464
Simplicity2,ELECTRICITY,4388,2010,0.000102543
Simplicity2,ELECTRICITY,4389,2010,9.69115E-05
Simplicity2,ELECTRICITY,4390,2010,9.19959E-05
Simplicity2,ELECTRICITY,4391,2010,8.2295E-05
Simplicity2,ELECTRICITY,4392,2010,7.58006E-05
Simplicity2,ELECTRICITY,4393,2010,8.45249E-05
Simplicity2,ELECTRICITY,4394,2010,8.53387E-05
Simplicity2,ELECTRICITY,4395,2010,8.14812E-05
Simplicity2,ELECTRICITY,4396,2010,8.21485E-05
Simplicity2,ELECTRICITY,4397,2010,8.35646E-05
Simplicity2,ELECTRICITY,4398,2010,8.81872E-05
Simplicity2,ELECTRICITY,4399,2010,8.59898E-05
Simplicity2,ELECTRICITY,4400,2010,9.26144E-05
Simplicity2,ELECTRICITY,4401,2010,9.29074E-05
Simplicity2,ELECTRICITY,4402,2010,9.76928E-05
Simplicity2,ELECTRICITY,4403,2010,0.000103308
Simplicity2,ELECTRICITY,4404,2010,0.000103129
Simplicity2,ELECTRICITY,4405,2010,0.00010378
Simplicity2,ELECTRICITY,4406,2010,0.000103406
Simplicity2,ELECTRICITY,4407,2010,0.000102446
Simplicity2,ELECTRICITY,4408,2010,0.00010352
Simplicity2,ELECTRICITY,4409,2010,0.000103064
Simplicity2,ELECTRICITY,4410,2010,0.000103699
Simplicity2,ELECTRICITY,4411,2010,9.8002E-05
Simplicity2,ELECTRICITY,4412,2010,9.52513E-05
Simplicity2,ELECTRICITY,4413,2010,9.37701E-05
Simplicity2,ELECTRICITY,4414,2010,8.51434E-05
Simplicity2,ELECTRICITY,4415,2010,8.20346E-05
Simplicity2,ELECTRICITY,4416,2010,7.76887E-05
Simplicity2,ELECTRICITY,4417,2010,8.16439E-05
Simplicity2,ELECTRICITY,4418,2010,7.94303E-05
Simplicity2,ELECTRICITY,4419,2010,7.69725E-05
Simplicity2,ELECTRICITY,4420,2010,7.67446E-05
Simplicity2,ELECTRICITY,4421,2010,8.31414E-05
Simplicity2,ELECTRICITY,4422,2010,8.46063E-05
Simplicity2,ELECTRICITY,4423,2010,8.86266E-05
Simplicity2,ELECTRICITY,4424,2010,8.54038E-05
Simplicity2,ELECTRICITY,4425,2010,9.12797E-05
Simplicity2,ELECTRICITY,4426,2010,0.000100444
Simplicity2,ELECTRICITY,4427,2010,0.00010269
Simplicity2,ELECTRICITY,4428,2010,0.000105017
Simplicity2,ELECTRICITY,4429,2010,0.00010391
Simplicity2,ELECTRICITY,4430,2010,0.000102608
Simplicity2,ELECTRICITY,4431,2010,9.91251E-05
Simplicity2,ELECTRICITY,4432,2010,0.000100574
Simplicity2,ELECTRICITY,4433,2010,0.000101436
Simplicity2,ELECTRICITY,4434,2010,0.000105066
Simplicity2,ELECTRICITY,4435,2010,0.000107719
Simplicity2,ELECTRICITY,4436,2010,0.000106271
Simplicity2,ELECTRICITY,4437,2010,0.000104578
Simplicity2,ELECTRICITY,4438,2010,9.8116E-05
Simplicity2,ELECTRICITY,4439,2010,9.15239E-05
Simplicity2,ELECTRICITY,4440,2010,8.24578E-05
Simplicity2,ELECTRICITY,4441,2010,7.7412E-05
Simplicity2,ELECTRICITY,4442,2010,8.01628E-05
Simplicity2,ELECTRICITY,4443,2010,7.73632E-05
Simplicity2,ELECTRICITY,4444,2010,7.41241E-05
Simplicity2,ELECTRICITY,4445,2010,7.94629E-05
Simplicity2,ELECTRICITY,4446,2010,9.75463E-05
Simplicity2,ELECTRICITY,4447,2010,0.000110356
Simplicity2,ELECTRICITY,4448,2010,0.000109152
Simplicity2,ELECTRICITY,4449,2010,0.000112928
Simplicity2,ELECTRICITY,4450,2010,0.000116557
Simplicity2,ELECTRICITY,4451,2010,0.000112488
Simplicity2,ELECTRICITY,4452,2010,0.000113839
Simplicity2,ELECTRICITY,4453,2010,0.00012048
Simplicity2,ELECTRICITY,4454,2010,0.000115744
Simplicity2,ELECTRICITY,4455,2010,0.000111626
Simplicity2,ELECTRICITY,4456,2010,0.000109689
Simplicity2,ELECTRICITY,4457,2010,0.000110665
Simplicity2,ELECTRICITY,4458,2010,0.000107849
Simplicity2,ELECTRICITY,4459,2010,0.000104789
Simplicity2,ELECTRICITY,4460,2010,0.000102413
Simplicity2,ELECTRICITY,4461,2010,0.000104122
Simplicity2,ELECTRICITY,4462,2010,0.00010072
Simplicity2,ELECTRICITY,4463,2010,9.30702E-05
Simplicity2,ELECTRICITY,4464,2010,9.07589E-05
Simplicity2,ELECTRICITY,4465,2010,8.4704E-05
Simplicity2,ELECTRICITY,4466,2010,8.2474E-05
Simplicity2,ELECTRICITY,4467,2010,8.13672E-05
Simplicity2,ELECTRICITY,4468,2010,8.06022E-05
Simplicity2,ELECTRICITY,4469,2010,8.32065E-05
Simplicity2,ELECTRICITY,4470,2010,9.01892E-05
Simplicity2,ELECTRICITY,4471,2010,9.9646E-05
Simplicity2,ELECTRICITY,4472,2010,0.000110096
Simplicity2,ELECTRICITY,4473,2010,0.000113986
Simplicity2,ELECTRICITY,4474,2010,0.000112684
Simplicity2,ELECTRICITY,4475,2010,0.000111691
Simplicity2,ELECTRICITY,4476,2010,0.000120089
Simplicity2,ELECTRICITY,4477,2010,0.000120203
Simplicity2,ELECTRICITY,4478,2010,0.000119259
Simplicity2,ELECTRICITY,4479,2010,0.000115776
Simplicity2,ELECTRICITY,4480,2010,0.000115369
Simplicity2,ELECTRICITY,4481,2010,0.000118185
Simplicity2,ELECTRICITY,4482,2010,0.000116395
Simplicity2,ELECTRICITY,4483,2010,0.000112635
Simplicity2,ELECTRICITY,4484,2010,0.000109493
Simplicity2,ELECTRICITY,4485,2010,0.000108566
Simplicity2,ELECTRICITY,4486,2010,0.000108761
Simplicity2,ELECTRICITY,4487,2010,9.6E-05
Simplicity2,ELECTRICITY,4488,2010,8.15788E-05
Simplicity2,ELECTRICITY,4489,2010,8.07324E-05
Simplicity2,ELECTRICITY,4490,2010,7.64354E-05
Simplicity2,ELECTRICITY,4491,2010,7.83886E-05
Simplicity2,ELECTRICITY,4492,2010,7.7119E-05
Simplicity2,ELECTRICITY,4493,2010,7.61912E-05
Simplicity2,ELECTRICITY,4494,2010,9.01078E-05
Simplicity2,ELECTRICITY,4495,2010,0.000101632
Simplicity2,ELECTRICITY,4496,2010,9.94344E-05
Simplicity2,ELECTRICITY,4497,2010,0.000104773
Simplicity2,ELECTRICITY,4498,2010,0.000113416
Simplicity2,ELECTRICITY,4499,2010,0.00012118
Simplicity2,ELECTRICITY,4500,2010,0.000125298
Simplicity2,ELECTRICITY,4501,2010,0.000122808
Simplicity2,ELECTRICITY,4502,2010,0.000117339
Simplicity2,ELECTRICITY,4503,2010,0.000119617
Simplicity2,ELECTRICITY,4504,2010,0.000122059
Simplicity2,ELECTRICITY,4505,2010,0.000122385
Simplicity2,ELECTRICITY,4506,2010,0.000123898
Simplicity2,ELECTRICITY,4507,2010,0.000124191
Simplicity2,ELECTRICITY,4508,2010,0.000119341
Simplicity2,ELECTRICITY,4509,2010,0.000121636
Simplicity2,ELECTRICITY,4510,2010,0.000109835
Simplicity2,ELECTRICITY,4511,2010,0.000101013
Simplicity2,ELECTRICITY,4512,2010,9.11658E-05
Simplicity2,ELECTRICITY,4513,2010,8.62828E-05
Simplicity2,ELECTRICITY,4514,2010,8.2767E-05
Simplicity2,ELECTRICITY,4515,2010,8.09278E-05
Simplicity2,ELECTRICITY,4516,2010,7.94629E-05
Simplicity2,ELECTRICITY,4517,2010,8.04232E-05
Simplicity2,ELECTRICITY,4518,2010,9.08077E-05
Simplicity2,ELECTRICITY,4519,2010,0.000103113
Simplicity2,ELECTRICITY,4520,2010,0.000104968
Simplicity2,ELECTRICITY,4521,2010,0.000116606
Simplicity2,ELECTRICITY,4522,2010,0.000114669
Simplicity2,ELECTRICITY,4523,2010,0.000118755
Simplicity2,ELECTRICITY,4524,2010,0.000121961
Simplicity2,ELECTRICITY,4525,2010,0.000122677
Simplicity2,ELECTRICITY,4526,2010,0.000127967
Simplicity2,ELECTRICITY,4527,2010,0.000122026
Simplicity2,ELECTRICITY,4528,2010,0.000125119
Simplicity2,ELECTRICITY,4529,2010,0.000126079
Simplicity2,ELECTRICITY,4530,2010,0.000130734
Simplicity2,ELECTRICITY,4531,2010,0.000128716
Simplicity2,ELECTRICITY,4532,2010,0.000121294
Simplicity2,ELECTRICITY,4533,2010,0.000122808
Simplicity2,ELECTRICITY,4534,2010,0.000110356
Simplicity2,ELECTRICITY,4535,2010,0.000106596
Simplicity2,ELECTRICITY,4536,2010,9.05147E-05
Simplicity2,ELECTRICITY,4537,2010,8.86592E-05
Simplicity2,ELECTRICITY,4538,2010,8.51597E-05
Simplicity2,ELECTRICITY,4539,2010,8.7764E-05
Simplicity2,ELECTRICITY,4540,2010,8.69664E-05
Simplicity2,ELECTRICITY,4541,2010,8.96683E-05
Simplicity2,ELECTRICITY,4542,2010,9.45351E-05
Simplicity2,ELECTRICITY,4543,2010,0.000110226
Simplicity2,ELECTRICITY,4544,2010,0.000121294
Simplicity2,ELECTRICITY,4545,2010,0.000127886
Simplicity2,ELECTRICITY,4546,2010,0.000130539
Simplicity2,ELECTRICITY,4547,2010,0.000132525
Simplicity2,ELECTRICITY,4548,2010,0.000132362
Simplicity2,ELECTRICITY,4549,2010,0.000132167
Simplicity2,ELECTRICITY,4550,2010,0.000130295
Simplicity2,ELECTRICITY,4551,2010,0.000128553
Simplicity2,ELECTRICITY,4552,2010,0.00012551
Simplicity2,ELECTRICITY,4553,2010,0.000123394
Simplicity2,ELECTRICITY,4554,2010,0.000124891
Simplicity2,ELECTRICITY,4555,2010,0.000125314
Simplicity2,ELECTRICITY,4556,2010,0.000118576
Simplicity2,ELECTRICITY,4557,2010,0.000117469
Simplicity2,ELECTRICITY,4558,2010,9.99064E-05
Simplicity2,ELECTRICITY,4559,2010,9.42747E-05
Simplicity2,ELECTRICITY,4560,2010,8.58759E-05
Simplicity2,ELECTRICITY,4561,2010,8.53387E-05
Simplicity2,ELECTRICITY,4562,2010,8.40529E-05
Simplicity2,ELECTRICITY,4563,2010,8.33204E-05
Simplicity2,ELECTRICITY,4564,2010,8.48016E-05
Simplicity2,ELECTRICITY,4565,2010,8.64944E-05
Simplicity2,ELECTRICITY,4566,2010,8.78291E-05
Simplicity2,ELECTRICITY,4567,2010,9.03845E-05
Simplicity2,ELECTRICITY,4568,2010,9.29562E-05
Simplicity2,ELECTRICITY,4569,2010,9.59674E-05
Simplicity2,ELECTRICITY,4570,2010,0.000101453
Simplicity2,ELECTRICITY,4571,2010,0.000107263
Simplicity2,ELECTRICITY,4572,2010,0.000113123
Simplicity2,ELECTRICITY,4573,2010,0.00011296
Simplicity2,ELECTRICITY,4574,2010,0.000110909
Simplicity2,ELECTRICITY,4575,2010,0.000116948
Simplicity2,ELECTRICITY,4576,2010,0.000110682
Simplicity2,ELECTRICITY,4577,2010,0.00010562
Simplicity2,ELECTRICITY,4578,2010,0.000105799
Simplicity2,ELECTRICITY,4579,2010,0.000100102
Simplicity2,ELECTRICITY,4580,2010,9.3298E-05
Simplicity2,ELECTRICITY,4581,2010,9.32004E-05
Simplicity2,ELECTRICITY,4582,2010,9.25982E-05
Simplicity2,ELECTRICITY,4583,2010,9.02218E-05
Simplicity2,ELECTRICITY,4584,2010,8.92452E-05
Simplicity2,ELECTRICITY,4585,2010,8.7178E-05
Simplicity2,ELECTRICITY,4586,2010,8.37925E-05
Simplicity2,ELECTRICITY,4587,2010,8.15625E-05
Simplicity2,ELECTRICITY,4588,2010,8.32879E-05
Simplicity2,ELECTRICITY,4589,2010,8.12207E-05
Simplicity2,ELECTRICITY,4590,2010,8.40854E-05
Simplicity2,ELECTRICITY,4591,2010,9.06124E-05
Simplicity2,ELECTRICITY,4592,2010,9.28911E-05
Simplicity2,ELECTRICITY,4593,2010,0.000100248
Simplicity2,ELECTRICITY,4594,2010,0.000103976
Simplicity2,ELECTRICITY,4595,2010,0.000106564
Simplicity2,ELECTRICITY,4596,2010,0.000109689
Simplicity2,ELECTRICITY,4597,2010,0.000107573
Simplicity2,ELECTRICITY,4598,2010,0.000107231
Simplicity2,ELECTRICITY,4599,2010,0.000106629
Simplicity2,ELECTRICITY,4600,2010,0.00010715
Simplicity2,ELECTRICITY,4601,2010,0.000108028
Simplicity2,ELECTRICITY,4602,2010,0.000110665
Simplicity2,ELECTRICITY,4603,2010,0.000113335
Simplicity2,ELECTRICITY,4604,2010,0.000107801
Simplicity2,ELECTRICITY,4605,2010,0.000106205
Simplicity2,ELECTRICITY,4606,2010,9.41282E-05
Simplicity2,ELECTRICITY,4607,2010,9.48281E-05
Simplicity2,ELECTRICITY,4608,2010,8.70315E-05
Simplicity2,ELECTRICITY,4609,2010,8.50295E-05
Simplicity2,ELECTRICITY,4610,2010,8.11394E-05
Simplicity2,ELECTRICITY,4611,2010,7.95605E-05
Simplicity2,ELECTRICITY,4612,2010,8.00976E-05
Simplicity2,ELECTRICITY,4613,2010,8.13672E-05
Simplicity2,ELECTRICITY,4614,2010,8.99288E-05
Simplicity2,ELECTRICITY,4615,2010,0.000104708
Simplicity2,ELECTRICITY,4616,2010,0.000111088
Simplicity2,ELECTRICITY,4617,2010,0.000114197
Simplicity2,ELECTRICITY,4618,2010,0.000117778
Simplicity2,ELECTRICITY,4619,2010,0.000119129
Simplicity2,ELECTRICITY,4620,2010,0.000123329
Simplicity2,ELECTRICITY,4621,2010,0.000122661
Simplicity2,ELECTRICITY,4622,2010,0.000120366
Simplicity2,ELECTRICITY,4623,2010,0.000120855
Simplicity2,ELECTRICITY,4624,2010,0.000121392
Simplicity2,ELECTRICITY,4625,2010,0.000124452
Simplicity2,ELECTRICITY,4626,2010,0.000121375
Simplicity2,ELECTRICITY,4627,2010,0.000116362
Simplicity2,ELECTRICITY,4628,2010,0.000111609
Simplicity2,ELECTRICITY,4629,2010,0.000113416
Simplicity2,ELECTRICITY,4630,2010,0.000108321
Simplicity2,ELECTRICITY,4631,2010,9.37375E-05
Simplicity2,ELECTRICITY,4632,2010,8.39552E-05
Simplicity2,ELECTRICITY,4633,2010,7.96093E-05
Simplicity2,ELECTRICITY,4634,2010,8.10905E-05
Simplicity2,ELECTRICITY,4635,2010,8.27019E-05
Simplicity2,ELECTRICITY,4636,2010,8.33367E-05
Simplicity2,ELECTRICITY,4637,2010,8.00325E-05
Simplicity2,ELECTRICITY,4638,2010,9.28586E-05
Simplicity2,ELECTRICITY,4639,2010,0.000103487
Simplicity2,ELECTRICITY,4640,2010,0.000113514
Simplicity2,ELECTRICITY,4641,2010,0.000118462
Simplicity2,ELECTRICITY,4642,2010,0.00011589
Simplicity2,ELECTRICITY,4643,2010,0.000112635
Simplicity2,ELECTRICITY,4644,2010,0.000111772
Simplicity2,ELECTRICITY,4645,2010,0.000109005
Simplicity2,ELECTRICITY,4646,2010,0.000104855
Simplicity2,ELECTRICITY,4647,2010,0.000103992
Simplicity2,ELECTRICITY,4648,2010,0.00010544
Simplicity2,ELECTRICITY,4649,2010,0.000112342
Simplicity2,ELECTRICITY,4650,2010,0.000111268
Simplicity2,ELECTRICITY,4651,2010,0.000108191
Simplicity2,ELECTRICITY,4652,2010,0.000106922
Simplicity2,ELECTRICITY,4653,2010,0.000109786
Simplicity2,ELECTRICITY,4654,2010,0.000106319
Simplicity2,ELECTRICITY,4655,2010,9.56744E-05
Simplicity2,ELECTRICITY,4656,2010,8.57945E-05
Simplicity2,ELECTRICITY,4657,2010,8.35158E-05
Simplicity2,ELECTRICITY,4658,2010,8.14812E-05
Simplicity2,ELECTRICITY,4659,2010,8.20997E-05
Simplicity2,ELECTRICITY,4660,2010,8.28159E-05
Simplicity2,ELECTRICITY,4661,2010,7.97233E-05
Simplicity2,ELECTRICITY,4662,2010,9.29888E-05
Simplicity2,ELECTRICITY,4663,2010,0.000105652
Simplicity2,ELECTRICITY,4664,2010,0.00011047
Simplicity2,ELECTRICITY,4665,2010,0.000111349
Simplicity2,ELECTRICITY,4666,2010,0.000122092
Simplicity2,ELECTRICITY,4667,2010,0.000122954
Simplicity2,ELECTRICITY,4668,2010,0.000122873
Simplicity2,ELECTRICITY,4669,2010,0.000116264
Simplicity2,ELECTRICITY,4670,2010,0.0001134
Simplicity2,ELECTRICITY,4671,2010,0.000110649
Simplicity2,ELECTRICITY,4672,2010,0.000110177
Simplicity2,ELECTRICITY,4673,2010,0.000110535
Simplicity2,ELECTRICITY,4674,2010,0.000114018
Simplicity2,ELECTRICITY,4675,2010,0.00012092
Simplicity2,ELECTRICITY,4676,2010,0.000120106
Simplicity2,ELECTRICITY,4677,2010,0.000118576
Simplicity2,ELECTRICITY,4678,2010,0.000113302
Simplicity2,ELECTRICITY,4679,2010,9.7058E-05
Simplicity2,ELECTRICITY,4680,2010,8.87243E-05
Simplicity2,ELECTRICITY,4681,2010,8.56317E-05
Simplicity2,ELECTRICITY,4682,2010,8.5355E-05
Simplicity2,ELECTRICITY,4683,2010,8.30437E-05
Simplicity2,ELECTRICITY,4684,2010,8.26205E-05
Simplicity2,ELECTRICITY,4685,2010,8.27182E-05
Simplicity2,ELECTRICITY,4686,2010,8.99125E-05
Simplicity2,ELECTRICITY,4687,2010,0.00010767
Simplicity2,ELECTRICITY,4688,2010,0.000113709
Simplicity2,ELECTRICITY,4689,2010,0.000119797
Simplicity2,ELECTRICITY,4690,2010,0.000122808
Simplicity2,ELECTRICITY,4691,2010,0.000124647
Simplicity2,ELECTRICITY,4692,2010,0.000125005
Simplicity2,ELECTRICITY,4693,2010,0.000115841
Simplicity2,ELECTRICITY,4694,2010,0.000108631
Simplicity2,ELECTRICITY,4695,2010,0.000105961
Simplicity2,ELECTRICITY,4696,2010,0.000103243
Simplicity2,ELECTRICITY,4697,2010,0.000109575
Simplicity2,ELECTRICITY,4698,2010,0.000124094
Simplicity2,ELECTRICITY,4699,2010,0.000124094
Simplicity2,ELECTRICITY,4700,2010,0.000123166
Simplicity2,ELECTRICITY,4701,2010,0.000121799
Simplicity2,ELECTRICITY,4702,2010,0.000110519
Simplicity2,ELECTRICITY,4703,2010,0.000102413
Simplicity2,ELECTRICITY,4704,2010,8.82685E-05
Simplicity2,ELECTRICITY,4705,2010,9.05147E-05
Simplicity2,ELECTRICITY,4706,2010,8.7178E-05
Simplicity2,ELECTRICITY,4707,2010,8.77802E-05
Simplicity2,ELECTRICITY,4708,2010,8.98962E-05
Simplicity2,ELECTRICITY,4709,2010,9.01892E-05
Simplicity2,ELECTRICITY,4710,2010,9.61465E-05
Simplicity2,ELECTRICITY,4711,2010,0.000106954
Simplicity2,ELECTRICITY,4712,2010,0.000113742
Simplicity2,ELECTRICITY,4713,2010,0.000119715
Simplicity2,ELECTRICITY,4714,2010,0.000128798
Simplicity2,ELECTRICITY,4715,2010,0.000128602
Simplicity2,ELECTRICITY,4716,2010,0.000131369
Simplicity2,ELECTRICITY,4717,2010,0.000130132
Simplicity2,ELECTRICITY,4718,2010,0.000122433
Simplicity2,ELECTRICITY,4719,2010,0.000120741
Simplicity2,ELECTRICITY,4720,2010,0.000122791
Simplicity2,ELECTRICITY,4721,2010,0.000120985
Simplicity2,ELECTRICITY,4722,2010,0.000119032
Simplicity2,ELECTRICITY,4723,2010,0.000119455
Simplicity2,ELECTRICITY,4724,2010,0.000117713
Simplicity2,ELECTRICITY,4725,2010,0.00011576
Simplicity2,ELECTRICITY,4726,2010,0.000100899
Simplicity2,ELECTRICITY,4727,2010,9.40956E-05
Simplicity2,ELECTRICITY,4728,2010,8.76989E-05
Simplicity2,ELECTRICITY,4729,2010,8.41831E-05
Simplicity2,ELECTRICITY,4730,2010,8.53062E-05
Simplicity2,ELECTRICITY,4731,2010,8.5355E-05
Simplicity2,ELECTRICITY,4732,2010,8.30437E-05
Simplicity2,ELECTRICITY,4733,2010,8.36948E-05
Simplicity2,ELECTRICITY,4734,2010,8.58596E-05
Simplicity2,ELECTRICITY,4735,2010,8.97009E-05
Simplicity2,ELECTRICITY,4736,2010,9.447E-05
Simplicity2,ELECTRICITY,4737,2010,9.95157E-05
Simplicity2,ELECTRICITY,4738,2010,0.000111186
Simplicity2,ELECTRICITY,4739,2010,0.000111772
Simplicity2,ELECTRICITY,4740,2010,0.000112326
Simplicity2,ELECTRICITY,4741,2010,0.000118901
Simplicity2,ELECTRICITY,4742,2010,0.000116378
Simplicity2,ELECTRICITY,4743,2010,0.000112065
Simplicity2,ELECTRICITY,4744,2010,0.000114197
Simplicity2,ELECTRICITY,4745,2010,0.000120643
Simplicity2,ELECTRICITY,4746,2010,0.000119422
Simplicity2,ELECTRICITY,4747,2010,0.000112081
Simplicity2,ELECTRICITY,4748,2010,0.000107833
Simplicity2,ELECTRICITY,4749,2010,0.000100785
Simplicity2,ELECTRICITY,4750,2010,9.15239E-05
Simplicity2,ELECTRICITY,4751,2010,8.82848E-05
Simplicity2,ELECTRICITY,4752,2010,8.86429E-05
Simplicity2,ELECTRICITY,4753,2010,9.06124E-05
Simplicity2,ELECTRICITY,4754,2010,8.7471E-05
Simplicity2,ELECTRICITY,4755,2010,8.46388E-05
Simplicity2,ELECTRICITY,4756,2010,8.44924E-05
Simplicity2,ELECTRICITY,4757,2010,8.22136E-05
Simplicity2,ELECTRICITY,4758,2010,8.37436E-05
Simplicity2,ELECTRICITY,4759,2010,8.62665E-05
Simplicity2,ELECTRICITY,4760,2010,9.04985E-05
Simplicity2,ELECTRICITY,4761,2010,9.79857E-05
Simplicity2,ELECTRICITY,4762,2010,9.97599E-05
Simplicity2,ELECTRICITY,4763,2010,0.000102218
Simplicity2,ELECTRICITY,4764,2010,0.000109558
Simplicity2,ELECTRICITY,4765,2010,0.000105961
Simplicity2,ELECTRICITY,4766,2010,0.000104741
Simplicity2,ELECTRICITY,4767,2010,0.000105034
Simplicity2,ELECTRICITY,4768,2010,0.000108305
Simplicity2,ELECTRICITY,4769,2010,0.000110486
Simplicity2,ELECTRICITY,4770,2010,0.000114637
Simplicity2,ELECTRICITY,4771,2010,0.000111495
Simplicity2,ELECTRICITY,4772,2010,9.72696E-05
Simplicity2,ELECTRICITY,4773,2010,9.76602E-05
Simplicity2,ELECTRICITY,4774,2010,9.92228E-05
Simplicity2,ELECTRICITY,4775,2010,9.3705E-05
Simplicity2,ELECTRICITY,4776,2010,8.96521E-05
Simplicity2,ELECTRICITY,4777,2010,8.45412E-05
Simplicity2,ELECTRICITY,4778,2010,8.45086E-05
Simplicity2,ELECTRICITY,4779,2010,8.55015E-05
Simplicity2,ELECTRICITY,4780,2010,8.53387E-05
Simplicity2,ELECTRICITY,4781,2010,8.57619E-05
Simplicity2,ELECTRICITY,4782,2010,8.96358E-05
Simplicity2,ELECTRICITY,4783,2010,0.000108907
Simplicity2,ELECTRICITY,4784,2010,0.000118885
Simplicity2,ELECTRICITY,4785,2010,0.000127105
Simplicity2,ELECTRICITY,4786,2010,0.000122238
Simplicity2,ELECTRICITY,4787,2010,0.000121196
Simplicity2,ELECTRICITY,4788,2010,0.000124435
Simplicity2,ELECTRICITY,4789,2010,0.000122596
Simplicity2,ELECTRICITY,4790,2010,0.000116085
Simplicity2,ELECTRICITY,4791,2010,0.000117078
Simplicity2,ELECTRICITY,4792,2010,0.000118559
Simplicity2,ELECTRICITY,4793,2010,0.00012131
Simplicity2,ELECTRICITY,4794,2010,0.00012284
Simplicity2,ELECTRICITY,4795,2010,0.000125168
Simplicity2,ELECTRICITY,4796,2010,0.000120692
Simplicity2,ELECTRICITY,4797,2010,0.000124387
Simplicity2,ELECTRICITY,4798,2010,0.000120106
Simplicity2,ELECTRICITY,4799,2010,0.000106596
Simplicity2,ELECTRICITY,4800,2010,9.36236E-05
Simplicity2,ELECTRICITY,4801,2010,8.94079E-05
Simplicity2,ELECTRICITY,4802,2010,9.23052E-05
Simplicity2,ELECTRICITY,4803,2010,9.16053E-05
Simplicity2,ELECTRICITY,4804,2010,9.00753E-05
Simplicity2,ELECTRICITY,4805,2010,9.51699E-05
Simplicity2,ELECTRICITY,4806,2010,9.79695E-05
Simplicity2,ELECTRICITY,4807,2010,0.000113693
Simplicity2,ELECTRICITY,4808,2010,0.000122564
Simplicity2,ELECTRICITY,4809,2010,0.000128179
Simplicity2,ELECTRICITY,4810,2010,0.000131288
Simplicity2,ELECTRICITY,4811,2010,0.000133095
Simplicity2,ELECTRICITY,4812,2010,0.000132704
Simplicity2,ELECTRICITY,4813,2010,0.000129335
Simplicity2,ELECTRICITY,4814,2010,0.000128309
Simplicity2,ELECTRICITY,4815,2010,0.00012328
Simplicity2,ELECTRICITY,4816,2010,0.000124777
Simplicity2,ELECTRICITY,4817,2010,0.000129156
Simplicity2,ELECTRICITY,4818,2010,0.0001301
Simplicity2,ELECTRICITY,4819,2010,0.000131581
Simplicity2,ELECTRICITY,4820,2010,0.000129156
Simplicity2,ELECTRICITY,4821,2010,0.000133941
Simplicity2,ELECTRICITY,4822,2010,0.00012634
Simplicity2,ELECTRICITY,4823,2010,0.00010352
Simplicity2,ELECTRICITY,4824,2010,9.27446E-05
Simplicity2,ELECTRICITY,4825,2010,8.71617E-05
Simplicity2,ELECTRICITY,4826,2010,8.42645E-05
Simplicity2,ELECTRICITY,4827,2010,8.35809E-05
Simplicity2,ELECTRICITY,4828,2010,8.50295E-05
Simplicity2,ELECTRICITY,4829,2010,8.45575E-05
Simplicity2,ELECTRICITY,4830,2010,8.90824E-05
Simplicity2,ELECTRICITY,4831,2010,0.000106694
Simplicity2,ELECTRICITY,4832,2010,0.000118364
Simplicity2,ELECTRICITY,4833,2010,0.000129107
Simplicity2,ELECTRICITY,4834,2010,0.000132102
Simplicity2,ELECTRICITY,4835,2010,0.000132118
Simplicity2,ELECTRICITY,4836,2010,0.000134918
Simplicity2,ELECTRICITY,4837,2010,0.000131418
Simplicity2,ELECTRICITY,4838,2010,0.000128879
Simplicity2,ELECTRICITY,4839,2010,0.000124305
Simplicity2,ELECTRICITY,4840,2010,0.000128
Simplicity2,ELECTRICITY,4841,2010,0.000131499
Simplicity2,ELECTRICITY,4842,2010,0.000129058
Simplicity2,ELECTRICITY,4843,2010,0.000130083
Simplicity2,ELECTRICITY,4844,2010,0.000126551
Simplicity2,ELECTRICITY,4845,2010,0.00012826
Simplicity2,ELECTRICITY,4846,2010,0.000114311
Simplicity2,ELECTRICITY,4847,2010,9.89135E-05
Simplicity2,ELECTRICITY,4848,2010,8.85127E-05
Simplicity2,ELECTRICITY,4849,2010,8.69827E-05
Simplicity2,ELECTRICITY,4850,2010,8.71129E-05
Simplicity2,ELECTRICITY,4851,2010,9.01078E-05
Simplicity2,ELECTRICITY,4852,2010,8.69664E-05
Simplicity2,ELECTRICITY,4853,2010,8.2881E-05
Simplicity2,ELECTRICITY,4854,2010,9.7823E-05
Simplicity2,ELECTRICITY,4855,2010,0.000110747
Simplicity2,ELECTRICITY,4856,2010,0.000121375
Simplicity2,ELECTRICITY,4857,2010,0.000125282
Simplicity2,ELECTRICITY,4858,2010,0.000126014
Simplicity2,ELECTRICITY,4859,2010,0.000124696
Simplicity2,ELECTRICITY,4860,2010,0.000124533
Simplicity2,ELECTRICITY,4861,2010,0.000125591
Simplicity2,ELECTRICITY,4862,2010,0.000128472
Simplicity2,ELECTRICITY,4863,2010,0.000124159
Simplicity2,ELECTRICITY,4864,2010,0.000124842
Simplicity2,ELECTRICITY,4865,2010,0.000124517
Simplicity2,ELECTRICITY,4866,2010,0.000122596
Simplicity2,ELECTRICITY,4867,2010,0.000122303
Simplicity2,ELECTRICITY,4868,2010,0.000120675
Simplicity2,ELECTRICITY,4869,2010,0.000122157
Simplicity2,ELECTRICITY,4870,2010,0.000101485
Simplicity2,ELECTRICITY,4871,2010,9.42584E-05
Simplicity2,ELECTRICITY,4872,2010,8.75198E-05
Simplicity2,ELECTRICITY,4873,2010,8.58759E-05
Simplicity2,ELECTRICITY,4874,2010,8.64293E-05
Simplicity2,ELECTRICITY,4875,2010,8.3353E-05
Simplicity2,ELECTRICITY,4876,2010,8.08138E-05
Simplicity2,ELECTRICITY,4877,2010,7.9414E-05
Simplicity2,ELECTRICITY,4878,2010,8.04232E-05
Simplicity2,ELECTRICITY,4879,2010,9.68952E-05
Simplicity2,ELECTRICITY,4880,2010,0.000110942
Simplicity2,ELECTRICITY,4881,2010,0.000111674
Simplicity2,ELECTRICITY,4882,2010,0.000121782
Simplicity2,ELECTRICITY,4883,2010,0.000122726
Simplicity2,ELECTRICITY,4884,2010,0.000120724
Simplicity2,ELECTRICITY,4885,2010,0.000116248
Simplicity2,ELECTRICITY,4886,2010,0.000111056
Simplicity2,ELECTRICITY,4887,2010,0.000111528
Simplicity2,ELECTRICITY,4888,2010,0.000111691
Simplicity2,ELECTRICITY,4889,2010,0.00011646
Simplicity2,ELECTRICITY,4890,2010,0.000111821
Simplicity2,ELECTRICITY,4891,2010,0.000111723
Simplicity2,ELECTRICITY,4892,2010,0.000111251
Simplicity2,ELECTRICITY,4893,2010,0.000110698
Simplicity2,ELECTRICITY,4894,2010,9.02218E-05
Simplicity2,ELECTRICITY,4895,2010,8.38738E-05
Simplicity2,ELECTRICITY,4896,2010,7.66633E-05
Simplicity2,ELECTRICITY,4897,2010,7.61424E-05
Simplicity2,ELECTRICITY,4898,2010,7.66144E-05
Simplicity2,ELECTRICITY,4899,2010,7.58983E-05
Simplicity2,ELECTRICITY,4900,2010,7.68586E-05
Simplicity2,ELECTRICITY,4901,2010,7.64191E-05
Simplicity2,ELECTRICITY,4902,2010,7.71353E-05
Simplicity2,ELECTRICITY,4903,2010,8.32553E-05
Simplicity2,ELECTRICITY,4904,2010,8.81546E-05
Simplicity2,ELECTRICITY,4905,2010,9.73998E-05
Simplicity2,ELECTRICITY,4906,2010,0.000100557
Simplicity2,ELECTRICITY,4907,2010,0.000103666
Simplicity2,ELECTRICITY,4908,2010,0.000108842
Simplicity2,ELECTRICITY,4909,2010,0.000107475
Simplicity2,ELECTRICITY,4910,2010,0.000100476
Simplicity2,ELECTRICITY,4911,2010,9.33794E-05
Simplicity2,ELECTRICITY,4912,2010,8.98474E-05
Simplicity2,ELECTRICITY,4913,2010,9.82624E-05
Simplicity2,ELECTRICITY,4914,2010,0.000108045
Simplicity2,ELECTRICITY,4915,2010,0.000100997
Simplicity2,ELECTRICITY,4916,2010,9.94832E-05
Simplicity2,ELECTRICITY,4917,2010,9.97273E-05
Simplicity2,ELECTRICITY,4918,2010,9.09054E-05
Simplicity2,ELECTRICITY,4919,2010,8.30275E-05
Simplicity2,ELECTRICITY,4920,2010,8.31251E-05
Simplicity2,ELECTRICITY,4921,2010,8.27019E-05
Simplicity2,ELECTRICITY,4922,2010,7.94466E-05
Simplicity2,ELECTRICITY,4923,2010,7.92675E-05
Simplicity2,ELECTRICITY,4924,2010,8.40366E-05
Simplicity2,ELECTRICITY,4925,2010,8.30926E-05
Simplicity2,ELECTRICITY,4926,2010,8.20508E-05
Simplicity2,ELECTRICITY,4927,2010,8.612E-05
Simplicity2,ELECTRICITY,4928,2010,8.37599E-05
Simplicity2,ELECTRICITY,4929,2010,8.7178E-05
Simplicity2,ELECTRICITY,4930,2010,9.76765E-05
Simplicity2,ELECTRICITY,4931,2010,0.000102543
Simplicity2,ELECTRICITY,4932,2010,0.000108175
Simplicity2,ELECTRICITY,4933,2010,0.000107215
Simplicity2,ELECTRICITY,4934,2010,9.89786E-05
Simplicity2,ELECTRICITY,4935,2010,9.86694E-05
Simplicity2,ELECTRICITY,4936,2010,0.000100639
Simplicity2,ELECTRICITY,4937,2010,0.000105196
Simplicity2,ELECTRICITY,4938,2010,0.00010378
Simplicity2,ELECTRICITY,4939,2010,9.89786E-05
Simplicity2,ELECTRICITY,4940,2010,9.54954E-05
Simplicity2,ELECTRICITY,4941,2010,9.59674E-05
Simplicity2,ELECTRICITY,4942,2010,9.65859E-05
Simplicity2,ELECTRICITY,4943,2010,9.05147E-05
Simplicity2,ELECTRICITY,4944,2010,9.14425E-05
Simplicity2,ELECTRICITY,4945,2010,8.94567E-05
Simplicity2,ELECTRICITY,4946,2010,8.81872E-05
Simplicity2,ELECTRICITY,4947,2010,8.46063E-05
Simplicity2,ELECTRICITY,4948,2010,8.53713E-05
Simplicity2,ELECTRICITY,4949,2010,8.74059E-05
Simplicity2,ELECTRICITY,4950,2010,8.60061E-05
Simplicity2,ELECTRICITY,4951,2010,0.000103324
Simplicity2,ELECTRICITY,4952,2010,0.000114214
Simplicity2,ELECTRICITY,4953,2010,0.000120643
Simplicity2,ELECTRICITY,4954,2010,0.000128146
Simplicity2,ELECTRICITY,4955,2010,0.000128732
Simplicity2,ELECTRICITY,4956,2010,0.000129872
Simplicity2,ELECTRICITY,4957,2010,0.0001301
Simplicity2,ELECTRICITY,4958,2010,0.000127707
Simplicity2,ELECTRICITY,4959,2010,0.000124533
Simplicity2,ELECTRICITY,4960,2010,0.00012603
Simplicity2,ELECTRICITY,4961,2010,0.000130393
Simplicity2,ELECTRICITY,4962,2010,0.00012896
Simplicity2,ELECTRICITY,4963,2010,0.000126795
Simplicity2,ELECTRICITY,4964,2010,0.000125803
Simplicity2,ELECTRICITY,4965,2010,0.000128684
Simplicity2,ELECTRICITY,4966,2010,0.000117957
Simplicity2,ELECTRICITY,4967,2010,0.000108387
Simplicity2,ELECTRICITY,4968,2010,9.9646E-05
Simplicity2,ELECTRICITY,4969,2010,9.60488E-05
Simplicity2,ELECTRICITY,4970,2010,9.42421E-05
Simplicity2,ELECTRICITY,4971,2010,9.19959E-05
Simplicity2,ELECTRICITY,4972,2010,9.11495E-05
Simplicity2,ELECTRICITY,4973,2010,9.22075E-05
Simplicity2,ELECTRICITY,4974,2010,9.00915E-05
Simplicity2,ELECTRICITY,4975,2010,0.000104057
Simplicity2,ELECTRICITY,4976,2010,0.000116085
Simplicity2,ELECTRICITY,4977,2010,0.000122759
Simplicity2,ELECTRICITY,4978,2010,0.000129042
Simplicity2,ELECTRICITY,4979,2010,0.000132216
Simplicity2,ELECTRICITY,4980,2010,0.00013106
Simplicity2,ELECTRICITY,4981,2010,0.000128895
Simplicity2,ELECTRICITY,4982,2010,0.000129563
Simplicity2,ELECTRICITY,4983,2010,0.000127853
Simplicity2,ELECTRICITY,4984,2010,0.000128456
Simplicity2,ELECTRICITY,4985,2010,0.000129823
Simplicity2,ELECTRICITY,4986,2010,0.000127365
Simplicity2,ELECTRICITY,4987,2010,0.000123394
Simplicity2,ELECTRICITY,4988,2010,0.000122238
Simplicity2,ELECTRICITY,4989,2010,0.000126991
Simplicity2,ELECTRICITY,4990,2010,0.000120757
Simplicity2,ELECTRICITY,4991,2010,0.000107215
Simplicity2,ELECTRICITY,4992,2010,9.49583E-05
Simplicity2,ELECTRICITY,4993,2010,9.33469E-05
Simplicity2,ELECTRICITY,4994,2010,9.13611E-05
Simplicity2,ELECTRICITY,4995,2010,9.18983E-05
Simplicity2,ELECTRICITY,4996,2010,9.1117E-05
Simplicity2,ELECTRICITY,4997,2010,9.26144E-05
Simplicity2,ELECTRICITY,4998,2010,9.48443E-05
Simplicity2,ELECTRICITY,4999,2010,0.000109184
Simplicity2,ELECTRICITY,5000,2010,0.000117697
Simplicity2,ELECTRICITY,5001,2010,0.000125851
Simplicity2,ELECTRICITY,5002,2010,0.000133046
Simplicity2,ELECTRICITY,5003,2010,0.000137245
Simplicity2,ELECTRICITY,5004,2010,0.000133257
Simplicity2,ELECTRICITY,5005,2010,0.000133567
Simplicity2,ELECTRICITY,5006,2010,0.000130441
Simplicity2,ELECTRICITY,5007,2010,0.000129465
Simplicity2,ELECTRICITY,5008,2010,0.00013106
Simplicity2,ELECTRICITY,5009,2010,0.000132802
Simplicity2,ELECTRICITY,5010,2010,0.00013329
Simplicity2,ELECTRICITY,5011,2010,0.000129676
Simplicity2,ELECTRICITY,5012,2010,0.000129107
Simplicity2,ELECTRICITY,5013,2010,0.000131027
Simplicity2,ELECTRICITY,5014,2010,0.000114181
Simplicity2,ELECTRICITY,5015,2010,9.8474E-05
Simplicity2,ELECTRICITY,5016,2010,9.59023E-05
Simplicity2,ELECTRICITY,5017,2010,9.36887E-05
Simplicity2,ELECTRICITY,5018,2010,9.19796E-05
Simplicity2,ELECTRICITY,5019,2010,9.37375E-05
Simplicity2,ELECTRICITY,5020,2010,9.02706E-05
Simplicity2,ELECTRICITY,5021,2010,8.96521E-05
Simplicity2,ELECTRICITY,5022,2010,9.44211E-05
Simplicity2,ELECTRICITY,5023,2010,0.000108403
Simplicity2,ELECTRICITY,5024,2010,0.000118315
Simplicity2,ELECTRICITY,5025,2010,0.000124045
Simplicity2,ELECTRICITY,5026,2010,0.000124468
Simplicity2,ELECTRICITY,5027,2010,0.000122173
Simplicity2,ELECTRICITY,5028,2010,0.000121587
Simplicity2,ELECTRICITY,5029,2010,0.000118739
Simplicity2,ELECTRICITY,5030,2010,0.000117583
Simplicity2,ELECTRICITY,5031,2010,0.000113514
Simplicity2,ELECTRICITY,5032,2010,0.000115093
Simplicity2,ELECTRICITY,5033,2010,0.000123882
Simplicity2,ELECTRICITY,5034,2010,0.000123638
Simplicity2,ELECTRICITY,5035,2010,0.000126486
Simplicity2,ELECTRICITY,5036,2010,0.000129221
Simplicity2,ELECTRICITY,5037,2010,0.000129172
Simplicity2,ELECTRICITY,5038,2010,0.000113969
Simplicity2,ELECTRICITY,5039,2010,0.000109445
Simplicity2,ELECTRICITY,5040,2010,0.000102901
Simplicity2,ELECTRICITY,5041,2010,0.000100541
Simplicity2,ELECTRICITY,5042,2010,0.000100541
Simplicity2,ELECTRICITY,5043,2010,9.72045E-05
Simplicity2,ELECTRICITY,5044,2010,9.6765E-05
Simplicity2,ELECTRICITY,5045,2010,9.34771E-05
Simplicity2,ELECTRICITY,5046,2010,9.10356E-05
Simplicity2,ELECTRICITY,5047,2010,0.00010562
Simplicity2,ELECTRICITY,5048,2010,0.000116655
Simplicity2,ELECTRICITY,5049,2010,0.000126926
Simplicity2,ELECTRICITY,5050,2010,0.000129823
Simplicity2,ELECTRICITY,5051,2010,0.000128553
Simplicity2,ELECTRICITY,5052,2010,0.000129823
Simplicity2,ELECTRICITY,5053,2010,0.000128342
Simplicity2,ELECTRICITY,5054,2010,0.000124484
Simplicity2,ELECTRICITY,5055,2010,0.000123931
Simplicity2,ELECTRICITY,5056,2010,0.00012328
Simplicity2,ELECTRICITY,5057,2010,0.000126665
Simplicity2,ELECTRICITY,5058,2010,0.00013202
Simplicity2,ELECTRICITY,5059,2010,0.000130067
Simplicity2,ELECTRICITY,5060,2010,0.00013189
Simplicity2,ELECTRICITY,5061,2010,0.000128537
Simplicity2,ELECTRICITY,5062,2010,0.000128667
Simplicity2,ELECTRICITY,5063,2010,0.000111105
Simplicity2,ELECTRICITY,5064,2010,9.56419E-05
Simplicity2,ELECTRICITY,5065,2010,9.97925E-05
Simplicity2,ELECTRICITY,5066,2010,9.68301E-05
Simplicity2,ELECTRICITY,5067,2010,9.56256E-05
Simplicity2,ELECTRICITY,5068,2010,9.27446E-05
Simplicity2,ELECTRICITY,5069,2010,9.41607E-05
Simplicity2,ELECTRICITY,5070,2010,9.27609E-05
Simplicity2,ELECTRICITY,5071,2010,9.39166E-05
Simplicity2,ELECTRICITY,5072,2010,0.000104008
Simplicity2,ELECTRICITY,5073,2010,0.000106059
Simplicity2,ELECTRICITY,5074,2010,0.000108663
Simplicity2,ELECTRICITY,5075,2010,0.00011034
Simplicity2,ELECTRICITY,5076,2010,0.000113481
Simplicity2,ELECTRICITY,5077,2010,0.000113042
Simplicity2,ELECTRICITY,5078,2010,0.000110698
Simplicity2,ELECTRICITY,5079,2010,0.000112928
Simplicity2,ELECTRICITY,5080,2010,0.00012118
Simplicity2,ELECTRICITY,5081,2010,0.000121229
Simplicity2,ELECTRICITY,5082,2010,0.000123687
Simplicity2,ELECTRICITY,5083,2010,0.000119862
Simplicity2,ELECTRICITY,5084,2010,0.000114979
Simplicity2,ELECTRICITY,5085,2010,0.000117062
Simplicity2,ELECTRICITY,5086,2010,0.000102755
Simplicity2,ELECTRICITY,5087,2010,9.92716E-05
Simplicity2,ELECTRICITY,5088,2010,9.09217E-05
Simplicity2,ELECTRICITY,5089,2010,9.02543E-05
Simplicity2,ELECTRICITY,5090,2010,9.20122E-05
Simplicity2,ELECTRICITY,5091,2010,9.09542E-05
Simplicity2,ELECTRICITY,5092,2010,8.97009E-05
Simplicity2,ELECTRICITY,5093,2010,8.66409E-05
Simplicity2,ELECTRICITY,5094,2010,8.47365E-05
Simplicity2,ELECTRICITY,5095,2010,9.03357E-05
Simplicity2,ELECTRICITY,5096,2010,9.48443E-05
Simplicity2,ELECTRICITY,5097,2010,9.84252E-05
Simplicity2,ELECTRICITY,5098,2010,0.000101908
Simplicity2,ELECTRICITY,5099,2010,0.000100492
Simplicity2,ELECTRICITY,5100,2010,0.000101746
Simplicity2,ELECTRICITY,5101,2010,0.000102267
Simplicity2,ELECTRICITY,5102,2010,0.000101306
Simplicity2,ELECTRICITY,5103,2010,9.75463E-05
Simplicity2,ELECTRICITY,5104,2010,9.36887E-05
Simplicity2,ELECTRICITY,5105,2010,9.39166E-05
Simplicity2,ELECTRICITY,5106,2010,0.000100395
Simplicity2,ELECTRICITY,5107,2010,9.95483E-05
Simplicity2,ELECTRICITY,5108,2010,9.25982E-05
Simplicity2,ELECTRICITY,5109,2010,0.000102966
Simplicity2,ELECTRICITY,5110,2010,0.000100313
Simplicity2,ELECTRICITY,5111,2010,9.37212E-05
Simplicity2,ELECTRICITY,5112,2010,9.14751E-05
Simplicity2,ELECTRICITY,5113,2010,8.69013E-05
Simplicity2,ELECTRICITY,5114,2010,9.02706E-05
Simplicity2,ELECTRICITY,5115,2010,8.92777E-05
Simplicity2,ELECTRICITY,5116,2010,8.91149E-05
Simplicity2,ELECTRICITY,5117,2010,8.66246E-05
Simplicity2,ELECTRICITY,5118,2010,7.60122E-05
Simplicity2,ELECTRICITY,5119,2010,7.72329E-05
Simplicity2,ELECTRICITY,5120,2010,8.20508E-05
Simplicity2,ELECTRICITY,5121,2010,8.79267E-05
Simplicity2,ELECTRICITY,5122,2010,9.63092E-05
Simplicity2,ELECTRICITY,5123,2010,0.00010212
Simplicity2,ELECTRICITY,5124,2010,0.00010129
Simplicity2,ELECTRICITY,5125,2010,0.000100525
Simplicity2,ELECTRICITY,5126,2010,9.93042E-05
Simplicity2,ELECTRICITY,5127,2010,9.63906E-05
Simplicity2,ELECTRICITY,5128,2010,9.93367E-05
Simplicity2,ELECTRICITY,5129,2010,0.000104627
Simplicity2,ELECTRICITY,5130,2010,0.000105685
Simplicity2,ELECTRICITY,5131,2010,0.000101274
Simplicity2,ELECTRICITY,5132,2010,9.34934E-05
Simplicity2,ELECTRICITY,5133,2010,9.58047E-05
Simplicity2,ELECTRICITY,5134,2010,0.000100004
Simplicity2,ELECTRICITY,5135,2010,9.58372E-05
Simplicity2,ELECTRICITY,5136,2010,9.3298E-05
Simplicity2,ELECTRICITY,5137,2010,9.56093E-05
Simplicity2,ELECTRICITY,5138,2010,9.52187E-05
Simplicity2,ELECTRICITY,5139,2010,9.38677E-05
Simplicity2,ELECTRICITY,5140,2010,9.294E-05
Simplicity2,ELECTRICITY,5141,2010,9.28097E-05
Simplicity2,ELECTRICITY,5142,2010,8.83174E-05
Simplicity2,ELECTRICITY,5143,2010,9.49257E-05
Simplicity2,ELECTRICITY,5144,2010,9.79532E-05
Simplicity2,ELECTRICITY,5145,2010,0.000102413
Simplicity2,ELECTRICITY,5146,2010,0.000112537
Simplicity2,ELECTRICITY,5147,2010,0.000112505
Simplicity2,ELECTRICITY,5148,2010,0.000112391
Simplicity2,ELECTRICITY,5149,2010,0.000113628
Simplicity2,ELECTRICITY,5150,2010,0.000110844
Simplicity2,ELECTRICITY,5151,2010,0.00010754
Simplicity2,ELECTRICITY,5152,2010,0.000110584
Simplicity2,ELECTRICITY,5153,2010,0.00011742
Simplicity2,ELECTRICITY,5154,2010,0.00011838
Simplicity2,ELECTRICITY,5155,2010,0.000112309
Simplicity2,ELECTRICITY,5156,2010,0.000107329
Simplicity2,ELECTRICITY,5157,2010,0.000108956
Simplicity2,ELECTRICITY,5158,2010,0.000110942
Simplicity2,ELECTRICITY,5159,2010,0.000105164
Simplicity2,ELECTRICITY,5160,2010,9.85554E-05
Simplicity2,ELECTRICITY,5161,2010,9.71556E-05
Simplicity2,ELECTRICITY,5162,2010,9.72207E-05
Simplicity2,ELECTRICITY,5163,2010,9.61139E-05
Simplicity2,ELECTRICITY,5164,2010,9.33794E-05
Simplicity2,ELECTRICITY,5165,2010,9.34608E-05
Simplicity2,ELECTRICITY,5166,2010,9.05636E-05
Simplicity2,ELECTRICITY,5167,2010,9.85717E-05
Simplicity2,ELECTRICITY,5168,2010,0.000106629
Simplicity2,ELECTRICITY,5169,2010,0.000108354
Simplicity2,ELECTRICITY,5170,2010,0.000113465
Simplicity2,ELECTRICITY,5171,2010,0.000115353
Simplicity2,ELECTRICITY,5172,2010,0.000114637
Simplicity2,ELECTRICITY,5173,2010,0.000113644
Simplicity2,ELECTRICITY,5174,2010,0.000109575
Simplicity2,ELECTRICITY,5175,2010,0.000107768
Simplicity2,ELECTRICITY,5176,2010,0.000112195
Simplicity2,ELECTRICITY,5177,2010,0.000117127
Simplicity2,ELECTRICITY,5178,2010,0.0001148
Simplicity2,ELECTRICITY,5179,2010,0.000112944
Simplicity2,ELECTRICITY,5180,2010,0.000109982
Simplicity2,ELECTRICITY,5181,2010,0.000109493
Simplicity2,ELECTRICITY,5182,2010,0.000110096
Simplicity2,ELECTRICITY,5183,2010,0.000103699
Simplicity2,ELECTRICITY,5184,2010,9.87833E-05
Simplicity2,ELECTRICITY,5185,2010,9.56256E-05
Simplicity2,ELECTRICITY,5186,2010,9.72045E-05
Simplicity2,ELECTRICITY,5187,2010,9.63255E-05
Simplicity2,ELECTRICITY,5188,2010,9.48443E-05
Simplicity2,ELECTRICITY,5189,2010,9.68789E-05
Simplicity2,ELECTRICITY,5190,2010,8.93265E-05
Simplicity2,ELECTRICITY,5191,2010,9.54466E-05
Simplicity2,ELECTRICITY,5192,2010,0.000103569
Simplicity2,ELECTRICITY,5193,2010,0.000106271
Simplicity2,ELECTRICITY,5194,2010,0.000110812
Simplicity2,ELECTRICITY,5195,2010,0.000110258
Simplicity2,ELECTRICITY,5196,2010,0.000112358
Simplicity2,ELECTRICITY,5197,2010,0.000114832
Simplicity2,ELECTRICITY,5198,2010,0.000111593
Simplicity2,ELECTRICITY,5199,2010,0.000108712
Simplicity2,ELECTRICITY,5200,2010,0.000108387
Simplicity2,ELECTRICITY,5201,2010,0.000111984
Simplicity2,ELECTRICITY,5202,2010,0.000113351
Simplicity2,ELECTRICITY,5203,2010,0.000111707
Simplicity2,ELECTRICITY,5204,2010,0.000111853
Simplicity2,ELECTRICITY,5205,2010,0.000113807
Simplicity2,ELECTRICITY,5206,2010,0.000115272
Simplicity2,ELECTRICITY,5207,2010,0.000113221
Simplicity2,ELECTRICITY,5208,2010,0.000102983
Simplicity2,ELECTRICITY,5209,2010,9.77904E-05
Simplicity2,ELECTRICITY,5210,2010,9.98576E-05
Simplicity2,ELECTRICITY,5211,2010,9.83601E-05
Simplicity2,ELECTRICITY,5212,2010,9.86205E-05
Simplicity2,ELECTRICITY,5213,2010,9.37375E-05
Simplicity2,ELECTRICITY,5214,2010,0.000100606
Simplicity2,ELECTRICITY,5215,2010,0.00010964
Simplicity2,ELECTRICITY,5216,2010,0.00012022
Simplicity2,ELECTRICITY,5217,2010,0.000122938
Simplicity2,ELECTRICITY,5218,2010,0.0001259
Simplicity2,ELECTRICITY,5219,2010,0.000132362
Simplicity2,ELECTRICITY,5220,2010,0.000131988
Simplicity2,ELECTRICITY,5221,2010,0.000132362
Simplicity2,ELECTRICITY,5222,2010,0.000132183
Simplicity2,ELECTRICITY,5223,2010,0.000131418
Simplicity2,ELECTRICITY,5224,2010,0.000129465
Simplicity2,ELECTRICITY,5225,2010,0.000132883
Simplicity2,ELECTRICITY,5226,2010,0.000127154
Simplicity2,ELECTRICITY,5227,2010,0.000123866
Simplicity2,ELECTRICITY,5228,2010,0.000124419
Simplicity2,ELECTRICITY,5229,2010,0.000125461
Simplicity2,ELECTRICITY,5230,2010,0.000111756
Simplicity2,ELECTRICITY,5231,2010,0.000108159
Simplicity2,ELECTRICITY,5232,2010,0.000101502
Simplicity2,ELECTRICITY,5233,2010,0.000100655
Simplicity2,ELECTRICITY,5234,2010,0.000101908
Simplicity2,ELECTRICITY,5235,2010,9.91414E-05
Simplicity2,ELECTRICITY,5236,2010,9.75951E-05
Simplicity2,ELECTRICITY,5237,2010,9.78555E-05
Simplicity2,ELECTRICITY,5238,2010,9.91902E-05
Simplicity2,ELECTRICITY,5239,2010,9.95971E-05
Simplicity2,ELECTRICITY,5240,2010,0.000103178
Simplicity2,ELECTRICITY,5241,2010,0.000105489
Simplicity2,ELECTRICITY,5242,2010,0.000113107
Simplicity2,ELECTRICITY,5243,2010,0.000114425
Simplicity2,ELECTRICITY,5244,2010,0.000115044
Simplicity2,ELECTRICITY,5245,2010,0.000113839
Simplicity2,ELECTRICITY,5246,2010,0.000115841
Simplicity2,ELECTRICITY,5247,2010,0.00011379
Simplicity2,ELECTRICITY,5248,2010,0.000113937
Simplicity2,ELECTRICITY,5249,2010,0.000112928
Simplicity2,ELECTRICITY,5250,2010,0.000116313
Simplicity2,ELECTRICITY,5251,2010,0.000115093
Simplicity2,ELECTRICITY,5252,2010,0.000111088
Simplicity2,ELECTRICITY,5253,2010,0.0001099
Simplicity2,ELECTRICITY,5254,2010,0.000105327
Simplicity2,ELECTRICITY,5255,2010,9.68626E-05
Simplicity2,ELECTRICITY,5256,2010,9.41933E-05
Simplicity2,ELECTRICITY,5257,2010,9.24842E-05
Simplicity2,ELECTRICITY,5258,2010,9.141E-05
Simplicity2,ELECTRICITY,5259,2010,9.52513E-05
Simplicity2,ELECTRICITY,5260,2010,9.4356E-05
Simplicity2,ELECTRICITY,5261,2010,9.28097E-05
Simplicity2,ELECTRICITY,5262,2010,9.47467E-05
Simplicity2,ELECTRICITY,5263,2010,9.70417E-05
Simplicity2,ELECTRICITY,5264,2010,9.99227E-05
Simplicity2,ELECTRICITY,5265,2010,0.000104155
Simplicity2,ELECTRICITY,5266,2010,0.00010798
Simplicity2,ELECTRICITY,5267,2010,0.000106677
Simplicity2,ELECTRICITY,5268,2010,0.000113579
Simplicity2,ELECTRICITY,5269,2010,0.000116492
Simplicity2,ELECTRICITY,5270,2010,0.000117827
Simplicity2,ELECTRICITY,5271,2010,0.000114149
Simplicity2,ELECTRICITY,5272,2010,0.000114328
Simplicity2,ELECTRICITY,5273,2010,0.000118885
Simplicity2,ELECTRICITY,5274,2010,0.000115467
Simplicity2,ELECTRICITY,5275,2010,0.000113839
Simplicity2,ELECTRICITY,5276,2010,0.000113709
Simplicity2,ELECTRICITY,5277,2010,0.0001134
Simplicity2,ELECTRICITY,5278,2010,0.000104741
Simplicity2,ELECTRICITY,5279,2010,0.000102429
Simplicity2,ELECTRICITY,5280,2010,9.98413E-05
Simplicity2,ELECTRICITY,5281,2010,0.000100199
Simplicity2,ELECTRICITY,5282,2010,9.72858E-05
Simplicity2,ELECTRICITY,5283,2010,9.53326E-05
Simplicity2,ELECTRICITY,5284,2010,9.53652E-05
Simplicity2,ELECTRICITY,5285,2010,9.48281E-05
Simplicity2,ELECTRICITY,5286,2010,9.70091E-05
Simplicity2,ELECTRICITY,5287,2010,0.000107361
Simplicity2,ELECTRICITY,5288,2010,0.000117762
Simplicity2,ELECTRICITY,5289,2010,0.000122498
Simplicity2,ELECTRICITY,5290,2010,0.000123963
Simplicity2,ELECTRICITY,5291,2010,0.000123752
Simplicity2,ELECTRICITY,5292,2010,0.000127398
Simplicity2,ELECTRICITY,5293,2010,0.000129416
Simplicity2,ELECTRICITY,5294,2010,0.000128049
Simplicity2,ELECTRICITY,5295,2010,0.000131971
Simplicity2,ELECTRICITY,5296,2010,0.000131906
Simplicity2,ELECTRICITY,5297,2010,0.00013329
Simplicity2,ELECTRICITY,5298,2010,0.000126307
Simplicity2,ELECTRICITY,5299,2010,0.000125656
Simplicity2,ELECTRICITY,5300,2010,0.000119764
Simplicity2,ELECTRICITY,5301,2010,0.000122824
Simplicity2,ELECTRICITY,5302,2010,0.000115076
Simplicity2,ELECTRICITY,5303,2010,0.000111772
Simplicity2,ELECTRICITY,5304,2010,0.000104887
Simplicity2,ELECTRICITY,5305,2010,0.000102836
Simplicity2,ELECTRICITY,5306,2010,0.000100069
Simplicity2,ELECTRICITY,5307,2010,9.93367E-05
Simplicity2,ELECTRICITY,5308,2010,0.000100346
Simplicity2,ELECTRICITY,5309,2010,0.000101062
Simplicity2,ELECTRICITY,5310,2010,9.19959E-05
Simplicity2,ELECTRICITY,5311,2010,9.56093E-05
Simplicity2,ELECTRICITY,5312,2010,0.000105733
Simplicity2,ELECTRICITY,5313,2010,0.000106205
Simplicity2,ELECTRICITY,5314,2010,0.000106385
Simplicity2,ELECTRICITY,5315,2010,0.000108517
Simplicity2,ELECTRICITY,5316,2010,0.000109379
Simplicity2,ELECTRICITY,5317,2010,0.000112472
Simplicity2,ELECTRICITY,5318,2010,0.000110584
Simplicity2,ELECTRICITY,5319,2010,0.000110763
Simplicity2,ELECTRICITY,5320,2010,0.0001113
Simplicity2,ELECTRICITY,5321,2010,0.000111967
Simplicity2,ELECTRICITY,5322,2010,0.000105278
Simplicity2,ELECTRICITY,5323,2010,0.000107768
Simplicity2,ELECTRICITY,5324,2010,0.00010365
Simplicity2,ELECTRICITY,5325,2010,0.000109265
Simplicity2,ELECTRICITY,5326,2010,0.000112293
Simplicity2,ELECTRICITY,5327,2010,0.000105017
Simplicity2,ELECTRICITY,5328,2010,0.000102429
Simplicity2,ELECTRICITY,5329,2010,9.98413E-05
Simplicity2,ELECTRICITY,5330,2010,9.89298E-05
Simplicity2,ELECTRICITY,5331,2010,0.000100834
Simplicity2,ELECTRICITY,5332,2010,0.000100427
Simplicity2,ELECTRICITY,5333,2010,9.94506E-05
Simplicity2,ELECTRICITY,5334,2010,9.42909E-05
Simplicity2,ELECTRICITY,5335,2010,9.87345E-05
Simplicity2,ELECTRICITY,5336,2010,0.000109314
Simplicity2,ELECTRICITY,5337,2010,0.000112765
Simplicity2,ELECTRICITY,5338,2010,0.000114067
Simplicity2,ELECTRICITY,5339,2010,0.000114393
Simplicity2,ELECTRICITY,5340,2010,0.000117274
Simplicity2,ELECTRICITY,5341,2010,0.000122661
Simplicity2,ELECTRICITY,5342,2010,0.000122857
Simplicity2,ELECTRICITY,5343,2010,0.000124696
Simplicity2,ELECTRICITY,5344,2010,0.000124956
Simplicity2,ELECTRICITY,5345,2010,0.000125054
Simplicity2,ELECTRICITY,5346,2010,0.000113904
Simplicity2,ELECTRICITY,5347,2010,0.000116151
Simplicity2,ELECTRICITY,5348,2010,0.000114328
Simplicity2,ELECTRICITY,5349,2010,0.00011729
Simplicity2,ELECTRICITY,5350,2010,0.000114311
Simplicity2,ELECTRICITY,5351,2010,0.000112407
Simplicity2,ELECTRICITY,5352,2010,0.000103455
Simplicity2,ELECTRICITY,5353,2010,0.000104431
Simplicity2,ELECTRICITY,5354,2010,0.000102673
Simplicity2,ELECTRICITY,5355,2010,0.00010142
Simplicity2,ELECTRICITY,5356,2010,0.000100785
Simplicity2,ELECTRICITY,5357,2010,9.83601E-05
Simplicity2,ELECTRICITY,5358,2010,9.28097E-05
Simplicity2,ELECTRICITY,5359,2010,9.50071E-05
Simplicity2,ELECTRICITY,5360,2010,0.000103324
Simplicity2,ELECTRICITY,5361,2010,0.000103862
Simplicity2,ELECTRICITY,5362,2010,0.00010951
Simplicity2,ELECTRICITY,5363,2010,0.000109917
Simplicity2,ELECTRICITY,5364,2010,0.000111593
Simplicity2,ELECTRICITY,5365,2010,0.000118869
Simplicity2,ELECTRICITY,5366,2010,0.000117388
Simplicity2,ELECTRICITY,5367,2010,0.000110909
Simplicity2,ELECTRICITY,5368,2010,0.00011187
Simplicity2,ELECTRICITY,5369,2010,0.000112928
Simplicity2,ELECTRICITY,5370,2010,0.000108745
Simplicity2,ELECTRICITY,5371,2010,0.000109103
Simplicity2,ELECTRICITY,5372,2010,0.000109754
Simplicity2,ELECTRICITY,5373,2010,0.000112798
Simplicity2,ELECTRICITY,5374,2010,0.000111707
Simplicity2,ELECTRICITY,5375,2010,0.00010951
Simplicity2,ELECTRICITY,5376,2010,0.000102755
Simplicity2,ELECTRICITY,5377,2010,9.86531E-05
Simplicity2,ELECTRICITY,5378,2010,9.42909E-05
Simplicity2,ELECTRICITY,5379,2010,9.44049E-05
Simplicity2,ELECTRICITY,5380,2010,9.31841E-05
Simplicity2,ELECTRICITY,5381,2010,9.56744E-05
Simplicity2,ELECTRICITY,5382,2010,8.4883E-05
Simplicity2,ELECTRICITY,5383,2010,9.54466E-05
Simplicity2,ELECTRICITY,5384,2010,0.000101876
Simplicity2,ELECTRICITY,5385,2010,0.000104903
Simplicity2,ELECTRICITY,5386,2010,0.000108289
Simplicity2,ELECTRICITY,5387,2010,0.000111756
Simplicity2,ELECTRICITY,5388,2010,0.000115093
Simplicity2,ELECTRICITY,5389,2010,0.000116444
Simplicity2,ELECTRICITY,5390,2010,0.0001134
Simplicity2,ELECTRICITY,5391,2010,0.000111674
Simplicity2,ELECTRICITY,5392,2010,0.00011213
Simplicity2,ELECTRICITY,5393,2010,0.000113497
Simplicity2,ELECTRICITY,5394,2010,0.000110616
Simplicity2,ELECTRICITY,5395,2010,0.000111609
Simplicity2,ELECTRICITY,5396,2010,0.000106954
Simplicity2,ELECTRICITY,5397,2010,0.000110665
Simplicity2,ELECTRICITY,5398,2010,0.000111235
Simplicity2,ELECTRICITY,5399,2010,0.000107703
Simplicity2,ELECTRICITY,5400,2010,0.000101681
Simplicity2,ELECTRICITY,5401,2010,9.83764E-05
Simplicity2,ELECTRICITY,5402,2010,9.62116E-05
Simplicity2,ELECTRICITY,5403,2010,9.63255E-05
Simplicity2,ELECTRICITY,5404,2010,9.59186E-05
Simplicity2,ELECTRICITY,5405,2010,9.39003E-05
Simplicity2,ELECTRICITY,5406,2010,8.72106E-05
Simplicity2,ELECTRICITY,5407,2010,9.45676E-05
Simplicity2,ELECTRICITY,5408,2010,9.41933E-05
Simplicity2,ELECTRICITY,5409,2010,9.90274E-05
Simplicity2,ELECTRICITY,5410,2010,0.000100281
Simplicity2,ELECTRICITY,5411,2010,0.000103243
Simplicity2,ELECTRICITY,5412,2010,0.000108712
Simplicity2,ELECTRICITY,5413,2010,0.000116525
Simplicity2,ELECTRICITY,5414,2010,0.000108973
Simplicity2,ELECTRICITY,5415,2010,0.000109998
Simplicity2,ELECTRICITY,5416,2010,0.000110014
Simplicity2,ELECTRICITY,5417,2010,0.000108956
Simplicity2,ELECTRICITY,5418,2010,0.000106189
Simplicity2,ELECTRICITY,5419,2010,0.000104806
Simplicity2,ELECTRICITY,5420,2010,0.000100834
Simplicity2,ELECTRICITY,5421,2010,9.92553E-05
Simplicity2,ELECTRICITY,5422,2010,0.000111479
Simplicity2,ELECTRICITY,5423,2010,0.000109754
Simplicity2,ELECTRICITY,5424,2010,0.000102071
Simplicity2,ELECTRICITY,5425,2010,9.89298E-05
Simplicity2,ELECTRICITY,5426,2010,0.000102608
Simplicity2,ELECTRICITY,5427,2010,0.000101453
Simplicity2,ELECTRICITY,5428,2010,0.000102836
Simplicity2,ELECTRICITY,5429,2010,0.00010085
Simplicity2,ELECTRICITY,5430,2010,0.000100411
Simplicity2,ELECTRICITY,5431,2010,0.000104968
Simplicity2,ELECTRICITY,5432,2010,0.000105782
Simplicity2,ELECTRICITY,5433,2010,0.000102022
Simplicity2,ELECTRICITY,5434,2010,0.000102869
Simplicity2,ELECTRICITY,5435,2010,0.000116004
Simplicity2,ELECTRICITY,5436,2010,0.000118934
Simplicity2,ELECTRICITY,5437,2010,0.000108077
Simplicity2,ELECTRICITY,5438,2010,0.000100232
Simplicity2,ELECTRICITY,5439,2010,0.000101306
Simplicity2,ELECTRICITY,5440,2010,0.000102364
Simplicity2,ELECTRICITY,5441,2010,0.000104203
Simplicity2,ELECTRICITY,5442,2010,0.000104431
Simplicity2,ELECTRICITY,5443,2010,0.000103227
Simplicity2,ELECTRICITY,5444,2010,0.000103048
Simplicity2,ELECTRICITY,5445,2010,0.00010575
Simplicity2,ELECTRICITY,5446,2010,0.000107622
Simplicity2,ELECTRICITY,5447,2010,0.000105815
Simplicity2,ELECTRICITY,5448,2010,0.000103438
Simplicity2,ELECTRICITY,5449,2010,0.000105294
Simplicity2,ELECTRICITY,5450,2010,0.000108517
Simplicity2,ELECTRICITY,5451,2010,0.000107329
Simplicity2,ELECTRICITY,5452,2010,0.000106547
Simplicity2,ELECTRICITY,5453,2010,9.31678E-05
Simplicity2,ELECTRICITY,5454,2010,8.64944E-05
Simplicity2,ELECTRICITY,5455,2010,9.47304E-05
Simplicity2,ELECTRICITY,5456,2010,9.33794E-05
Simplicity2,ELECTRICITY,5457,2010,9.70905E-05
Simplicity2,ELECTRICITY,5458,2010,9.78718E-05
Simplicity2,ELECTRICITY,5459,2010,9.66022E-05
Simplicity2,ELECTRICITY,5460,2010,9.56093E-05
Simplicity2,ELECTRICITY,5461,2010,9.60814E-05
Simplicity2,ELECTRICITY,5462,2010,9.92716E-05
Simplicity2,ELECTRICITY,5463,2010,9.95483E-05
Simplicity2,ELECTRICITY,5464,2010,0.000100346
Simplicity2,ELECTRICITY,5465,2010,0.000100704
Simplicity2,ELECTRICITY,5466,2010,9.90274E-05
Simplicity2,ELECTRICITY,5467,2010,9.57558E-05
Simplicity2,ELECTRICITY,5468,2010,9.64557E-05
Simplicity2,ELECTRICITY,5469,2010,9.78067E-05
Simplicity2,ELECTRICITY,5470,2010,0.000109835
Simplicity2,ELECTRICITY,5471,2010,0.000106824
Simplicity2,ELECTRICITY,5472,2010,0.000106954
Simplicity2,ELECTRICITY,5473,2010,0.000103829
Simplicity2,ELECTRICITY,5474,2010,0.000102006
Simplicity2,ELECTRICITY,5475,2010,0.000101322
Simplicity2,ELECTRICITY,5476,2010,9.95809E-05
Simplicity2,ELECTRICITY,5477,2010,9.79369E-05
Simplicity2,ELECTRICITY,5478,2010,8.34832E-05
Simplicity2,ELECTRICITY,5479,2010,9.09705E-05
Simplicity2,ELECTRICITY,5480,2010,0.000104138
Simplicity2,ELECTRICITY,5481,2010,0.000104855
Simplicity2,ELECTRICITY,5482,2010,0.000103406
Simplicity2,ELECTRICITY,5483,2010,0.000109103
Simplicity2,ELECTRICITY,5484,2010,0.000104513
Simplicity2,ELECTRICITY,5485,2010,9.78718E-05
Simplicity2,ELECTRICITY,5486,2010,9.74486E-05
Simplicity2,ELECTRICITY,5487,2010,9.02706E-05
Simplicity2,ELECTRICITY,5488,2010,9.67975E-05
Simplicity2,ELECTRICITY,5489,2010,0.000108891
Simplicity2,ELECTRICITY,5490,2010,0.000105733
Simplicity2,ELECTRICITY,5491,2010,0.000105831
Simplicity2,ELECTRICITY,5492,2010,0.000103471
Simplicity2,ELECTRICITY,5493,2010,0.000105929
Simplicity2,ELECTRICITY,5494,2010,0.00011716
Simplicity2,ELECTRICITY,5495,2010,0.000115386
Simplicity2,ELECTRICITY,5496,2010,0.000109282
Simplicity2,ELECTRICITY,5497,2010,0.000110747
Simplicity2,ELECTRICITY,5498,2010,0.000109803
Simplicity2,ELECTRICITY,5499,2010,0.00010868
Simplicity2,ELECTRICITY,5500,2010,0.000106173
Simplicity2,ELECTRICITY,5501,2010,0.000102071
Simplicity2,ELECTRICITY,5502,2010,0.000104985
Simplicity2,ELECTRICITY,5503,2010,0.000114035
Simplicity2,ELECTRICITY,5504,2010,0.000119845
Simplicity2,ELECTRICITY,5505,2010,0.000123426
Simplicity2,ELECTRICITY,5506,2010,0.000124793
Simplicity2,ELECTRICITY,5507,2010,0.000128911
Simplicity2,ELECTRICITY,5508,2010,0.000125558
Simplicity2,ELECTRICITY,5509,2010,0.00012424
Simplicity2,ELECTRICITY,5510,2010,0.000119178
Simplicity2,ELECTRICITY,5511,2010,0.000113188
Simplicity2,ELECTRICITY,5512,2010,0.000119829
Simplicity2,ELECTRICITY,5513,2010,0.000124924
Simplicity2,ELECTRICITY,5514,2010,0.000121961
Simplicity2,ELECTRICITY,5515,2010,0.000125249
Simplicity2,ELECTRICITY,5516,2010,0.00012175
Simplicity2,ELECTRICITY,5517,2010,0.000118804
Simplicity2,ELECTRICITY,5518,2010,0.000110893
Simplicity2,ELECTRICITY,5519,2010,0.00010881
Simplicity2,ELECTRICITY,5520,2010,0.000108842
Simplicity2,ELECTRICITY,5521,2010,0.000110193
Simplicity2,ELECTRICITY,5522,2010,0.00010798
Simplicity2,ELECTRICITY,5523,2010,0.000107963
Simplicity2,ELECTRICITY,5524,2010,0.00010868
Simplicity2,ELECTRICITY,5525,2010,0.000106075
Simplicity2,ELECTRICITY,5526,2010,0.000113969
Simplicity2,ELECTRICITY,5527,2010,0.000112521
Simplicity2,ELECTRICITY,5528,2010,0.000119487
Simplicity2,ELECTRICITY,5529,2010,0.000121327
Simplicity2,ELECTRICITY,5530,2010,0.000123117
Simplicity2,ELECTRICITY,5531,2010,0.000122889
Simplicity2,ELECTRICITY,5532,2010,0.000128635
Simplicity2,ELECTRICITY,5533,2010,0.000124859
Simplicity2,ELECTRICITY,5534,2010,0.000122922
Simplicity2,ELECTRICITY,5535,2010,0.000114035
Simplicity2,ELECTRICITY,5536,2010,0.000116834
Simplicity2,ELECTRICITY,5537,2010,0.000123442
Simplicity2,ELECTRICITY,5538,2010,0.000120171
Simplicity2,ELECTRICITY,5539,2010,0.000123963
Simplicity2,ELECTRICITY,5540,2010,0.00012367
Simplicity2,ELECTRICITY,5541,2010,0.0001259
Simplicity2,ELECTRICITY,5542,2010,0.000116541
Simplicity2,ELECTRICITY,5543,2010,0.000112667
Simplicity2,ELECTRICITY,5544,2010,0.000114816
Simplicity2,ELECTRICITY,5545,2010,0.000110307
Simplicity2,ELECTRICITY,5546,2010,0.000108614
Simplicity2,ELECTRICITY,5547,2010,0.000107849
Simplicity2,ELECTRICITY,5548,2010,0.00010754
Simplicity2,ELECTRICITY,5549,2010,0.000102234
Simplicity2,ELECTRICITY,5550,2010,0.000108859
Simplicity2,ELECTRICITY,5551,2010,0.000119731
Simplicity2,ELECTRICITY,5552,2010,0.000126372
Simplicity2,ELECTRICITY,5553,2010,0.000127902
Simplicity2,ELECTRICITY,5554,2010,0.000126747
Simplicity2,ELECTRICITY,5555,2010,0.00012857
Simplicity2,ELECTRICITY,5556,2010,0.000125998
Simplicity2,ELECTRICITY,5557,2010,0.000119585
Simplicity2,ELECTRICITY,5558,2010,0.000111544
Simplicity2,ELECTRICITY,5559,2010,0.000107735
Simplicity2,ELECTRICITY,5560,2010,0.000105652
Simplicity2,ELECTRICITY,5561,2010,0.000115141
Simplicity2,ELECTRICITY,5562,2010,0.000119113
Simplicity2,ELECTRICITY,5563,2010,0.000118804
Simplicity2,ELECTRICITY,5564,2010,0.000122059
Simplicity2,ELECTRICITY,5565,2010,0.000121164
Simplicity2,ELECTRICITY,5566,2010,0.000110828
Simplicity2,ELECTRICITY,5567,2010,0.000106726
Simplicity2,ELECTRICITY,5568,2010,0.000100671
Simplicity2,ELECTRICITY,5569,2010,0.000104138
Simplicity2,ELECTRICITY,5570,2010,0.000106612
Simplicity2,ELECTRICITY,5571,2010,0.000105066
Simplicity2,ELECTRICITY,5572,2010,0.000103552
Simplicity2,ELECTRICITY,5573,2010,0.000103683
Simplicity2,ELECTRICITY,5574,2010,0.000106352
Simplicity2,ELECTRICITY,5575,2010,0.000112033
Simplicity2,ELECTRICITY,5576,2010,0.000110633
Simplicity2,ELECTRICITY,5577,2010,0.000114555
Simplicity2,ELECTRICITY,5578,2010,0.000115255
Simplicity2,ELECTRICITY,5579,2010,0.000116964
Simplicity2,ELECTRICITY,5580,2010,0.00011685
Simplicity2,ELECTRICITY,5581,2010,0.000113937
Simplicity2,ELECTRICITY,5582,2010,0.00011602
Simplicity2,ELECTRICITY,5583,2010,0.000123898
Simplicity2,ELECTRICITY,5584,2010,0.000126519
Simplicity2,ELECTRICITY,5585,2010,0.000127674
Simplicity2,ELECTRICITY,5586,2010,0.000120464
Simplicity2,ELECTRICITY,5587,2010,0.000120155
Simplicity2,ELECTRICITY,5588,2010,0.000120578
Simplicity2,ELECTRICITY,5589,2010,0.000121896
Simplicity2,ELECTRICITY,5590,2010,0.000108094
Simplicity2,ELECTRICITY,5591,2010,0.000109607
Simplicity2,ELECTRICITY,5592,2010,0.000107573
Simplicity2,ELECTRICITY,5593,2010,0.000106743
Simplicity2,ELECTRICITY,5594,2010,0.00010422
Simplicity2,ELECTRICITY,5595,2010,0.000102999
Simplicity2,ELECTRICITY,5596,2010,0.00010391
Simplicity2,ELECTRICITY,5597,2010,0.000103829
Simplicity2,ELECTRICITY,5598,2010,0.000105766
Simplicity2,ELECTRICITY,5599,2010,0.000106775
Simplicity2,ELECTRICITY,5600,2010,0.000107866
Simplicity2,ELECTRICITY,5601,2010,0.000110942
Simplicity2,ELECTRICITY,5602,2010,0.000115809
Simplicity2,ELECTRICITY,5603,2010,0.000118413
Simplicity2,ELECTRICITY,5604,2010,0.00012048
Simplicity2,ELECTRICITY,5605,2010,0.000117811
Simplicity2,ELECTRICITY,5606,2010,0.00011742
Simplicity2,ELECTRICITY,5607,2010,0.000118739
Simplicity2,ELECTRICITY,5608,2010,0.00012214
Simplicity2,ELECTRICITY,5609,2010,0.000128456
Simplicity2,ELECTRICITY,5610,2010,0.000124582
Simplicity2,ELECTRICITY,5611,2010,0.000121912
Simplicity2,ELECTRICITY,5612,2010,0.000116574
Simplicity2,ELECTRICITY,5613,2010,0.000117615
Simplicity2,ELECTRICITY,5614,2010,0.000115174
Simplicity2,ELECTRICITY,5615,2010,0.000113904
Simplicity2,ELECTRICITY,5616,2010,0.000109998
Simplicity2,ELECTRICITY,5617,2010,0.000106205
Simplicity2,ELECTRICITY,5618,2010,0.000104887
Simplicity2,ELECTRICITY,5619,2010,0.000103764
Simplicity2,ELECTRICITY,5620,2010,0.000107377
Simplicity2,ELECTRICITY,5621,2010,0.000102267
Simplicity2,ELECTRICITY,5622,2010,8.92614E-05
Simplicity2,ELECTRICITY,5623,2010,9.67975E-05
Simplicity2,ELECTRICITY,5624,2010,0.000102071
Simplicity2,ELECTRICITY,5625,2010,0.000107361
Simplicity2,ELECTRICITY,5626,2010,0.000105733
Simplicity2,ELECTRICITY,5627,2010,0.000109493
Simplicity2,ELECTRICITY,5628,2010,0.000114523
Simplicity2,ELECTRICITY,5629,2010,0.00011493
Simplicity2,ELECTRICITY,5630,2010,0.000109168
Simplicity2,ELECTRICITY,5631,2010,0.000100167
Simplicity2,ELECTRICITY,5632,2010,9.97925E-05
Simplicity2,ELECTRICITY,5633,2010,0.000101648
Simplicity2,ELECTRICITY,5634,2010,0.000100688
Simplicity2,ELECTRICITY,5635,2010,0.000103976
Simplicity2,ELECTRICITY,5636,2010,0.00010697
Simplicity2,ELECTRICITY,5637,2010,0.00010798
Simplicity2,ELECTRICITY,5638,2010,0.000109949
Simplicity2,ELECTRICITY,5639,2010,0.000109965
Simplicity2,ELECTRICITY,5640,2010,0.000103064
Simplicity2,ELECTRICITY,5641,2010,0.000102267
Simplicity2,ELECTRICITY,5642,2010,0.000103471
Simplicity2,ELECTRICITY,5643,2010,0.000103976
Simplicity2,ELECTRICITY,5644,2010,0.00010225
Simplicity2,ELECTRICITY,5645,2010,9.91251E-05
Simplicity2,ELECTRICITY,5646,2010,7.60447E-05
Simplicity2,ELECTRICITY,5647,2010,8.09603E-05
Simplicity2,ELECTRICITY,5648,2010,8.49807E-05
Simplicity2,ELECTRICITY,5649,2010,8.72757E-05
Simplicity2,ELECTRICITY,5650,2010,8.9294E-05
Simplicity2,ELECTRICITY,5651,2010,9.3884E-05
Simplicity2,ELECTRICITY,5652,2010,9.45676E-05
Simplicity2,ELECTRICITY,5653,2010,9.19634E-05
Simplicity2,ELECTRICITY,5654,2010,8.76012E-05
Simplicity2,ELECTRICITY,5655,2010,8.6592E-05
Simplicity2,ELECTRICITY,5656,2010,8.6885E-05
Simplicity2,ELECTRICITY,5657,2010,8.9473E-05
Simplicity2,ELECTRICITY,5658,2010,8.22136E-05
Simplicity2,ELECTRICITY,5659,2010,9.0824E-05
Simplicity2,ELECTRICITY,5660,2010,9.54303E-05
Simplicity2,ELECTRICITY,5661,2010,9.16867E-05
Simplicity2,ELECTRICITY,5662,2010,0.000103959
Simplicity2,ELECTRICITY,5663,2010,0.000105978
Simplicity2,ELECTRICITY,5664,2010,0.000106075
Simplicity2,ELECTRICITY,5665,2010,0.000104708
Simplicity2,ELECTRICITY,5666,2010,0.000103211
Simplicity2,ELECTRICITY,5667,2010,0.000102413
Simplicity2,ELECTRICITY,5668,2010,0.00010142
Simplicity2,ELECTRICITY,5669,2010,9.99389E-05
Simplicity2,ELECTRICITY,5670,2010,7.318E-05
Simplicity2,ELECTRICITY,5671,2010,7.47263E-05
Simplicity2,ELECTRICITY,5672,2010,7.69562E-05
Simplicity2,ELECTRICITY,5673,2010,8.44435E-05
Simplicity2,ELECTRICITY,5674,2010,8.61689E-05
Simplicity2,ELECTRICITY,5675,2010,8.89359E-05
Simplicity2,ELECTRICITY,5676,2010,9.13448E-05
Simplicity2,ELECTRICITY,5677,2010,8.70803E-05
Simplicity2,ELECTRICITY,5678,2010,8.06673E-05
Simplicity2,ELECTRICITY,5679,2010,8.20671E-05
Simplicity2,ELECTRICITY,5680,2010,8.28647E-05
Simplicity2,ELECTRICITY,5681,2010,8.60224E-05
Simplicity2,ELECTRICITY,5682,2010,8.73082E-05
Simplicity2,ELECTRICITY,5683,2010,8.79918E-05
Simplicity2,ELECTRICITY,5684,2010,8.81546E-05
Simplicity2,ELECTRICITY,5685,2010,8.84476E-05
Simplicity2,ELECTRICITY,5686,2010,0.000115337
Simplicity2,ELECTRICITY,5687,2010,0.000112423
Simplicity2,ELECTRICITY,5688,2010,0.00010518
Simplicity2,ELECTRICITY,5689,2010,0.000104106
Simplicity2,ELECTRICITY,5690,2010,0.000101908
Simplicity2,ELECTRICITY,5691,2010,0.000101599
Simplicity2,ELECTRICITY,5692,2010,0.000100395
Simplicity2,ELECTRICITY,5693,2010,9.6293E-05
Simplicity2,ELECTRICITY,5694,2010,9.06938E-05
Simplicity2,ELECTRICITY,5695,2010,9.86368E-05
Simplicity2,ELECTRICITY,5696,2010,0.000103764
Simplicity2,ELECTRICITY,5697,2010,0.00010575
Simplicity2,ELECTRICITY,5698,2010,0.000104057
Simplicity2,ELECTRICITY,5699,2010,0.00010422
Simplicity2,ELECTRICITY,5700,2010,0.000110763
Simplicity2,ELECTRICITY,5701,2010,0.000112977
Simplicity2,ELECTRICITY,5702,2010,0.000113497
Simplicity2,ELECTRICITY,5703,2010,0.000108175
Simplicity2,ELECTRICITY,5704,2010,0.000106205
Simplicity2,ELECTRICITY,5705,2010,0.000112049
Simplicity2,ELECTRICITY,5706,2010,0.000108973
Simplicity2,ELECTRICITY,5707,2010,0.000105343
Simplicity2,ELECTRICITY,5708,2010,0.000105685
Simplicity2,ELECTRICITY,5709,2010,0.000108175
Simplicity2,ELECTRICITY,5710,2010,0.000103878
Simplicity2,ELECTRICITY,5711,2010,0.000111723
Simplicity2,ELECTRICITY,5712,2010,0.000102234
Simplicity2,ELECTRICITY,5713,2010,0.000103731
Simplicity2,ELECTRICITY,5714,2010,0.000104855
Simplicity2,ELECTRICITY,5715,2010,0.000105554
Simplicity2,ELECTRICITY,5716,2010,9.76928E-05
Simplicity2,ELECTRICITY,5717,2010,9.9532E-05
Simplicity2,ELECTRICITY,5718,2010,0.000101664
Simplicity2,ELECTRICITY,5719,2010,0.000111398
Simplicity2,ELECTRICITY,5720,2010,0.000116997
Simplicity2,ELECTRICITY,5721,2010,0.000120334
Simplicity2,ELECTRICITY,5722,2010,0.000118852
Simplicity2,ELECTRICITY,5723,2010,0.000119569
Simplicity2,ELECTRICITY,5724,2010,0.000121766
Simplicity2,ELECTRICITY,5725,2010,0.00012201
Simplicity2,ELECTRICITY,5726,2010,0.000117241
Simplicity2,ELECTRICITY,5727,2010,0.000115532
Simplicity2,ELECTRICITY,5728,2010,0.00011633
Simplicity2,ELECTRICITY,5729,2010,0.000119211
Simplicity2,ELECTRICITY,5730,2010,0.000121261
Simplicity2,ELECTRICITY,5731,2010,0.000116492
Simplicity2,ELECTRICITY,5732,2010,0.000121147
Simplicity2,ELECTRICITY,5733,2010,0.000122189
Simplicity2,ELECTRICITY,5734,2010,0.000108663
Simplicity2,ELECTRICITY,5735,2010,0.000105766
Simplicity2,ELECTRICITY,5736,2010,0.00010365
Simplicity2,ELECTRICITY,5737,2010,0.000103634
Simplicity2,ELECTRICITY,5738,2010,0.000103129
Simplicity2,ELECTRICITY,5739,2010,0.000102787
Simplicity2,ELECTRICITY,5740,2010,0.000102429
Simplicity2,ELECTRICITY,5741,2010,9.9646E-05
Simplicity2,ELECTRICITY,5742,2010,9.26307E-05
Simplicity2,ELECTRICITY,5743,2010,9.63906E-05
Simplicity2,ELECTRICITY,5744,2010,9.90112E-05
Simplicity2,ELECTRICITY,5745,2010,0.000105733
Simplicity2,ELECTRICITY,5746,2010,0.000107052
Simplicity2,ELECTRICITY,5747,2010,0.000107133
Simplicity2,ELECTRICITY,5748,2010,0.000108875
Simplicity2,ELECTRICITY,5749,2010,0.000109868
Simplicity2,ELECTRICITY,5750,2010,0.000112781
Simplicity2,ELECTRICITY,5751,2010,0.000120252
Simplicity2,ELECTRICITY,5752,2010,0.000122612
Simplicity2,ELECTRICITY,5753,2010,0.000123687
Simplicity2,ELECTRICITY,5754,2010,0.000120594
Simplicity2,ELECTRICITY,5755,2010,0.000115988
Simplicity2,ELECTRICITY,5756,2010,0.000114002
Simplicity2,ELECTRICITY,5757,2010,0.000114816
Simplicity2,ELECTRICITY,5758,2010,0.000120513
Simplicity2,ELECTRICITY,5759,2010,0.000116574
Simplicity2,ELECTRICITY,5760,2010,0.000109884
Simplicity2,ELECTRICITY,5761,2010,0.000108403
Simplicity2,ELECTRICITY,5762,2010,0.00010645
Simplicity2,ELECTRICITY,5763,2010,0.000106336
Simplicity2,ELECTRICITY,5764,2010,0.000105245
Simplicity2,ELECTRICITY,5765,2010,0.000105392
Simplicity2,ELECTRICITY,5766,2010,0.000106922
Simplicity2,ELECTRICITY,5767,2010,0.00011003
Simplicity2,ELECTRICITY,5768,2010,0.000110861
Simplicity2,ELECTRICITY,5769,2010,0.000114881
Simplicity2,ELECTRICITY,5770,2010,0.000119617
Simplicity2,ELECTRICITY,5771,2010,0.000120708
Simplicity2,ELECTRICITY,5772,2010,0.000119178
Simplicity2,ELECTRICITY,5773,2010,0.000116736
Simplicity2,ELECTRICITY,5774,2010,0.00011576
Simplicity2,ELECTRICITY,5775,2010,0.000114344
Simplicity2,ELECTRICITY,5776,2010,0.000113725
Simplicity2,ELECTRICITY,5777,2010,0.000116069
Simplicity2,ELECTRICITY,5778,2010,0.000117355
Simplicity2,ELECTRICITY,5779,2010,0.000119357
Simplicity2,ELECTRICITY,5780,2010,0.000116053
Simplicity2,ELECTRICITY,5781,2010,0.00011755
Simplicity2,ELECTRICITY,5782,2010,0.000119536
Simplicity2,ELECTRICITY,5783,2010,0.000117322
Simplicity2,ELECTRICITY,5784,2010,0.00011034
Simplicity2,ELECTRICITY,5785,2010,0.000109917
Simplicity2,ELECTRICITY,5786,2010,0.000107768
Simplicity2,ELECTRICITY,5787,2010,0.000104464
Simplicity2,ELECTRICITY,5788,2010,0.000101029
Simplicity2,ELECTRICITY,5789,2010,0.000101632
Simplicity2,ELECTRICITY,5790,2010,0.000105424
Simplicity2,ELECTRICITY,5791,2010,0.000119113
Simplicity2,ELECTRICITY,5792,2010,0.000124191
Simplicity2,ELECTRICITY,5793,2010,0.0001301
Simplicity2,ELECTRICITY,5794,2010,0.000136187
Simplicity2,ELECTRICITY,5795,2010,0.000138238
Simplicity2,ELECTRICITY,5796,2010,0.000140647
Simplicity2,ELECTRICITY,5797,2010,0.000137815
Simplicity2,ELECTRICITY,5798,2010,0.000136431
Simplicity2,ELECTRICITY,5799,2010,0.000138043
Simplicity2,ELECTRICITY,5800,2010,0.000138596
Simplicity2,ELECTRICITY,5801,2010,0.000138905
Simplicity2,ELECTRICITY,5802,2010,0.000135487
Simplicity2,ELECTRICITY,5803,2010,0.000134397
Simplicity2,ELECTRICITY,5804,2010,0.000136838
Simplicity2,ELECTRICITY,5805,2010,0.000135211
Simplicity2,ELECTRICITY,5806,2010,0.000126193
Simplicity2,ELECTRICITY,5807,2010,0.000114572
Simplicity2,ELECTRICITY,5808,2010,0.000106271
Simplicity2,ELECTRICITY,5809,2010,0.000108745
Simplicity2,ELECTRICITY,5810,2010,0.000108517
Simplicity2,ELECTRICITY,5811,2010,0.000104252
Simplicity2,ELECTRICITY,5812,2010,0.000102999
Simplicity2,ELECTRICITY,5813,2010,9.33306E-05
Simplicity2,ELECTRICITY,5814,2010,0.000107947
Simplicity2,ELECTRICITY,5815,2010,0.000119666
Simplicity2,ELECTRICITY,5816,2010,0.000128179
Simplicity2,ELECTRICITY,5817,2010,0.000130035
Simplicity2,ELECTRICITY,5818,2010,0.000137457
Simplicity2,ELECTRICITY,5819,2010,0.000140289
Simplicity2,ELECTRICITY,5820,2010,0.000141624
Simplicity2,ELECTRICITY,5821,2010,0.00014247
Simplicity2,ELECTRICITY,5822,2010,0.00014164
Simplicity2,ELECTRICITY,5823,2010,0.000140517
Simplicity2,ELECTRICITY,5824,2010,0.000142291
Simplicity2,ELECTRICITY,5825,2010,0.000144293
Simplicity2,ELECTRICITY,5826,2010,0.000142486
Simplicity2,ELECTRICITY,5827,2010,0.000140484
Simplicity2,ELECTRICITY,5828,2010,0.000137196
Simplicity2,ELECTRICITY,5829,2010,0.000128309
Simplicity2,ELECTRICITY,5830,2010,0.000103683
Simplicity2,ELECTRICITY,5831,2010,0.000103373
Simplicity2,ELECTRICITY,5832,2010,0.000100883
Simplicity2,ELECTRICITY,5833,2010,0.000101078
Simplicity2,ELECTRICITY,5834,2010,0.000106515
Simplicity2,ELECTRICITY,5835,2010,0.000108973
Simplicity2,ELECTRICITY,5836,2010,0.000103943
Simplicity2,ELECTRICITY,5837,2010,9.95157E-05
Simplicity2,ELECTRICITY,5838,2010,0.000105066
Simplicity2,ELECTRICITY,5839,2010,0.000113156
Simplicity2,ELECTRICITY,5840,2010,0.000117078
Simplicity2,ELECTRICITY,5841,2010,0.000117843
Simplicity2,ELECTRICITY,5842,2010,0.000118918
Simplicity2,ELECTRICITY,5843,2010,0.000120562
Simplicity2,ELECTRICITY,5844,2010,0.000126421
Simplicity2,ELECTRICITY,5845,2010,0.000134446
Simplicity2,ELECTRICITY,5846,2010,0.000127577
Simplicity2,ELECTRICITY,5847,2010,0.000122759
Simplicity2,ELECTRICITY,5848,2010,0.00012105
Simplicity2,ELECTRICITY,5849,2010,0.000123817
Simplicity2,ELECTRICITY,5850,2010,0.000123605
Simplicity2,ELECTRICITY,5851,2010,0.0001252
Simplicity2,ELECTRICITY,5852,2010,0.000133681
Simplicity2,ELECTRICITY,5853,2010,0.000127056
Simplicity2,ELECTRICITY,5854,2010,0.00010238
Simplicity2,ELECTRICITY,5855,2010,0.000102966
Simplicity2,ELECTRICITY,5856,2010,9.41282E-05
Simplicity2,ELECTRICITY,5857,2010,9.61302E-05
Simplicity2,ELECTRICITY,5858,2010,9.72045E-05
Simplicity2,ELECTRICITY,5859,2010,9.63743E-05
Simplicity2,ELECTRICITY,5860,2010,9.44049E-05
Simplicity2,ELECTRICITY,5861,2010,9.61627E-05
Simplicity2,ELECTRICITY,5862,2010,0.000101062
Simplicity2,ELECTRICITY,5863,2010,0.000110486
Simplicity2,ELECTRICITY,5864,2010,0.000116199
Simplicity2,ELECTRICITY,5865,2010,0.000118104
Simplicity2,ELECTRICITY,5866,2010,0.00011965
Simplicity2,ELECTRICITY,5867,2010,0.000122857
Simplicity2,ELECTRICITY,5868,2010,0.000126258
Simplicity2,ELECTRICITY,5869,2010,0.000130246
Simplicity2,ELECTRICITY,5870,2010,0.000111886
Simplicity2,ELECTRICITY,5871,2010,9.54791E-05
Simplicity2,ELECTRICITY,5872,2010,8.73408E-05
Simplicity2,ELECTRICITY,5873,2010,0.000103862
Simplicity2,ELECTRICITY,5874,2010,0.000113188
Simplicity2,ELECTRICITY,5875,2010,0.000118153
Simplicity2,ELECTRICITY,5876,2010,0.00012603
Simplicity2,ELECTRICITY,5877,2010,0.000122124
Simplicity2,ELECTRICITY,5878,2010,9.97762E-05
Simplicity2,ELECTRICITY,5879,2010,0.000100102
Simplicity2,ELECTRICITY,5880,2010,9.54466E-05
Simplicity2,ELECTRICITY,5881,2010,9.82299E-05
Simplicity2,ELECTRICITY,5882,2010,9.64069E-05
Simplicity2,ELECTRICITY,5883,2010,9.48606E-05
Simplicity2,ELECTRICITY,5884,2010,9.45025E-05
Simplicity2,ELECTRICITY,5885,2010,9.64557E-05
Simplicity2,ELECTRICITY,5886,2010,9.68464E-05
Simplicity2,ELECTRICITY,5887,2010,0.000105571
Simplicity2,ELECTRICITY,5888,2010,0.000112732
Simplicity2,ELECTRICITY,5889,2010,0.000114588
Simplicity2,ELECTRICITY,5890,2010,0.000114653
Simplicity2,ELECTRICITY,5891,2010,0.000115988
Simplicity2,ELECTRICITY,5892,2010,0.000113156
Simplicity2,ELECTRICITY,5893,2010,0.000111414
Simplicity2,ELECTRICITY,5894,2010,0.000102869
Simplicity2,ELECTRICITY,5895,2010,9.10193E-05
Simplicity2,ELECTRICITY,5896,2010,8.90661E-05
Simplicity2,ELECTRICITY,5897,2010,8.82034E-05
Simplicity2,ELECTRICITY,5898,2010,9.42747E-05
Simplicity2,ELECTRICITY,5899,2010,0.00010295
Simplicity2,ELECTRICITY,5900,2010,0.000102852
Simplicity2,ELECTRICITY,5901,2010,0.000110568
Simplicity2,ELECTRICITY,5902,2010,9.29562E-05
Simplicity2,ELECTRICITY,5903,2010,9.294E-05
Simplicity2,ELECTRICITY,5904,2010,8.73408E-05
Simplicity2,ELECTRICITY,5905,2010,9.71882E-05
Simplicity2,ELECTRICITY,5906,2010,0.000103032
Simplicity2,ELECTRICITY,5907,2010,0.00010562
Simplicity2,ELECTRICITY,5908,2010,0.000104513
Simplicity2,ELECTRICITY,5909,2010,0.000105066
Simplicity2,ELECTRICITY,5910,2010,0.000109363
Simplicity2,ELECTRICITY,5911,2010,0.00011213
Simplicity2,ELECTRICITY,5912,2010,0.000112651
Simplicity2,ELECTRICITY,5913,2010,0.000111186
Simplicity2,ELECTRICITY,5914,2010,0.000113383
Simplicity2,ELECTRICITY,5915,2010,0.000111723
Simplicity2,ELECTRICITY,5916,2010,0.000109265
Simplicity2,ELECTRICITY,5917,2010,0.00010492
Simplicity2,ELECTRICITY,5918,2010,9.97925E-05
Simplicity2,ELECTRICITY,5919,2010,9.37701E-05
Simplicity2,ELECTRICITY,5920,2010,8.94893E-05
Simplicity2,ELECTRICITY,5921,2010,9.38677E-05
Simplicity2,ELECTRICITY,5922,2010,9.94995E-05
Simplicity2,ELECTRICITY,5923,2010,0.000101339
Simplicity2,ELECTRICITY,5924,2010,0.000102722
Simplicity2,ELECTRICITY,5925,2010,0.000107475
Simplicity2,ELECTRICITY,5926,2010,9.36236E-05
Simplicity2,ELECTRICITY,5927,2010,9.50885E-05
Simplicity2,ELECTRICITY,5928,2010,8.98474E-05
Simplicity2,ELECTRICITY,5929,2010,0.000105115
Simplicity2,ELECTRICITY,5930,2010,0.000106417
Simplicity2,ELECTRICITY,5931,2010,0.000104806
Simplicity2,ELECTRICITY,5932,2010,0.000104675
Simplicity2,ELECTRICITY,5933,2010,0.000106564
Simplicity2,ELECTRICITY,5934,2010,0.000108891
Simplicity2,ELECTRICITY,5935,2010,0.000107556
Simplicity2,ELECTRICITY,5936,2010,0.000111414
Simplicity2,ELECTRICITY,5937,2010,0.000114035
Simplicity2,ELECTRICITY,5938,2010,0.000114637
Simplicity2,ELECTRICITY,5939,2010,0.000107524
Simplicity2,ELECTRICITY,5940,2010,0.000109038
Simplicity2,ELECTRICITY,5941,2010,0.000104187
Simplicity2,ELECTRICITY,5942,2010,0.000102706
Simplicity2,ELECTRICITY,5943,2010,0.000103243
Simplicity2,ELECTRICITY,5944,2010,0.000105766
Simplicity2,ELECTRICITY,5945,2010,0.000111121
Simplicity2,ELECTRICITY,5946,2010,0.000109754
Simplicity2,ELECTRICITY,5947,2010,0.000110909
Simplicity2,ELECTRICITY,5948,2010,0.000112667
Simplicity2,ELECTRICITY,5949,2010,0.000112814
Simplicity2,ELECTRICITY,5950,2010,0.000114962
Simplicity2,ELECTRICITY,5951,2010,0.000105001
Simplicity2,ELECTRICITY,5952,2010,9.71719E-05
Simplicity2,ELECTRICITY,5953,2010,0.000104415
Simplicity2,ELECTRICITY,5954,2010,0.000103601
Simplicity2,ELECTRICITY,5955,2010,0.000104415
Simplicity2,ELECTRICITY,5956,2010,0.000107508
Simplicity2,ELECTRICITY,5957,2010,0.000109591
Simplicity2,ELECTRICITY,5958,2010,0.000109803
Simplicity2,ELECTRICITY,5959,2010,0.000107801
Simplicity2,ELECTRICITY,5960,2010,0.000107198
Simplicity2,ELECTRICITY,5961,2010,0.000110112
Simplicity2,ELECTRICITY,5962,2010,0.000109021
Simplicity2,ELECTRICITY,5963,2010,0.000112146
Simplicity2,ELECTRICITY,5964,2010,0.000108403
Simplicity2,ELECTRICITY,5965,2010,0.000105717
Simplicity2,ELECTRICITY,5966,2010,9.93693E-05
Simplicity2,ELECTRICITY,5967,2010,9.9239E-05
Simplicity2,ELECTRICITY,5968,2010,9.46816E-05
Simplicity2,ELECTRICITY,5969,2010,0.00010033
Simplicity2,ELECTRICITY,5970,2010,0.000103797
Simplicity2,ELECTRICITY,5971,2010,0.00010391
Simplicity2,ELECTRICITY,5972,2010,0.000106759
Simplicity2,ELECTRICITY,5973,2010,0.000108403
Simplicity2,ELECTRICITY,5974,2010,0.000111202
Simplicity2,ELECTRICITY,5975,2010,0.000105652
Simplicity2,ELECTRICITY,5976,2010,9.94995E-05
Simplicity2,ELECTRICITY,5977,2010,0.000102543
Simplicity2,ELECTRICITY,5978,2010,0.000102592
Simplicity2,ELECTRICITY,5979,2010,0.000103145
Simplicity2,ELECTRICITY,5980,2010,9.9825E-05
Simplicity2,ELECTRICITY,5981,2010,9.88972E-05
Simplicity2,ELECTRICITY,5982,2010,0.000113563
Simplicity2,ELECTRICITY,5983,2010,0.00012647
Simplicity2,ELECTRICITY,5984,2010,0.000131255
Simplicity2,ELECTRICITY,5985,2010,0.00013355
Simplicity2,ELECTRICITY,5986,2010,0.000130181
Simplicity2,ELECTRICITY,5987,2010,0.00013744
Simplicity2,ELECTRICITY,5988,2010,0.000136757
Simplicity2,ELECTRICITY,5989,2010,0.000133794
Simplicity2,ELECTRICITY,5990,2010,0.000135894
Simplicity2,ELECTRICITY,5991,2010,0.000135064
Simplicity2,ELECTRICITY,5992,2010,0.00014107
Simplicity2,ELECTRICITY,5993,2010,0.000141445
Simplicity2,ELECTRICITY,5994,2010,0.000138026
Simplicity2,ELECTRICITY,5995,2010,0.000135194
Simplicity2,ELECTRICITY,5996,2010,0.000138661
Simplicity2,ELECTRICITY,5997,2010,0.000134739
Simplicity2,ELECTRICITY,5998,2010,0.000116932
Simplicity2,ELECTRICITY,5999,2010,0.000108696
Simplicity2,ELECTRICITY,6000,2010,0.00010728
Simplicity2,ELECTRICITY,6001,2010,0.00010798
Simplicity2,ELECTRICITY,6002,2010,0.000105978
Simplicity2,ELECTRICITY,6003,2010,0.000104789
Simplicity2,ELECTRICITY,6004,2010,0.00010269
Simplicity2,ELECTRICITY,6005,2010,0.000103162
Simplicity2,ELECTRICITY,6006,2010,0.000117925
Simplicity2,ELECTRICITY,6007,2010,0.000127186
Simplicity2,ELECTRICITY,6008,2010,0.000134869
Simplicity2,ELECTRICITY,6009,2010,0.000136366
Simplicity2,ELECTRICITY,6010,2010,0.000138889
Simplicity2,ELECTRICITY,6011,2010,0.000139003
Simplicity2,ELECTRICITY,6012,2010,0.000139915
Simplicity2,ELECTRICITY,6013,2010,0.000139215
Simplicity2,ELECTRICITY,6014,2010,0.000138108
Simplicity2,ELECTRICITY,6015,2010,0.000137847
Simplicity2,ELECTRICITY,6016,2010,0.000138092
Simplicity2,ELECTRICITY,6017,2010,0.000138287
Simplicity2,ELECTRICITY,6018,2010,0.000136773
Simplicity2,ELECTRICITY,6019,2010,0.000138303
Simplicity2,ELECTRICITY,6020,2010,0.00013998
Simplicity2,ELECTRICITY,6021,2010,0.000132655
Simplicity2,ELECTRICITY,6022,2010,0.00012245
Simplicity2,ELECTRICITY,6023,2010,0.000113628
Simplicity2,ELECTRICITY,6024,2010,0.000107508
Simplicity2,ELECTRICITY,6025,2010,0.000106612
Simplicity2,ELECTRICITY,6026,2010,0.000107345
Simplicity2,ELECTRICITY,6027,2010,0.000107426
Simplicity2,ELECTRICITY,6028,2010,0.000108452
Simplicity2,ELECTRICITY,6029,2010,0.000110096
Simplicity2,ELECTRICITY,6030,2010,0.000117957
Simplicity2,ELECTRICITY,6031,2010,0.000128537
Simplicity2,ELECTRICITY,6032,2010,0.000137733
Simplicity2,ELECTRICITY,6033,2010,0.000138075
Simplicity2,ELECTRICITY,6034,2010,0.000138857
Simplicity2,ELECTRICITY,6035,2010,0.000138092
Simplicity2,ELECTRICITY,6036,2010,0.00013775
Simplicity2,ELECTRICITY,6037,2010,0.000137278
Simplicity2,ELECTRICITY,6038,2010,0.000136838
Simplicity2,ELECTRICITY,6039,2010,0.000136936
Simplicity2,ELECTRICITY,6040,2010,0.000137392
Simplicity2,ELECTRICITY,6041,2010,0.000139182
Simplicity2,ELECTRICITY,6042,2010,0.000138238
Simplicity2,ELECTRICITY,6043,2010,0.000139329
Simplicity2,ELECTRICITY,6044,2010,0.000140614
Simplicity2,ELECTRICITY,6045,2010,0.000135797
Simplicity2,ELECTRICITY,6046,2010,0.000128163
Simplicity2,ELECTRICITY,6047,2010,0.000119373
Simplicity2,ELECTRICITY,6048,2010,0.00010588
Simplicity2,ELECTRICITY,6049,2010,0.000107784
Simplicity2,ELECTRICITY,6050,2010,0.000108468
Simplicity2,ELECTRICITY,6051,2010,0.000108256
Simplicity2,ELECTRICITY,6052,2010,0.000109038
Simplicity2,ELECTRICITY,6053,2010,0.000110323
Simplicity2,ELECTRICITY,6054,2010,0.000122287
Simplicity2,ELECTRICITY,6055,2010,0.00013163
Simplicity2,ELECTRICITY,6056,2010,0.000136513
Simplicity2,ELECTRICITY,6057,2010,0.00013845
Simplicity2,ELECTRICITY,6058,2010,0.00014037
Simplicity2,ELECTRICITY,6059,2010,0.000139491
Simplicity2,ELECTRICITY,6060,2010,0.000139312
Simplicity2,ELECTRICITY,6061,2010,0.000138092
Simplicity2,ELECTRICITY,6062,2010,0.000137001
Simplicity2,ELECTRICITY,6063,2010,0.000138791
Simplicity2,ELECTRICITY,6064,2010,0.000132623
Simplicity2,ELECTRICITY,6065,2010,0.000138482
Simplicity2,ELECTRICITY,6066,2010,0.000137766
Simplicity2,ELECTRICITY,6067,2010,0.00013718
Simplicity2,ELECTRICITY,6068,2010,0.000135015
Simplicity2,ELECTRICITY,6069,2010,0.000128911
Simplicity2,ELECTRICITY,6070,2010,0.000112033
Simplicity2,ELECTRICITY,6071,2010,0.000108745
Simplicity2,ELECTRICITY,6072,2010,0.000100932
Simplicity2,ELECTRICITY,6073,2010,0.000102641
Simplicity2,ELECTRICITY,6074,2010,0.000100964
Simplicity2,ELECTRICITY,6075,2010,0.000101762
Simplicity2,ELECTRICITY,6076,2010,0.000101615
Simplicity2,ELECTRICITY,6077,2010,0.000102006
Simplicity2,ELECTRICITY,6078,2010,0.000107589
Simplicity2,ELECTRICITY,6079,2010,0.000109998
Simplicity2,ELECTRICITY,6080,2010,0.000118136
Simplicity2,ELECTRICITY,6081,2010,0.000121229
Simplicity2,ELECTRICITY,6082,2010,0.000124175
Simplicity2,ELECTRICITY,6083,2010,0.000125021
Simplicity2,ELECTRICITY,6084,2010,0.00012621
Simplicity2,ELECTRICITY,6085,2010,0.000122515
Simplicity2,ELECTRICITY,6086,2010,0.000121392
Simplicity2,ELECTRICITY,6087,2010,0.000119357
Simplicity2,ELECTRICITY,6088,2010,0.000120903
Simplicity2,ELECTRICITY,6089,2010,0.000121213
Simplicity2,ELECTRICITY,6090,2010,0.000126698
Simplicity2,ELECTRICITY,6091,2010,0.000123231
Simplicity2,ELECTRICITY,6092,2010,0.000121131
Simplicity2,ELECTRICITY,6093,2010,0.000121489
Simplicity2,ELECTRICITY,6094,2010,0.000103715
Simplicity2,ELECTRICITY,6095,2010,0.000104708
Simplicity2,ELECTRICITY,6096,2010,0.000104155
Simplicity2,ELECTRICITY,6097,2010,0.000107915
Simplicity2,ELECTRICITY,6098,2010,0.000105115
Simplicity2,ELECTRICITY,6099,2010,0.000107084
Simplicity2,ELECTRICITY,6100,2010,0.000105929
Simplicity2,ELECTRICITY,6101,2010,0.000105099
Simplicity2,ELECTRICITY,6102,2010,0.000109428
Simplicity2,ELECTRICITY,6103,2010,0.000112472
Simplicity2,ELECTRICITY,6104,2010,0.000117567
Simplicity2,ELECTRICITY,6105,2010,0.000119959
Simplicity2,ELECTRICITY,6106,2010,0.000120366
Simplicity2,ELECTRICITY,6107,2010,0.00012162
Simplicity2,ELECTRICITY,6108,2010,0.000116004
Simplicity2,ELECTRICITY,6109,2010,0.000112602
Simplicity2,ELECTRICITY,6110,2010,0.000108989
Simplicity2,ELECTRICITY,6111,2010,0.000102885
Simplicity2,ELECTRICITY,6112,2010,0.000101697
Simplicity2,ELECTRICITY,6113,2010,0.000103845
Simplicity2,ELECTRICITY,6114,2010,0.000107117
Simplicity2,ELECTRICITY,6115,2010,0.000103487
Simplicity2,ELECTRICITY,6116,2010,0.000107117
Simplicity2,ELECTRICITY,6117,2010,0.000115451
Simplicity2,ELECTRICITY,6118,2010,0.000108777
Simplicity2,ELECTRICITY,6119,2010,0.000108289
Simplicity2,ELECTRICITY,6120,2010,0.000107329
Simplicity2,ELECTRICITY,6121,2010,0.000105733
Simplicity2,ELECTRICITY,6122,2010,0.000105261
Simplicity2,ELECTRICITY,6123,2010,0.000105066
Simplicity2,ELECTRICITY,6124,2010,0.000104871
Simplicity2,ELECTRICITY,6125,2010,0.000104806
Simplicity2,ELECTRICITY,6126,2010,0.000116639
Simplicity2,ELECTRICITY,6127,2010,0.000129839
Simplicity2,ELECTRICITY,6128,2010,0.000135178
Simplicity2,ELECTRICITY,6129,2010,0.000135797
Simplicity2,ELECTRICITY,6130,2010,0.000135259
Simplicity2,ELECTRICITY,6131,2010,0.000135829
Simplicity2,ELECTRICITY,6132,2010,0.000134315
Simplicity2,ELECTRICITY,6133,2010,0.000127756
Simplicity2,ELECTRICITY,6134,2010,0.000123345
Simplicity2,ELECTRICITY,6135,2010,0.00012035
Simplicity2,ELECTRICITY,6136,2010,0.000122352
Simplicity2,ELECTRICITY,6137,2010,0.000127902
Simplicity2,ELECTRICITY,6138,2010,0.000128098
Simplicity2,ELECTRICITY,6139,2010,0.000124859
Simplicity2,ELECTRICITY,6140,2010,0.000128472
Simplicity2,ELECTRICITY,6141,2010,0.000130783
Simplicity2,ELECTRICITY,6142,2010,0.000117225
Simplicity2,ELECTRICITY,6143,2010,0.000114344
Simplicity2,ELECTRICITY,6144,2010,0.000105001
Simplicity2,ELECTRICITY,6145,2010,0.000105082
Simplicity2,ELECTRICITY,6146,2010,0.000106303
Simplicity2,ELECTRICITY,6147,2010,0.000104985
Simplicity2,ELECTRICITY,6148,2010,0.00010409
Simplicity2,ELECTRICITY,6149,2010,0.000102852
Simplicity2,ELECTRICITY,6150,2010,9.96785E-05
Simplicity2,ELECTRICITY,6151,2010,0.000107898
Simplicity2,ELECTRICITY,6152,2010,0.000112618
Simplicity2,ELECTRICITY,6153,2010,0.000113937
Simplicity2,ELECTRICITY,6154,2010,0.000122661
Simplicity2,ELECTRICITY,6155,2010,0.00012061
Simplicity2,ELECTRICITY,6156,2010,0.000112358
Simplicity2,ELECTRICITY,6157,2010,0.000123019
Simplicity2,ELECTRICITY,6158,2010,0.000122596
Simplicity2,ELECTRICITY,6159,2010,0.000124045
Simplicity2,ELECTRICITY,6160,2010,0.000124452
Simplicity2,ELECTRICITY,6161,2010,0.000127284
Simplicity2,ELECTRICITY,6162,2010,0.000125917
Simplicity2,ELECTRICITY,6163,2010,0.000121115
Simplicity2,ELECTRICITY,6164,2010,0.000124208
Simplicity2,ELECTRICITY,6165,2010,0.000124028
Simplicity2,ELECTRICITY,6166,2010,0.000114376
Simplicity2,ELECTRICITY,6167,2010,0.000107605
Simplicity2,ELECTRICITY,6168,2010,0.000107426
Simplicity2,ELECTRICITY,6169,2010,0.000107394
Simplicity2,ELECTRICITY,6170,2010,0.000106026
Simplicity2,ELECTRICITY,6171,2010,0.000105994
Simplicity2,ELECTRICITY,6172,2010,0.000104692
Simplicity2,ELECTRICITY,6173,2010,0.000105782
Simplicity2,ELECTRICITY,6174,2010,0.000110698
Simplicity2,ELECTRICITY,6175,2010,0.000119813
Simplicity2,ELECTRICITY,6176,2010,0.000122254
Simplicity2,ELECTRICITY,6177,2010,0.000124175
Simplicity2,ELECTRICITY,6178,2010,0.000127495
Simplicity2,ELECTRICITY,6179,2010,0.000136496
Simplicity2,ELECTRICITY,6180,2010,0.00013692
Simplicity2,ELECTRICITY,6181,2010,0.000121457
Simplicity2,ELECTRICITY,6182,2010,0.000123019
Simplicity2,ELECTRICITY,6183,2010,0.000127316
Simplicity2,ELECTRICITY,6184,2010,0.000131125
Simplicity2,ELECTRICITY,6185,2010,0.000134429
Simplicity2,ELECTRICITY,6186,2010,0.000136008
Simplicity2,ELECTRICITY,6187,2010,0.000139638
Simplicity2,ELECTRICITY,6188,2010,0.000135032
Simplicity2,ELECTRICITY,6189,2010,0.000130507
Simplicity2,ELECTRICITY,6190,2010,0.000129514
Simplicity2,ELECTRICITY,6191,2010,0.00012201
Simplicity2,ELECTRICITY,6192,2010,0.000112081
Simplicity2,ELECTRICITY,6193,2010,0.000109331
Simplicity2,ELECTRICITY,6194,2010,0.000107654
Simplicity2,ELECTRICITY,6195,2010,0.000107394
Simplicity2,ELECTRICITY,6196,2010,0.000105473
Simplicity2,ELECTRICITY,6197,2010,0.000106987
Simplicity2,ELECTRICITY,6198,2010,0.000100378
Simplicity2,ELECTRICITY,6199,2010,0.000113465
Simplicity2,ELECTRICITY,6200,2010,0.00011519
Simplicity2,ELECTRICITY,6201,2010,0.000116102
Simplicity2,ELECTRICITY,6202,2010,0.000117827
Simplicity2,ELECTRICITY,6203,2010,0.000120968
Simplicity2,ELECTRICITY,6204,2010,0.000121473
Simplicity2,ELECTRICITY,6205,2010,0.000127186
Simplicity2,ELECTRICITY,6206,2010,0.00012188
Simplicity2,ELECTRICITY,6207,2010,0.000118592
Simplicity2,ELECTRICITY,6208,2010,0.000119813
Simplicity2,ELECTRICITY,6209,2010,0.000128716
Simplicity2,ELECTRICITY,6210,2010,0.000130783
Simplicity2,ELECTRICITY,6211,2010,0.000131581
Simplicity2,ELECTRICITY,6212,2010,0.000131011
Simplicity2,ELECTRICITY,6213,2010,0.000120024
Simplicity2,ELECTRICITY,6214,2010,0.00012813
Simplicity2,ELECTRICITY,6215,2010,0.000122303
Simplicity2,ELECTRICITY,6216,2010,0.000111561
Simplicity2,ELECTRICITY,6217,2010,0.000109054
Simplicity2,ELECTRICITY,6218,2010,0.000107394
Simplicity2,ELECTRICITY,6219,2010,0.000107215
Simplicity2,ELECTRICITY,6220,2010,0.000106645
Simplicity2,ELECTRICITY,6221,2010,0.000107622
Simplicity2,ELECTRICITY,6222,2010,0.000117502
Simplicity2,ELECTRICITY,6223,2010,0.000125282
Simplicity2,ELECTRICITY,6224,2010,0.00013316
Simplicity2,ELECTRICITY,6225,2010,0.000133013
Simplicity2,ELECTRICITY,6226,2010,0.000138173
Simplicity2,ELECTRICITY,6227,2010,0.000139263
Simplicity2,ELECTRICITY,6228,2010,0.000136838
Simplicity2,ELECTRICITY,6229,2010,0.000138271
Simplicity2,ELECTRICITY,6230,2010,0.000137864
Simplicity2,ELECTRICITY,6231,2010,0.000134104
Simplicity2,ELECTRICITY,6232,2010,0.000135129
Simplicity2,ELECTRICITY,6233,2010,0.000136122
Simplicity2,ELECTRICITY,6234,2010,0.000136122
Simplicity2,ELECTRICITY,6235,2010,0.000136203
Simplicity2,ELECTRICITY,6236,2010,0.000139117
Simplicity2,ELECTRICITY,6237,2010,0.000132102
Simplicity2,ELECTRICITY,6238,2010,0.000122482
Simplicity2,ELECTRICITY,6239,2010,0.000121603
Simplicity2,ELECTRICITY,6240,2010,0.000112
Simplicity2,ELECTRICITY,6241,2010,0.000108842
Simplicity2,ELECTRICITY,6242,2010,0.000108224
Simplicity2,ELECTRICITY,6243,2010,0.000107231
Simplicity2,ELECTRICITY,6244,2010,0.000107068
Simplicity2,ELECTRICITY,6245,2010,0.000107443
Simplicity2,ELECTRICITY,6246,2010,0.000111691
Simplicity2,ELECTRICITY,6247,2010,0.000116167
Simplicity2,ELECTRICITY,6248,2010,0.000120773
Simplicity2,ELECTRICITY,6249,2010,0.0001273
Simplicity2,ELECTRICITY,6250,2010,0.000133404
Simplicity2,ELECTRICITY,6251,2010,0.000135032
Simplicity2,ELECTRICITY,6252,2010,0.000134787
Simplicity2,ELECTRICITY,6253,2010,0.000135406
Simplicity2,ELECTRICITY,6254,2010,0.000134983
Simplicity2,ELECTRICITY,6255,2010,0.000134364
Simplicity2,ELECTRICITY,6256,2010,0.00013202
Simplicity2,ELECTRICITY,6257,2010,0.00013399
Simplicity2,ELECTRICITY,6258,2010,0.000132639
Simplicity2,ELECTRICITY,6259,2010,0.000132785
Simplicity2,ELECTRICITY,6260,2010,0.00013093
Simplicity2,ELECTRICITY,6261,2010,0.000126226
Simplicity2,ELECTRICITY,6262,2010,0.000115451
Simplicity2,ELECTRICITY,6263,2010,0.000111251
Simplicity2,ELECTRICITY,6264,2010,0.000108566
Simplicity2,ELECTRICITY,6265,2010,0.000108468
Simplicity2,ELECTRICITY,6266,2010,0.000106498
Simplicity2,ELECTRICITY,6267,2010,0.000104741
Simplicity2,ELECTRICITY,6268,2010,0.000105017
Simplicity2,ELECTRICITY,6269,2010,0.000105587
Simplicity2,ELECTRICITY,6270,2010,0.00011226
Simplicity2,ELECTRICITY,6271,2010,0.000114588
Simplicity2,ELECTRICITY,6272,2010,0.000121457
Simplicity2,ELECTRICITY,6273,2010,0.000126275
Simplicity2,ELECTRICITY,6274,2010,0.000127967
Simplicity2,ELECTRICITY,6275,2010,0.000129318
Simplicity2,ELECTRICITY,6276,2010,0.000127707
Simplicity2,ELECTRICITY,6277,2010,0.000123719
Simplicity2,ELECTRICITY,6278,2010,0.000120024
Simplicity2,ELECTRICITY,6279,2010,0.000114897
Simplicity2,ELECTRICITY,6280,2010,0.00010728
Simplicity2,ELECTRICITY,6281,2010,0.000125445
Simplicity2,ELECTRICITY,6282,2010,0.000125786
Simplicity2,ELECTRICITY,6283,2010,0.000116509
Simplicity2,ELECTRICITY,6284,2010,0.000121229
Simplicity2,ELECTRICITY,6285,2010,0.0001273
Simplicity2,ELECTRICITY,6286,2010,0.000118804
Simplicity2,ELECTRICITY,6287,2010,0.000114816
Simplicity2,ELECTRICITY,6288,2010,0.00010715
Simplicity2,ELECTRICITY,6289,2010,0.000106043
Simplicity2,ELECTRICITY,6290,2010,0.000104203
Simplicity2,ELECTRICITY,6291,2010,0.00010339
Simplicity2,ELECTRICITY,6292,2010,0.000104431
Simplicity2,ELECTRICITY,6293,2010,0.000109233
Simplicity2,ELECTRICITY,6294,2010,0.000120334
Simplicity2,ELECTRICITY,6295,2010,0.000127821
Simplicity2,ELECTRICITY,6296,2010,0.000133567
Simplicity2,ELECTRICITY,6297,2010,0.000132492
Simplicity2,ELECTRICITY,6298,2010,0.000135666
Simplicity2,ELECTRICITY,6299,2010,0.000137359
Simplicity2,ELECTRICITY,6300,2010,0.000133599
Simplicity2,ELECTRICITY,6301,2010,0.000128326
Simplicity2,ELECTRICITY,6302,2010,0.000129188
Simplicity2,ELECTRICITY,6303,2010,0.000128423
Simplicity2,ELECTRICITY,6304,2010,0.000134169
Simplicity2,ELECTRICITY,6305,2010,0.000133746
Simplicity2,ELECTRICITY,6306,2010,0.000133127
Simplicity2,ELECTRICITY,6307,2010,0.000136562
Simplicity2,ELECTRICITY,6308,2010,0.000138824
Simplicity2,ELECTRICITY,6309,2010,0.000133404
Simplicity2,ELECTRICITY,6310,2010,0.000126356
Simplicity2,ELECTRICITY,6311,2010,0.000113969
Simplicity2,ELECTRICITY,6312,2010,0.000108468
Simplicity2,ELECTRICITY,6313,2010,0.000106092
Simplicity2,ELECTRICITY,6314,2010,0.000103862
Simplicity2,ELECTRICITY,6315,2010,0.00010339
Simplicity2,ELECTRICITY,6316,2010,0.000103862
Simplicity2,ELECTRICITY,6317,2010,0.000106205
Simplicity2,ELECTRICITY,6318,2010,0.000117615
Simplicity2,ELECTRICITY,6319,2010,0.000128293
Simplicity2,ELECTRICITY,6320,2010,0.000133436
Simplicity2,ELECTRICITY,6321,2010,0.000132085
Simplicity2,ELECTRICITY,6322,2010,0.000137782
Simplicity2,ELECTRICITY,6323,2010,0.000137392
Simplicity2,ELECTRICITY,6324,2010,0.000136643
Simplicity2,ELECTRICITY,6325,2010,0.000136122
Simplicity2,ELECTRICITY,6326,2010,0.000135471
Simplicity2,ELECTRICITY,6327,2010,0.000134918
Simplicity2,ELECTRICITY,6328,2010,0.000136057
Simplicity2,ELECTRICITY,6329,2010,0.000136545
Simplicity2,ELECTRICITY,6330,2010,0.000136334
Simplicity2,ELECTRICITY,6331,2010,0.000139719
Simplicity2,ELECTRICITY,6332,2010,0.000136903
Simplicity2,ELECTRICITY,6333,2010,0.000131727
Simplicity2,ELECTRICITY,6334,2010,0.000120968
Simplicity2,ELECTRICITY,6335,2010,0.000117339
Simplicity2,ELECTRICITY,6336,2010,0.000110144
Simplicity2,ELECTRICITY,6337,2010,0.000108273
Simplicity2,ELECTRICITY,6338,2010,0.000107687
Simplicity2,ELECTRICITY,6339,2010,0.000107475
Simplicity2,ELECTRICITY,6340,2010,0.000107019
Simplicity2,ELECTRICITY,6341,2010,0.000108224
Simplicity2,ELECTRICITY,6342,2010,0.000121082
Simplicity2,ELECTRICITY,6343,2010,0.000130295
Simplicity2,ELECTRICITY,6344,2010,0.000135113
Simplicity2,ELECTRICITY,6345,2010,0.000136041
Simplicity2,ELECTRICITY,6346,2010,0.000138319
Simplicity2,ELECTRICITY,6347,2010,0.000138482
Simplicity2,ELECTRICITY,6348,2010,0.000139117
Simplicity2,ELECTRICITY,6349,2010,0.000138124
Simplicity2,ELECTRICITY,6350,2010,0.000138401
Simplicity2,ELECTRICITY,6351,2010,0.000136887
Simplicity2,ELECTRICITY,6352,2010,0.000138124
Simplicity2,ELECTRICITY,6353,2010,0.000138043
Simplicity2,ELECTRICITY,6354,2010,0.000136871
Simplicity2,ELECTRICITY,6355,2010,0.000139052
Simplicity2,ELECTRICITY,6356,2010,0.000136382
Simplicity2,ELECTRICITY,6357,2010,0.000136855
Simplicity2,ELECTRICITY,6358,2010,0.000122352
Simplicity2,ELECTRICITY,6359,2010,0.000116688
Simplicity2,ELECTRICITY,6360,2010,0.000110698
Simplicity2,ELECTRICITY,6361,2010,0.000107882
Simplicity2,ELECTRICITY,6362,2010,0.000105685
Simplicity2,ELECTRICITY,6363,2010,0.000104741
Simplicity2,ELECTRICITY,6364,2010,0.000105636
Simplicity2,ELECTRICITY,6365,2010,0.000108338
Simplicity2,ELECTRICITY,6366,2010,0.000119243
Simplicity2,ELECTRICITY,6367,2010,0.000128439
Simplicity2,ELECTRICITY,6368,2010,0.000132378
Simplicity2,ELECTRICITY,6369,2010,0.000134299
Simplicity2,ELECTRICITY,6370,2010,0.000138629
Simplicity2,ELECTRICITY,6371,2010,0.000140028
Simplicity2,ELECTRICITY,6372,2010,0.000141396
Simplicity2,ELECTRICITY,6373,2010,0.000140761
Simplicity2,ELECTRICITY,6374,2010,0.000139508
Simplicity2,ELECTRICITY,6375,2010,0.000139394
Simplicity2,ELECTRICITY,6376,2010,0.000142014
Simplicity2,ELECTRICITY,6377,2010,0.000145432
Simplicity2,ELECTRICITY,6378,2010,0.000146344
Simplicity2,ELECTRICITY,6379,2010,0.000141819
Simplicity2,ELECTRICITY,6380,2010,0.00014374
Simplicity2,ELECTRICITY,6381,2010,0.000138531
Simplicity2,ELECTRICITY,6382,2010,0.000116606
Simplicity2,ELECTRICITY,6383,2010,0.000117469
Simplicity2,ELECTRICITY,6384,2010,0.000110551
Simplicity2,ELECTRICITY,6385,2010,0.000110177
Simplicity2,ELECTRICITY,6386,2010,0.00010741
Simplicity2,ELECTRICITY,6387,2010,0.000106059
Simplicity2,ELECTRICITY,6388,2010,0.000104513
Simplicity2,ELECTRICITY,6389,2010,0.000105685
Simplicity2,ELECTRICITY,6390,2010,0.000116492
Simplicity2,ELECTRICITY,6391,2010,0.000127723
Simplicity2,ELECTRICITY,6392,2010,0.000134218
Simplicity2,ELECTRICITY,6393,2010,0.000137001
Simplicity2,ELECTRICITY,6394,2010,0.000140761
Simplicity2,ELECTRICITY,6395,2010,0.000139703
Simplicity2,ELECTRICITY,6396,2010,0.000140614
Simplicity2,ELECTRICITY,6397,2010,0.000137978
Simplicity2,ELECTRICITY,6398,2010,0.000132704
Simplicity2,ELECTRICITY,6399,2010,0.000128098
Simplicity2,ELECTRICITY,6400,2010,0.000130035
Simplicity2,ELECTRICITY,6401,2010,0.000133209
Simplicity2,ELECTRICITY,6402,2010,0.000140142
Simplicity2,ELECTRICITY,6403,2010,0.000136089
Simplicity2,ELECTRICITY,6404,2010,0.000142389
Simplicity2,ELECTRICITY,6405,2010,0.000134315
Simplicity2,ELECTRICITY,6406,2010,0.000112016
Simplicity2,ELECTRICITY,6407,2010,0.000112472
Simplicity2,ELECTRICITY,6408,2010,0.000110649
Simplicity2,ELECTRICITY,6409,2010,0.000104968
Simplicity2,ELECTRICITY,6410,2010,0.000104871
Simplicity2,ELECTRICITY,6411,2010,0.000104578
Simplicity2,ELECTRICITY,6412,2010,0.000104024
Simplicity2,ELECTRICITY,6413,2010,0.000106059
Simplicity2,ELECTRICITY,6414,2010,0.000108142
Simplicity2,ELECTRICITY,6415,2010,0.000109054
Simplicity2,ELECTRICITY,6416,2010,0.000114637
Simplicity2,ELECTRICITY,6417,2010,0.000122645
Simplicity2,ELECTRICITY,6418,2010,0.000127821
Simplicity2,ELECTRICITY,6419,2010,0.000128895
Simplicity2,ELECTRICITY,6420,2010,0.000129497
Simplicity2,ELECTRICITY,6421,2010,0.000125054
Simplicity2,ELECTRICITY,6422,2010,0.000117925
Simplicity2,ELECTRICITY,6423,2010,0.000115255
Simplicity2,ELECTRICITY,6424,2010,0.000116313
Simplicity2,ELECTRICITY,6425,2010,0.000120089
Simplicity2,ELECTRICITY,6426,2010,0.000127967
Simplicity2,ELECTRICITY,6427,2010,0.000124761
Simplicity2,ELECTRICITY,6428,2010,0.000128163
Simplicity2,ELECTRICITY,6429,2010,0.000125363
Simplicity2,ELECTRICITY,6430,2010,0.000108973
Simplicity2,ELECTRICITY,6431,2010,0.000111707
Simplicity2,ELECTRICITY,6432,2010,0.000108777
Simplicity2,ELECTRICITY,6433,2010,0.000105766
Simplicity2,ELECTRICITY,6434,2010,0.000101974
Simplicity2,ELECTRICITY,6435,2010,0.000101762
Simplicity2,ELECTRICITY,6436,2010,0.000101013
Simplicity2,ELECTRICITY,6437,2010,0.000102397
Simplicity2,ELECTRICITY,6438,2010,0.000101404
Simplicity2,ELECTRICITY,6439,2010,0.000106775
Simplicity2,ELECTRICITY,6440,2010,0.00011353
Simplicity2,ELECTRICITY,6441,2010,0.000118153
Simplicity2,ELECTRICITY,6442,2010,0.000121213
Simplicity2,ELECTRICITY,6443,2010,0.000123133
Simplicity2,ELECTRICITY,6444,2010,0.000120578
Simplicity2,ELECTRICITY,6445,2010,0.000110942
Simplicity2,ELECTRICITY,6446,2010,0.000110323
Simplicity2,ELECTRICITY,6447,2010,0.00011825
Simplicity2,ELECTRICITY,6448,2010,0.000113058
Simplicity2,ELECTRICITY,6449,2010,0.000111365
Simplicity2,ELECTRICITY,6450,2010,0.000115158
Simplicity2,ELECTRICITY,6451,2010,0.000117241
Simplicity2,ELECTRICITY,6452,2010,0.000117046
Simplicity2,ELECTRICITY,6453,2010,0.000106271
Simplicity2,ELECTRICITY,6454,2010,0.000108663
Simplicity2,ELECTRICITY,6455,2010,0.000109917
Simplicity2,ELECTRICITY,6456,2010,0.000105847
Simplicity2,ELECTRICITY,6457,2010,0.000102153
Simplicity2,ELECTRICITY,6458,2010,0.000101827
Simplicity2,ELECTRICITY,6459,2010,0.000100248
Simplicity2,ELECTRICITY,6460,2010,9.97762E-05
Simplicity2,ELECTRICITY,6461,2010,0.000104692
Simplicity2,ELECTRICITY,6462,2010,0.000107117
Simplicity2,ELECTRICITY,6463,2010,0.000114018
Simplicity2,ELECTRICITY,6464,2010,0.000117388
Simplicity2,ELECTRICITY,6465,2010,0.000130279
Simplicity2,ELECTRICITY,6466,2010,0.000130816
Simplicity2,ELECTRICITY,6467,2010,0.000125135
Simplicity2,ELECTRICITY,6468,2010,0.000123101
Simplicity2,ELECTRICITY,6469,2010,0.000126844
Simplicity2,ELECTRICITY,6470,2010,0.00011882
Simplicity2,ELECTRICITY,6471,2010,0.00011965
Simplicity2,ELECTRICITY,6472,2010,0.0001273
Simplicity2,ELECTRICITY,6473,2010,0.00013233
Simplicity2,ELECTRICITY,6474,2010,0.000130409
Simplicity2,ELECTRICITY,6475,2010,0.000129628
Simplicity2,ELECTRICITY,6476,2010,0.000126258
Simplicity2,ELECTRICITY,6477,2010,0.000125135
Simplicity2,ELECTRICITY,6478,2010,0.000113839
Simplicity2,ELECTRICITY,6479,2010,0.000113286
Simplicity2,ELECTRICITY,6480,2010,0.00010295
Simplicity2,ELECTRICITY,6481,2010,0.000100606
Simplicity2,ELECTRICITY,6482,2010,0.000100411
Simplicity2,ELECTRICITY,6483,2010,0.000101127
Simplicity2,ELECTRICITY,6484,2010,9.98901E-05
Simplicity2,ELECTRICITY,6485,2010,9.90112E-05
Simplicity2,ELECTRICITY,6486,2010,0.000105896
Simplicity2,ELECTRICITY,6487,2010,0.000116899
Simplicity2,ELECTRICITY,6488,2010,0.000121099
Simplicity2,ELECTRICITY,6489,2010,0.000123101
Simplicity2,ELECTRICITY,6490,2010,0.000122873
Simplicity2,ELECTRICITY,6491,2010,0.000118462
Simplicity2,ELECTRICITY,6492,2010,0.000117794
Simplicity2,ELECTRICITY,6493,2010,0.00013233
Simplicity2,ELECTRICITY,6494,2010,0.000131223
Simplicity2,ELECTRICITY,6495,2010,0.000132264
Simplicity2,ELECTRICITY,6496,2010,0.000129563
Simplicity2,ELECTRICITY,6497,2010,0.000133599
Simplicity2,ELECTRICITY,6498,2010,0.000135211
Simplicity2,ELECTRICITY,6499,2010,0.000133209
Simplicity2,ELECTRICITY,6500,2010,0.000134299
Simplicity2,ELECTRICITY,6501,2010,0.000118234
Simplicity2,ELECTRICITY,6502,2010,9.5707E-05
Simplicity2,ELECTRICITY,6503,2010,9.98576E-05
Simplicity2,ELECTRICITY,6504,2010,0.000101697
Simplicity2,ELECTRICITY,6505,2010,9.81811E-05
Simplicity2,ELECTRICITY,6506,2010,9.42421E-05
Simplicity2,ELECTRICITY,6507,2010,9.41282E-05
Simplicity2,ELECTRICITY,6508,2010,9.43398E-05
Simplicity2,ELECTRICITY,6509,2010,9.85066E-05
Simplicity2,ELECTRICITY,6510,2010,0.00011021
Simplicity2,ELECTRICITY,6511,2010,0.000124224
Simplicity2,ELECTRICITY,6512,2010,0.000128081
Simplicity2,ELECTRICITY,6513,2010,0.000126047
Simplicity2,ELECTRICITY,6514,2010,0.000121994
Simplicity2,ELECTRICITY,6515,2010,0.000120057
Simplicity2,ELECTRICITY,6516,2010,0.000115695
Simplicity2,ELECTRICITY,6517,2010,0.000120757
Simplicity2,ELECTRICITY,6518,2010,0.000130962
Simplicity2,ELECTRICITY,6519,2010,0.000131597
Simplicity2,ELECTRICITY,6520,2010,0.000136903
Simplicity2,ELECTRICITY,6521,2010,0.000139491
Simplicity2,ELECTRICITY,6522,2010,0.000137489
Simplicity2,ELECTRICITY,6523,2010,0.000143202
Simplicity2,ELECTRICITY,6524,2010,0.000128049
Simplicity2,ELECTRICITY,6525,2010,0.000130409
Simplicity2,ELECTRICITY,6526,2010,0.000110926
Simplicity2,ELECTRICITY,6527,2010,0.000110356
Simplicity2,ELECTRICITY,6528,2010,0.00010544
Simplicity2,ELECTRICITY,6529,2010,0.000105115
Simplicity2,ELECTRICITY,6530,2010,0.000103308
Simplicity2,ELECTRICITY,6531,2010,0.000102071
Simplicity2,ELECTRICITY,6532,2010,0.000100948
Simplicity2,ELECTRICITY,6533,2010,0.000101583
Simplicity2,ELECTRICITY,6534,2010,0.00011755
Simplicity2,ELECTRICITY,6535,2010,0.000129139
Simplicity2,ELECTRICITY,6536,2010,0.000131711
Simplicity2,ELECTRICITY,6537,2010,0.000130914
Simplicity2,ELECTRICITY,6538,2010,0.000130409
Simplicity2,ELECTRICITY,6539,2010,0.000123817
Simplicity2,ELECTRICITY,6540,2010,0.000118218
Simplicity2,ELECTRICITY,6541,2010,0.000120431
Simplicity2,ELECTRICITY,6542,2010,0.000133029
Simplicity2,ELECTRICITY,6543,2010,0.000132557
Simplicity2,ELECTRICITY,6544,2010,0.000134657
Simplicity2,ELECTRICITY,6545,2010,0.00013718
Simplicity2,ELECTRICITY,6546,2010,0.000133274
Simplicity2,ELECTRICITY,6547,2010,0.000124728
Simplicity2,ELECTRICITY,6548,2010,0.000122791
Simplicity2,ELECTRICITY,6549,2010,0.000129253
Simplicity2,ELECTRICITY,6550,2010,0.000115353
Simplicity2,ELECTRICITY,6551,2010,0.00010951
Simplicity2,ELECTRICITY,6552,2010,0.000101436
Simplicity2,ELECTRICITY,6553,2010,9.82624E-05
Simplicity2,ELECTRICITY,6554,2010,0.000100932
Simplicity2,ELECTRICITY,6555,2010,9.91251E-05
Simplicity2,ELECTRICITY,6556,2010,9.89623E-05
Simplicity2,ELECTRICITY,6557,2010,0.000100297
Simplicity2,ELECTRICITY,6558,2010,0.000111398
Simplicity2,ELECTRICITY,6559,2010,0.000119569
Simplicity2,ELECTRICITY,6560,2010,0.000122189
Simplicity2,ELECTRICITY,6561,2010,0.000122873
Simplicity2,ELECTRICITY,6562,2010,0.000114083
Simplicity2,ELECTRICITY,6563,2010,0.000110307
Simplicity2,ELECTRICITY,6564,2010,0.000124273
Simplicity2,ELECTRICITY,6565,2010,0.000137424
Simplicity2,ELECTRICITY,6566,2010,0.000134071
Simplicity2,ELECTRICITY,6567,2010,0.00012774
Simplicity2,ELECTRICITY,6568,2010,0.000126747
Simplicity2,ELECTRICITY,6569,2010,0.000132704
Simplicity2,ELECTRICITY,6570,2010,0.000133534
Simplicity2,ELECTRICITY,6571,2010,0.000135943
Simplicity2,ELECTRICITY,6572,2010,0.000133225
Simplicity2,ELECTRICITY,6573,2010,0.000117274
Simplicity2,ELECTRICITY,6574,2010,0.000107882
Simplicity2,ELECTRICITY,6575,2010,0.000104513
Simplicity2,ELECTRICITY,6576,2010,9.94832E-05
Simplicity2,ELECTRICITY,6577,2010,9.98901E-05
Simplicity2,ELECTRICITY,6578,2010,9.61139E-05
Simplicity2,ELECTRICITY,6579,2010,9.35585E-05
Simplicity2,ELECTRICITY,6580,2010,9.06775E-05
Simplicity2,ELECTRICITY,6581,2010,9.16867E-05
Simplicity2,ELECTRICITY,6582,2010,9.99064E-05
Simplicity2,ELECTRICITY,6583,2010,0.000103422
Simplicity2,ELECTRICITY,6584,2010,0.000106222
Simplicity2,ELECTRICITY,6585,2010,0.00011729
Simplicity2,ELECTRICITY,6586,2010,0.000116297
Simplicity2,ELECTRICITY,6587,2010,0.000119015
Simplicity2,ELECTRICITY,6588,2010,0.000113497
Simplicity2,ELECTRICITY,6589,2010,0.000109249
Simplicity2,ELECTRICITY,6590,2010,0.000109217
Simplicity2,ELECTRICITY,6591,2010,0.000106759
Simplicity2,ELECTRICITY,6592,2010,0.000110193
Simplicity2,ELECTRICITY,6593,2010,0.000112635
Simplicity2,ELECTRICITY,6594,2010,0.000114507
Simplicity2,ELECTRICITY,6595,2010,0.000119373
Simplicity2,ELECTRICITY,6596,2010,0.000119878
Simplicity2,ELECTRICITY,6597,2010,0.000110991
Simplicity2,ELECTRICITY,6598,2010,0.000101241
Simplicity2,ELECTRICITY,6599,2010,9.71719E-05
Simplicity2,ELECTRICITY,6600,2010,9.72207E-05
Simplicity2,ELECTRICITY,6601,2010,0.000100362
Simplicity2,ELECTRICITY,6602,2010,9.74649E-05
Simplicity2,ELECTRICITY,6603,2010,9.77741E-05
Simplicity2,ELECTRICITY,6604,2010,9.94018E-05
Simplicity2,ELECTRICITY,6605,2010,9.99389E-05
Simplicity2,ELECTRICITY,6606,2010,0.000102999
Simplicity2,ELECTRICITY,6607,2010,0.000104903
Simplicity2,ELECTRICITY,6608,2010,0.000108973
Simplicity2,ELECTRICITY,6609,2010,0.000116134
Simplicity2,ELECTRICITY,6610,2010,0.000112472
Simplicity2,ELECTRICITY,6611,2010,0.000112033
Simplicity2,ELECTRICITY,6612,2010,0.000113025
Simplicity2,ELECTRICITY,6613,2010,0.0001099
Simplicity2,ELECTRICITY,6614,2010,0.000110112
Simplicity2,ELECTRICITY,6615,2010,0.000114962
Simplicity2,ELECTRICITY,6616,2010,0.000117062
Simplicity2,ELECTRICITY,6617,2010,0.000123247
Simplicity2,ELECTRICITY,6618,2010,0.000131532
Simplicity2,ELECTRICITY,6619,2010,0.000134413
Simplicity2,ELECTRICITY,6620,2010,0.000133876
Simplicity2,ELECTRICITY,6621,2010,0.000125868
Simplicity2,ELECTRICITY,6622,2010,0.000116134
Simplicity2,ELECTRICITY,6623,2010,0.0001113
Simplicity2,ELECTRICITY,6624,2010,0.000106254
Simplicity2,ELECTRICITY,6625,2010,0.000103536
Simplicity2,ELECTRICITY,6626,2010,0.00010155
Simplicity2,ELECTRICITY,6627,2010,0.000103683
Simplicity2,ELECTRICITY,6628,2010,0.000104855
Simplicity2,ELECTRICITY,6629,2010,0.000104041
Simplicity2,ELECTRICITY,6630,2010,0.000110828
Simplicity2,ELECTRICITY,6631,2010,0.000123068
Simplicity2,ELECTRICITY,6632,2010,0.000121636
Simplicity2,ELECTRICITY,6633,2010,0.000120578
Simplicity2,ELECTRICITY,6634,2010,0.00011825
Simplicity2,ELECTRICITY,6635,2010,0.000118901
Simplicity2,ELECTRICITY,6636,2010,0.000128765
Simplicity2,ELECTRICITY,6637,2010,0.000129611
Simplicity2,ELECTRICITY,6638,2010,0.000128977
Simplicity2,ELECTRICITY,6639,2010,0.000129758
Simplicity2,ELECTRICITY,6640,2010,0.0001301
Simplicity2,ELECTRICITY,6641,2010,0.000132606
Simplicity2,ELECTRICITY,6642,2010,0.000133453
Simplicity2,ELECTRICITY,6643,2010,0.000133306
Simplicity2,ELECTRICITY,6644,2010,0.000139687
Simplicity2,ELECTRICITY,6645,2010,0.00013552
Simplicity2,ELECTRICITY,6646,2010,0.00011869
Simplicity2,ELECTRICITY,6647,2010,0.000116395
Simplicity2,ELECTRICITY,6648,2010,0.000108305
Simplicity2,ELECTRICITY,6649,2010,0.000107166
Simplicity2,ELECTRICITY,6650,2010,0.00010505
Simplicity2,ELECTRICITY,6651,2010,0.000102983
Simplicity2,ELECTRICITY,6652,2010,0.000102804
Simplicity2,ELECTRICITY,6653,2010,0.000103357
Simplicity2,ELECTRICITY,6654,2010,0.000110291
Simplicity2,ELECTRICITY,6655,2010,0.000119715
Simplicity2,ELECTRICITY,6656,2010,0.000123345
Simplicity2,ELECTRICITY,6657,2010,0.000121001
Simplicity2,ELECTRICITY,6658,2010,0.00013189
Simplicity2,ELECTRICITY,6659,2010,0.000130474
Simplicity2,ELECTRICITY,6660,2010,0.00013023
Simplicity2,ELECTRICITY,6661,2010,0.000130751
Simplicity2,ELECTRICITY,6662,2010,0.000126454
Simplicity2,ELECTRICITY,6663,2010,0.000124598
Simplicity2,ELECTRICITY,6664,2010,0.000127219
Simplicity2,ELECTRICITY,6665,2010,0.000131695
Simplicity2,ELECTRICITY,6666,2010,0.000132069
Simplicity2,ELECTRICITY,6667,2010,0.000132183
Simplicity2,ELECTRICITY,6668,2010,0.00013163
Simplicity2,ELECTRICITY,6669,2010,0.0001308
Simplicity2,ELECTRICITY,6670,2010,0.00011003
Simplicity2,ELECTRICITY,6671,2010,0.000106857
Simplicity2,ELECTRICITY,6672,2010,9.91739E-05
Simplicity2,ELECTRICITY,6673,2010,9.95646E-05
Simplicity2,ELECTRICITY,6674,2010,9.89461E-05
Simplicity2,ELECTRICITY,6675,2010,9.89949E-05
Simplicity2,ELECTRICITY,6676,2010,9.65697E-05
Simplicity2,ELECTRICITY,6677,2010,9.50397E-05
Simplicity2,ELECTRICITY,6678,2010,0.000105147
Simplicity2,ELECTRICITY,6679,2010,0.000120057
Simplicity2,ELECTRICITY,6680,2010,0.00012022
Simplicity2,ELECTRICITY,6681,2010,0.000118901
Simplicity2,ELECTRICITY,6682,2010,0.000118657
Simplicity2,ELECTRICITY,6683,2010,0.000119292
Simplicity2,ELECTRICITY,6684,2010,0.000117062
Simplicity2,ELECTRICITY,6685,2010,0.000119292
Simplicity2,ELECTRICITY,6686,2010,0.000116085
Simplicity2,ELECTRICITY,6687,2010,0.000114979
Simplicity2,ELECTRICITY,6688,2010,0.000121668
Simplicity2,ELECTRICITY,6689,2010,0.000125786
Simplicity2,ELECTRICITY,6690,2010,0.000128179
Simplicity2,ELECTRICITY,6691,2010,0.000130507
Simplicity2,ELECTRICITY,6692,2010,0.000130962
Simplicity2,ELECTRICITY,6693,2010,0.00012328
Simplicity2,ELECTRICITY,6694,2010,0.000108028
Simplicity2,ELECTRICITY,6695,2010,0.000103927
Simplicity2,ELECTRICITY,6696,2010,0.000100378
Simplicity2,ELECTRICITY,6697,2010,9.67162E-05
Simplicity2,ELECTRICITY,6698,2010,9.65046E-05
Simplicity2,ELECTRICITY,6699,2010,9.64883E-05
Simplicity2,ELECTRICITY,6700,2010,9.5414E-05
Simplicity2,ELECTRICITY,6701,2010,9.39654E-05
Simplicity2,ELECTRICITY,6702,2010,0.000105327
Simplicity2,ELECTRICITY,6703,2010,0.000122564
Simplicity2,ELECTRICITY,6704,2010,0.000121571
Simplicity2,ELECTRICITY,6705,2010,0.000121978
Simplicity2,ELECTRICITY,6706,2010,0.000124273
Simplicity2,ELECTRICITY,6707,2010,0.000127528
Simplicity2,ELECTRICITY,6708,2010,0.000122352
Simplicity2,ELECTRICITY,6709,2010,0.000124598
Simplicity2,ELECTRICITY,6710,2010,0.000125347
Simplicity2,ELECTRICITY,6711,2010,0.000124484
Simplicity2,ELECTRICITY,6712,2010,0.000131955
Simplicity2,ELECTRICITY,6713,2010,0.000136334
Simplicity2,ELECTRICITY,6714,2010,0.000140419
Simplicity2,ELECTRICITY,6715,2010,0.000140452
Simplicity2,ELECTRICITY,6716,2010,0.000137864
Simplicity2,ELECTRICITY,6717,2010,0.000132704
Simplicity2,ELECTRICITY,6718,2010,0.000119634
Simplicity2,ELECTRICITY,6719,2010,0.000116557
Simplicity2,ELECTRICITY,6720,2010,0.000108566
Simplicity2,ELECTRICITY,6721,2010,0.000103829
Simplicity2,ELECTRICITY,6722,2010,0.000103145
Simplicity2,ELECTRICITY,6723,2010,9.79206E-05
Simplicity2,ELECTRICITY,6724,2010,9.53977E-05
Simplicity2,ELECTRICITY,6725,2010,9.52838E-05
Simplicity2,ELECTRICITY,6726,2010,9.96622E-05
Simplicity2,ELECTRICITY,6727,2010,0.000110161
Simplicity2,ELECTRICITY,6728,2010,0.00011589
Simplicity2,ELECTRICITY,6729,2010,0.000123052
Simplicity2,ELECTRICITY,6730,2010,0.000122824
Simplicity2,ELECTRICITY,6731,2010,0.00012105
Simplicity2,ELECTRICITY,6732,2010,0.000124061
Simplicity2,ELECTRICITY,6733,2010,0.000122661
Simplicity2,ELECTRICITY,6734,2010,0.000121424
Simplicity2,ELECTRICITY,6735,2010,0.000119048
Simplicity2,ELECTRICITY,6736,2010,0.000121147
Simplicity2,ELECTRICITY,6737,2010,0.000120822
Simplicity2,ELECTRICITY,6738,2010,0.000125803
Simplicity2,ELECTRICITY,6739,2010,0.000127105
Simplicity2,ELECTRICITY,6740,2010,0.0001259
Simplicity2,ELECTRICITY,6741,2010,0.000117648
Simplicity2,ELECTRICITY,6742,2010,0.000106694
Simplicity2,ELECTRICITY,6743,2010,0.000101453
Simplicity2,ELECTRICITY,6744,2010,9.15564E-05
Simplicity2,ELECTRICITY,6745,2010,8.80244E-05
Simplicity2,ELECTRICITY,6746,2010,8.56317E-05
Simplicity2,ELECTRICITY,6747,2010,8.52085E-05
Simplicity2,ELECTRICITY,6748,2010,8.4704E-05
Simplicity2,ELECTRICITY,6749,2010,8.44272E-05
Simplicity2,ELECTRICITY,6750,2010,8.85778E-05
Simplicity2,ELECTRICITY,6751,2010,9.15402E-05
Simplicity2,ELECTRICITY,6752,2010,9.80997E-05
Simplicity2,ELECTRICITY,6753,2010,0.000103829
Simplicity2,ELECTRICITY,6754,2010,0.000105766
Simplicity2,ELECTRICITY,6755,2010,0.000106629
Simplicity2,ELECTRICITY,6756,2010,0.00010562
Simplicity2,ELECTRICITY,6757,2010,0.000104968
Simplicity2,ELECTRICITY,6758,2010,0.000104659
Simplicity2,ELECTRICITY,6759,2010,0.000104317
Simplicity2,ELECTRICITY,6760,2010,0.000106466
Simplicity2,ELECTRICITY,6761,2010,0.000110258
Simplicity2,ELECTRICITY,6762,2010,0.000111219
Simplicity2,ELECTRICITY,6763,2010,0.000109298
Simplicity2,ELECTRICITY,6764,2010,0.0001092
Simplicity2,ELECTRICITY,6765,2010,9.92716E-05
Simplicity2,ELECTRICITY,6766,2010,9.44537E-05
Simplicity2,ELECTRICITY,6767,2010,9.55768E-05
Simplicity2,ELECTRICITY,6768,2010,8.99288E-05
Simplicity2,ELECTRICITY,6769,2010,8.75849E-05
Simplicity2,ELECTRICITY,6770,2010,8.57782E-05
Simplicity2,ELECTRICITY,6771,2010,8.4704E-05
Simplicity2,ELECTRICITY,6772,2010,8.4297E-05
Simplicity2,ELECTRICITY,6773,2010,8.48016E-05
Simplicity2,ELECTRICITY,6774,2010,8.67223E-05
Simplicity2,ELECTRICITY,6775,2010,9.16378E-05
Simplicity2,ELECTRICITY,6776,2010,9.44862E-05
Simplicity2,ELECTRICITY,6777,2010,9.98576E-05
Simplicity2,ELECTRICITY,6778,2010,0.000102201
Simplicity2,ELECTRICITY,6779,2010,0.000104968
Simplicity2,ELECTRICITY,6780,2010,0.000104838
Simplicity2,ELECTRICITY,6781,2010,0.000102918
Simplicity2,ELECTRICITY,6782,2010,0.000102185
Simplicity2,ELECTRICITY,6783,2010,0.000110779
Simplicity2,ELECTRICITY,6784,2010,0.000110568
Simplicity2,ELECTRICITY,6785,2010,0.000110991
Simplicity2,ELECTRICITY,6786,2010,0.000110747
Simplicity2,ELECTRICITY,6787,2010,0.000110372
Simplicity2,ELECTRICITY,6788,2010,0.000108273
Simplicity2,ELECTRICITY,6789,2010,9.87345E-05
Simplicity2,ELECTRICITY,6790,2010,0.000101729
Simplicity2,ELECTRICITY,6791,2010,0.00010085
Simplicity2,ELECTRICITY,6792,2010,9.72696E-05
Simplicity2,ELECTRICITY,6793,2010,0.000100655
Simplicity2,ELECTRICITY,6794,2010,0.000100037
Simplicity2,ELECTRICITY,6795,2010,9.88972E-05
Simplicity2,ELECTRICITY,6796,2010,9.62604E-05
Simplicity2,ELECTRICITY,6797,2010,9.48932E-05
Simplicity2,ELECTRICITY,6798,2010,9.10356E-05
Simplicity2,ELECTRICITY,6799,2010,9.5235E-05
Simplicity2,ELECTRICITY,6800,2010,9.76277E-05
Simplicity2,ELECTRICITY,6801,2010,0.000108631
Simplicity2,ELECTRICITY,6802,2010,0.000112798
Simplicity2,ELECTRICITY,6803,2010,0.000111479
Simplicity2,ELECTRICITY,6804,2010,0.000114995
Simplicity2,ELECTRICITY,6805,2010,0.000113872
Simplicity2,ELECTRICITY,6806,2010,0.000113237
Simplicity2,ELECTRICITY,6807,2010,0.000114214
Simplicity2,ELECTRICITY,6808,2010,0.000116818
Simplicity2,ELECTRICITY,6809,2010,0.000122108
Simplicity2,ELECTRICITY,6810,2010,0.000126307
Simplicity2,ELECTRICITY,6811,2010,0.000126519
Simplicity2,ELECTRICITY,6812,2010,0.000124761
Simplicity2,ELECTRICITY,6813,2010,0.000115044
Simplicity2,ELECTRICITY,6814,2010,9.53977E-05
Simplicity2,ELECTRICITY,6815,2010,9.50559E-05
Simplicity2,ELECTRICITY,6816,2010,9.76928E-05
Simplicity2,ELECTRICITY,6817,2010,9.39491E-05
Simplicity2,ELECTRICITY,6818,2010,9.12472E-05
Simplicity2,ELECTRICITY,6819,2010,9.03357E-05
Simplicity2,ELECTRICITY,6820,2010,8.83499E-05
Simplicity2,ELECTRICITY,6821,2010,9.00427E-05
Simplicity2,ELECTRICITY,6822,2010,0.000100948
Simplicity2,ELECTRICITY,6823,2010,0.000120855
Simplicity2,ELECTRICITY,6824,2010,0.000122629
Simplicity2,ELECTRICITY,6825,2010,0.000122791
Simplicity2,ELECTRICITY,6826,2010,0.000122596
Simplicity2,ELECTRICITY,6827,2010,0.00012966
Simplicity2,ELECTRICITY,6828,2010,0.00013591
Simplicity2,ELECTRICITY,6829,2010,0.000134332
Simplicity2,ELECTRICITY,6830,2010,0.000131711
Simplicity2,ELECTRICITY,6831,2010,0.000131255
Simplicity2,ELECTRICITY,6832,2010,0.000132151
Simplicity2,ELECTRICITY,6833,2010,0.000136203
Simplicity2,ELECTRICITY,6834,2010,0.000139459
Simplicity2,ELECTRICITY,6835,2010,0.000137261
Simplicity2,ELECTRICITY,6836,2010,0.000136838
Simplicity2,ELECTRICITY,6837,2010,0.000134446
Simplicity2,ELECTRICITY,6838,2010,0.000116199
Simplicity2,ELECTRICITY,6839,2010,0.000104659
Simplicity2,ELECTRICITY,6840,2010,0.000104073
Simplicity2,ELECTRICITY,6841,2010,0.000105017
Simplicity2,ELECTRICITY,6842,2010,0.000104269
Simplicity2,ELECTRICITY,6843,2010,0.000105099
Simplicity2,ELECTRICITY,6844,2010,0.00010225
Simplicity2,ELECTRICITY,6845,2010,0.00010518
Simplicity2,ELECTRICITY,6846,2010,0.00011366
Simplicity2,ELECTRICITY,6847,2010,0.00013246
Simplicity2,ELECTRICITY,6848,2010,0.000133794
Simplicity2,ELECTRICITY,6849,2010,0.00013259
Simplicity2,ELECTRICITY,6850,2010,0.000134966
Simplicity2,ELECTRICITY,6851,2010,0.000139508
Simplicity2,ELECTRICITY,6852,2010,0.000138368
Simplicity2,ELECTRICITY,6853,2010,0.000131337
Simplicity2,ELECTRICITY,6854,2010,0.000130067
Simplicity2,ELECTRICITY,6855,2010,0.000127105
Simplicity2,ELECTRICITY,6856,2010,0.000128244
Simplicity2,ELECTRICITY,6857,2010,0.00013438
Simplicity2,ELECTRICITY,6858,2010,0.000136187
Simplicity2,ELECTRICITY,6859,2010,0.000141314
Simplicity2,ELECTRICITY,6860,2010,0.000137766
Simplicity2,ELECTRICITY,6861,2010,0.000135113
Simplicity2,ELECTRICITY,6862,2010,0.000127609
Simplicity2,ELECTRICITY,6863,2010,0.000111642
Simplicity2,ELECTRICITY,6864,2010,0.000108826
Simplicity2,ELECTRICITY,6865,2010,0.000106889
Simplicity2,ELECTRICITY,6866,2010,0.00010575
Simplicity2,ELECTRICITY,6867,2010,0.000104269
Simplicity2,ELECTRICITY,6868,2010,0.000101827
Simplicity2,ELECTRICITY,6869,2010,0.000103178
Simplicity2,ELECTRICITY,6870,2010,0.000114474
Simplicity2,ELECTRICITY,6871,2010,0.000129335
Simplicity2,ELECTRICITY,6872,2010,0.000136089
Simplicity2,ELECTRICITY,6873,2010,0.000138791
Simplicity2,ELECTRICITY,6874,2010,0.000136366
Simplicity2,ELECTRICITY,6875,2010,0.000134543
Simplicity2,ELECTRICITY,6876,2010,0.000130669
Simplicity2,ELECTRICITY,6877,2010,0.000129042
Simplicity2,ELECTRICITY,6878,2010,0.000130409
Simplicity2,ELECTRICITY,6879,2010,0.000130523
Simplicity2,ELECTRICITY,6880,2010,0.000133729
Simplicity2,ELECTRICITY,6881,2010,0.000140077
Simplicity2,ELECTRICITY,6882,2010,0.000141542
Simplicity2,ELECTRICITY,6883,2010,0.000148362
Simplicity2,ELECTRICITY,6884,2010,0.000149534
Simplicity2,ELECTRICITY,6885,2010,0.000145514
Simplicity2,ELECTRICITY,6886,2010,0.000134022
Simplicity2,ELECTRICITY,6887,2010,0.000125314
Simplicity2,ELECTRICITY,6888,2010,0.000120773
Simplicity2,ELECTRICITY,6889,2010,0.000116785
Simplicity2,ELECTRICITY,6890,2010,0.00011685
Simplicity2,ELECTRICITY,6891,2010,0.000109314
Simplicity2,ELECTRICITY,6892,2010,0.000105652
Simplicity2,ELECTRICITY,6893,2010,0.000110405
Simplicity2,ELECTRICITY,6894,2010,0.000125249
Simplicity2,ELECTRICITY,6895,2010,0.000133925
Simplicity2,ELECTRICITY,6896,2010,0.000134657
Simplicity2,ELECTRICITY,6897,2010,0.000133404
Simplicity2,ELECTRICITY,6898,2010,0.000131923
Simplicity2,ELECTRICITY,6899,2010,0.000134608
Simplicity2,ELECTRICITY,6900,2010,0.000139866
Simplicity2,ELECTRICITY,6901,2010,0.000139036
Simplicity2,ELECTRICITY,6902,2010,0.000139198
Simplicity2,ELECTRICITY,6903,2010,0.000138189
Simplicity2,ELECTRICITY,6904,2010,0.000132004
Simplicity2,ELECTRICITY,6905,2010,0.000130344
Simplicity2,ELECTRICITY,6906,2010,0.000140273
Simplicity2,ELECTRICITY,6907,2010,0.000144895
Simplicity2,ELECTRICITY,6908,2010,0.000146197
Simplicity2,ELECTRICITY,6909,2010,0.000142844
Simplicity2,ELECTRICITY,6910,2010,0.000129839
Simplicity2,ELECTRICITY,6911,2010,0.000112977
Simplicity2,ELECTRICITY,6912,2010,0.000108663
Simplicity2,ELECTRICITY,6913,2010,0.000106515
Simplicity2,ELECTRICITY,6914,2010,0.000105815
Simplicity2,ELECTRICITY,6915,2010,0.000107019
Simplicity2,ELECTRICITY,6916,2010,0.000103894
Simplicity2,ELECTRICITY,6917,2010,9.67162E-05
Simplicity2,ELECTRICITY,6918,2010,0.000107003
Simplicity2,ELECTRICITY,6919,2010,0.000112472
Simplicity2,ELECTRICITY,6920,2010,0.000119032
Simplicity2,ELECTRICITY,6921,2010,0.000125298
Simplicity2,ELECTRICITY,6922,2010,0.000124061
Simplicity2,ELECTRICITY,6923,2010,0.000125607
Simplicity2,ELECTRICITY,6924,2010,0.000124826
Simplicity2,ELECTRICITY,6925,2010,0.000123133
Simplicity2,ELECTRICITY,6926,2010,0.000123377
Simplicity2,ELECTRICITY,6927,2010,0.000124452
Simplicity2,ELECTRICITY,6928,2010,0.000127837
Simplicity2,ELECTRICITY,6929,2010,0.000131906
Simplicity2,ELECTRICITY,6930,2010,0.000135959
Simplicity2,ELECTRICITY,6931,2010,0.00013941
Simplicity2,ELECTRICITY,6932,2010,0.000139003
Simplicity2,ELECTRICITY,6933,2010,0.000134966
Simplicity2,ELECTRICITY,6934,2010,0.00012131
Simplicity2,ELECTRICITY,6935,2010,0.000114279
Simplicity2,ELECTRICITY,6936,2010,0.000111544
Simplicity2,ELECTRICITY,6937,2010,0.000108712
Simplicity2,ELECTRICITY,6938,2010,0.000108435
Simplicity2,ELECTRICITY,6939,2010,0.000107915
Simplicity2,ELECTRICITY,6940,2010,0.000110063
Simplicity2,ELECTRICITY,6941,2010,0.000107947
Simplicity2,ELECTRICITY,6942,2010,0.000112977
Simplicity2,ELECTRICITY,6943,2010,0.000120057
Simplicity2,ELECTRICITY,6944,2010,0.000126161
Simplicity2,ELECTRICITY,6945,2010,0.000135862
Simplicity2,ELECTRICITY,6946,2010,0.000135683
Simplicity2,ELECTRICITY,6947,2010,0.000134055
Simplicity2,ELECTRICITY,6948,2010,0.000132883
Simplicity2,ELECTRICITY,6949,2010,0.000133697
Simplicity2,ELECTRICITY,6950,2010,0.000133567
Simplicity2,ELECTRICITY,6951,2010,0.000132264
Simplicity2,ELECTRICITY,6952,2010,0.000134055
Simplicity2,ELECTRICITY,6953,2010,0.000137164
Simplicity2,ELECTRICITY,6954,2010,0.000141949
Simplicity2,ELECTRICITY,6955,2010,0.000142893
Simplicity2,ELECTRICITY,6956,2010,0.000138157
Simplicity2,ELECTRICITY,6957,2010,0.000132671
Simplicity2,ELECTRICITY,6958,2010,0.000119292
Simplicity2,ELECTRICITY,6959,2010,0.000108549
Simplicity2,ELECTRICITY,6960,2010,0.000103617
Simplicity2,ELECTRICITY,6961,2010,0.000104041
Simplicity2,ELECTRICITY,6962,2010,0.000103455
Simplicity2,ELECTRICITY,6963,2010,0.000103569
Simplicity2,ELECTRICITY,6964,2010,0.000102625
Simplicity2,ELECTRICITY,6965,2010,0.000105733
Simplicity2,ELECTRICITY,6966,2010,0.00012258
Simplicity2,ELECTRICITY,6967,2010,0.000128277
Simplicity2,ELECTRICITY,6968,2010,0.000134413
Simplicity2,ELECTRICITY,6969,2010,0.000135194
Simplicity2,ELECTRICITY,6970,2010,0.000136708
Simplicity2,ELECTRICITY,6971,2010,0.000140191
Simplicity2,ELECTRICITY,6972,2010,0.000138433
Simplicity2,ELECTRICITY,6973,2010,0.00014081
Simplicity2,ELECTRICITY,6974,2010,0.000140175
Simplicity2,ELECTRICITY,6975,2010,0.000140745
Simplicity2,ELECTRICITY,6976,2010,0.000144146
Simplicity2,ELECTRICITY,6977,2010,0.000147304
Simplicity2,ELECTRICITY,6978,2010,0.000145058
Simplicity2,ELECTRICITY,6979,2010,0.000141314
Simplicity2,ELECTRICITY,6980,2010,0.000144635
Simplicity2,ELECTRICITY,6981,2010,0.000134934
Simplicity2,ELECTRICITY,6982,2010,0.000130979
Simplicity2,ELECTRICITY,6983,2010,0.00011506
Simplicity2,ELECTRICITY,6984,2010,0.000109591
Simplicity2,ELECTRICITY,6985,2010,0.00010614
Simplicity2,ELECTRICITY,6986,2010,0.000104464
Simplicity2,ELECTRICITY,6987,2010,0.000103471
Simplicity2,ELECTRICITY,6988,2010,0.000101095
Simplicity2,ELECTRICITY,6989,2010,0.000101518
Simplicity2,ELECTRICITY,6990,2010,0.000116867
Simplicity2,ELECTRICITY,6991,2010,0.000130962
Simplicity2,ELECTRICITY,6992,2010,0.000132916
Simplicity2,ELECTRICITY,6993,2010,0.00013119
Simplicity2,ELECTRICITY,6994,2010,0.000133176
Simplicity2,ELECTRICITY,6995,2010,0.00013202
Simplicity2,ELECTRICITY,6996,2010,0.000131288
Simplicity2,ELECTRICITY,6997,2010,0.000131711
Simplicity2,ELECTRICITY,6998,2010,0.000131272
Simplicity2,ELECTRICITY,6999,2010,0.000129628
Simplicity2,ELECTRICITY,7000,2010,0.000130474
Simplicity2,ELECTRICITY,7001,2010,0.000132883
Simplicity2,ELECTRICITY,7002,2010,0.000134299
Simplicity2,ELECTRICITY,7003,2010,0.000137538
Simplicity2,ELECTRICITY,7004,2010,0.000137912
Simplicity2,ELECTRICITY,7005,2010,0.000128195
Simplicity2,ELECTRICITY,7006,2010,0.000126568
Simplicity2,ELECTRICITY,7007,2010,0.000116834
Simplicity2,ELECTRICITY,7008,2010,0.000110665
Simplicity2,ELECTRICITY,7009,2010,0.000111707
Simplicity2,ELECTRICITY,7010,2010,0.000111919
Simplicity2,ELECTRICITY,7011,2010,0.000110323
Simplicity2,ELECTRICITY,7012,2010,0.000107605
Simplicity2,ELECTRICITY,7013,2010,0.00011034
Simplicity2,ELECTRICITY,7014,2010,0.000115858
Simplicity2,ELECTRICITY,7015,2010,0.000127658
Simplicity2,ELECTRICITY,7016,2010,0.00012743
Simplicity2,ELECTRICITY,7017,2010,0.000126779
Simplicity2,ELECTRICITY,7018,2010,0.0001294
Simplicity2,ELECTRICITY,7019,2010,0.000127886
Simplicity2,ELECTRICITY,7020,2010,0.000127902
Simplicity2,ELECTRICITY,7021,2010,0.000126812
Simplicity2,ELECTRICITY,7022,2010,0.0001259
Simplicity2,ELECTRICITY,7023,2010,0.000125786
Simplicity2,ELECTRICITY,7024,2010,0.000126161
Simplicity2,ELECTRICITY,7025,2010,0.000128146
Simplicity2,ELECTRICITY,7026,2010,0.000131581
Simplicity2,ELECTRICITY,7027,2010,0.000131988
Simplicity2,ELECTRICITY,7028,2010,0.00013285
Simplicity2,ELECTRICITY,7029,2010,0.000130051
Simplicity2,ELECTRICITY,7030,2010,0.000123182
Simplicity2,ELECTRICITY,7031,2010,0.000116688
Simplicity2,ELECTRICITY,7032,2010,0.00010977
Simplicity2,ELECTRICITY,7033,2010,0.000109331
Simplicity2,ELECTRICITY,7034,2010,0.000109103
Simplicity2,ELECTRICITY,7035,2010,0.000106645
Simplicity2,ELECTRICITY,7036,2010,0.000104187
Simplicity2,ELECTRICITY,7037,2010,0.000106596
Simplicity2,ELECTRICITY,7038,2010,0.000100867
Simplicity2,ELECTRICITY,7039,2010,0.000112781
Simplicity2,ELECTRICITY,7040,2010,0.000113758
Simplicity2,ELECTRICITY,7041,2010,0.000115662
Simplicity2,ELECTRICITY,7042,2010,0.000114914
Simplicity2,ELECTRICITY,7043,2010,0.000112732
Simplicity2,ELECTRICITY,7044,2010,0.000113188
Simplicity2,ELECTRICITY,7045,2010,0.000113709
Simplicity2,ELECTRICITY,7046,2010,0.000113286
Simplicity2,ELECTRICITY,7047,2010,0.000111919
Simplicity2,ELECTRICITY,7048,2010,0.000114507
Simplicity2,ELECTRICITY,7049,2010,0.000120806
Simplicity2,ELECTRICITY,7050,2010,0.000129611
Simplicity2,ELECTRICITY,7051,2010,0.000133225
Simplicity2,ELECTRICITY,7052,2010,0.00013176
Simplicity2,ELECTRICITY,7053,2010,0.000125803
Simplicity2,ELECTRICITY,7054,2010,0.000128374
Simplicity2,ELECTRICITY,7055,2010,0.000123231
Simplicity2,ELECTRICITY,7056,2010,0.000118185
Simplicity2,ELECTRICITY,7057,2010,0.000115581
Simplicity2,ELECTRICITY,7058,2010,0.000113758
Simplicity2,ELECTRICITY,7059,2010,0.000111495
Simplicity2,ELECTRICITY,7060,2010,0.000107263
Simplicity2,ELECTRICITY,7061,2010,0.000105261
Simplicity2,ELECTRICITY,7062,2010,0.000116085
Simplicity2,ELECTRICITY,7063,2010,0.000126437
Simplicity2,ELECTRICITY,7064,2010,0.000132704
Simplicity2,ELECTRICITY,7065,2010,0.000132899
Simplicity2,ELECTRICITY,7066,2010,0.000131093
Simplicity2,ELECTRICITY,7067,2010,0.000132867
Simplicity2,ELECTRICITY,7068,2010,0.000131174
Simplicity2,ELECTRICITY,7069,2010,0.000123101
Simplicity2,ELECTRICITY,7070,2010,0.000121327
Simplicity2,ELECTRICITY,7071,2010,0.000120952
Simplicity2,ELECTRICITY,7072,2010,0.000122417
Simplicity2,ELECTRICITY,7073,2010,0.000124826
Simplicity2,ELECTRICITY,7074,2010,0.000136855
Simplicity2,ELECTRICITY,7075,2010,0.000138905
Simplicity2,ELECTRICITY,7076,2010,0.00013259
Simplicity2,ELECTRICITY,7077,2010,0.000132362
Simplicity2,ELECTRICITY,7078,2010,0.000120285
Simplicity2,ELECTRICITY,7079,2010,0.000114702
Simplicity2,ELECTRICITY,7080,2010,0.000110975
Simplicity2,ELECTRICITY,7081,2010,0.000108012
Simplicity2,ELECTRICITY,7082,2010,0.000106808
Simplicity2,ELECTRICITY,7083,2010,0.000107573
Simplicity2,ELECTRICITY,7084,2010,0.000104871
Simplicity2,ELECTRICITY,7085,2010,0.000101876
Simplicity2,ELECTRICITY,7086,2010,9.41444E-05
Simplicity2,ELECTRICITY,7087,2010,0.000102918
Simplicity2,ELECTRICITY,7088,2010,0.000114914
Simplicity2,ELECTRICITY,7089,2010,0.000118787
Simplicity2,ELECTRICITY,7090,2010,0.000118006
Simplicity2,ELECTRICITY,7091,2010,0.000118429
Simplicity2,ELECTRICITY,7092,2010,0.000118885
Simplicity2,ELECTRICITY,7093,2010,0.000112472
Simplicity2,ELECTRICITY,7094,2010,0.000110714
Simplicity2,ELECTRICITY,7095,2010,0.000111642
Simplicity2,ELECTRICITY,7096,2010,0.000113676
Simplicity2,ELECTRICITY,7097,2010,0.000119015
Simplicity2,ELECTRICITY,7098,2010,0.000115939
Simplicity2,ELECTRICITY,7099,2010,0.000118576
Simplicity2,ELECTRICITY,7100,2010,0.000107817
Simplicity2,ELECTRICITY,7101,2010,0.000108614
Simplicity2,ELECTRICITY,7102,2010,0.000113416
Simplicity2,ELECTRICITY,7103,2010,0.000113888
Simplicity2,ELECTRICITY,7104,2010,0.000106482
Simplicity2,ELECTRICITY,7105,2010,0.000103259
Simplicity2,ELECTRICITY,7106,2010,0.000103862
Simplicity2,ELECTRICITY,7107,2010,0.000105196
Simplicity2,ELECTRICITY,7108,2010,0.000102657
Simplicity2,ELECTRICITY,7109,2010,0.000103211
Simplicity2,ELECTRICITY,7110,2010,0.000102218
Simplicity2,ELECTRICITY,7111,2010,0.000104334
Simplicity2,ELECTRICITY,7112,2010,0.000107573
Simplicity2,ELECTRICITY,7113,2010,0.000112212
Simplicity2,ELECTRICITY,7114,2010,0.000112391
Simplicity2,ELECTRICITY,7115,2010,0.000112977
Simplicity2,ELECTRICITY,7116,2010,0.000117957
Simplicity2,ELECTRICITY,7117,2010,0.000117664
Simplicity2,ELECTRICITY,7118,2010,0.000119748
Simplicity2,ELECTRICITY,7119,2010,0.00012105
Simplicity2,ELECTRICITY,7120,2010,0.000123556
Simplicity2,ELECTRICITY,7121,2010,0.000133794
Simplicity2,ELECTRICITY,7122,2010,0.000127381
Simplicity2,ELECTRICITY,7123,2010,0.000117648
Simplicity2,ELECTRICITY,7124,2010,0.000117078
Simplicity2,ELECTRICITY,7125,2010,0.000119227
Simplicity2,ELECTRICITY,7126,2010,0.000116867
Simplicity2,ELECTRICITY,7127,2010,0.000120382
Simplicity2,ELECTRICITY,7128,2010,0.000114832
Simplicity2,ELECTRICITY,7129,2010,0.000108517
Simplicity2,ELECTRICITY,7130,2010,0.000106433
Simplicity2,ELECTRICITY,7131,2010,0.00010715
Simplicity2,ELECTRICITY,7132,2010,0.000105229
Simplicity2,ELECTRICITY,7133,2010,0.000102364
Simplicity2,ELECTRICITY,7134,2010,0.000105017
Simplicity2,ELECTRICITY,7135,2010,0.000116932
Simplicity2,ELECTRICITY,7136,2010,0.000124842
Simplicity2,ELECTRICITY,7137,2010,0.000124728
Simplicity2,ELECTRICITY,7138,2010,0.000126926
Simplicity2,ELECTRICITY,7139,2010,0.000130637
Simplicity2,ELECTRICITY,7140,2010,0.000129937
Simplicity2,ELECTRICITY,7141,2010,0.000135341
Simplicity2,ELECTRICITY,7142,2010,0.000134413
Simplicity2,ELECTRICITY,7143,2010,0.000134787
Simplicity2,ELECTRICITY,7144,2010,0.000138645
Simplicity2,ELECTRICITY,7145,2010,0.000144863
Simplicity2,ELECTRICITY,7146,2010,0.000144407
Simplicity2,ELECTRICITY,7147,2010,0.000140956
Simplicity2,ELECTRICITY,7148,2010,0.000137408
Simplicity2,ELECTRICITY,7149,2010,0.000133778
Simplicity2,ELECTRICITY,7150,2010,0.000121538
Simplicity2,ELECTRICITY,7151,2010,0.000119471
Simplicity2,ELECTRICITY,7152,2010,0.000113009
Simplicity2,ELECTRICITY,7153,2010,0.00010811
Simplicity2,ELECTRICITY,7154,2010,0.000107475
Simplicity2,ELECTRICITY,7155,2010,0.000105538
Simplicity2,ELECTRICITY,7156,2010,0.000103878
Simplicity2,ELECTRICITY,7157,2010,0.000105375
Simplicity2,ELECTRICITY,7158,2010,0.000121603
Simplicity2,ELECTRICITY,7159,2010,0.000131776
Simplicity2,ELECTRICITY,7160,2010,0.000138205
Simplicity2,ELECTRICITY,7161,2010,0.000137294
Simplicity2,ELECTRICITY,7162,2010,0.000139475
Simplicity2,ELECTRICITY,7163,2010,0.000138352
Simplicity2,ELECTRICITY,7164,2010,0.000131711
Simplicity2,ELECTRICITY,7165,2010,0.000131337
Simplicity2,ELECTRICITY,7166,2010,0.000130848
Simplicity2,ELECTRICITY,7167,2010,0.000132948
Simplicity2,ELECTRICITY,7168,2010,0.000135113
Simplicity2,ELECTRICITY,7169,2010,0.000141868
Simplicity2,ELECTRICITY,7170,2010,0.000144114
Simplicity2,ELECTRICITY,7171,2010,0.000142096
Simplicity2,ELECTRICITY,7172,2010,0.000136431
Simplicity2,ELECTRICITY,7173,2010,0.00013705
Simplicity2,ELECTRICITY,7174,2010,0.000119227
Simplicity2,ELECTRICITY,7175,2010,0.000113611
Simplicity2,ELECTRICITY,7176,2010,0.000111886
Simplicity2,ELECTRICITY,7177,2010,0.00011174
Simplicity2,ELECTRICITY,7178,2010,0.000114816
Simplicity2,ELECTRICITY,7179,2010,0.000115109
Simplicity2,ELECTRICITY,7180,2010,0.000108728
Simplicity2,ELECTRICITY,7181,2010,0.000104529
Simplicity2,ELECTRICITY,7182,2010,0.000106596
Simplicity2,ELECTRICITY,7183,2010,0.000118673
Simplicity2,ELECTRICITY,7184,2010,0.000122759
Simplicity2,ELECTRICITY,7185,2010,0.000121229
Simplicity2,ELECTRICITY,7186,2010,0.000122531
Simplicity2,ELECTRICITY,7187,2010,0.000122498
Simplicity2,ELECTRICITY,7188,2010,0.000122385
Simplicity2,ELECTRICITY,7189,2010,0.000122564
Simplicity2,ELECTRICITY,7190,2010,0.000122336
Simplicity2,ELECTRICITY,7191,2010,0.000124354
Simplicity2,ELECTRICITY,7192,2010,0.000124973
Simplicity2,ELECTRICITY,7193,2010,0.000129676
Simplicity2,ELECTRICITY,7194,2010,0.000116867
Simplicity2,ELECTRICITY,7195,2010,0.000117225
Simplicity2,ELECTRICITY,7196,2010,0.000123524
Simplicity2,ELECTRICITY,7197,2010,0.000128846
Simplicity2,ELECTRICITY,7198,2010,0.000121766
Simplicity2,ELECTRICITY,7199,2010,0.000120008
Simplicity2,ELECTRICITY,7200,2010,0.000118559
Simplicity2,ELECTRICITY,7201,2010,0.000119341
Simplicity2,ELECTRICITY,7202,2010,0.000118673
Simplicity2,ELECTRICITY,7203,2010,0.000119634
Simplicity2,ELECTRICITY,7204,2010,0.000112993
Simplicity2,ELECTRICITY,7205,2010,0.000104041
Simplicity2,ELECTRICITY,7206,2010,0.000101843
Simplicity2,ELECTRICITY,7207,2010,0.000115386
Simplicity2,ELECTRICITY,7208,2010,0.000123377
Simplicity2,ELECTRICITY,7209,2010,0.000123475
Simplicity2,ELECTRICITY,7210,2010,0.000119536
Simplicity2,ELECTRICITY,7211,2010,0.000118071
Simplicity2,ELECTRICITY,7212,2010,0.00011729
Simplicity2,ELECTRICITY,7213,2010,0.000112814
Simplicity2,ELECTRICITY,7214,2010,0.000109786
Simplicity2,ELECTRICITY,7215,2010,0.000107312
Simplicity2,ELECTRICITY,7216,2010,0.000117746
Simplicity2,ELECTRICITY,7217,2010,0.000129237
Simplicity2,ELECTRICITY,7218,2010,0.00011449
Simplicity2,ELECTRICITY,7219,2010,0.000111333
Simplicity2,ELECTRICITY,7220,2010,0.000121978
Simplicity2,ELECTRICITY,7221,2010,0.000123768
Simplicity2,ELECTRICITY,7222,2010,0.000123133
Simplicity2,ELECTRICITY,7223,2010,0.000116932
Simplicity2,ELECTRICITY,7224,2010,0.000112488
Simplicity2,ELECTRICITY,7225,2010,0.000111674
Simplicity2,ELECTRICITY,7226,2010,0.000113107
Simplicity2,ELECTRICITY,7227,2010,0.000110909
Simplicity2,ELECTRICITY,7228,2010,0.000106303
Simplicity2,ELECTRICITY,7229,2010,0.000106677
Simplicity2,ELECTRICITY,7230,2010,0.000107833
Simplicity2,ELECTRICITY,7231,2010,0.000129628
Simplicity2,ELECTRICITY,7232,2010,0.000134201
Simplicity2,ELECTRICITY,7233,2010,0.000135227
Simplicity2,ELECTRICITY,7234,2010,0.000133518
Simplicity2,ELECTRICITY,7235,2010,0.000129497
Simplicity2,ELECTRICITY,7236,2010,0.000121294
Simplicity2,ELECTRICITY,7237,2010,0.000120496
Simplicity2,ELECTRICITY,7238,2010,0.000117078
Simplicity2,ELECTRICITY,7239,2010,0.000116883
Simplicity2,ELECTRICITY,7240,2010,0.000123215
Simplicity2,ELECTRICITY,7241,2010,0.000130995
Simplicity2,ELECTRICITY,7242,2010,0.000134739
Simplicity2,ELECTRICITY,7243,2010,0.000128472
Simplicity2,ELECTRICITY,7244,2010,0.000132199
Simplicity2,ELECTRICITY,7245,2010,0.000130604
Simplicity2,ELECTRICITY,7246,2010,0.000123426
Simplicity2,ELECTRICITY,7247,2010,0.000119471
Simplicity2,ELECTRICITY,7248,2010,0.000113449
Simplicity2,ELECTRICITY,7249,2010,0.000110047
Simplicity2,ELECTRICITY,7250,2010,0.000111756
Simplicity2,ELECTRICITY,7251,2010,0.000111219
Simplicity2,ELECTRICITY,7252,2010,0.000106905
Simplicity2,ELECTRICITY,7253,2010,0.000106954
Simplicity2,ELECTRICITY,7254,2010,9.3705E-05
Simplicity2,ELECTRICITY,7255,2010,9.7823E-05
Simplicity2,ELECTRICITY,7256,2010,0.000102462
Simplicity2,ELECTRICITY,7257,2010,0.00011327
Simplicity2,ELECTRICITY,7258,2010,0.000114328
Simplicity2,ELECTRICITY,7259,2010,0.000116378
Simplicity2,ELECTRICITY,7260,2010,0.000114051
Simplicity2,ELECTRICITY,7261,2010,0.000110323
Simplicity2,ELECTRICITY,7262,2010,0.000109917
Simplicity2,ELECTRICITY,7263,2010,0.00011379
Simplicity2,ELECTRICITY,7264,2010,0.000121131
Simplicity2,ELECTRICITY,7265,2010,0.000130458
Simplicity2,ELECTRICITY,7266,2010,0.000130458
Simplicity2,ELECTRICITY,7267,2010,0.000120545
Simplicity2,ELECTRICITY,7268,2010,0.000116704
Simplicity2,ELECTRICITY,7269,2010,0.000120057
Simplicity2,ELECTRICITY,7270,2010,0.000117583
Simplicity2,ELECTRICITY,7271,2010,0.000113497
Simplicity2,ELECTRICITY,7272,2010,0.000109314
Simplicity2,ELECTRICITY,7273,2010,0.000109103
Simplicity2,ELECTRICITY,7274,2010,0.000107898
Simplicity2,ELECTRICITY,7275,2010,0.000106938
Simplicity2,ELECTRICITY,7276,2010,0.000107426
Simplicity2,ELECTRICITY,7277,2010,0.000106857
Simplicity2,ELECTRICITY,7278,2010,0.000110144
Simplicity2,ELECTRICITY,7279,2010,0.000114572
Simplicity2,ELECTRICITY,7280,2010,0.000115353
Simplicity2,ELECTRICITY,7281,2010,0.000119455
Simplicity2,ELECTRICITY,7282,2010,0.000122596
Simplicity2,ELECTRICITY,7283,2010,0.000121554
Simplicity2,ELECTRICITY,7284,2010,0.000123377
Simplicity2,ELECTRICITY,7285,2010,0.000128
Simplicity2,ELECTRICITY,7286,2010,0.0001294
Simplicity2,ELECTRICITY,7287,2010,0.000127951
Simplicity2,ELECTRICITY,7288,2010,0.000130148
Simplicity2,ELECTRICITY,7289,2010,0.00013259
Simplicity2,ELECTRICITY,7290,2010,0.000130393
Simplicity2,ELECTRICITY,7291,2010,0.000125314
Simplicity2,ELECTRICITY,7292,2010,0.000131174
Simplicity2,ELECTRICITY,7293,2010,0.000130279
Simplicity2,ELECTRICITY,7294,2010,0.000116785
Simplicity2,ELECTRICITY,7295,2010,0.000113074
Simplicity2,ELECTRICITY,7296,2010,0.000105668
Simplicity2,ELECTRICITY,7297,2010,0.000107866
Simplicity2,ELECTRICITY,7298,2010,0.00010671
Simplicity2,ELECTRICITY,7299,2010,0.00010378
Simplicity2,ELECTRICITY,7300,2010,9.87996E-05
Simplicity2,ELECTRICITY,7301,2010,9.42095E-05
Simplicity2,ELECTRICITY,7302,2010,0.00012564
Simplicity2,ELECTRICITY,7303,2010,0.000137294
Simplicity2,ELECTRICITY,7304,2010,0.000143544
Simplicity2,ELECTRICITY,7305,2010,0.000146751
Simplicity2,ELECTRICITY,7306,2010,0.000144277
Simplicity2,ELECTRICITY,7307,2010,0.000148427
Simplicity2,ELECTRICITY,7308,2010,0.000136252
Simplicity2,ELECTRICITY,7309,2010,0.000145188
Simplicity2,ELECTRICITY,7310,2010,0.00013731
Simplicity2,ELECTRICITY,7311,2010,0.000143186
Simplicity2,ELECTRICITY,7312,2010,0.000141477
Simplicity2,ELECTRICITY,7313,2010,0.000145286
Simplicity2,ELECTRICITY,7314,2010,0.000139508
Simplicity2,ELECTRICITY,7315,2010,0.000145839
Simplicity2,ELECTRICITY,7316,2010,0.000146197
Simplicity2,ELECTRICITY,7317,2010,0.000139394
Simplicity2,ELECTRICITY,7318,2010,0.000116655
Simplicity2,ELECTRICITY,7319,2010,0.000112016
Simplicity2,ELECTRICITY,7320,2010,0.000109103
Simplicity2,ELECTRICITY,7321,2010,0.000110079
Simplicity2,ELECTRICITY,7322,2010,0.00011104
Simplicity2,ELECTRICITY,7323,2010,0.000105294
Simplicity2,ELECTRICITY,7324,2010,0.000105327
Simplicity2,ELECTRICITY,7325,2010,9.89298E-05
Simplicity2,ELECTRICITY,7326,2010,0.000114262
Simplicity2,ELECTRICITY,7327,2010,0.000140126
Simplicity2,ELECTRICITY,7328,2010,0.000134299
Simplicity2,ELECTRICITY,7329,2010,0.000130441
Simplicity2,ELECTRICITY,7330,2010,0.000132378
Simplicity2,ELECTRICITY,7331,2010,0.000130946
Simplicity2,ELECTRICITY,7332,2010,0.00013106
Simplicity2,ELECTRICITY,7333,2010,0.000129693
Simplicity2,ELECTRICITY,7334,2010,0.000129872
Simplicity2,ELECTRICITY,7335,2010,0.000129237
Simplicity2,ELECTRICITY,7336,2010,0.000134918
Simplicity2,ELECTRICITY,7337,2010,0.000136448
Simplicity2,ELECTRICITY,7338,2010,0.000143202
Simplicity2,ELECTRICITY,7339,2010,0.000144065
Simplicity2,ELECTRICITY,7340,2010,0.000144667
Simplicity2,ELECTRICITY,7341,2010,0.000134804
Simplicity2,ELECTRICITY,7342,2010,0.000125119
Simplicity2,ELECTRICITY,7343,2010,0.000119992
Simplicity2,ELECTRICITY,7344,2010,0.000111137
Simplicity2,ELECTRICITY,7345,2010,0.000111528
Simplicity2,ELECTRICITY,7346,2010,0.000109705
Simplicity2,ELECTRICITY,7347,2010,0.000104985
Simplicity2,ELECTRICITY,7348,2010,0.000105587
Simplicity2,ELECTRICITY,7349,2010,0.000103064
Simplicity2,ELECTRICITY,7350,2010,0.000126812
Simplicity2,ELECTRICITY,7351,2010,0.000144326
Simplicity2,ELECTRICITY,7352,2010,0.0001461
Simplicity2,ELECTRICITY,7353,2010,0.000137229
Simplicity2,ELECTRICITY,7354,2010,0.000138385
Simplicity2,ELECTRICITY,7355,2010,0.000133957
Simplicity2,ELECTRICITY,7356,2010,0.000133615
Simplicity2,ELECTRICITY,7357,2010,0.000128928
Simplicity2,ELECTRICITY,7358,2010,0.000125005
Simplicity2,ELECTRICITY,7359,2010,0.000127479
Simplicity2,ELECTRICITY,7360,2010,0.000124566
Simplicity2,ELECTRICITY,7361,2010,0.000124598
Simplicity2,ELECTRICITY,7362,2010,0.000125542
Simplicity2,ELECTRICITY,7363,2010,0.000142356
Simplicity2,ELECTRICITY,7364,2010,0.000146165
Simplicity2,ELECTRICITY,7365,2010,0.000137978
Simplicity2,ELECTRICITY,7366,2010,0.000118153
Simplicity2,ELECTRICITY,7367,2010,0.000115483
Simplicity2,ELECTRICITY,7368,2010,0.000105294
Simplicity2,ELECTRICITY,7369,2010,0.000104057
Simplicity2,ELECTRICITY,7370,2010,0.000101892
Simplicity2,ELECTRICITY,7371,2010,9.78067E-05
Simplicity2,ELECTRICITY,7372,2010,9.55442E-05
Simplicity2,ELECTRICITY,7373,2010,9.58372E-05
Simplicity2,ELECTRICITY,7374,2010,0.000118836
Simplicity2,ELECTRICITY,7375,2010,0.000131858
Simplicity2,ELECTRICITY,7376,2010,0.000138189
Simplicity2,ELECTRICITY,7377,2010,0.000134983
Simplicity2,ELECTRICITY,7378,2010,0.000127626
Simplicity2,ELECTRICITY,7379,2010,0.000126372
Simplicity2,ELECTRICITY,7380,2010,0.000118804
Simplicity2,ELECTRICITY,7381,2010,0.000116199
Simplicity2,ELECTRICITY,7382,2010,0.000113351
Simplicity2,ELECTRICITY,7383,2010,0.000116769
Simplicity2,ELECTRICITY,7384,2010,0.000118543
Simplicity2,ELECTRICITY,7385,2010,0.000127495
Simplicity2,ELECTRICITY,7386,2010,0.000127642
Simplicity2,ELECTRICITY,7387,2010,0.00013119
Simplicity2,ELECTRICITY,7388,2010,0.000134462
Simplicity2,ELECTRICITY,7389,2010,0.000132199
Simplicity2,ELECTRICITY,7390,2010,0.000104106
Simplicity2,ELECTRICITY,7391,2010,0.000101778
Simplicity2,ELECTRICITY,7392,2010,9.94669E-05
Simplicity2,ELECTRICITY,7393,2010,9.92228E-05
Simplicity2,ELECTRICITY,7394,2010,9.82136E-05
Simplicity2,ELECTRICITY,7395,2010,9.48932E-05
Simplicity2,ELECTRICITY,7396,2010,9.01078E-05
Simplicity2,ELECTRICITY,7397,2010,9.16215E-05
Simplicity2,ELECTRICITY,7398,2010,0.000110128
Simplicity2,ELECTRICITY,7399,2010,0.000119341
Simplicity2,ELECTRICITY,7400,2010,0.000126486
Simplicity2,ELECTRICITY,7401,2010,0.000122205
Simplicity2,ELECTRICITY,7402,2010,0.000119129
Simplicity2,ELECTRICITY,7403,2010,0.00012188
Simplicity2,ELECTRICITY,7404,2010,0.000124208
Simplicity2,ELECTRICITY,7405,2010,0.000120334
Simplicity2,ELECTRICITY,7406,2010,0.000124126
Simplicity2,ELECTRICITY,7407,2010,0.000132509
Simplicity2,ELECTRICITY,7408,2010,0.000130246
Simplicity2,ELECTRICITY,7409,2010,0.00013093
Simplicity2,ELECTRICITY,7410,2010,0.00012953
Simplicity2,ELECTRICITY,7411,2010,0.000136106
Simplicity2,ELECTRICITY,7412,2010,0.00013884
Simplicity2,ELECTRICITY,7413,2010,0.000141233
Simplicity2,ELECTRICITY,7414,2010,0.000118739
Simplicity2,ELECTRICITY,7415,2010,0.00011003
Simplicity2,ELECTRICITY,7416,2010,0.00010907
Simplicity2,ELECTRICITY,7417,2010,0.000107329
Simplicity2,ELECTRICITY,7418,2010,0.00010741
Simplicity2,ELECTRICITY,7419,2010,0.000106026
Simplicity2,ELECTRICITY,7420,2010,9.48118E-05
Simplicity2,ELECTRICITY,7421,2010,9.67487E-05
Simplicity2,ELECTRICITY,7422,2010,0.000105278
Simplicity2,ELECTRICITY,7423,2010,0.000110275
Simplicity2,ELECTRICITY,7424,2010,0.000116688
Simplicity2,ELECTRICITY,7425,2010,0.00012175
Simplicity2,ELECTRICITY,7426,2010,0.000123817
Simplicity2,ELECTRICITY,7427,2010,0.000123784
Simplicity2,ELECTRICITY,7428,2010,0.000122336
Simplicity2,ELECTRICITY,7429,2010,0.000121978
Simplicity2,ELECTRICITY,7430,2010,0.000120138
Simplicity2,ELECTRICITY,7431,2010,0.000119878
Simplicity2,ELECTRICITY,7432,2010,0.000124273
Simplicity2,ELECTRICITY,7433,2010,0.00012979
Simplicity2,ELECTRICITY,7434,2010,0.000128521
Simplicity2,ELECTRICITY,7435,2010,0.000127447
Simplicity2,ELECTRICITY,7436,2010,0.000129107
Simplicity2,ELECTRICITY,7437,2010,0.000128358
Simplicity2,ELECTRICITY,7438,2010,0.000123866
Simplicity2,ELECTRICITY,7439,2010,0.000118608
Simplicity2,ELECTRICITY,7440,2010,0.000112977
Simplicity2,ELECTRICITY,7441,2010,0.000102087
Simplicity2,ELECTRICITY,7442,2010,0.000102869
Simplicity2,ELECTRICITY,7443,2010,0.000113074
Simplicity2,ELECTRICITY,7444,2010,0.000115141
Simplicity2,ELECTRICITY,7445,2010,0.000115776
Simplicity2,ELECTRICITY,7446,2010,0.000114881
Simplicity2,ELECTRICITY,7447,2010,0.00011589
Simplicity2,ELECTRICITY,7448,2010,0.000121327
Simplicity2,ELECTRICITY,7449,2010,0.000125054
Simplicity2,ELECTRICITY,7450,2010,0.000127935
Simplicity2,ELECTRICITY,7451,2010,0.000123947
Simplicity2,ELECTRICITY,7452,2010,0.000126096
Simplicity2,ELECTRICITY,7453,2010,0.000122824
Simplicity2,ELECTRICITY,7454,2010,0.000128407
Simplicity2,ELECTRICITY,7455,2010,0.000129546
Simplicity2,ELECTRICITY,7456,2010,0.000128033
Simplicity2,ELECTRICITY,7457,2010,0.000131711
Simplicity2,ELECTRICITY,7458,2010,0.00012774
Simplicity2,ELECTRICITY,7459,2010,0.000124907
Simplicity2,ELECTRICITY,7460,2010,0.000132525
Simplicity2,ELECTRICITY,7461,2010,0.000134869
Simplicity2,ELECTRICITY,7462,2010,0.000136464
Simplicity2,ELECTRICITY,7463,2010,0.000128749
Simplicity2,ELECTRICITY,7464,2010,0.000124891
Simplicity2,ELECTRICITY,7465,2010,0.000122857
Simplicity2,ELECTRICITY,7466,2010,0.000121115
Simplicity2,ELECTRICITY,7467,2010,0.00012271
Simplicity2,ELECTRICITY,7468,2010,0.000116037
Simplicity2,ELECTRICITY,7469,2010,0.000110307
Simplicity2,ELECTRICITY,7470,2010,0.000106287
Simplicity2,ELECTRICITY,7471,2010,0.000121831
Simplicity2,ELECTRICITY,7472,2010,0.000138222
Simplicity2,ELECTRICITY,7473,2010,0.00013648
Simplicity2,ELECTRICITY,7474,2010,0.000140989
Simplicity2,ELECTRICITY,7475,2010,0.000132867
Simplicity2,ELECTRICITY,7476,2010,0.000131011
Simplicity2,ELECTRICITY,7477,2010,0.000134739
Simplicity2,ELECTRICITY,7478,2010,0.000132476
Simplicity2,ELECTRICITY,7479,2010,0.000132557
Simplicity2,ELECTRICITY,7480,2010,0.000141184
Simplicity2,ELECTRICITY,7481,2010,0.000142323
Simplicity2,ELECTRICITY,7482,2010,0.000143463
Simplicity2,ELECTRICITY,7483,2010,0.000143414
Simplicity2,ELECTRICITY,7484,2010,0.000138759
Simplicity2,ELECTRICITY,7485,2010,0.000148671
Simplicity2,ELECTRICITY,7486,2010,0.000138433
Simplicity2,ELECTRICITY,7487,2010,0.000125282
Simplicity2,ELECTRICITY,7488,2010,0.000117892
Simplicity2,ELECTRICITY,7489,2010,0.000115939
Simplicity2,ELECTRICITY,7490,2010,0.000110161
Simplicity2,ELECTRICITY,7491,2010,0.000109054
Simplicity2,ELECTRICITY,7492,2010,0.000103243
Simplicity2,ELECTRICITY,7493,2010,9.83927E-05
Simplicity2,ELECTRICITY,7494,2010,9.9825E-05
Simplicity2,ELECTRICITY,7495,2010,9.64069E-05
Simplicity2,ELECTRICITY,7496,2010,0.000114718
Simplicity2,ELECTRICITY,7497,2010,0.000117632
Simplicity2,ELECTRICITY,7498,2010,0.000111137
Simplicity2,ELECTRICITY,7499,2010,0.000115679
Simplicity2,ELECTRICITY,7500,2010,0.000114995
Simplicity2,ELECTRICITY,7501,2010,0.000111821
Simplicity2,ELECTRICITY,7502,2010,0.00011327
Simplicity2,ELECTRICITY,7503,2010,0.000119797
Simplicity2,ELECTRICITY,7504,2010,0.000126258
Simplicity2,ELECTRICITY,7505,2010,0.000124061
Simplicity2,ELECTRICITY,7506,2010,0.000123019
Simplicity2,ELECTRICITY,7507,2010,0.00011991
Simplicity2,ELECTRICITY,7508,2010,0.000119813
Simplicity2,ELECTRICITY,7509,2010,0.000118999
Simplicity2,ELECTRICITY,7510,2010,0.00011799
Simplicity2,ELECTRICITY,7511,2010,0.000115467
Simplicity2,ELECTRICITY,7512,2010,0.0001106
Simplicity2,ELECTRICITY,7513,2010,9.20447E-05
Simplicity2,ELECTRICITY,7514,2010,8.93265E-05
Simplicity2,ELECTRICITY,7515,2010,9.0238E-05
Simplicity2,ELECTRICITY,7516,2010,8.78454E-05
Simplicity2,ELECTRICITY,7517,2010,8.70641E-05
Simplicity2,ELECTRICITY,7518,2010,8.53713E-05
Simplicity2,ELECTRICITY,7519,2010,8.91963E-05
Simplicity2,ELECTRICITY,7520,2010,0.000110763
Simplicity2,ELECTRICITY,7521,2010,0.000120627
Simplicity2,ELECTRICITY,7522,2010,0.000123703
Simplicity2,ELECTRICITY,7523,2010,0.000119748
Simplicity2,ELECTRICITY,7524,2010,0.00011838
Simplicity2,ELECTRICITY,7525,2010,0.000119748
Simplicity2,ELECTRICITY,7526,2010,0.000115125
Simplicity2,ELECTRICITY,7527,2010,0.000115451
Simplicity2,ELECTRICITY,7528,2010,0.000116151
Simplicity2,ELECTRICITY,7529,2010,0.000115369
Simplicity2,ELECTRICITY,7530,2010,0.000115809
Simplicity2,ELECTRICITY,7531,2010,0.000116248
Simplicity2,ELECTRICITY,7532,2010,0.000116411
Simplicity2,ELECTRICITY,7533,2010,0.000126096
Simplicity2,ELECTRICITY,7534,2010,0.000113969
Simplicity2,ELECTRICITY,7535,2010,0.000108077
Simplicity2,ELECTRICITY,7536,2010,0.000102511
Simplicity2,ELECTRICITY,7537,2010,9.78718E-05
Simplicity2,ELECTRICITY,7538,2010,9.73509E-05
Simplicity2,ELECTRICITY,7539,2010,9.59349E-05
Simplicity2,ELECTRICITY,7540,2010,9.29074E-05
Simplicity2,ELECTRICITY,7541,2010,9.06775E-05
Simplicity2,ELECTRICITY,7542,2010,8.56317E-05
Simplicity2,ELECTRICITY,7543,2010,8.53876E-05
Simplicity2,ELECTRICITY,7544,2010,9.97436E-05
Simplicity2,ELECTRICITY,7545,2010,0.00010645
Simplicity2,ELECTRICITY,7546,2010,0.000113644
Simplicity2,ELECTRICITY,7547,2010,0.000115206
Simplicity2,ELECTRICITY,7548,2010,0.000117404
Simplicity2,ELECTRICITY,7549,2010,0.000117127
Simplicity2,ELECTRICITY,7550,2010,0.00011589
Simplicity2,ELECTRICITY,7551,2010,0.000116509
Simplicity2,ELECTRICITY,7552,2010,0.000119276
Simplicity2,ELECTRICITY,7553,2010,0.000121929
Simplicity2,ELECTRICITY,7554,2010,0.00011742
Simplicity2,ELECTRICITY,7555,2010,0.000118136
Simplicity2,ELECTRICITY,7556,2010,0.00012022
Simplicity2,ELECTRICITY,7557,2010,0.000119666
Simplicity2,ELECTRICITY,7558,2010,0.000118348
Simplicity2,ELECTRICITY,7559,2010,0.000104724
Simplicity2,ELECTRICITY,7560,2010,0.000103211
Simplicity2,ELECTRICITY,7561,2010,0.000116118
Simplicity2,ELECTRICITY,7562,2010,0.000112928
Simplicity2,ELECTRICITY,7563,2010,0.000111772
Simplicity2,ELECTRICITY,7564,2010,0.000110877
Simplicity2,ELECTRICITY,7565,2010,0.000105082
Simplicity2,ELECTRICITY,7566,2010,0.000101111
Simplicity2,ELECTRICITY,7567,2010,0.000100492
Simplicity2,ELECTRICITY,7568,2010,0.000116883
Simplicity2,ELECTRICITY,7569,2010,0.000118901
Simplicity2,ELECTRICITY,7570,2010,0.000120057
Simplicity2,ELECTRICITY,7571,2010,0.000115402
Simplicity2,ELECTRICITY,7572,2010,0.000113807
Simplicity2,ELECTRICITY,7573,2010,0.000107801
Simplicity2,ELECTRICITY,7574,2010,0.000107947
Simplicity2,ELECTRICITY,7575,2010,0.000108403
Simplicity2,ELECTRICITY,7576,2010,0.000111219
Simplicity2,ELECTRICITY,7577,2010,0.000119585
Simplicity2,ELECTRICITY,7578,2010,0.000117567
Simplicity2,ELECTRICITY,7579,2010,0.000118397
Simplicity2,ELECTRICITY,7580,2010,0.000122466
Simplicity2,ELECTRICITY,7581,2010,0.000118527
Simplicity2,ELECTRICITY,7582,2010,0.00011353
Simplicity2,ELECTRICITY,7583,2010,0.00011257
Simplicity2,ELECTRICITY,7584,2010,0.000108989
Simplicity2,ELECTRICITY,7585,2010,0.000106433
Simplicity2,ELECTRICITY,7586,2010,0.000103992
Simplicity2,ELECTRICITY,7587,2010,0.000100167
Simplicity2,ELECTRICITY,7588,2010,9.87345E-05
Simplicity2,ELECTRICITY,7589,2010,9.82787E-05
Simplicity2,ELECTRICITY,7590,2010,9.8474E-05
Simplicity2,ELECTRICITY,7591,2010,9.09705E-05
Simplicity2,ELECTRICITY,7592,2010,9.58372E-05
Simplicity2,ELECTRICITY,7593,2010,0.000107345
Simplicity2,ELECTRICITY,7594,2010,0.000113856
Simplicity2,ELECTRICITY,7595,2010,0.00011532
Simplicity2,ELECTRICITY,7596,2010,0.000118332
Simplicity2,ELECTRICITY,7597,2010,0.00011869
Simplicity2,ELECTRICITY,7598,2010,0.000118055
Simplicity2,ELECTRICITY,7599,2010,0.000116883
Simplicity2,ELECTRICITY,7600,2010,0.000120529
Simplicity2,ELECTRICITY,7601,2010,0.000125396
Simplicity2,ELECTRICITY,7602,2010,0.000124142
Simplicity2,ELECTRICITY,7603,2010,0.000124907
Simplicity2,ELECTRICITY,7604,2010,0.000123133
Simplicity2,ELECTRICITY,7605,2010,0.000116378
Simplicity2,ELECTRICITY,7606,2010,0.000111723
Simplicity2,ELECTRICITY,7607,2010,0.000114588
Simplicity2,ELECTRICITY,7608,2010,0.000119536
Simplicity2,ELECTRICITY,7609,2010,0.000116785
Simplicity2,ELECTRICITY,7610,2010,0.000115825
Simplicity2,ELECTRICITY,7611,2010,0.00011283
Simplicity2,ELECTRICITY,7612,2010,0.000113644
Simplicity2,ELECTRICITY,7613,2010,0.000114621
Simplicity2,ELECTRICITY,7614,2010,0.000115613
Simplicity2,ELECTRICITY,7615,2010,0.000121847
Simplicity2,ELECTRICITY,7616,2010,0.000129725
Simplicity2,ELECTRICITY,7617,2010,0.000124321
Simplicity2,ELECTRICITY,7618,2010,0.000132069
Simplicity2,ELECTRICITY,7619,2010,0.000135683
Simplicity2,ELECTRICITY,7620,2010,0.000138238
Simplicity2,ELECTRICITY,7621,2010,0.000133046
Simplicity2,ELECTRICITY,7622,2010,0.000131353
Simplicity2,ELECTRICITY,7623,2010,0.000132362
Simplicity2,ELECTRICITY,7624,2010,0.000135797
Simplicity2,ELECTRICITY,7625,2010,0.000141884
Simplicity2,ELECTRICITY,7626,2010,0.000136545
Simplicity2,ELECTRICITY,7627,2010,0.000128895
Simplicity2,ELECTRICITY,7628,2010,0.00012092
Simplicity2,ELECTRICITY,7629,2010,0.000125331
Simplicity2,ELECTRICITY,7630,2010,0.000135308
Simplicity2,ELECTRICITY,7631,2010,0.000135373
Simplicity2,ELECTRICITY,7632,2010,0.00013176
Simplicity2,ELECTRICITY,7633,2010,0.000128016
Simplicity2,ELECTRICITY,7634,2010,0.000127056
Simplicity2,ELECTRICITY,7635,2010,0.000126242
Simplicity2,ELECTRICITY,7636,2010,0.000125249
Simplicity2,ELECTRICITY,7637,2010,0.000117713
Simplicity2,ELECTRICITY,7638,2010,0.000114995
Simplicity2,ELECTRICITY,7639,2010,0.000114393
Simplicity2,ELECTRICITY,7640,2010,0.000130311
Simplicity2,ELECTRICITY,7641,2010,0.000133062
Simplicity2,ELECTRICITY,7642,2010,0.000136301
Simplicity2,ELECTRICITY,7643,2010,0.000131825
Simplicity2,ELECTRICITY,7644,2010,0.000135178
Simplicity2,ELECTRICITY,7645,2010,0.000133892
Simplicity2,ELECTRICITY,7646,2010,0.000137034
Simplicity2,ELECTRICITY,7647,2010,0.000132606
Simplicity2,ELECTRICITY,7648,2010,0.000134869
Simplicity2,ELECTRICITY,7649,2010,0.000140191
Simplicity2,ELECTRICITY,7650,2010,0.000141379
Simplicity2,ELECTRICITY,7651,2010,0.000143316
Simplicity2,ELECTRICITY,7652,2010,0.000135976
Simplicity2,ELECTRICITY,7653,2010,0.000145856
Simplicity2,ELECTRICITY,7654,2010,0.000130474
Simplicity2,ELECTRICITY,7655,2010,0.000129221
Simplicity2,ELECTRICITY,7656,2010,0.000123898
Simplicity2,ELECTRICITY,7657,2010,0.0001127
Simplicity2,ELECTRICITY,7658,2010,0.000113335
Simplicity2,ELECTRICITY,7659,2010,0.000114816
Simplicity2,ELECTRICITY,7660,2010,0.000112814
Simplicity2,ELECTRICITY,7661,2010,0.000110714
Simplicity2,ELECTRICITY,7662,2010,0.000109412
Simplicity2,ELECTRICITY,7663,2010,0.000125705
Simplicity2,ELECTRICITY,7664,2010,0.000142177
Simplicity2,ELECTRICITY,7665,2010,0.000146653
Simplicity2,ELECTRICITY,7666,2010,0.000145611
Simplicity2,ELECTRICITY,7667,2010,0.000144228
Simplicity2,ELECTRICITY,7668,2010,0.000142014
Simplicity2,ELECTRICITY,7669,2010,0.0001426
Simplicity2,ELECTRICITY,7670,2010,0.0001426
Simplicity2,ELECTRICITY,7671,2010,0.000139931
Simplicity2,ELECTRICITY,7672,2010,0.000140956
Simplicity2,ELECTRICITY,7673,2010,0.000149664
Simplicity2,ELECTRICITY,7674,2010,0.000148167
Simplicity2,ELECTRICITY,7675,2010,0.000149485
Simplicity2,ELECTRICITY,7676,2010,0.000149729
Simplicity2,ELECTRICITY,7677,2010,0.000152122
Simplicity2,ELECTRICITY,7678,2010,0.000144879
Simplicity2,ELECTRICITY,7679,2010,0.000132541
Simplicity2,ELECTRICITY,7680,2010,0.00012857
Simplicity2,ELECTRICITY,7681,2010,0.000122743
Simplicity2,ELECTRICITY,7682,2010,0.000120822
Simplicity2,ELECTRICITY,7683,2010,0.00011825
Simplicity2,ELECTRICITY,7684,2010,0.000118201
Simplicity2,ELECTRICITY,7685,2010,0.000113514
Simplicity2,ELECTRICITY,7686,2010,0.000110633
Simplicity2,ELECTRICITY,7687,2010,0.000114018
Simplicity2,ELECTRICITY,7688,2010,0.00013316
Simplicity2,ELECTRICITY,7689,2010,0.000136822
Simplicity2,ELECTRICITY,7690,2010,0.000134608
Simplicity2,ELECTRICITY,7691,2010,0.000132346
Simplicity2,ELECTRICITY,7692,2010,0.000131971
Simplicity2,ELECTRICITY,7693,2010,0.000127219
Simplicity2,ELECTRICITY,7694,2010,0.000123849
Simplicity2,ELECTRICITY,7695,2010,0.000123866
Simplicity2,ELECTRICITY,7696,2010,0.000127414
Simplicity2,ELECTRICITY,7697,2010,0.000132916
Simplicity2,ELECTRICITY,7698,2010,0.000137115
Simplicity2,ELECTRICITY,7699,2010,0.000146214
Simplicity2,ELECTRICITY,7700,2010,0.000148167
Simplicity2,ELECTRICITY,7701,2010,0.000146848
Simplicity2,ELECTRICITY,7702,2010,0.000141086
Simplicity2,ELECTRICITY,7703,2010,0.000142454
Simplicity2,ELECTRICITY,7704,2010,0.000138173
Simplicity2,ELECTRICITY,7705,2010,0.000135015
Simplicity2,ELECTRICITY,7706,2010,0.000131434
Simplicity2,ELECTRICITY,7707,2010,0.000126389
Simplicity2,ELECTRICITY,7708,2010,0.000123524
Simplicity2,ELECTRICITY,7709,2010,0.000117078
Simplicity2,ELECTRICITY,7710,2010,0.000115386
Simplicity2,ELECTRICITY,7711,2010,0.000113546
Simplicity2,ELECTRICITY,7712,2010,0.00013023
Simplicity2,ELECTRICITY,7713,2010,0.000135308
Simplicity2,ELECTRICITY,7714,2010,0.000130897
Simplicity2,ELECTRICITY,7715,2010,0.000131939
Simplicity2,ELECTRICITY,7716,2010,0.000134804
Simplicity2,ELECTRICITY,7717,2010,0.00013495
Simplicity2,ELECTRICITY,7718,2010,0.000131581
Simplicity2,ELECTRICITY,7719,2010,0.000135276
Simplicity2,ELECTRICITY,7720,2010,0.000137017
Simplicity2,ELECTRICITY,7721,2010,0.00014094
Simplicity2,ELECTRICITY,7722,2010,0.000141819
Simplicity2,ELECTRICITY,7723,2010,0.000141428
Simplicity2,ELECTRICITY,7724,2010,0.000140224
Simplicity2,ELECTRICITY,7725,2010,0.000142275
Simplicity2,ELECTRICITY,7726,2010,0.000141038
Simplicity2,ELECTRICITY,7727,2010,0.000137278
Simplicity2,ELECTRICITY,7728,2010,0.000135178
Simplicity2,ELECTRICITY,7729,2010,0.000121945
Simplicity2,ELECTRICITY,7730,2010,0.000117746
Simplicity2,ELECTRICITY,7731,2010,0.000119715
Simplicity2,ELECTRICITY,7732,2010,0.000115532
Simplicity2,ELECTRICITY,7733,2010,0.000113774
Simplicity2,ELECTRICITY,7734,2010,0.000109575
Simplicity2,ELECTRICITY,7735,2010,0.000125672
Simplicity2,ELECTRICITY,7736,2010,0.000136171
Simplicity2,ELECTRICITY,7737,2010,0.000134055
Simplicity2,ELECTRICITY,7738,2010,0.000135211
Simplicity2,ELECTRICITY,7739,2010,0.000138694
Simplicity2,ELECTRICITY,7740,2010,0.000138482
Simplicity2,ELECTRICITY,7741,2010,0.000143772
Simplicity2,ELECTRICITY,7742,2010,0.000140826
Simplicity2,ELECTRICITY,7743,2010,0.000141152
Simplicity2,ELECTRICITY,7744,2010,0.000142258
Simplicity2,ELECTRICITY,7745,2010,0.000143707
Simplicity2,ELECTRICITY,7746,2010,0.000148981
Simplicity2,ELECTRICITY,7747,2010,0.000148183
Simplicity2,ELECTRICITY,7748,2010,0.0001565
Simplicity2,ELECTRICITY,7749,2010,0.000153327
Simplicity2,ELECTRICITY,7750,2010,0.00015025
Simplicity2,ELECTRICITY,7751,2010,0.000141135
Simplicity2,ELECTRICITY,7752,2010,0.00013731
Simplicity2,ELECTRICITY,7753,2010,0.000126291
Simplicity2,ELECTRICITY,7754,2010,0.000122026
Simplicity2,ELECTRICITY,7755,2010,0.000120187
Simplicity2,ELECTRICITY,7756,2010,0.000119813
Simplicity2,ELECTRICITY,7757,2010,0.000117257
Simplicity2,ELECTRICITY,7758,2010,0.000118771
Simplicity2,ELECTRICITY,7759,2010,0.000118966
Simplicity2,ELECTRICITY,7760,2010,0.000123491
Simplicity2,ELECTRICITY,7761,2010,0.000127951
Simplicity2,ELECTRICITY,7762,2010,0.000130181
Simplicity2,ELECTRICITY,7763,2010,0.000130083
Simplicity2,ELECTRICITY,7764,2010,0.000128065
Simplicity2,ELECTRICITY,7765,2010,0.000127007
Simplicity2,ELECTRICITY,7766,2010,0.000125184
Simplicity2,ELECTRICITY,7767,2010,0.00012717
Simplicity2,ELECTRICITY,7768,2010,0.000126437
Simplicity2,ELECTRICITY,7769,2010,0.000145302
Simplicity2,ELECTRICITY,7770,2010,0.000154401
Simplicity2,ELECTRICITY,7771,2010,0.000147792
Simplicity2,ELECTRICITY,7772,2010,0.000149306
Simplicity2,ELECTRICITY,7773,2010,0.000139605
Simplicity2,ELECTRICITY,7774,2010,0.000136806
Simplicity2,ELECTRICITY,7775,2010,0.000130881
Simplicity2,ELECTRICITY,7776,2010,0.000126812
Simplicity2,ELECTRICITY,7777,2010,0.000119764
Simplicity2,ELECTRICITY,7778,2010,0.000114051
Simplicity2,ELECTRICITY,7779,2010,0.000111251
Simplicity2,ELECTRICITY,7780,2010,0.000109331
Simplicity2,ELECTRICITY,7781,2010,0.000109331
Simplicity2,ELECTRICITY,7782,2010,0.000108273
Simplicity2,ELECTRICITY,7783,2010,0.000108452
Simplicity2,ELECTRICITY,7784,2010,0.000114246
Simplicity2,ELECTRICITY,7785,2010,0.00011978
Simplicity2,ELECTRICITY,7786,2010,0.00012673
Simplicity2,ELECTRICITY,7787,2010,0.000131402
Simplicity2,ELECTRICITY,7788,2010,0.000129383
Simplicity2,ELECTRICITY,7789,2010,0.000132313
Simplicity2,ELECTRICITY,7790,2010,0.000129335
Simplicity2,ELECTRICITY,7791,2010,0.000130767
Simplicity2,ELECTRICITY,7792,2010,0.000132134
Simplicity2,ELECTRICITY,7793,2010,0.00014942
Simplicity2,ELECTRICITY,7794,2010,0.000148541
Simplicity2,ELECTRICITY,7795,2010,0.000145123
Simplicity2,ELECTRICITY,7796,2010,0.000138157
Simplicity2,ELECTRICITY,7797,2010,0.000143658
Simplicity2,ELECTRICITY,7798,2010,0.000139068
Simplicity2,ELECTRICITY,7799,2010,0.000129335
Simplicity2,ELECTRICITY,7800,2010,0.000125233
Simplicity2,ELECTRICITY,7801,2010,0.000121652
Simplicity2,ELECTRICITY,7802,2010,0.000118283
Simplicity2,ELECTRICITY,7803,2010,0.000119308
Simplicity2,ELECTRICITY,7804,2010,0.000127512
Simplicity2,ELECTRICITY,7805,2010,0.000126584
Simplicity2,ELECTRICITY,7806,2010,0.000141835
Simplicity2,ELECTRICITY,7807,2010,0.000143023
Simplicity2,ELECTRICITY,7808,2010,0.000156777
Simplicity2,ELECTRICITY,7809,2010,0.000162604
Simplicity2,ELECTRICITY,7810,2010,0.000161611
Simplicity2,ELECTRICITY,7811,2010,0.000160879
Simplicity2,ELECTRICITY,7812,2010,0.000161253
Simplicity2,ELECTRICITY,7813,2010,0.000159137
Simplicity2,ELECTRICITY,7814,2010,0.000157721
Simplicity2,ELECTRICITY,7815,2010,0.000155345
Simplicity2,ELECTRICITY,7816,2010,0.000160423
Simplicity2,ELECTRICITY,7817,2010,0.000167927
Simplicity2,ELECTRICITY,7818,2010,0.000173217
Simplicity2,ELECTRICITY,7819,2010,0.000167585
Simplicity2,ELECTRICITY,7820,2010,0.000164753
Simplicity2,ELECTRICITY,7821,2010,0.000162783
Simplicity2,ELECTRICITY,7822,2010,0.000161497
Simplicity2,ELECTRICITY,7823,2010,0.000153717
Simplicity2,ELECTRICITY,7824,2010,0.000138287
Simplicity2,ELECTRICITY,7825,2010,0.000137603
Simplicity2,ELECTRICITY,7826,2010,0.000134625
Simplicity2,ELECTRICITY,7827,2010,0.000134267
Simplicity2,ELECTRICITY,7828,2010,0.000134234
Simplicity2,ELECTRICITY,7829,2010,0.000131451
Simplicity2,ELECTRICITY,7830,2010,0.000140012
Simplicity2,ELECTRICITY,7831,2010,0.000154645
Simplicity2,ELECTRICITY,7832,2010,0.000168692
Simplicity2,ELECTRICITY,7833,2010,0.000168643
Simplicity2,ELECTRICITY,7834,2010,0.000166592
Simplicity2,ELECTRICITY,7835,2010,0.000165485
Simplicity2,ELECTRICITY,7836,2010,0.000162507
Simplicity2,ELECTRICITY,7837,2010,0.000155703
Simplicity2,ELECTRICITY,7838,2010,0.000158307
Simplicity2,ELECTRICITY,7839,2010,0.000156826
Simplicity2,ELECTRICITY,7840,2010,0.000158828
Simplicity2,ELECTRICITY,7841,2010,0.000167731
Simplicity2,ELECTRICITY,7842,2010,0.00017141
Simplicity2,ELECTRICITY,7843,2010,0.000174568
Simplicity2,ELECTRICITY,7844,2010,0.000173835
Simplicity2,ELECTRICITY,7845,2010,0.000173591
Simplicity2,ELECTRICITY,7846,2010,0.00016778
Simplicity2,ELECTRICITY,7847,2010,0.000159268
Simplicity2,ELECTRICITY,7848,2010,0.000144212
Simplicity2,ELECTRICITY,7849,2010,0.000136431
Simplicity2,ELECTRICITY,7850,2010,0.000131288
Simplicity2,ELECTRICITY,7851,2010,0.000130604
Simplicity2,ELECTRICITY,7852,2010,0.000129546
Simplicity2,ELECTRICITY,7853,2010,0.000127967
Simplicity2,ELECTRICITY,7854,2010,0.00013132
Simplicity2,ELECTRICITY,7855,2010,0.00013788
Simplicity2,ELECTRICITY,7856,2010,0.000154629
Simplicity2,ELECTRICITY,7857,2010,0.000162311
Simplicity2,ELECTRICITY,7858,2010,0.000159951
Simplicity2,ELECTRICITY,7859,2010,0.000158519
Simplicity2,ELECTRICITY,7860,2010,0.000164362
Simplicity2,ELECTRICITY,7861,2010,0.000166657
Simplicity2,ELECTRICITY,7862,2010,0.000163434
Simplicity2,ELECTRICITY,7863,2010,0.000162686
Simplicity2,ELECTRICITY,7864,2010,0.000164964
Simplicity2,ELECTRICITY,7865,2010,0.000164899
Simplicity2,ELECTRICITY,7866,2010,0.000168171
Simplicity2,ELECTRICITY,7867,2010,0.000166771
Simplicity2,ELECTRICITY,7868,2010,0.000168464
Simplicity2,ELECTRICITY,7869,2010,0.000164736
Simplicity2,ELECTRICITY,7870,2010,0.000158633
Simplicity2,ELECTRICITY,7871,2010,0.000153538
Simplicity2,ELECTRICITY,7872,2010,0.000134901
Simplicity2,ELECTRICITY,7873,2010,0.000119992
Simplicity2,ELECTRICITY,7874,2010,0.00011742
Simplicity2,ELECTRICITY,7875,2010,0.000118429
Simplicity2,ELECTRICITY,7876,2010,0.000120431
Simplicity2,ELECTRICITY,7877,2010,0.00011991
Simplicity2,ELECTRICITY,7878,2010,0.000124973
Simplicity2,ELECTRICITY,7879,2010,0.000132216
Simplicity2,ELECTRICITY,7880,2010,0.000154205
Simplicity2,ELECTRICITY,7881,2010,0.000157217
Simplicity2,ELECTRICITY,7882,2010,0.000156224
Simplicity2,ELECTRICITY,7883,2010,0.000153799
Simplicity2,ELECTRICITY,7884,2010,0.000153799
Simplicity2,ELECTRICITY,7885,2010,0.000153359
Simplicity2,ELECTRICITY,7886,2010,0.000154857
Simplicity2,ELECTRICITY,7887,2010,0.000155752
Simplicity2,ELECTRICITY,7888,2010,0.00015873
Simplicity2,ELECTRICITY,7889,2010,0.000171638
Simplicity2,ELECTRICITY,7890,2010,0.000175577
Simplicity2,ELECTRICITY,7891,2010,0.000169115
Simplicity2,ELECTRICITY,7892,2010,0.000160879
Simplicity2,ELECTRICITY,7893,2010,0.000156159
Simplicity2,ELECTRICITY,7894,2010,0.000144716
Simplicity2,ELECTRICITY,7895,2010,0.000128098
Simplicity2,ELECTRICITY,7896,2010,0.000122368
Simplicity2,ELECTRICITY,7897,2010,0.000116916
Simplicity2,ELECTRICITY,7898,2010,0.000113953
Simplicity2,ELECTRICITY,7899,2010,0.000114165
Simplicity2,ELECTRICITY,7900,2010,0.00011353
Simplicity2,ELECTRICITY,7901,2010,0.000111609
Simplicity2,ELECTRICITY,7902,2010,0.000113107
Simplicity2,ELECTRICITY,7903,2010,0.000115304
Simplicity2,ELECTRICITY,7904,2010,0.000128033
Simplicity2,ELECTRICITY,7905,2010,0.000131158
Simplicity2,ELECTRICITY,7906,2010,0.000132769
Simplicity2,ELECTRICITY,7907,2010,0.000132004
Simplicity2,ELECTRICITY,7908,2010,0.00013578
Simplicity2,ELECTRICITY,7909,2010,0.000135617
Simplicity2,ELECTRICITY,7910,2010,0.000135536
Simplicity2,ELECTRICITY,7911,2010,0.000134755
Simplicity2,ELECTRICITY,7912,2010,0.000136301
Simplicity2,ELECTRICITY,7913,2010,0.000146441
Simplicity2,ELECTRICITY,7914,2010,0.000144033
Simplicity2,ELECTRICITY,7915,2010,0.0001405
Simplicity2,ELECTRICITY,7916,2010,0.000135569
Simplicity2,ELECTRICITY,7917,2010,0.000125445
Simplicity2,ELECTRICITY,7918,2010,0.000118966
Simplicity2,ELECTRICITY,7919,2010,0.000120692
Simplicity2,ELECTRICITY,7920,2010,0.000118364
Simplicity2,ELECTRICITY,7921,2010,0.000114051
Simplicity2,ELECTRICITY,7922,2010,0.000112911
Simplicity2,ELECTRICITY,7923,2010,0.000110356
Simplicity2,ELECTRICITY,7924,2010,0.000104187
Simplicity2,ELECTRICITY,7925,2010,0.000105245
Simplicity2,ELECTRICITY,7926,2010,0.000103976
Simplicity2,ELECTRICITY,7927,2010,0.000101143
Simplicity2,ELECTRICITY,7928,2010,0.00011021
Simplicity2,ELECTRICITY,7929,2010,0.000115613
Simplicity2,ELECTRICITY,7930,2010,0.000118364
Simplicity2,ELECTRICITY,7931,2010,0.000117436
Simplicity2,ELECTRICITY,7932,2010,0.000115841
Simplicity2,ELECTRICITY,7933,2010,0.000113546
Simplicity2,ELECTRICITY,7934,2010,0.000113107
Simplicity2,ELECTRICITY,7935,2010,0.000116118
Simplicity2,ELECTRICITY,7936,2010,0.000115516
Simplicity2,ELECTRICITY,7937,2010,0.000131158
Simplicity2,ELECTRICITY,7938,2010,0.000128114
Simplicity2,ELECTRICITY,7939,2010,0.000127137
Simplicity2,ELECTRICITY,7940,2010,0.000121424
Simplicity2,ELECTRICITY,7941,2010,0.000115971
Simplicity2,ELECTRICITY,7942,2010,0.00011174
Simplicity2,ELECTRICITY,7943,2010,0.000116769
Simplicity2,ELECTRICITY,7944,2010,0.000116639
Simplicity2,ELECTRICITY,7945,2010,0.000112814
Simplicity2,ELECTRICITY,7946,2010,0.000112602
Simplicity2,ELECTRICITY,7947,2010,0.000112456
Simplicity2,ELECTRICITY,7948,2010,0.000111593
Simplicity2,ELECTRICITY,7949,2010,0.000114604
Simplicity2,ELECTRICITY,7950,2010,0.000114035
Simplicity2,ELECTRICITY,7951,2010,0.000112798
Simplicity2,ELECTRICITY,7952,2010,0.000115337
Simplicity2,ELECTRICITY,7953,2010,0.000121799
Simplicity2,ELECTRICITY,7954,2010,0.000125998
Simplicity2,ELECTRICITY,7955,2010,0.000127268
Simplicity2,ELECTRICITY,7956,2010,0.000126226
Simplicity2,ELECTRICITY,7957,2010,0.000123084
Simplicity2,ELECTRICITY,7958,2010,0.000122987
Simplicity2,ELECTRICITY,7959,2010,0.000123524
Simplicity2,ELECTRICITY,7960,2010,0.000122531
Simplicity2,ELECTRICITY,7961,2010,0.00013731
Simplicity2,ELECTRICITY,7962,2010,0.00013233
Simplicity2,ELECTRICITY,7963,2010,0.000128781
Simplicity2,ELECTRICITY,7964,2010,0.00012494
Simplicity2,ELECTRICITY,7965,2010,0.000124989
Simplicity2,ELECTRICITY,7966,2010,0.000120708
Simplicity2,ELECTRICITY,7967,2010,0.000117632
Simplicity2,ELECTRICITY,7968,2010,0.000115093
Simplicity2,ELECTRICITY,7969,2010,0.000107443
Simplicity2,ELECTRICITY,7970,2010,0.000106808
Simplicity2,ELECTRICITY,7971,2010,0.000107817
Simplicity2,ELECTRICITY,7972,2010,0.000103862
Simplicity2,ELECTRICITY,7973,2010,9.84578E-05
Simplicity2,ELECTRICITY,7974,2010,0.000101485
Simplicity2,ELECTRICITY,7975,2010,0.000103715
Simplicity2,ELECTRICITY,7976,2010,0.000120024
Simplicity2,ELECTRICITY,7977,2010,0.000127544
Simplicity2,ELECTRICITY,7978,2010,0.000128033
Simplicity2,ELECTRICITY,7979,2010,0.000128081
Simplicity2,ELECTRICITY,7980,2010,0.000128635
Simplicity2,ELECTRICITY,7981,2010,0.000128684
Simplicity2,ELECTRICITY,7982,2010,0.000130328
Simplicity2,ELECTRICITY,7983,2010,0.000130865
Simplicity2,ELECTRICITY,7984,2010,0.000131906
Simplicity2,ELECTRICITY,7985,2010,0.000143544
Simplicity2,ELECTRICITY,7986,2010,0.00014885
Simplicity2,ELECTRICITY,7987,2010,0.000142991
Simplicity2,ELECTRICITY,7988,2010,0.000135797
Simplicity2,ELECTRICITY,7989,2010,0.000132102
Simplicity2,ELECTRICITY,7990,2010,0.000124533
Simplicity2,ELECTRICITY,7991,2010,0.000124842
Simplicity2,ELECTRICITY,7992,2010,0.000116102
Simplicity2,ELECTRICITY,7993,2010,0.000107719
Simplicity2,ELECTRICITY,7994,2010,0.000107426
Simplicity2,ELECTRICITY,7995,2010,0.000104692
Simplicity2,ELECTRICITY,7996,2010,0.000104448
Simplicity2,ELECTRICITY,7997,2010,0.000102625
Simplicity2,ELECTRICITY,7998,2010,9.83438E-05
Simplicity2,ELECTRICITY,7999,2010,0.000103406
Simplicity2,ELECTRICITY,8000,2010,0.000124338
Simplicity2,ELECTRICITY,8001,2010,0.000128716
Simplicity2,ELECTRICITY,8002,2010,0.00012774
Simplicity2,ELECTRICITY,8003,2010,0.000128765
Simplicity2,ELECTRICITY,8004,2010,0.00012481
Simplicity2,ELECTRICITY,8005,2010,0.000123703
Simplicity2,ELECTRICITY,8006,2010,0.000123003
Simplicity2,ELECTRICITY,8007,2010,0.000123556
Simplicity2,ELECTRICITY,8008,2010,0.000119276
Simplicity2,ELECTRICITY,8009,2010,0.000133322
Simplicity2,ELECTRICITY,8010,2010,0.000133306
Simplicity2,ELECTRICITY,8011,2010,0.000131174
Simplicity2,ELECTRICITY,8012,2010,0.000128814
Simplicity2,ELECTRICITY,8013,2010,0.000125445
Simplicity2,ELECTRICITY,8014,2010,0.000116444
Simplicity2,ELECTRICITY,8015,2010,0.000118267
Simplicity2,ELECTRICITY,8016,2010,0.000113449
Simplicity2,ELECTRICITY,8017,2010,0.000107296
Simplicity2,ELECTRICITY,8018,2010,0.000102706
Simplicity2,ELECTRICITY,8019,2010,0.000101729
Simplicity2,ELECTRICITY,8020,2010,0.000101957
Simplicity2,ELECTRICITY,8021,2010,0.00010295
Simplicity2,ELECTRICITY,8022,2010,9.69929E-05
Simplicity2,ELECTRICITY,8023,2010,0.000105896
Simplicity2,ELECTRICITY,8024,2010,0.000128749
Simplicity2,ELECTRICITY,8025,2010,0.000130181
Simplicity2,ELECTRICITY,8026,2010,0.000130067
Simplicity2,ELECTRICITY,8027,2010,0.000136513
Simplicity2,ELECTRICITY,8028,2010,0.00011978
Simplicity2,ELECTRICITY,8029,2010,0.000124582
Simplicity2,ELECTRICITY,8030,2010,0.000121945
Simplicity2,ELECTRICITY,8031,2010,0.000122401
Simplicity2,ELECTRICITY,8032,2010,0.000121929
Simplicity2,ELECTRICITY,8033,2010,0.000134527
Simplicity2,ELECTRICITY,8034,2010,0.000131467
Simplicity2,ELECTRICITY,8035,2010,0.000129025
Simplicity2,ELECTRICITY,8036,2010,0.000128391
Simplicity2,ELECTRICITY,8037,2010,0.000124631
Simplicity2,ELECTRICITY,8038,2010,0.00011659
Simplicity2,ELECTRICITY,8039,2010,0.000118804
Simplicity2,ELECTRICITY,8040,2010,0.00011423
Simplicity2,ELECTRICITY,8041,2010,0.000108435
Simplicity2,ELECTRICITY,8042,2010,0.00010715
Simplicity2,ELECTRICITY,8043,2010,0.000106205
Simplicity2,ELECTRICITY,8044,2010,0.000105229
Simplicity2,ELECTRICITY,8045,2010,0.000105668
Simplicity2,ELECTRICITY,8046,2010,0.000102348
Simplicity2,ELECTRICITY,8047,2010,0.000108028
Simplicity2,ELECTRICITY,8048,2010,0.000131516
Simplicity2,ELECTRICITY,8049,2010,0.000130621
Simplicity2,ELECTRICITY,8050,2010,0.000133339
Simplicity2,ELECTRICITY,8051,2010,0.000132899
Simplicity2,ELECTRICITY,8052,2010,0.000121261
Simplicity2,ELECTRICITY,8053,2010,0.000121587
Simplicity2,ELECTRICITY,8054,2010,0.000121961
Simplicity2,ELECTRICITY,8055,2010,0.000119113
Simplicity2,ELECTRICITY,8056,2010,0.000120692
Simplicity2,ELECTRICITY,8057,2010,0.000130458
Simplicity2,ELECTRICITY,8058,2010,0.000141086
Simplicity2,ELECTRICITY,8059,2010,0.00013539
Simplicity2,ELECTRICITY,8060,2010,0.000134901
Simplicity2,ELECTRICITY,8061,2010,0.000129465
Simplicity2,ELECTRICITY,8062,2010,0.000123524
Simplicity2,ELECTRICITY,8063,2010,0.000122629
Simplicity2,ELECTRICITY,8064,2010,0.000117876
Simplicity2,ELECTRICITY,8065,2010,0.000110437
Simplicity2,ELECTRICITY,8066,2010,0.000109282
Simplicity2,ELECTRICITY,8067,2010,0.000107019
Simplicity2,ELECTRICITY,8068,2010,0.000107312
Simplicity2,ELECTRICITY,8069,2010,0.000106498
Simplicity2,ELECTRICITY,8070,2010,0.000101827
Simplicity2,ELECTRICITY,8071,2010,0.000111251
Simplicity2,ELECTRICITY,8072,2010,0.000128635
Simplicity2,ELECTRICITY,8073,2010,0.000131727
Simplicity2,ELECTRICITY,8074,2010,0.00013119
Simplicity2,ELECTRICITY,8075,2010,0.000128
Simplicity2,ELECTRICITY,8076,2010,0.00012704
Simplicity2,ELECTRICITY,8077,2010,0.000121733
Simplicity2,ELECTRICITY,8078,2010,0.000119748
Simplicity2,ELECTRICITY,8079,2010,0.000122222
Simplicity2,ELECTRICITY,8080,2010,0.000125314
Simplicity2,ELECTRICITY,8081,2010,0.000135064
Simplicity2,ELECTRICITY,8082,2010,0.000136562
Simplicity2,ELECTRICITY,8083,2010,0.000135764
Simplicity2,ELECTRICITY,8084,2010,0.000130946
Simplicity2,ELECTRICITY,8085,2010,0.000132557
Simplicity2,ELECTRICITY,8086,2010,0.000124598
Simplicity2,ELECTRICITY,8087,2010,0.000123036
Simplicity2,ELECTRICITY,8088,2010,0.000115825
Simplicity2,ELECTRICITY,8089,2010,0.00010715
Simplicity2,ELECTRICITY,8090,2010,0.000107394
Simplicity2,ELECTRICITY,8091,2010,0.000107019
Simplicity2,ELECTRICITY,8092,2010,0.000105489
Simplicity2,ELECTRICITY,8093,2010,0.000101143
Simplicity2,ELECTRICITY,8094,2010,0.000105278
Simplicity2,ELECTRICITY,8095,2010,0.0001127
Simplicity2,ELECTRICITY,8096,2010,0.000118608
Simplicity2,ELECTRICITY,8097,2010,0.000122092
Simplicity2,ELECTRICITY,8098,2010,0.000121489
Simplicity2,ELECTRICITY,8099,2010,0.000121847
Simplicity2,ELECTRICITY,8100,2010,0.000123442
Simplicity2,ELECTRICITY,8101,2010,0.000123036
Simplicity2,ELECTRICITY,8102,2010,0.000119324
Simplicity2,ELECTRICITY,8103,2010,0.000116053
Simplicity2,ELECTRICITY,8104,2010,0.000116313
Simplicity2,ELECTRICITY,8105,2010,0.000131386
Simplicity2,ELECTRICITY,8106,2010,0.000131451
Simplicity2,ELECTRICITY,8107,2010,0.000128521
Simplicity2,ELECTRICITY,8108,2010,0.000127072
Simplicity2,ELECTRICITY,8109,2010,0.000127007
Simplicity2,ELECTRICITY,8110,2010,0.000124256
Simplicity2,ELECTRICITY,8111,2010,0.000116688
Simplicity2,ELECTRICITY,8112,2010,0.000112863
Simplicity2,ELECTRICITY,8113,2010,0.000112065
Simplicity2,ELECTRICITY,8114,2010,0.000114328
Simplicity2,ELECTRICITY,8115,2010,0.000113042
Simplicity2,ELECTRICITY,8116,2010,0.000115971
Simplicity2,ELECTRICITY,8117,2010,0.000116004
Simplicity2,ELECTRICITY,8118,2010,0.000116818
Simplicity2,ELECTRICITY,8119,2010,0.000119764
Simplicity2,ELECTRICITY,8120,2010,0.000127902
Simplicity2,ELECTRICITY,8121,2010,0.000131255
Simplicity2,ELECTRICITY,8122,2010,0.000135666
Simplicity2,ELECTRICITY,8123,2010,0.00013788
Simplicity2,ELECTRICITY,8124,2010,0.000133274
Simplicity2,ELECTRICITY,8125,2010,0.000136122
Simplicity2,ELECTRICITY,8126,2010,0.000137815
Simplicity2,ELECTRICITY,8127,2010,0.000132557
Simplicity2,ELECTRICITY,8128,2010,0.000128814
Simplicity2,ELECTRICITY,8129,2010,0.00013967
Simplicity2,ELECTRICITY,8130,2010,0.00014426
Simplicity2,ELECTRICITY,8131,2010,0.000138857
Simplicity2,ELECTRICITY,8132,2010,0.00012857
Simplicity2,ELECTRICITY,8133,2010,0.000130539
Simplicity2,ELECTRICITY,8134,2010,0.000128277
Simplicity2,ELECTRICITY,8135,2010,0.000125038
Simplicity2,ELECTRICITY,8136,2010,0.000119455
Simplicity2,ELECTRICITY,8137,2010,0.000118185
Simplicity2,ELECTRICITY,8138,2010,0.000117843
Simplicity2,ELECTRICITY,8139,2010,0.000118364
Simplicity2,ELECTRICITY,8140,2010,0.000117453
Simplicity2,ELECTRICITY,8141,2010,0.000116427
Simplicity2,ELECTRICITY,8142,2010,0.000118299
Simplicity2,ELECTRICITY,8143,2010,0.000118641
Simplicity2,ELECTRICITY,8144,2010,0.000141379
Simplicity2,ELECTRICITY,8145,2010,0.000139768
Simplicity2,ELECTRICITY,8146,2010,0.00013858
Simplicity2,ELECTRICITY,8147,2010,0.000138645
Simplicity2,ELECTRICITY,8148,2010,0.000133794
Simplicity2,ELECTRICITY,8149,2010,0.000136301
Simplicity2,ELECTRICITY,8150,2010,0.000134673
Simplicity2,ELECTRICITY,8151,2010,0.000134478
Simplicity2,ELECTRICITY,8152,2010,0.00013762
Simplicity2,ELECTRICITY,8153,2010,0.000144163
Simplicity2,ELECTRICITY,8154,2010,0.000150999
Simplicity2,ELECTRICITY,8155,2010,0.000147532
Simplicity2,ELECTRICITY,8156,2010,0.00013788
Simplicity2,ELECTRICITY,8157,2010,0.000129628
Simplicity2,ELECTRICITY,8158,2010,0.000119617
Simplicity2,ELECTRICITY,8159,2010,0.000121034
Simplicity2,ELECTRICITY,8160,2010,0.000119536
Simplicity2,ELECTRICITY,8161,2010,0.000109575
Simplicity2,ELECTRICITY,8162,2010,0.000109282
Simplicity2,ELECTRICITY,8163,2010,0.000109103
Simplicity2,ELECTRICITY,8164,2010,0.000108826
Simplicity2,ELECTRICITY,8165,2010,0.000104903
Simplicity2,ELECTRICITY,8166,2010,0.000100346
Simplicity2,ELECTRICITY,8167,2010,0.000102934
Simplicity2,ELECTRICITY,8168,2010,0.000125461
Simplicity2,ELECTRICITY,8169,2010,0.000128895
Simplicity2,ELECTRICITY,8170,2010,0.000132623
Simplicity2,ELECTRICITY,8171,2010,0.000139345
Simplicity2,ELECTRICITY,8172,2010,0.000130165
Simplicity2,ELECTRICITY,8173,2010,0.000131548
Simplicity2,ELECTRICITY,8174,2010,0.000127626
Simplicity2,ELECTRICITY,8175,2010,0.000129758
Simplicity2,ELECTRICITY,8176,2010,0.000128732
Simplicity2,ELECTRICITY,8177,2010,0.000135617
Simplicity2,ELECTRICITY,8178,2010,0.000136741
Simplicity2,ELECTRICITY,8179,2010,0.000131744
Simplicity2,ELECTRICITY,8180,2010,0.000133257
Simplicity2,ELECTRICITY,8181,2010,0.000126665
Simplicity2,ELECTRICITY,8182,2010,0.000121359
Simplicity2,ELECTRICITY,8183,2010,0.000116916
Simplicity2,ELECTRICITY,8184,2010,0.000115923
Simplicity2,ELECTRICITY,8185,2010,0.000118592
Simplicity2,ELECTRICITY,8186,2010,0.000117697
Simplicity2,ELECTRICITY,8187,2010,0.000116899
Simplicity2,ELECTRICITY,8188,2010,0.000114783
Simplicity2,ELECTRICITY,8189,2010,0.000107312
Simplicity2,ELECTRICITY,8190,2010,0.000101746
Simplicity2,ELECTRICITY,8191,2010,0.000108761
Simplicity2,ELECTRICITY,8192,2010,0.000126258
Simplicity2,ELECTRICITY,8193,2010,0.000132899
Simplicity2,ELECTRICITY,8194,2010,0.000132997
Simplicity2,ELECTRICITY,8195,2010,0.000139166
Simplicity2,ELECTRICITY,8196,2010,0.000130523
Simplicity2,ELECTRICITY,8197,2010,0.000129742
Simplicity2,ELECTRICITY,8198,2010,0.000135471
Simplicity2,ELECTRICITY,8199,2010,0.000140175
Simplicity2,ELECTRICITY,8200,2010,0.000140517
Simplicity2,ELECTRICITY,8201,2010,0.000142861
Simplicity2,ELECTRICITY,8202,2010,0.000143056
Simplicity2,ELECTRICITY,8203,2010,0.000136252
Simplicity2,ELECTRICITY,8204,2010,0.000144293
Simplicity2,ELECTRICITY,8205,2010,0.00013788
Simplicity2,ELECTRICITY,8206,2010,0.000146816
Simplicity2,ELECTRICITY,8207,2010,0.000122059
Simplicity2,ELECTRICITY,8208,2010,0.000128684
Simplicity2,ELECTRICITY,8209,2010,0.000120562
Simplicity2,ELECTRICITY,8210,2010,0.000115988
Simplicity2,ELECTRICITY,8211,2010,0.000119731
Simplicity2,ELECTRICITY,8212,2010,0.000117876
Simplicity2,ELECTRICITY,8213,2010,0.000115239
Simplicity2,ELECTRICITY,8214,2010,0.0001141
Simplicity2,ELECTRICITY,8215,2010,0.000129253
Simplicity2,ELECTRICITY,8216,2010,0.000158698
Simplicity2,ELECTRICITY,8217,2010,0.000154059
Simplicity2,ELECTRICITY,8218,2010,0.000145335
Simplicity2,ELECTRICITY,8219,2010,0.000142389
Simplicity2,ELECTRICITY,8220,2010,0.000137261
Simplicity2,ELECTRICITY,8221,2010,0.000137896
Simplicity2,ELECTRICITY,8222,2010,0.000133697
Simplicity2,ELECTRICITY,8223,2010,0.000137978
Simplicity2,ELECTRICITY,8224,2010,0.000136106
Simplicity2,ELECTRICITY,8225,2010,0.000143707
Simplicity2,ELECTRICITY,8226,2010,0.00013552
Simplicity2,ELECTRICITY,8227,2010,0.000140061
Simplicity2,ELECTRICITY,8228,2010,0.000138238
Simplicity2,ELECTRICITY,8229,2010,0.000139003
Simplicity2,ELECTRICITY,8230,2010,0.000143479
Simplicity2,ELECTRICITY,8231,2010,0.000128765
Simplicity2,ELECTRICITY,8232,2010,0.000127316
Simplicity2,ELECTRICITY,8233,2010,0.000127251
Simplicity2,ELECTRICITY,8234,2010,0.00012577
Simplicity2,ELECTRICITY,8235,2010,0.000121994
Simplicity2,ELECTRICITY,8236,2010,0.000118283
Simplicity2,ELECTRICITY,8237,2010,0.000118478
Simplicity2,ELECTRICITY,8238,2010,0.000115565
Simplicity2,ELECTRICITY,8239,2010,0.000119878
Simplicity2,ELECTRICITY,8240,2010,0.000138433
Simplicity2,ELECTRICITY,8241,2010,0.000135731
Simplicity2,ELECTRICITY,8242,2010,0.000138433
Simplicity2,ELECTRICITY,8243,2010,0.000134136
Simplicity2,ELECTRICITY,8244,2010,0.000127316
Simplicity2,ELECTRICITY,8245,2010,0.000127349
Simplicity2,ELECTRICITY,8246,2010,0.000118267
Simplicity2,ELECTRICITY,8247,2010,0.000113302
Simplicity2,ELECTRICITY,8248,2010,0.000114116
Simplicity2,ELECTRICITY,8249,2010,0.000121375
Simplicity2,ELECTRICITY,8250,2010,0.000128098
Simplicity2,ELECTRICITY,8251,2010,0.000120545
Simplicity2,ELECTRICITY,8252,2010,0.00011646
Simplicity2,ELECTRICITY,8253,2010,0.000113416
Simplicity2,ELECTRICITY,8254,2010,0.000114328
Simplicity2,ELECTRICITY,8255,2010,0.00011226
Simplicity2,ELECTRICITY,8256,2010,0.000105571
Simplicity2,ELECTRICITY,8257,2010,0.000105815
Simplicity2,ELECTRICITY,8258,2010,0.000102852
Simplicity2,ELECTRICITY,8259,2010,0.000103487
Simplicity2,ELECTRICITY,8260,2010,0.000101176
Simplicity2,ELECTRICITY,8261,2010,0.000100313
Simplicity2,ELECTRICITY,8262,2010,9.82299E-05
Simplicity2,ELECTRICITY,8263,2010,0.000108159
Simplicity2,ELECTRICITY,8264,2010,0.00011685
Simplicity2,ELECTRICITY,8265,2010,0.000113253
Simplicity2,ELECTRICITY,8266,2010,0.000115727
Simplicity2,ELECTRICITY,8267,2010,0.000123377
Simplicity2,ELECTRICITY,8268,2010,0.000124159
Simplicity2,ELECTRICITY,8269,2010,0.000126437
Simplicity2,ELECTRICITY,8270,2010,0.000128407
Simplicity2,ELECTRICITY,8271,2010,0.000128667
Simplicity2,ELECTRICITY,8272,2010,0.000126421
Simplicity2,ELECTRICITY,8273,2010,0.000117664
Simplicity2,ELECTRICITY,8274,2010,0.000122336
Simplicity2,ELECTRICITY,8275,2010,0.000116281
Simplicity2,ELECTRICITY,8276,2010,0.000115516
Simplicity2,ELECTRICITY,8277,2010,0.000123296
Simplicity2,ELECTRICITY,8278,2010,0.000117746
Simplicity2,ELECTRICITY,8279,2010,0.000116574
Simplicity2,ELECTRICITY,8280,2010,0.000111821
Simplicity2,ELECTRICITY,8281,2010,0.000112732
Simplicity2,ELECTRICITY,8282,2010,0.000109347
Simplicity2,ELECTRICITY,8283,2010,0.000113888
Simplicity2,ELECTRICITY,8284,2010,0.00011379
Simplicity2,ELECTRICITY,8285,2010,0.00011187
Simplicity2,ELECTRICITY,8286,2010,0.000112391
Simplicity2,ELECTRICITY,8287,2010,0.000119617
Simplicity2,ELECTRICITY,8288,2010,0.000125314
Simplicity2,ELECTRICITY,8289,2010,0.000128977
Simplicity2,ELECTRICITY,8290,2010,0.000133583
Simplicity2,ELECTRICITY,8291,2010,0.000136138
Simplicity2,ELECTRICITY,8292,2010,0.000135748
Simplicity2,ELECTRICITY,8293,2010,0.000135341
Simplicity2,ELECTRICITY,8294,2010,0.000129172
Simplicity2,ELECTRICITY,8295,2010,0.000128423
Simplicity2,ELECTRICITY,8296,2010,0.000125086
Simplicity2,ELECTRICITY,8297,2010,0.000131304
Simplicity2,ELECTRICITY,8298,2010,0.000122905
Simplicity2,ELECTRICITY,8299,2010,0.00012131
Simplicity2,ELECTRICITY,8300,2010,0.000125884
Simplicity2,ELECTRICITY,8301,2010,0.000118901
Simplicity2,ELECTRICITY,8302,2010,0.000123849
Simplicity2,ELECTRICITY,8303,2010,0.000122075
Simplicity2,ELECTRICITY,8304,2010,0.000115792
Simplicity2,ELECTRICITY,8305,2010,0.000114734
Simplicity2,ELECTRICITY,8306,2010,0.000117518
Simplicity2,ELECTRICITY,8307,2010,0.00011493
Simplicity2,ELECTRICITY,8308,2010,0.000115011
Simplicity2,ELECTRICITY,8309,2010,0.000110861
Simplicity2,ELECTRICITY,8310,2010,0.000101729
Simplicity2,ELECTRICITY,8311,2010,0.000111235
Simplicity2,ELECTRICITY,8312,2010,0.000130409
Simplicity2,ELECTRICITY,8313,2010,0.00014037
Simplicity2,ELECTRICITY,8314,2010,0.000133941
Simplicity2,ELECTRICITY,8315,2010,0.000133925
Simplicity2,ELECTRICITY,8316,2010,0.000114523
Simplicity2,ELECTRICITY,8317,2010,0.000115125
Simplicity2,ELECTRICITY,8318,2010,0.000113025
Simplicity2,ELECTRICITY,8319,2010,0.000108126
Simplicity2,ELECTRICITY,8320,2010,0.000113921
Simplicity2,ELECTRICITY,8321,2010,0.000134787
Simplicity2,ELECTRICITY,8322,2010,0.000131825
Simplicity2,ELECTRICITY,8323,2010,0.000125819
Simplicity2,ELECTRICITY,8324,2010,0.000120773
Simplicity2,ELECTRICITY,8325,2010,0.000121392
Simplicity2,ELECTRICITY,8326,2010,0.000112944
Simplicity2,ELECTRICITY,8327,2010,0.000109591
Simplicity2,ELECTRICITY,8328,2010,0.000102999
Simplicity2,ELECTRICITY,8329,2010,0.000103829
Simplicity2,ELECTRICITY,8330,2010,0.000106759
Simplicity2,ELECTRICITY,8331,2010,0.000109005
Simplicity2,ELECTRICITY,8332,2010,0.000110714
Simplicity2,ELECTRICITY,8333,2010,0.00010964
Simplicity2,ELECTRICITY,8334,2010,0.000107084
Simplicity2,ELECTRICITY,8335,2010,0.000108663
Simplicity2,ELECTRICITY,8336,2010,0.000125461
Simplicity2,ELECTRICITY,8337,2010,0.000131174
Simplicity2,ELECTRICITY,8338,2010,0.000130148
Simplicity2,ELECTRICITY,8339,2010,0.000127186
Simplicity2,ELECTRICITY,8340,2010,0.000130197
Simplicity2,ELECTRICITY,8341,2010,0.000131874
Simplicity2,ELECTRICITY,8342,2010,0.000134592
Simplicity2,ELECTRICITY,8343,2010,0.000138189
Simplicity2,ELECTRICITY,8344,2010,0.000143853
Simplicity2,ELECTRICITY,8345,2010,0.000154124
Simplicity2,ELECTRICITY,8346,2010,0.000158047
Simplicity2,ELECTRICITY,8347,2010,0.000154189
Simplicity2,ELECTRICITY,8348,2010,0.000149029
Simplicity2,ELECTRICITY,8349,2010,0.000143349
Simplicity2,ELECTRICITY,8350,2010,0.000135617
Simplicity2,ELECTRICITY,8351,2010,0.000129904
Simplicity2,ELECTRICITY,8352,2010,0.000128114
Simplicity2,ELECTRICITY,8353,2010,0.000119666
Simplicity2,ELECTRICITY,8354,2010,0.000123329
Simplicity2,ELECTRICITY,8355,2010,0.000119259
Simplicity2,ELECTRICITY,8356,2010,0.00011838
Simplicity2,ELECTRICITY,8357,2010,0.000113921
Simplicity2,ELECTRICITY,8358,2010,0.00011506
Simplicity2,ELECTRICITY,8359,2010,9.98576E-05
Simplicity2,ELECTRICITY,8360,2010,0.000116623
Simplicity2,ELECTRICITY,8361,2010,0.000122385
Simplicity2,ELECTRICITY,8362,2010,0.000126161
Simplicity2,ELECTRICITY,8363,2010,0.000129693
Simplicity2,ELECTRICITY,8364,2010,0.000129237
Simplicity2,ELECTRICITY,8365,2010,0.000128977
Simplicity2,ELECTRICITY,8366,2010,0.000127756
Simplicity2,ELECTRICITY,8367,2010,0.000123231
Simplicity2,ELECTRICITY,8368,2010,0.00013119
Simplicity2,ELECTRICITY,8369,2010,0.000134299
Simplicity2,ELECTRICITY,8370,2010,0.000128195
Simplicity2,ELECTRICITY,8371,2010,0.000123719
Simplicity2,ELECTRICITY,8372,2010,0.000125054
Simplicity2,ELECTRICITY,8373,2010,0.000119471
Simplicity2,ELECTRICITY,8374,2010,0.00011602
Simplicity2,ELECTRICITY,8375,2010,0.000126649
Simplicity2,ELECTRICITY,8376,2010,0.000121473
Simplicity2,ELECTRICITY,8377,2010,0.000112488
Simplicity2,ELECTRICITY,8378,2010,0.000110193
Simplicity2,ELECTRICITY,8379,2010,0.000108924
Simplicity2,ELECTRICITY,8380,2010,0.00010868
Simplicity2,ELECTRICITY,8381,2010,0.000103129
Simplicity2,ELECTRICITY,8382,2010,0.000103585
Simplicity2,ELECTRICITY,8383,2010,0.00010697
Simplicity2,ELECTRICITY,8384,2010,0.000120073
Simplicity2,ELECTRICITY,8385,2010,0.000125607
Simplicity2,ELECTRICITY,8386,2010,0.000121375
Simplicity2,ELECTRICITY,8387,2010,0.000123801
Simplicity2,ELECTRICITY,8388,2010,0.000126991
Simplicity2,ELECTRICITY,8389,2010,0.000127609
Simplicity2,ELECTRICITY,8390,2010,0.000132834
Simplicity2,ELECTRICITY,8391,2010,0.000131858
Simplicity2,ELECTRICITY,8392,2010,0.000136675
Simplicity2,ELECTRICITY,8393,2010,0.000141624
Simplicity2,ELECTRICITY,8394,2010,0.000137147
Simplicity2,ELECTRICITY,8395,2010,0.000137782
Simplicity2,ELECTRICITY,8396,2010,0.000131955
Simplicity2,ELECTRICITY,8397,2010,0.000130067
Simplicity2,ELECTRICITY,8398,2010,0.0001273
Simplicity2,ELECTRICITY,8399,2010,0.000122254
Simplicity2,ELECTRICITY,8400,2010,0.000118136
Simplicity2,ELECTRICITY,8401,2010,0.000112716
Simplicity2,ELECTRICITY,8402,2010,0.000114865
Simplicity2,ELECTRICITY,8403,2010,0.000114441
Simplicity2,ELECTRICITY,8404,2010,0.000113839
Simplicity2,ELECTRICITY,8405,2010,0.000108842
Simplicity2,ELECTRICITY,8406,2010,0.000108256
Simplicity2,ELECTRICITY,8407,2010,0.00011908
Simplicity2,ELECTRICITY,8408,2010,0.000141835
Simplicity2,ELECTRICITY,8409,2010,0.000146328
Simplicity2,ELECTRICITY,8410,2010,0.000143723
Simplicity2,ELECTRICITY,8411,2010,0.000144179
Simplicity2,ELECTRICITY,8412,2010,0.000139442
Simplicity2,ELECTRICITY,8413,2010,0.000139752
Simplicity2,ELECTRICITY,8414,2010,0.000137343
Simplicity2,ELECTRICITY,8415,2010,0.000135976
Simplicity2,ELECTRICITY,8416,2010,0.000141298
Simplicity2,ELECTRICITY,8417,2010,0.000154629
Simplicity2,ELECTRICITY,8418,2010,0.00014068
Simplicity2,ELECTRICITY,8419,2010,0.000140989
Simplicity2,ELECTRICITY,8420,2010,0.000148736
Simplicity2,ELECTRICITY,8421,2010,0.00014999
Simplicity2,ELECTRICITY,8422,2010,0.000144765
Simplicity2,ELECTRICITY,8423,2010,0.000132769
Simplicity2,ELECTRICITY,8424,2010,0.000133225
Simplicity2,ELECTRICITY,8425,2010,0.000130816
Simplicity2,ELECTRICITY,8426,2010,0.000132199
Simplicity2,ELECTRICITY,8427,2010,0.00013132
Simplicity2,ELECTRICITY,8428,2010,0.000126633
Simplicity2,ELECTRICITY,8429,2010,0.000126877
Simplicity2,ELECTRICITY,8430,2010,0.000118169
Simplicity2,ELECTRICITY,8431,2010,0.000123312
Simplicity2,ELECTRICITY,8432,2010,0.000125542
Simplicity2,ELECTRICITY,8433,2010,0.000136562
Simplicity2,ELECTRICITY,8434,2010,0.0001412
Simplicity2,ELECTRICITY,8435,2010,0.00013928
Simplicity2,ELECTRICITY,8436,2010,0.000140256
Simplicity2,ELECTRICITY,8437,2010,0.00013858
Simplicity2,ELECTRICITY,8438,2010,0.000139361
Simplicity2,ELECTRICITY,8439,2010,0.000138238
Simplicity2,ELECTRICITY,8440,2010,0.000139963
Simplicity2,ELECTRICITY,8441,2010,0.000159609
Simplicity2,ELECTRICITY,8442,2010,0.000156614
Simplicity2,ELECTRICITY,8443,2010,0.000155345
Simplicity2,ELECTRICITY,8444,2010,0.000148932
Simplicity2,ELECTRICITY,8445,2010,0.000145286
Simplicity2,ELECTRICITY,8446,2010,0.000141347
Simplicity2,ELECTRICITY,8447,2010,0.000130865
Simplicity2,ELECTRICITY,8448,2010,0.000126682
Simplicity2,ELECTRICITY,8449,2010,0.000119683
Simplicity2,ELECTRICITY,8450,2010,0.000119129
Simplicity2,ELECTRICITY,8451,2010,0.00012188
Simplicity2,ELECTRICITY,8452,2010,0.000123133
Simplicity2,ELECTRICITY,8453,2010,0.000125493
Simplicity2,ELECTRICITY,8454,2010,0.000120171
Simplicity2,ELECTRICITY,8455,2010,0.000123361
Simplicity2,ELECTRICITY,8456,2010,0.000123801
Simplicity2,ELECTRICITY,8457,2010,0.000130637
Simplicity2,ELECTRICITY,8458,2010,0.000134006
Simplicity2,ELECTRICITY,8459,2010,0.000137424
Simplicity2,ELECTRICITY,8460,2010,0.000135471
Simplicity2,ELECTRICITY,8461,2010,0.000139215
Simplicity2,ELECTRICITY,8462,2010,0.000136627
Simplicity2,ELECTRICITY,8463,2010,0.000133908
Simplicity2,ELECTRICITY,8464,2010,0.000133534
Simplicity2,ELECTRICITY,8465,2010,0.000148232
Simplicity2,ELECTRICITY,8466,2010,0.000141005
Simplicity2,ELECTRICITY,8467,2010,0.000136431
Simplicity2,ELECTRICITY,8468,2010,0.000135634
Simplicity2,ELECTRICITY,8469,2010,0.000135471
Simplicity2,ELECTRICITY,8470,2010,0.000139605
Simplicity2,ELECTRICITY,8471,2010,0.000131369
Simplicity2,ELECTRICITY,8472,2010,0.000126698
Simplicity2,ELECTRICITY,8473,2010,0.00012341
Simplicity2,ELECTRICITY,8474,2010,0.000121343
Simplicity2,ELECTRICITY,8475,2010,0.000130523
Simplicity2,ELECTRICITY,8476,2010,0.000123638
Simplicity2,ELECTRICITY,8477,2010,0.000116248
Simplicity2,ELECTRICITY,8478,2010,0.000116557
Simplicity2,ELECTRICITY,8479,2010,0.000130116
Simplicity2,ELECTRICITY,8480,2010,0.00013871
Simplicity2,ELECTRICITY,8481,2010,0.000149469
Simplicity2,ELECTRICITY,8482,2010,0.000151438
Simplicity2,ELECTRICITY,8483,2010,0.000150364
Simplicity2,ELECTRICITY,8484,2010,0.00014833
Simplicity2,ELECTRICITY,8485,2010,0.00014802
Simplicity2,ELECTRICITY,8486,2010,0.000148981
Simplicity2,ELECTRICITY,8487,2010,0.000147809
Simplicity2,ELECTRICITY,8488,2010,0.000147874
Simplicity2,ELECTRICITY,8489,2010,0.00015458
Simplicity2,ELECTRICITY,8490,2010,0.000152415
Simplicity2,ELECTRICITY,8491,2010,0.000150364
Simplicity2,ELECTRICITY,8492,2010,0.000155573
Simplicity2,ELECTRICITY,8493,2010,0.000148671
Simplicity2,ELECTRICITY,8494,2010,0.000140712
Simplicity2,ELECTRICITY,8495,2010,0.00013093
Simplicity2,ELECTRICITY,8496,2010,0.000131369
Simplicity2,ELECTRICITY,8497,2010,0.000122743
Simplicity2,ELECTRICITY,8498,2010,0.000122759
Simplicity2,ELECTRICITY,8499,2010,0.00012258
Simplicity2,ELECTRICITY,8500,2010,0.000122677
Simplicity2,ELECTRICITY,8501,2010,0.00011257
Simplicity2,ELECTRICITY,8502,2010,0.000114051
Simplicity2,ELECTRICITY,8503,2010,0.000115988
Simplicity2,ELECTRICITY,8504,2010,0.000129497
Simplicity2,ELECTRICITY,8505,2010,0.000135259
Simplicity2,ELECTRICITY,8506,2010,0.000133794
Simplicity2,ELECTRICITY,8507,2010,0.000132557
Simplicity2,ELECTRICITY,8508,2010,0.000133046
Simplicity2,ELECTRICITY,8509,2010,0.000135829
Simplicity2,ELECTRICITY,8510,2010,0.000135797
Simplicity2,ELECTRICITY,8511,2010,0.000136024
Simplicity2,ELECTRICITY,8512,2010,0.000138385
Simplicity2,ELECTRICITY,8513,2010,0.000143398
Simplicity2,ELECTRICITY,8514,2010,0.000137766
Simplicity2,ELECTRICITY,8515,2010,0.00013622
Simplicity2,ELECTRICITY,8516,2010,0.000139052
Simplicity2,ELECTRICITY,8517,2010,0.000136138
Simplicity2,ELECTRICITY,8518,2010,0.00012953
Simplicity2,ELECTRICITY,8519,2010,0.000126714
Simplicity2,ELECTRICITY,8520,2010,0.000120903
Simplicity2,ELECTRICITY,8521,2010,0.000111528
Simplicity2,ELECTRICITY,8522,2010,0.000108191
Simplicity2,ELECTRICITY,8523,2010,0.000113383
Simplicity2,ELECTRICITY,8524,2010,0.000110796
Simplicity2,ELECTRICITY,8525,2010,0.00010575
Simplicity2,ELECTRICITY,8526,2010,0.000107882
Simplicity2,ELECTRICITY,8527,2010,0.000115027
Simplicity2,ELECTRICITY,8528,2010,0.000125331
Simplicity2,ELECTRICITY,8529,2010,0.000128814
Simplicity2,ELECTRICITY,8530,2010,0.000133225
Simplicity2,ELECTRICITY,8531,2010,0.000132704
Simplicity2,ELECTRICITY,8532,2010,0.000129758
Simplicity2,ELECTRICITY,8533,2010,0.000132167
Simplicity2,ELECTRICITY,8534,2010,0.000133534
Simplicity2,ELECTRICITY,8535,2010,0.000134055
Simplicity2,ELECTRICITY,8536,2010,0.000129139
Simplicity2,ELECTRICITY,8537,2010,0.000139898
Simplicity2,ELECTRICITY,8538,2010,0.000136089
Simplicity2,ELECTRICITY,8539,2010,0.000134462
Simplicity2,ELECTRICITY,8540,2010,0.000138368
Simplicity2,ELECTRICITY,8541,2010,0.000137424
Simplicity2,ELECTRICITY,8542,2010,0.000133534
Simplicity2,ELECTRICITY,8543,2010,0.000125786
Simplicity2,ELECTRICITY,8544,2010,0.000119048
Simplicity2,ELECTRICITY,8545,2010,0.00011213
Simplicity2,ELECTRICITY,8546,2010,0.000115971
Simplicity2,ELECTRICITY,8547,2010,0.00011449
Simplicity2,ELECTRICITY,8548,2010,0.000109249
Simplicity2,ELECTRICITY,8549,2010,0.000104496
Simplicity2,ELECTRICITY,8550,2010,0.000109868
Simplicity2,ELECTRICITY,8551,2010,0.000112944
Simplicity2,ELECTRICITY,8552,2010,0.000126144
Simplicity2,ELECTRICITY,8553,2010,0.000132655
Simplicity2,ELECTRICITY,8554,2010,0.000139931
Simplicity2,ELECTRICITY,8555,2010,0.000142926
Simplicity2,ELECTRICITY,8556,2010,0.000143544
Simplicity2,ELECTRICITY,8557,2010,0.000141949
Simplicity2,ELECTRICITY,8558,2010,0.000140582
Simplicity2,ELECTRICITY,8559,2010,0.000140793
Simplicity2,ELECTRICITY,8560,2010,0.000136936
Simplicity2,ELECTRICITY,8561,2010,0.000147581
Simplicity2,ELECTRICITY,8562,2010,0.000135259
Simplicity2,ELECTRICITY,8563,2010,0.000131044
Simplicity2,ELECTRICITY,8564,2010,0.000135764
Simplicity2,ELECTRICITY,8565,2010,0.000138303
Simplicity2,ELECTRICITY,8566,2010,0.00013246
Simplicity2,ELECTRICITY,8567,2010,0.00012131
Simplicity2,ELECTRICITY,8568,2010,0.000121359
Simplicity2,ELECTRICITY,8569,2010,0.000113091
Simplicity2,ELECTRICITY,8570,2010,0.000107247
Simplicity2,ELECTRICITY,8571,2010,0.000104838
Simplicity2,ELECTRICITY,8572,2010,0.000103113
Simplicity2,ELECTRICITY,8573,2010,0.000103894
Simplicity2,ELECTRICITY,8574,2010,0.000104562
Simplicity2,ELECTRICITY,8575,2010,0.000112342
Simplicity2,ELECTRICITY,8576,2010,0.000124094
Simplicity2,ELECTRICITY,8577,2010,0.000130262
Simplicity2,ELECTRICITY,8578,2010,0.0001301
Simplicity2,ELECTRICITY,8579,2010,0.000133209
Simplicity2,ELECTRICITY,8580,2010,0.000134332
Simplicity2,ELECTRICITY,8581,2010,0.000131337
Simplicity2,ELECTRICITY,8582,2010,0.000135617
Simplicity2,ELECTRICITY,8583,2010,0.000137343
Simplicity2,ELECTRICITY,8584,2010,0.000135862
Simplicity2,ELECTRICITY,8585,2010,0.000142356
Simplicity2,ELECTRICITY,8586,2010,0.000140663
Simplicity2,ELECTRICITY,8587,2010,0.000127593
Simplicity2,ELECTRICITY,8588,2010,0.000126926
Simplicity2,ELECTRICITY,8589,2010,0.000123052
Simplicity2,ELECTRICITY,8590,2010,0.000121359
Simplicity2,ELECTRICITY,8591,2010,0.000111284
Simplicity2,ELECTRICITY,8592,2010,0.000110161
Simplicity2,ELECTRICITY,8593,2010,0.000105196
Simplicity2,ELECTRICITY,8594,2010,0.000101908
Simplicity2,ELECTRICITY,8595,2010,0.000100557
Simplicity2,ELECTRICITY,8596,2010,0.000100248
Simplicity2,ELECTRICITY,8597,2010,0.00010072
Simplicity2,ELECTRICITY,8598,2010,9.94995E-05
Simplicity2,ELECTRICITY,8599,2010,0.000109786
Simplicity2,ELECTRICITY,8600,2010,0.00010907
Simplicity2,ELECTRICITY,8601,2010,0.000112993
Simplicity2,ELECTRICITY,8602,2010,0.000112505
Simplicity2,ELECTRICITY,8603,2010,0.0001148
Simplicity2,ELECTRICITY,8604,2010,0.00011716
Simplicity2,ELECTRICITY,8605,2010,0.000120627
Simplicity2,ELECTRICITY,8606,2010,0.000119992
Simplicity2,ELECTRICITY,8607,2010,0.000119145
Simplicity2,ELECTRICITY,8608,2010,0.000117274
Simplicity2,ELECTRICITY,8609,2010,0.000129481
Simplicity2,ELECTRICITY,8610,2010,0.000113888
Simplicity2,ELECTRICITY,8611,2010,0.000110275
Simplicity2,ELECTRICITY,8612,2010,0.000117095
Simplicity2,ELECTRICITY,8613,2010,0.000106092
Simplicity2,ELECTRICITY,8614,2010,0.000105571
Simplicity2,ELECTRICITY,8615,2010,0.000111365
Simplicity2,ELECTRICITY,8616,2010,0.000111268
Simplicity2,ELECTRICITY,8617,2010,0.000109005
Simplicity2,ELECTRICITY,8618,2010,0.000105945
Simplicity2,ELECTRICITY,8619,2010,0.000107329
Simplicity2,ELECTRICITY,8620,2010,0.000107638
Simplicity2,ELECTRICITY,8621,2010,0.000107182
Simplicity2,ELECTRICITY,8622,2010,0.000106157
Simplicity2,ELECTRICITY,8623,2010,0.000102787
Simplicity2,ELECTRICITY,8624,2010,0.000101941
Simplicity2,ELECTRICITY,8625,2010,0.000106645
Simplicity2,ELECTRICITY,8626,2010,0.000110144
Simplicity2,ELECTRICITY,8627,2010,0.000112716
Simplicity2,ELECTRICITY,8628,2010,0.000110503
Simplicity2,ELECTRICITY,8629,2010,0.000119276
Simplicity2,ELECTRICITY,8630,2010,0.00011755
Simplicity2,ELECTRICITY,8631,2010,0.000118543
Simplicity2,ELECTRICITY,8632,2010,0.000120708
Simplicity2,ELECTRICITY,8633,2010,0.000129449
Simplicity2,ELECTRICITY,8634,2010,0.000108663
Simplicity2,ELECTRICITY,8635,2010,0.000105245
Simplicity2,ELECTRICITY,8636,2010,0.000101599
Simplicity2,ELECTRICITY,8637,2010,0.000100346
Simplicity2,ELECTRICITY,8638,2010,9.8881E-05
Simplicity2,ELECTRICITY,8639,2010,0.000110991
Simplicity2,ELECTRICITY,8640,2010,0.000109819
Simplicity2,ELECTRICITY,8641,2010,0.000107915
Simplicity2,ELECTRICITY,8642,2010,0.000110389
Simplicity2,ELECTRICITY,8643,2010,0.00010977
Simplicity2,ELECTRICITY,8644,2010,0.000104236
Simplicity2,ELECTRICITY,8645,2010,0.000102234
Simplicity2,ELECTRICITY,8646,2010,0.000102267
Simplicity2,ELECTRICITY,8647,2010,9.96948E-05
Simplicity2,ELECTRICITY,8648,2010,0.000105978
Simplicity2,ELECTRICITY,8649,2010,0.000115744
Simplicity2,ELECTRICITY,8650,2010,0.000117794
Simplicity2,ELECTRICITY,8651,2010,0.000121327
Simplicity2,ELECTRICITY,8652,2010,0.00012507
Simplicity2,ELECTRICITY,8653,2010,0.000125152
Simplicity2,ELECTRICITY,8654,2010,0.000126291
Simplicity2,ELECTRICITY,8655,2010,0.000125347
Simplicity2,ELECTRICITY,8656,2010,0.000124614
Simplicity2,ELECTRICITY,8657,2010,0.000126258
Simplicity2,ELECTRICITY,8658,2010,0.000113204
Simplicity2,ELECTRICITY,8659,2010,0.000110633
Simplicity2,ELECTRICITY,8660,2010,0.000110421
Simplicity2,ELECTRICITY,8661,2010,0.000113546
Simplicity2,ELECTRICITY,8662,2010,0.000120122
Simplicity2,ELECTRICITY,8663,2010,0.000112928
Simplicity2,ELECTRICITY,8664,2010,0.00011366
Simplicity2,ELECTRICITY,8665,2010,0.000121538
Simplicity2,ELECTRICITY,8666,2010,0.000120366
Simplicity2,ELECTRICITY,8667,2010,0.000114962
Simplicity2,ELECTRICITY,8668,2010,0.000112195
Simplicity2,ELECTRICITY,8669,2010,0.00010964
Simplicity2,ELECTRICITY,8670,2010,0.000109461
Simplicity2,ELECTRICITY,8671,2010,0.000109038
Simplicity2,ELECTRICITY,8672,2010,0.000118836
Simplicity2,ELECTRICITY,8673,2010,0.000129969
Simplicity2,ELECTRICITY,8674,2010,0.000136643
Simplicity2,ELECTRICITY,8675,2010,0.000134966
Simplicity2,ELECTRICITY,8676,2010,0.000135894
Simplicity2,ELECTRICITY,8677,2010,0.00013316
Simplicity2,ELECTRICITY,8678,2010,0.000133697
Simplicity2,ELECTRICITY,8679,2010,0.00013189
Simplicity2,ELECTRICITY,8680,2010,0.000132769
Simplicity2,ELECTRICITY,8681,2010,0.000140354
Simplicity2,ELECTRICITY,8682,2010,0.000131971
Simplicity2,ELECTRICITY,8683,2010,0.000125933
Simplicity2,ELECTRICITY,8684,2010,0.000132541
Simplicity2,ELECTRICITY,8685,2010,0.000138954
Simplicity2,ELECTRICITY,8686,2010,0.000138205
Simplicity2,ELECTRICITY,8687,2010,0.00012717
Simplicity2,ELECTRICITY,8688,2010,0.00012481
Simplicity2,ELECTRICITY,8689,2010,0.000120855
Simplicity2,ELECTRICITY,8690,2010,0.000122303
Simplicity2,ELECTRICITY,8691,2010,0.000129481
Simplicity2,ELECTRICITY,8692,2010,0.000130816
Simplicity2,ELECTRICITY,8693,2010,0.000129383
Simplicity2,ELECTRICITY,8694,2010,0.000127609
Simplicity2,ELECTRICITY,8695,2010,0.00013272
Simplicity2,ELECTRICITY,8696,2010,0.00014343
Simplicity2,ELECTRICITY,8697,2010,0.000154401
Simplicity2,ELECTRICITY,8698,2010,0.000151878
Simplicity2,ELECTRICITY,8699,2010,0.000150022
Simplicity2,ELECTRICITY,8700,2010,0.000149404
Simplicity2,ELECTRICITY,8701,2010,0.000143626
Simplicity2,ELECTRICITY,8702,2010,0.000140598
Simplicity2,ELECTRICITY,8703,2010,0.000136464
Simplicity2,ELECTRICITY,8704,2010,0.000139491
Simplicity2,ELECTRICITY,8705,2010,0.000148639
Simplicity2,ELECTRICITY,8706,2010,0.000138791
Simplicity2,ELECTRICITY,8707,2010,0.00013897
Simplicity2,ELECTRICITY,8708,2010,0.000140289
Simplicity2,ELECTRICITY,8709,2010,0.000147174
Simplicity2,ELECTRICITY,8710,2010,0.000147597
Simplicity2,ELECTRICITY,8711,2010,0.000129335
Simplicity2,ELECTRICITY,8712,2010,0.000131386
Simplicity2,ELECTRICITY,8713,2010,0.000119113
Simplicity2,ELECTRICITY,8714,2010,0.000116281
Simplicity2,ELECTRICITY,8715,2010,0.000117567
Simplicity2,ELECTRICITY,8716,2010,0.000114637
Simplicity2,ELECTRICITY,8717,2010,0.000112439
Simplicity2,ELECTRICITY,8718,2010,0.000107019
Simplicity2,ELECTRICITY,8719,2010,0.000117485
Simplicity2,ELECTRICITY,8720,2010,0.000130295
Simplicity2,ELECTRICITY,8721,2010,0.000139003
Simplicity2,ELECTRICITY,8722,2010,0.000140159
Simplicity2,ELECTRICITY,8723,2010,0.000134608
Simplicity2,ELECTRICITY,8724,2010,0.000133876
Simplicity2,ELECTRICITY,8725,2010,0.000134722
Simplicity2,ELECTRICITY,8726,2010,0.000135243
Simplicity2,ELECTRICITY,8727,2010,0.000138043
Simplicity2,ELECTRICITY,8728,2010,0.000135243
Simplicity2,ELECTRICITY,8729,2010,0.000145074
Simplicity2,ELECTRICITY,8730,2010,0.000145318
Simplicity2,ELECTRICITY,8731,2010,0.00014413
Simplicity2,ELECTRICITY,8732,2010,0.000139638
Simplicity2,ELECTRICITY,8733,2010,0.000137196
Simplicity2,ELECTRICITY,8734,2010,0.000138368
Simplicity2,ELECTRICITY,8735,2010,0.000131613
Simplicity2,ELECTRICITY,8736,2010,0.000128179
Simplicity2,ELECTRICITY,8737,2010,0.000123654
Simplicity2,ELECTRICITY,8738,2010,0.000124256
Simplicity2,ELECTRICITY,8739,2010,0.000128895
Simplicity2,ELECTRICITY,8740,2010,0.000130637
Simplicity2,ELECTRICITY,8741,2010,0.000131141
Simplicity2,ELECTRICITY,8742,2010,0.000124647
Simplicity2,ELECTRICITY,8743,2010,0.000138222
Simplicity2,ELECTRICITY,8744,2010,0.000146214
Simplicity2,ELECTRICITY,8745,2010,0.000151683
Simplicity2,ELECTRICITY,8746,2010,0.000160537
Simplicity2,ELECTRICITY,8747,2010,0.000156207
Simplicity2,ELECTRICITY,8748,2010,0.000155622
Simplicity2,ELECTRICITY,8749,2010,0.000152317
Simplicity2,ELECTRICITY,8750,2010,0.000152659
Simplicity2,ELECTRICITY,8751,2010,0.000154124
Simplicity2,ELECTRICITY,8752,2010,0.000150022
Simplicity2,ELECTRICITY,8753,2010,0.000150267
Simplicity2,ELECTRICITY,8754,2010,0.000145595
Simplicity2,ELECTRICITY,8755,2010,0.000143528
Simplicity2,ELECTRICITY,8756,2010,0.000140989
Simplicity2,ELECTRICITY,8757,2010,0.000140484
Simplicity2,ELECTRICITY,8758,2010,0.000139475
Simplicity2,ELECTRICITY,8759,2010,0.0001273
Simplicity2,ELECTRICITY,8760,2010,0.000126698
